distance_to_cell_km,rsrp_dbm,rssi_dbm,rsrq_db,sinr_db,interference_dbm,network_load_pct,connected_users,handovers_last_hr,signal_quality_score,signal_quality_label
0.211,-83.81,-64.47,-19.5,2.69,-92.62,67.26,60.0,1,37.36,Fair
1.355,-106.65,,-19.5,-5.74,-103.37,26.93,30.0,3,25.43,Poor
0.593,-102.74,-83.13,-19.5,-10.0,-93.87,61.0,51.0,1,24.88,Poor
0.411,-95.8,-85.16,-10.69,-9.21,-90.07,85.47,67.0,2,24.05,Poor
0.076,-83.97,-69.31,-14.49,2.95,-91.98,61.95,61.0,0,47.47,Fair
0.076,-84.23,-66.09,-16.75,3.97,-94.48,68.41,69.0,0,35.07,Fair
0.027,-71.19,-53.92,-17.26,,-103.91,22.17,26.0,2,64.02,Good
0.905,-109.56,-92.54,-15.79,-5.3,-107.8,33.13,35.0,4,31.76,Poor
0.414,-102.13,-87.08,-14.48,-10.0,-97.35,48.72,47.0,2,26.17,Poor
0.554,-98.81,-85.03,-14.86,-10.0,-86.96,82.97,72.0,1,30.44,Poor
0.02,-70.53,-46.51,-19.5,30.0,-104.79,32.38,49.0,2,65.05,Good
1.577,-106.59,-88.5,-16.1,-8.3,-101.83,55.14,55.0,4,28.27,Poor
0.804,-94.61,-74.69,-18.11,0.55,-100.01,46.95,50.0,3,32.92,Poor
0.107,-84.28,-66.26,-17.3,22.93,-112.92,10.94,29.0,2,58.4,Good
0.09,-80.82,-62.68,-18.45,22.93,-107.44,16.54,27.0,1,58.89,Good
0.091,-87.19,-69.38,-18.09,3.29,-96.28,69.18,76.0,4,43.63,Fair
0.163,-85.24,-70.6,-14.51,3.47,-95.92,59.63,58.0,2,44.31,Fair
0.335,-96.63,-83.17,-14.01,0.52,-101.87,34.18,40.0,1,45.83,Fair
0.254,-91.86,-72.7,-19.5,9.51,-103.0,18.97,34.0,0,43.02,Fair
0.155,-88.29,-69.73,-17.22,6.58,-100.55,16.8,28.0,1,48.34,Fair
0.426,-92.47,,-19.5,12.68,-108.22,10.26,26.0,3,50.03,Fair
0.068,-85.97,-65.76,-19.5,7.49,-99.0,46.73,40.0,1,43.65,Fair
0.155,-97.02,-81.45,-15.55,5.47,-108.01,11.35,23.0,3,43.44,Fair
0.205,-91.14,-69.75,-19.5,11.15,-105.68,18.14,33.0,2,49.59,Fair
0.274,-90.91,-70.62,-19.41,9.23,-104.22,37.4,36.0,3,40.89,Fair
0.692,-100.21,-80.13,-19.35,-10.0,-88.54,66.35,46.0,1,22.95,Poor
0.1,-79.18,-54.43,-19.5,8.72,-95.32,50.81,43.0,1,50.86,Fair
0.325,-92.51,-68.38,-19.5,-6.94,-89.33,68.87,64.0,4,20.01,Poor
0.404,-98.4,-78.33,-19.5,-8.24,-95.62,48.16,60.0,1,23.27,Poor
0.021,-80.31,-60.61,-18.44,7.29,-88.79,74.06,61.0,1,39.4,Fair
0.421,-97.45,-76.21,-19.5,3.45,-105.7,12.2,32.0,4,46.39,Fair
0.084,-78.49,-62.24,-15.65,,-98.06,31.67,44.0,2,61.72,Good
0.03,-75.47,-59.18,-13.79,17.5,-101.13,34.44,42.0,0,70.28,Good
1.338,-106.42,-86.4,-18.89,-8.92,-103.98,21.74,29.0,2,26.8,Poor
1.517,-105.94,-90.51,-13.75,-10.0,-94.9,67.68,48.0,1,28.98,Poor
0.744,-105.5,-85.72,-18.92,-7.46,-102.42,31.16,43.0,2,28.65,Poor
0.163,-85.83,-67.36,-16.98,1.38,-92.27,62.64,49.0,1,32.39,Poor
0.046,-70.94,-55.51,-15.36,28.33,-102.84,32.46,32.0,3,70.84,Good
0.519,-99.01,-80.93,-17.79,3.84,-107.93,18.82,32.0,1,42.5,Fair
0.261,-96.88,-74.97,-19.5,-3.2,-98.67,31.51,35.0,2,28.12,Poor
0.059,-79.77,-61.52,-18.35,7.23,-91.51,72.91,63.0,3,42.91,Fair
0.308,-102.69,-84.43,-18.7,-10.0,-97.12,50.74,51.0,0,14.6,Poor
0.02,-69.1,-50.11,-18.7,29.57,-101.32,16.83,25.0,1,68.72,Good
1.08,-102.87,-83.49,-19.5,-8.03,-101.2,52.47,55.0,0,23.44,Poor
0.135,-79.95,-62.95,-16.98,3.53,-90.93,66.53,59.0,4,39.56,Fair
0.489,-98.58,-79.53,-19.5,3.33,-106.42,29.6,37.0,2,30.66,Poor
0.168,-86.93,-72.08,-14.27,13.9,-106.55,33.47,31.0,0,55.64,Good
0.33,-97.85,-82.25,-14.33,-5.0,-99.08,45.49,53.0,2,36.61,Fair
0.356,-96.48,-80.49,-16.79,-7.41,-96.98,33.7,41.0,3,29.02,Poor
0.092,-89.47,-70.06,-19.5,4.75,-97.25,56.27,50.0,1,30.86,Poor
1.572,-108.71,-90.23,-18.05,-10.0,-99.43,33.58,44.0,4,28.48,Poor
0.672,-101.78,-84.18,-18.23,-8.88,-98.7,51.79,51.0,4,27.47,Poor
1.262,-104.83,-84.76,-19.5,-8.42,-101.65,41.82,45.0,1,23.48,Poor
1.013,-106.62,-87.48,-17.51,-10.0,-102.38,36.39,44.0,3,19.39,Poor
0.41,-95.94,-78.81,-18.47,-4.53,-93.84,76.83,65.0,1,31.22,Poor
1.147,-106.53,-91.64,-13.12,-6.24,-106.06,8.24,24.0,2,36.36,Fair
0.042,-77.93,-62.39,-17.16,11.83,-95.35,75.12,67.0,1,46.48,Fair
0.098,-83.61,-70.01,-14.12,6.94,-94.61,61.54,59.0,3,48.87,Fair
0.021,-70.62,-52.2,-17.06,25.8,-104.33,26.63,29.0,0,66.11,Good
0.177,-85.97,-70.55,-16.86,10.7,-101.68,52.68,52.0,6,50.08,Fair
0.221,-91.43,-74.91,-16.75,4.47,-100.79,49.22,48.0,2,40.62,Fair
0.142,-88.53,-70.92,-19.42,18.44,-107.69,7.04,20.0,1,48.82,Fair
0.794,-102.73,-81.6,-19.5,-3.51,-107.14,15.51,28.0,1,24.32,Poor
0.199,-92.86,-72.07,-19.5,,-98.75,38.49,51.0,1,31.74,Poor
0.148,-88.93,-71.09,-18.18,13.19,-107.36,12.62,40.0,1,52.54,Fair
0.352,-86.83,-65.04,-19.5,10.4,-101.7,32.04,41.0,3,50.57,Fair
0.068,-84.47,-72.51,-12.34,3.4,-94.01,56.8,54.0,1,42.95,Fair
0.729,-102.38,-78.75,-19.5,-4.42,-102.52,43.55,57.0,3,32.63,Poor
0.035,-76.64,-56.57,-19.42,25.98,-107.07,31.84,48.0,1,60.08,Good
1.95,-110.8,-92.49,-18.18,-10.0,-99.2,31.29,44.0,6,25.17,Poor
0.666,-101.8,-86.48,-15.07,-3.04,-104.72,34.89,44.0,4,30.66,Poor
0.1,-82.94,-66.26,-17.63,18.97,-107.85,37.79,41.0,2,47.76,Fair
0.02,-77.29,-57.46,-19.5,9.64,-90.15,66.45,60.0,1,42.42,Fair
0.76,-97.48,-77.59,-19.5,1.34,-104.76,33.56,43.0,0,26.51,Poor
0.552,-96.33,-76.32,-19.5,6.89,-106.72,12.35,29.0,2,43.63,Fair
0.588,-104.37,-88.55,-15.67,-10.0,-97.43,47.97,45.0,3,26.51,Poor
0.664,-109.53,-94.32,-15.24,-10.0,-87.83,63.4,45.0,0,16.57,Poor
0.035,-78.94,,-17.22,28.26,-111.19,12.98,25.0,1,62.23,Good
0.2,-91.02,-70.71,-19.0,-1.16,-95.26,49.81,47.0,3,32.7,Poor
0.055,-68.71,-50.7,-19.08,21.79,-96.36,56.33,54.0,1,57.53,Good
0.895,-100.87,-78.43,-19.5,-10.0,-95.38,38.24,49.0,1,17.46,Poor
0.439,-104.11,-86.01,-19.5,-10.0,-98.01,44.51,45.0,2,25.19,Poor
0.181,-91.95,-73.95,-17.67,7.76,-106.7,21.4,38.0,3,39.42,Fair
0.03,-73.91,-53.9,-19.5,7.76,-90.11,81.92,,1,37.75,Fair
0.168,-87.52,-65.87,-19.5,-6.95,-87.43,70.23,87.0,1,27.15,Poor
0.177,-94.27,-80.31,-11.62,4.23,-102.66,29.21,32.0,1,52.92,Fair
0.589,-99.95,-85.3,-14.37,-10.0,-92.25,76.45,74.0,4,30.78,Poor
0.457,-100.08,-83.02,-17.44,-10.0,-88.68,73.0,56.0,2,21.09,Poor
0.982,-108.27,-80.79,-19.5,-5.67,-109.59,7.33,28.0,0,24.95,Poor
0.288,-92.17,-74.95,-16.86,11.24,-106.22,20.81,36.0,0,49.56,Fair
0.057,-76.22,-58.59,-18.74,14.77,-92.2,74.78,64.0,3,47.2,Fair
0.562,-95.65,-75.79,-19.5,4.23,-101.18,22.2,39.0,1,34.75,Poor
0.644,-97.89,-76.96,-19.5,-0.67,-99.21,45.19,50.0,2,26.87,Poor
0.371,-97.39,-78.89,-19.21,-0.43,-100.76,25.77,55.0,1,32.96,Poor
0.663,-97.59,-76.1,-19.5,-10.0,-92.45,76.01,68.0,2,12.32,Poor
0.306,-92.52,-78.1,-14.86,15.54,-109.47,4.8,21.0,2,53.06,Fair
0.333,-93.94,-78.23,-15.46,7.24,-106.86,23.75,36.0,2,51.36,Fair
0.251,-94.48,-72.99,-19.5,15.72,-115.1,9.34,25.0,1,58.6,Good
0.02,-72.43,,-16.64,24.34,-102.49,33.33,41.0,2,62.43,Good
0.051,-78.09,-63.87,-12.82,12.64,-98.1,51.65,51.0,2,50.11,Fair
0.02,-60.68,,-13.92,30.0,-100.84,28.27,,2,71.04,Good
0.455,-95.98,-80.41,-15.42,-10.0,-88.53,84.08,84.0,3,27.01,Poor
0.17,-91.1,-73.09,-17.56,-6.13,-87.86,86.58,73.0,1,35.49,Fair
0.32,-97.45,-78.05,-19.09,6.82,-109.02,12.55,33.0,3,46.39,Fair
1.072,-106.58,-89.56,-17.98,-10.0,-94.53,52.03,44.0,3,26.89,Poor
0.129,-77.57,-58.42,-18.43,9.37,-92.99,57.03,50.0,0,44.92,Fair
0.238,-93.16,-76.47,-16.3,-0.44,-100.14,63.42,53.0,2,30.63,Poor
0.634,-96.43,-74.76,-19.5,-3.18,-97.82,51.24,48.0,2,25.92,Poor
0.117,-86.93,-61.28,-19.5,12.07,-103.45,39.9,43.0,2,41.66,Fair
0.036,-74.33,-57.51,-16.88,13.74,-92.4,62.74,59.0,0,53.78,Fair
0.154,-84.64,-65.2,-19.5,20.67,-109.44,4.54,25.0,0,58.18,Good
0.079,-84.36,-65.17,-19.38,12.58,-102.33,36.35,49.0,1,48.23,Fair
1.195,-108.12,-89.7,-19.5,-8.56,-106.93,7.62,13.0,3,23.37,Poor
0.743,-94.79,-74.84,-19.5,-10.0,-84.32,89.59,67.0,3,22.12,Poor
0.452,-93.18,-73.74,-19.5,0.29,-101.1,46.67,52.0,1,38.14,Fair
0.923,-100.15,-83.57,-16.79,-8.29,-97.05,34.96,40.0,3,27.1,Poor
0.733,-98.16,-76.21,-19.5,-10.0,-94.89,57.59,,1,16.68,Poor
0.093,-81.62,-63.01,-18.04,20.78,-107.11,16.64,25.0,1,61.28,Good
1.004,-95.97,-79.13,-16.19,6.28,-106.41,27.23,39.0,1,39.41,Fair
0.349,-94.7,-69.37,-19.5,3.24,-104.9,26.43,38.0,0,34.97,Poor
0.741,-99.1,-81.45,-16.31,-6.11,-100.09,21.88,25.0,3,31.84,Poor
1.019,-109.97,-91.21,-18.58,-10.0,-100.32,51.54,50.0,4,15.6,Poor
0.172,-92.07,-73.55,-18.65,-1.68,-94.86,53.62,55.0,0,37.71,Fair
0.052,-83.36,-65.75,-16.95,11.24,-97.89,60.87,57.0,1,48.28,Fair
0.116,-80.3,-60.95,-18.55,20.19,-103.85,18.84,37.0,3,60.89,Good
0.251,-102.23,-86.76,-15.48,-5.39,-100.96,33.12,46.0,1,30.79,Poor
0.767,-103.31,-83.52,-19.5,-10.0,-92.42,51.45,40.0,0,19.7,Poor
0.887,-114.94,-102.22,-13.98,-10.0,-100.74,45.89,40.0,1,19.84,Poor
0.02,-73.77,-59.66,-15.39,27.85,-105.07,21.16,38.0,3,65.94,Good
0.322,-96.14,-72.66,-19.5,-8.58,-91.51,86.58,73.0,2,12.3,Poor
0.243,-86.21,-71.98,-16.22,8.36,-99.35,35.87,40.0,1,49.43,Fair
0.113,-83.55,-71.43,-13.43,13.84,-100.44,31.45,37.0,3,63.27,Good
0.057,-82.67,-68.36,-15.73,23.04,-109.64,13.06,32.0,3,63.82,Good
0.185,-85.14,-61.92,-19.5,20.78,-111.97,28.47,44.0,1,55.3,Good
1.288,-106.14,-93.51,-13.55,-7.09,-103.11,41.9,51.0,4,27.51,Poor
0.176,-88.79,-73.66,-16.39,,-112.3,19.26,23.0,0,49.31,Fair
0.329,-99.19,-85.56,-15.48,5.7,-110.15,11.35,31.0,3,46.28,Fair
0.546,-102.73,-85.55,-17.29,-1.55,-106.51,28.85,29.0,1,36.12,Fair
0.203,-93.51,-76.82,-17.86,5.72,-103.74,24.36,29.0,3,42.83,Fair
1.606,-107.93,-91.37,-17.6,-10.0,-95.46,64.69,60.0,2,22.99,Poor
1.477,-107.08,-83.51,-19.5,-10.0,-103.37,30.04,40.0,3,16.59,Poor
0.131,-80.2,-65.8,-13.81,27.62,-108.69,7.21,30.0,0,71.31,Good
0.309,-92.3,-74.61,-18.38,4.74,-100.67,36.42,42.0,2,32.99,Poor
0.161,-99.02,-80.01,-19.31,-2.42,-103.41,28.96,28.0,1,35.62,Fair
0.151,-86.58,-71.52,-12.5,4.5,-93.66,65.52,46.0,2,45.98,Fair
0.02,-76.24,-56.78,-19.5,14.21,-94.78,65.61,59.0,2,41.27,Fair
0.423,-100.42,-83.62,-17.6,-9.42,-100.67,39.83,48.0,2,30.21,Poor
0.314,-97.22,-78.1,-19.46,-1.42,-102.44,49.76,62.0,1,17.52,Poor
0.024,-74.54,-56.86,-18.23,17.31,-97.92,71.05,65.0,1,52.89,Fair
0.147,-92.9,-81.06,-12.75,-3.52,-94.3,57.99,66.0,0,42.85,Fair
1.075,-103.82,-81.9,-19.5,-10.0,-94.92,65.06,58.0,2,19.9,Poor
0.123,-91.53,-67.32,-19.5,-2.21,-96.87,44.88,54.0,3,31.53,Poor
0.07,-79.65,-62.18,-16.86,13.16,-99.44,36.02,37.0,2,45.63,Fair
0.303,-84.7,-69.39,-15.0,10.51,-102.82,31.35,50.0,5,49.22,Fair
1.91,-114.94,-92.42,-19.5,-10.0,-105.46,17.91,25.0,6,31.78,Poor
0.125,-87.13,-63.45,-19.5,,-90.65,66.51,51.0,2,21.98,Poor
0.502,-108.12,-90.63,-16.83,-9.18,-101.54,32.65,25.0,2,23.16,Poor
0.645,-101.41,-84.07,-17.89,-1.69,-105.65,15.85,31.0,3,33.45,Poor
0.122,-83.23,-65.47,-19.07,11.15,-100.37,59.37,50.0,0,52.88,Fair
0.586,-96.49,-83.52,-12.87,-5.25,-95.27,58.56,61.0,1,39.37,Fair
0.206,-90.02,-72.9,-17.67,2.5,-97.43,26.61,27.0,4,39.86,Fair
0.45,-93.53,-70.39,-19.5,-5.48,-90.03,78.18,60.0,0,22.89,Poor
0.452,-86.93,-69.44,-16.83,7.83,-97.42,36.21,48.0,1,49.56,Fair
0.345,-87.94,-73.06,-16.35,4.97,-97.21,46.83,46.0,0,44.3,Fair
0.043,-78.88,-59.39,-18.67,24.95,-108.26,11.36,,1,64.06,Good
0.812,-108.0,-92.0,-15.4,-5.19,-106.15,14.01,30.0,3,41.75,Fair
0.174,-90.49,-72.69,-17.87,-4.61,-87.47,67.65,65.0,2,26.6,Poor
0.093,-87.24,-73.05,-14.26,5.59,-98.81,21.2,38.0,2,45.51,Fair
0.02,-68.64,-53.75,-14.85,28.59,-105.54,18.13,41.0,3,66.53,Good
0.402,-100.84,-80.62,-19.5,-10.0,-97.12,66.12,55.0,3,25.21,Poor
0.509,-98.45,-80.1,-19.5,1.69,-105.56,7.7,26.0,4,31.74,Poor
0.02,-67.09,-51.42,-16.66,29.52,-101.19,27.85,52.0,0,72.32,Good
0.323,-94.61,-76.25,-18.88,1.44,-102.74,23.85,32.0,1,38.06,Fair
0.116,-89.12,-72.94,-14.55,12.24,-107.05,15.36,30.0,4,51.76,Fair
0.466,-92.69,-77.04,-15.66,14.72,-113.15,5.99,26.0,2,53.9,Fair
0.086,-90.33,-68.84,-19.5,,-102.57,40.64,39.0,3,42.95,Fair
0.528,-99.79,-79.44,-19.5,-6.76,-100.12,46.13,50.0,3,23.94,Poor
0.22,-91.06,-73.12,-16.64,-3.01,-92.21,63.96,52.0,2,32.76,Poor
1.242,-105.83,-87.39,-19.26,-6.62,-104.51,37.41,42.0,3,22.65,Poor
0.067,-79.87,-61.9,-17.85,14.75,-98.08,45.11,51.0,0,50.66,Fair
0.188,-87.07,-67.61,-19.5,14.07,-107.46,44.56,44.0,1,45.03,Fair
0.054,-78.98,-63.38,-14.48,5.86,-88.87,57.31,55.0,2,40.06,Fair
1.164,-106.8,-86.21,-18.33,-10.0,-98.91,36.29,40.0,5,31.61,Poor
0.944,-105.14,-86.08,-18.58,-10.0,-96.39,60.84,50.0,6,20.13,Poor
0.134,-89.07,-71.86,-18.18,6.27,-99.14,37.59,37.0,3,42.0,Fair
0.485,-94.59,-78.05,-16.39,6.56,-107.87,16.98,39.0,4,51.11,Fair
0.765,-104.27,-83.74,-19.5,-10.0,-95.93,60.37,48.0,3,19.68,Poor
0.365,-91.87,-74.32,-17.29,-1.06,-99.45,55.14,51.0,1,41.03,Fair
0.339,-94.56,-78.66,-16.52,-0.15,-99.82,27.11,39.0,3,45.94,Fair
0.125,-88.06,-71.22,-18.44,5.51,-102.76,20.99,35.0,2,44.88,Fair
0.044,-74.59,-54.28,-19.5,16.55,-97.04,41.5,52.0,4,59.31,Good
1.024,-107.12,-93.95,-14.12,-10.0,-92.87,49.45,45.0,3,30.6,Poor
1.038,-101.78,-84.85,-18.39,-10.0,-88.75,75.33,69.0,2,26.61,Poor
0.451,-96.26,-75.04,-19.5,-6.03,-96.05,70.14,53.0,1,31.21,Poor
0.186,-91.84,-74.34,-17.96,9.29,-102.24,37.23,49.0,3,39.64,Fair
0.193,-87.66,-68.84,-17.44,6.99,-99.94,45.94,36.0,1,41.12,Fair
0.583,-97.13,-75.87,-19.5,-9.81,-90.13,86.95,58.0,3,15.69,Poor
1.023,-99.58,-78.9,-19.5,5.13,-107.55,15.78,36.0,0,36.29,Fair
0.982,-99.98,-83.3,-17.34,-3.82,-102.35,41.74,40.0,2,32.46,Poor
0.681,-98.71,-81.1,-15.9,-6.99,-96.24,30.71,41.0,2,30.66,Poor
0.462,-101.83,-81.11,-19.5,-2.89,-102.35,31.9,37.0,2,33.53,Poor
0.04,-66.37,-45.55,-19.5,16.78,-92.36,65.7,49.0,1,51.93,Fair
0.079,-87.71,-69.98,-17.46,-1.12,-90.22,71.18,50.0,0,33.44,Poor
1.03,-100.47,-82.63,-15.95,-9.94,-95.28,44.96,56.0,3,27.89,Poor
0.42,-94.75,-75.95,-19.5,3.5,-100.63,30.11,28.0,2,31.82,Poor
0.02,-75.14,-53.04,-19.5,18.49,-98.32,48.97,49.0,2,52.82,Fair
0.048,-78.33,-57.12,-19.5,7.65,-92.56,66.4,53.0,1,37.99,Fair
0.49,-98.14,-78.06,-19.5,-5.77,-98.04,52.72,59.0,2,29.42,Poor
0.02,-65.22,-50.46,-15.72,30.0,-99.64,40.13,47.0,0,71.58,Good
0.079,-84.9,-67.73,-16.49,1.53,-95.2,42.91,31.0,0,39.94,Fair
0.358,-96.15,-78.82,-17.84,14.29,-113.22,5.6,22.0,2,43.98,Fair
0.53,-107.84,-85.59,-19.5,-10.0,-91.78,58.51,73.0,2,10.52,Poor
0.475,-90.61,-73.33,-16.89,0.82,-98.22,45.21,55.0,0,39.45,Fair
0.114,-89.52,-67.76,-19.5,10.51,-105.88,29.66,39.0,1,45.33,Fair
0.56,-97.68,-81.39,-18.44,0.22,-104.86,21.32,33.0,1,43.4,Fair
0.122,-86.19,-69.67,-16.52,13.95,-104.78,33.33,33.0,3,46.62,Fair
0.177,-89.41,-69.96,-19.5,5.7,-102.77,29.55,30.0,0,42.47,Fair
0.618,-96.59,-73.88,-19.5,-1.24,-100.42,43.83,48.0,2,33.44,Poor
0.472,-90.81,-73.45,-17.17,-2.77,-93.8,59.73,59.0,2,29.22,Poor
0.851,-101.61,-91.29,-11.61,-4.31,-100.31,48.59,58.0,2,40.12,Fair
0.482,-95.06,-81.76,-13.98,5.47,-106.72,16.39,33.0,0,40.89,Fair
0.378,-94.26,-75.36,-17.56,9.45,-106.84,7.82,25.0,1,49.93,Fair
0.044,-73.04,-59.47,-13.44,21.79,-95.01,61.22,47.0,0,53.43,Fair
0.206,-92.18,-76.78,-14.33,3.96,-102.18,29.99,38.0,3,46.89,Fair
0.139,-82.6,-64.56,-17.83,7.64,-96.46,45.23,44.0,2,45.39,Fair
0.126,-81.62,-70.97,-10.44,9.78,-99.16,60.03,68.0,1,54.79,Fair
1.626,-103.9,-87.03,-17.05,-10.0,-95.05,44.23,58.0,2,27.99,Poor
0.225,-93.71,-79.21,-16.23,-1.28,-98.53,54.08,55.0,2,37.41,Fair
1.002,-104.7,-91.19,-13.02,-10.0,-101.64,44.13,39.0,6,27.48,Poor
0.449,-96.1,-80.51,-15.24,8.61,-108.44,7.51,28.0,2,53.0,Fair
0.713,-106.55,-91.76,-14.65,-10.0,-96.17,64.98,64.0,4,24.46,Poor
0.314,-87.59,-68.19,-18.46,8.08,-100.26,41.63,40.0,0,44.05,Fair
0.387,-95.83,-74.24,-19.5,9.03,-107.82,17.36,40.0,1,42.65,Fair
0.305,-92.59,-75.68,-17.53,5.63,-105.49,21.98,31.0,1,38.37,Fair
0.098,-86.2,-69.99,-17.21,13.02,-102.93,15.55,38.0,4,51.53,Fair
0.577,-104.54,-87.79,-16.75,-10.0,-99.06,30.78,37.0,5,24.17,Poor
0.148,-89.9,-75.22,-13.24,13.96,-111.62,24.59,29.0,4,56.1,Good
0.02,-69.57,-55.43,-14.02,24.43,-101.14,42.0,49.0,3,69.43,Good
0.467,-94.7,-81.64,-12.92,4.5,-104.26,25.87,42.0,2,45.93,Fair
0.088,-82.31,-68.3,-14.59,16.67,-105.5,27.33,33.0,1,47.81,Fair
1.269,-104.69,-81.8,-19.5,-10.0,-97.58,40.25,46.0,4,13.99,Poor
1.385,-108.18,-92.25,-16.06,-10.0,-97.3,71.55,65.0,4,22.83,Poor
1.109,-102.92,-93.74,-8.57,-10.0,-99.34,29.87,43.0,2,39.04,Fair
0.208,-84.47,-68.23,-16.24,14.6,-105.09,8.78,32.0,3,59.73,Good
0.02,-67.63,-54.4,-14.38,29.46,-102.54,29.64,42.0,2,67.15,Good
1.186,-102.25,-84.07,-17.71,-10.0,-94.37,65.78,58.0,2,20.29,Poor
0.252,-90.87,-73.01,-17.88,-0.38,-93.55,60.73,52.0,3,30.18,Poor
1.53,-113.71,-95.55,-18.82,-10.0,-96.19,58.37,58.0,2,15.25,Poor
1.491,-111.66,-93.78,-15.8,-10.0,-100.62,48.47,54.0,2,22.34,Poor
0.863,-100.91,,-15.52,-3.87,-103.7,23.91,28.0,5,40.33,Fair
0.157,-88.01,-74.38,-15.18,5.43,-97.79,41.92,35.0,1,45.15,Fair
0.219,-89.08,-71.31,-15.75,10.85,-106.21,26.78,36.0,4,44.01,Fair
0.857,-95.97,-74.91,-19.5,-10.0,-87.62,78.1,50.0,0,15.08,Poor
0.172,-85.83,-62.39,-19.5,-3.52,-87.4,79.37,76.0,1,33.18,Poor
0.084,-77.51,-60.22,-17.18,2.89,-87.8,88.38,84.0,1,37.63,Fair
0.366,-94.92,-77.31,-17.6,-0.22,-101.24,38.14,44.0,0,29.65,Poor
1.238,-109.09,-89.59,-19.5,-10.0,-99.38,48.74,56.0,0,10.72,Poor
0.536,-98.83,-76.35,-19.5,-10.0,-93.73,71.22,57.0,0,18.67,Poor
0.38,-98.83,-82.29,-17.33,1.02,-108.05,9.83,30.0,1,36.96,Fair
0.046,-71.21,-51.13,-19.5,28.21,-102.84,45.2,50.0,1,59.63,Good
0.43,-93.52,-77.99,-15.3,-6.43,-94.45,81.92,53.0,1,33.83,Poor
2.075,-108.26,-89.27,-19.5,-10.0,-100.51,35.56,36.0,3,19.68,Poor
0.068,-75.82,-54.91,-19.5,29.9,-111.27,21.17,30.0,2,62.28,Good
0.329,-102.44,-88.32,-14.01,-5.58,-103.69,26.31,34.0,3,32.19,Poor
0.944,-101.16,-84.73,-15.62,0.17,-101.78,22.61,36.0,6,36.88,Fair
0.608,-104.93,-84.06,-19.5,-10.0,-91.17,71.77,66.0,3,17.78,Poor
0.537,-98.65,-78.8,-19.5,4.55,-107.68,17.14,34.0,3,38.68,Fair
0.546,-100.0,-78.89,-19.5,-1.87,-104.15,30.75,38.0,1,32.0,Poor
0.2,-87.44,-66.89,-19.5,6.67,-98.65,54.47,44.0,2,35.95,Fair
0.156,-87.03,-70.05,-16.53,13.29,-102.82,12.93,16.0,7,62.98,Good
0.746,-96.08,-71.49,-19.5,1.02,-103.0,34.83,30.0,2,31.51,Poor
0.748,-103.89,-85.48,-16.72,-10.0,-94.52,72.22,56.0,4,18.5,Poor
0.908,-100.34,-91.5,-9.76,-3.81,-104.99,16.69,22.0,1,46.47,Fair
1.1,-104.19,-87.03,-17.63,-7.98,-99.12,22.32,35.0,1,28.36,Poor
0.322,-100.73,-84.14,-18.45,-5.43,-99.43,37.78,36.0,5,25.11,Poor
0.313,-97.62,-77.24,-19.5,-1.27,-100.03,41.1,44.0,4,28.51,Poor
0.72,-101.76,-85.12,-16.48,-2.58,-104.13,30.45,38.0,3,29.37,Poor
0.472,-93.05,-71.76,-19.5,2.74,-99.07,56.59,58.0,2,37.79,Fair
0.545,-96.88,-77.21,-19.5,-7.11,-91.02,62.52,58.0,4,22.56,Poor
0.715,-105.77,-90.77,-14.25,-10.0,-91.3,67.16,60.0,2,18.26,Poor
0.993,-104.51,-86.93,-18.06,-2.21,-104.98,39.45,40.0,2,34.36,Poor
0.186,-81.35,-65.67,-16.92,11.73,-98.84,43.76,48.0,2,49.23,Fair
0.212,-90.12,-71.57,-18.16,8.52,-101.02,54.76,42.0,2,39.84,Fair
0.044,-78.45,-62.8,-15.47,18.64,-99.25,34.82,,0,56.71,Good
0.389,-93.84,-75.62,-18.62,-0.29,-97.11,50.13,43.0,4,37.88,Fair
0.02,-67.39,-50.21,-17.39,29.94,-103.51,34.85,39.0,1,65.71,Good
0.282,-94.86,-77.32,-17.05,6.04,-105.57,39.51,37.0,1,36.45,Fair
0.352,-92.95,-68.79,-19.5,-3.92,-98.18,31.42,25.0,3,27.77,Poor
0.152,-89.01,-72.09,-17.39,0.22,-97.65,59.13,54.0,3,37.81,Fair
0.402,-93.23,-81.03,-10.45,1.9,-102.49,40.59,43.0,4,46.36,Fair
0.02,-69.77,-48.72,-19.5,30.0,-106.89,35.92,51.0,0,65.64,Good
0.02,-68.52,-47.49,-19.5,14.68,-87.92,91.4,63.0,0,51.67,Fair
0.778,-104.87,-92.81,-12.36,-9.04,-104.76,21.84,40.0,2,28.96,Poor
0.201,-93.39,-77.49,-13.32,10.16,-107.2,38.33,37.0,1,46.37,Fair
0.061,-76.09,-56.78,-19.5,21.06,-102.8,18.01,29.0,2,58.31,Good
0.332,-94.78,-75.2,-19.5,-4.78,-94.66,58.14,55.0,5,21.99,Poor
0.661,-99.28,-81.3,-18.64,1.79,-105.05,31.7,50.0,1,35.32,Fair
0.109,-86.09,-68.03,-19.5,8.26,-99.69,39.76,42.0,0,37.1,Fair
0.439,-93.27,-78.09,-14.01,-7.45,-90.54,54.24,75.0,1,35.78,Fair
0.04,-78.72,-67.92,-10.05,21.49,-107.26,8.31,31.0,2,69.2,Good
0.024,-72.46,-48.31,-19.5,30.0,-110.88,16.09,37.0,1,64.49,Good
0.341,-91.54,-76.44,-14.15,-0.37,-94.97,68.89,63.0,1,35.92,Fair
0.35,-90.22,,-18.22,-0.33,-93.94,69.83,54.0,3,30.53,Poor
0.457,-99.3,-81.78,-16.54,-7.64,-97.94,49.82,58.0,1,29.12,Poor
0.583,-91.49,-70.79,-18.93,-0.55,-95.93,52.94,50.0,1,33.36,Poor
1.676,-107.24,-88.89,-18.2,-8.85,-101.28,19.7,29.0,2,26.35,Poor
0.327,-98.48,-80.02,-15.27,-0.43,-100.74,28.92,31.0,2,39.13,Fair
0.176,-87.46,-77.36,-10.13,5.47,-100.86,32.95,36.0,2,49.74,Fair
0.714,-102.61,-87.11,-16.79,-10.0,-92.51,35.98,38.0,2,34.37,Poor
0.142,-85.38,-65.14,-19.5,17.18,-104.55,35.5,40.0,2,55.56,Good
0.26,-92.51,-72.54,-18.47,0.8,-98.77,51.95,53.0,2,35.39,Fair
0.037,-75.25,-60.1,-14.48,10.37,-90.72,74.57,58.0,3,49.73,Fair
0.02,-74.09,,-13.38,,-103.64,15.12,26.0,0,63.59,Good
1.479,-103.45,-85.07,-17.57,-8.3,-100.07,34.54,35.0,1,26.73,Poor
0.813,-106.84,-97.56,-9.17,-10.0,-101.21,42.68,37.0,2,46.44,Fair
0.536,-103.03,-88.48,-15.15,,-88.39,85.89,69.0,4,20.26,Poor
0.237,-90.05,-66.77,-19.5,7.14,-100.29,49.83,53.0,3,37.99,Fair
0.086,-76.34,-54.01,-19.5,17.71,-96.31,55.24,46.0,1,49.5,Fair
0.077,-83.2,-63.74,-18.35,22.56,-111.15,4.02,24.0,3,56.79,Good
0.13,-83.52,-64.59,-18.25,8.91,-95.63,54.91,51.0,1,50.74,Fair
0.359,-90.82,-78.67,-9.6,-6.87,-88.53,48.02,48.0,3,38.03,Fair
0.564,-95.79,-80.01,-14.85,8.98,-111.68,12.0,27.0,7,55.38,Good
0.486,-98.99,-81.88,-18.48,-10.0,-93.32,71.17,61.0,5,16.19,Poor
0.148,-91.82,-75.97,-15.69,1.58,-96.12,52.73,43.0,2,41.54,Fair
1.394,-115.72,-98.77,-16.51,-10.0,-92.22,80.19,74.0,3,10.35,Poor
0.603,-100.67,-78.77,-19.5,-8.91,-98.25,51.39,45.0,2,16.68,Poor
0.364,-90.53,-74.15,-15.74,9.82,-103.93,36.99,41.0,0,43.47,Fair
0.426,-101.1,-84.12,-17.53,-4.11,-102.51,21.93,29.0,2,37.18,Fair
0.245,-89.01,-68.79,-19.5,-4.25,-92.37,52.76,48.0,3,29.54,Poor
0.128,-90.02,-76.28,-14.03,10.53,-103.62,20.99,30.0,2,52.46,Fair
0.198,-89.55,-74.07,-16.12,-4.79,-91.74,63.69,66.0,2,20.89,Poor
0.638,-97.28,-81.49,-14.3,,-89.54,73.72,69.0,4,21.57,Poor
0.02,-73.08,-54.92,-19.5,22.18,-101.88,37.87,41.0,2,49.47,Fair
0.056,-78.36,-61.4,-18.59,24.22,-107.09,2.34,15.0,1,66.03,Good
0.021,-72.58,-55.52,-17.98,21.54,-99.63,48.46,42.0,1,59.91,Good
0.02,-67.62,-51.62,-16.28,30.0,-111.26,2.67,23.0,0,75.79,Excellent
0.87,-101.86,-87.08,-13.08,3.07,-109.91,22.64,37.0,3,45.87,Fair
0.547,-98.55,-78.73,-19.5,3.6,-105.44,18.52,37.0,2,32.7,Poor
0.289,-87.02,-70.04,-16.52,15.82,-104.6,7.43,25.0,2,59.76,Good
0.046,-74.85,-55.0,-19.5,25.34,-102.74,32.92,39.0,1,64.6,Good
0.304,-96.46,-81.79,-14.02,-4.76,-99.82,51.21,52.0,2,27.06,Poor
0.289,-93.58,-77.58,-14.69,-10.0,-89.3,72.16,69.0,2,27.41,Poor
0.086,-83.05,-65.72,-18.46,7.81,-101.19,24.55,30.0,1,52.37,Fair
0.256,-91.88,-74.26,-17.24,9.21,-105.7,21.64,33.0,0,47.44,Fair
0.229,-81.13,-60.86,-19.5,16.39,-101.14,35.94,48.0,3,49.94,Fair
0.431,-95.22,-78.51,-15.74,2.52,-103.56,35.57,42.0,3,35.13,Fair
0.454,-105.3,-85.06,-19.5,-6.98,-102.06,42.91,45.0,1,22.83,Poor
0.021,-72.97,-53.84,-19.5,27.41,-108.84,1.94,19.0,0,73.03,Good
0.211,-98.27,-80.59,-18.05,-1.95,-101.52,15.02,23.0,1,39.0,Fair
0.442,-98.26,-83.11,-14.41,-4.68,-99.66,28.16,37.0,1,42.56,Fair
0.315,-101.94,-81.67,-19.31,0.03,-103.93,43.0,48.0,2,27.83,Poor
0.874,-106.32,-91.1,-16.51,-10.0,-100.91,24.67,36.0,3,29.08,Poor
0.484,-103.79,-85.86,-19.5,-7.03,-99.37,44.27,46.0,0,14.3,Poor
0.08,-80.64,-62.8,-16.37,11.28,-98.96,41.37,32.0,2,49.61,Fair
0.033,-74.61,-57.23,-17.98,19.43,-97.13,68.09,61.0,1,52.31,Fair
0.463,-96.11,-79.28,-15.08,6.72,-105.68,27.89,39.0,2,55.55,Good
0.02,-70.86,-55.33,-14.96,20.62,-97.4,21.93,35.0,4,65.24,Good
0.397,-101.57,-88.42,-13.3,-7.38,-98.98,33.81,43.0,0,33.88,Poor
1.268,-104.01,-81.8,-19.5,-5.85,-100.08,46.93,41.0,4,20.37,Poor
0.386,-88.06,-71.53,-15.33,0.23,-91.65,81.43,80.0,0,34.65,Poor
0.221,-89.29,-71.68,-17.86,3.52,-98.79,54.7,58.0,4,44.19,Fair
0.464,-99.05,-81.45,-18.14,-0.56,-102.17,17.01,29.0,2,36.18,Fair
0.276,-98.56,-77.27,-19.5,-10.0,-91.24,78.82,62.0,1,20.47,Poor
0.355,-98.66,-74.86,-19.5,3.72,-107.09,22.42,28.0,2,38.19,Fair
1.277,-104.32,-85.84,-18.79,-7.25,-100.38,37.31,47.0,5,18.84,Poor
0.22,-86.58,-69.05,-17.8,5.48,-95.6,61.92,42.0,3,40.71,Fair
1.462,-106.26,-91.63,-15.18,-10.0,-90.95,76.64,61.0,1,19.77,Poor
1.061,-101.32,-87.65,-14.59,-3.32,-105.94,25.34,44.0,1,38.68,Fair
0.098,-81.09,-68.41,-12.33,18.26,-106.48,9.9,22.0,1,61.73,Good
0.032,-72.44,-56.82,-16.18,21.76,-99.04,43.66,49.0,1,58.99,Good
0.048,-80.4,-68.68,-10.32,20.0,-104.93,20.53,33.0,5,72.31,Good
0.02,-69.75,-48.51,-19.5,21.5,-97.99,64.31,53.0,2,52.43,Fair
0.045,-80.58,-61.31,-19.5,4.71,-89.64,70.09,58.0,1,38.54,Fair
0.517,-98.22,-80.97,-17.12,2.42,-101.61,34.49,40.0,2,38.1,Fair
0.033,-73.37,-52.04,-19.5,16.98,-94.08,50.04,44.0,1,56.86,Good
0.173,-82.09,-67.3,-14.1,10.28,-98.07,36.46,40.0,1,51.79,Fair
0.839,-107.72,-92.18,-14.19,-0.8,-111.26,2.71,24.0,2,42.88,Fair
0.02,-68.52,-56.32,-12.93,30.0,-104.82,26.7,37.0,0,77.34,Excellent
0.758,-95.68,-75.36,-19.5,4.42,-105.9,13.61,33.0,4,39.22,Fair
0.149,-84.49,-68.92,-15.48,6.63,-99.71,26.76,34.0,2,53.77,Fair
0.057,-75.87,-57.83,-17.72,30.0,-111.78,7.79,25.0,2,69.91,Good
0.537,-96.26,-75.26,-19.5,-8.29,-95.88,48.44,35.0,3,28.97,Poor
0.446,-91.82,-69.7,-19.5,0.38,-98.36,63.6,49.0,2,27.79,Poor
0.945,-107.87,-89.95,-16.16,-10.0,-97.09,63.35,59.0,3,28.79,Poor
0.598,-105.09,-85.94,-18.51,-10.0,-103.54,33.78,46.0,2,23.0,Poor
0.732,-101.33,-86.04,-15.76,-5.14,-105.45,34.04,32.0,0,37.94,Fair
0.149,-96.17,-73.12,-19.5,0.11,-100.53,54.42,51.0,1,36.07,Fair
0.088,-78.06,-60.55,-16.59,21.07,-103.85,12.42,22.0,2,66.89,Good
0.625,-95.05,-76.81,-18.22,-8.75,-93.49,45.11,58.0,1,27.43,Poor
0.74,-103.13,-86.35,-15.95,-10.0,-92.92,49.36,49.0,1,22.06,Poor
2.096,-111.91,-90.32,-19.5,-10.0,-105.41,23.43,28.0,4,20.08,Poor
0.239,-91.91,-73.31,-18.9,4.09,-101.95,15.58,32.0,1,46.05,Fair
0.209,-90.25,-69.97,-19.5,-2.59,-92.18,60.52,48.0,0,34.86,Poor
0.674,-100.08,-81.02,-18.75,5.58,-106.36,22.46,45.0,3,35.69,Fair
0.188,-87.27,-69.94,-17.13,9.17,-102.69,30.33,26.0,4,49.44,Fair
1.202,-106.29,-85.5,-19.5,-7.87,-105.47,5.59,23.0,2,23.6,Poor
0.88,-99.12,-80.09,-19.09,7.5,-107.13,13.53,24.0,4,46.64,Fair
0.252,-90.28,-75.17,-16.06,-0.01,-97.45,55.19,63.0,1,39.12,Fair
0.625,-102.36,-87.33,-12.93,-8.06,-97.89,60.93,58.0,3,33.61,Poor
0.632,-94.69,-76.24,-17.72,0.47,-99.45,35.44,22.0,1,41.27,Fair
0.049,-83.41,-62.69,-19.5,9.52,-96.35,50.22,,5,38.82,Fair
1.048,-104.78,,-19.5,-10.0,-99.99,39.37,52.0,2,20.08,Poor
0.317,-90.17,-77.5,-13.31,4.13,-99.38,41.5,47.0,2,43.75,Fair
0.788,-104.83,-86.76,-18.01,-4.8,-101.1,56.28,50.0,1,25.15,Poor
0.174,-87.6,-68.13,-19.07,13.13,-104.93,7.32,25.0,3,46.47,Fair
1.016,-101.98,-83.09,-17.8,-4.39,-104.06,26.83,31.0,2,30.87,Poor
0.222,-94.4,-73.37,-19.5,0.4,-101.49,34.11,43.0,4,35.98,Fair
0.02,-70.73,-50.77,-19.5,11.76,-87.14,75.77,59.0,2,46.32,Fair
1.061,-105.15,-90.11,-14.69,-6.06,-103.71,35.59,41.0,2,33.09,Poor
0.043,-79.09,-64.14,-15.45,14.3,-100.7,39.6,44.0,1,58.8,Good
0.173,-79.61,-60.67,-18.7,20.41,-105.07,19.49,34.0,0,52.45,Fair
1.349,-109.66,-88.69,-19.5,-10.0,-105.07,8.85,32.0,2,27.05,Poor
1.354,-102.62,-84.19,-19.39,-1.76,-103.07,30.21,37.0,2,22.12,Poor
0.383,-97.27,-84.0,-12.23,-4.5,-97.0,26.63,37.0,2,35.59,Fair
0.45,-101.42,-86.56,-14.23,2.42,-108.73,28.4,36.0,2,34.78,Poor
0.268,-92.18,-72.1,-19.5,-0.96,-100.64,39.49,46.0,1,26.88,Poor
0.156,-85.33,-68.38,-17.49,18.68,-108.04,8.76,25.0,0,59.51,Good
0.179,-85.44,-67.08,-16.31,7.04,-96.66,40.55,43.0,2,50.49,Fair
0.502,-91.79,-70.59,-19.5,11.01,-109.21,3.93,22.0,2,47.91,Fair
0.628,-88.19,-73.8,-14.92,-4.32,-90.33,70.16,55.0,1,23.63,Poor
0.706,-99.98,-83.23,-16.16,-2.45,-102.84,37.93,41.0,1,36.58,Fair
0.701,-103.58,,-17.49,-5.53,-104.67,18.28,32.0,3,30.78,Poor
0.043,-75.06,-56.0,-19.5,21.57,-102.04,9.38,16.0,2,55.13,Good
0.307,-94.83,-74.52,-19.5,1.11,-104.36,36.07,41.0,4,38.36,Fair
0.027,-69.14,-55.58,-14.03,22.54,-99.55,51.6,46.0,2,67.89,Good
0.359,-100.31,-82.33,-17.42,-10.0,-96.66,46.84,44.0,3,24.06,Poor
0.262,-82.93,-62.32,-19.5,4.75,-94.36,42.43,37.0,1,37.8,Fair
0.984,-100.44,-88.01,-13.27,-5.55,-104.3,19.96,32.0,2,33.34,Poor
0.194,-96.56,-78.75,-18.64,0.45,-102.25,27.81,32.0,0,30.35,Poor
0.056,-81.96,-67.61,-15.23,15.76,-101.03,41.95,43.0,2,51.24,Fair
0.069,-77.69,-61.62,-14.88,18.1,-101.76,39.84,44.0,1,59.4,Good
0.645,-95.5,-85.01,-11.9,4.76,-106.54,15.69,28.0,0,49.58,Fair
0.433,-101.84,-79.67,-19.5,-10.0,-92.12,64.93,47.0,5,14.81,Poor
0.048,-74.95,-58.01,-15.73,17.45,-98.76,71.71,65.0,4,57.53,Good
0.04,-83.95,-68.37,-16.53,10.83,-97.2,34.83,40.0,4,54.18,Fair
0.543,-99.07,-80.09,-17.87,-5.23,-99.12,21.15,37.0,3,31.76,Poor
0.034,-70.43,-55.56,-14.49,12.78,-93.41,58.18,53.0,2,48.64,Fair
0.776,-104.02,-89.43,-13.87,-2.21,-108.52,23.03,,1,44.13,Fair
0.551,-104.87,-82.34,-19.5,-2.03,-109.42,16.13,29.0,0,30.68,Poor
0.038,-75.28,-51.85,-19.5,24.28,-102.38,26.12,35.0,1,64.94,Good
0.04,-78.65,-62.43,-16.28,18.63,-99.29,30.07,30.0,1,52.63,Fair
1.942,-107.25,-86.05,-19.5,-6.71,-104.24,18.03,25.0,5,25.03,Poor
0.211,-94.07,-75.0,-18.55,1.64,-102.95,33.87,53.0,3,40.92,Fair
0.208,-93.51,-79.75,-13.7,-10.0,-89.69,82.89,64.0,1,30.96,Poor
0.754,-109.64,-94.43,-15.91,-10.0,-99.24,32.14,45.0,1,24.72,Poor
1.324,-105.76,-83.11,-19.5,-4.39,-110.37,26.79,36.0,3,33.16,Poor
1.921,-110.32,-96.6,-14.69,-9.61,-107.88,7.34,22.0,5,33.64,Poor
0.63,-104.75,-79.91,-19.5,-10.0,-98.36,45.18,35.0,4,20.37,Poor
0.212,-89.81,-73.52,-15.85,10.16,-104.1,37.79,40.0,1,49.28,Fair
0.039,-71.98,-49.24,-19.5,19.9,-96.58,39.38,40.0,1,57.38,Good
0.676,-101.47,-84.39,-16.96,2.99,-105.25,23.53,27.0,2,41.56,Fair
0.368,-94.26,-73.86,-19.5,-0.08,-96.6,46.41,44.0,1,28.02,Poor
0.248,-90.85,-68.66,-19.5,1.4,-97.51,50.19,48.0,3,35.3,Fair
1.066,-109.38,-87.21,-19.5,-3.89,-109.33,13.11,33.0,4,32.8,Poor
0.053,-70.43,-54.18,-16.55,15.55,-91.56,64.54,72.0,0,52.47,Fair
0.305,-95.61,-80.18,-15.76,-10.0,-82.02,91.91,84.0,1,26.49,Poor
0.02,-67.82,-50.06,-18.6,19.0,-93.66,82.58,72.0,2,49.24,Fair
0.285,-90.04,-75.94,-15.71,8.69,-106.22,14.8,28.0,4,52.21,Fair
0.026,-73.21,-54.49,-19.35,24.12,-102.14,44.87,56.0,2,47.63,Fair
0.057,-76.83,-61.29,-15.95,18.34,-98.04,49.9,38.0,2,57.94,Good
0.056,-78.17,-56.93,-19.5,18.09,-102.49,27.7,38.0,1,53.89,Fair
0.471,-103.16,-86.87,-15.18,-10.0,-101.0,36.08,56.0,2,29.22,Poor
0.617,-101.15,-88.37,-13.42,-5.04,-99.69,51.55,48.0,1,38.51,Fair
0.394,-98.38,-76.18,-19.5,-8.83,-93.62,61.57,63.0,7,16.79,Poor
1.474,-109.22,-90.67,-19.5,-8.41,-104.01,16.39,31.0,6,24.03,Poor
0.211,-95.76,-77.67,-18.21,10.84,-109.88,15.37,18.0,3,48.51,Fair
0.151,-83.15,-61.87,-19.5,7.13,-91.76,69.56,,2,38.87,Fair
0.913,-96.81,-76.2,-19.5,-0.26,-101.76,22.94,38.0,8,40.15,Fair
0.114,-81.29,-65.58,-15.78,13.42,-102.24,17.07,22.0,1,53.35,Fair
1.486,-102.37,-85.72,-16.08,-5.98,-104.12,25.95,46.0,4,35.66,Fair
0.02,-71.82,-57.16,-13.86,30.0,-107.18,36.04,37.0,3,70.7,Good
1.576,-110.5,-96.9,-14.26,-10.0,-98.03,53.51,46.0,3,27.36,Poor
0.02,-73.56,-53.82,-19.5,18.71,-94.71,34.96,35.0,2,55.03,Good
0.998,-101.41,-82.24,-17.45,-1.74,-105.34,37.54,45.0,1,28.44,Poor
0.338,-93.68,-73.4,-19.5,16.0,-108.93,20.38,38.0,1,50.79,Fair
2.231,-111.28,-89.44,-19.5,-7.85,-109.11,5.84,24.0,1,26.87,Poor
0.034,-69.82,-49.5,-19.5,27.36,-101.64,43.59,53.0,1,66.3,Good
0.363,-93.61,-73.02,-19.5,1.77,-98.75,55.16,54.0,1,37.44,Fair
1.568,-111.26,-99.5,-11.58,-9.48,-110.15,11.49,18.0,3,35.8,Fair
0.333,-97.2,-80.12,-18.82,1.98,-103.11,38.03,36.0,2,38.39,Fair
0.447,-94.29,-73.4,-19.5,-10.0,-88.73,92.38,80.0,1,22.14,Poor
0.535,-94.42,-79.93,-14.18,9.46,-106.15,7.82,26.0,3,49.58,Fair
0.273,-90.54,-72.27,-17.72,3.41,-97.9,14.21,28.0,0,44.22,Fair
0.444,-89.39,-69.83,-19.5,,-98.0,40.93,48.0,2,44.57,Fair
0.395,-89.41,-70.09,-18.85,-4.31,-91.75,69.74,47.0,0,31.85,Poor
1.041,-102.6,-83.49,-19.5,-8.89,-102.34,18.14,24.0,0,30.2,Poor
0.021,-74.18,-54.38,-19.5,18.99,-100.18,35.04,24.0,2,55.13,Good
0.148,-92.73,-74.19,-19.5,-9.56,-91.26,57.69,51.0,4,21.77,Poor
1.352,-108.17,-94.56,-11.72,-10.0,-90.4,73.81,68.0,2,17.66,Poor
0.994,-100.95,-81.43,-18.92,-1.32,-104.05,46.49,47.0,2,32.02,Poor
0.274,-85.47,-66.62,-18.37,-2.54,-90.8,66.9,,1,30.61,Poor
0.436,-95.13,,-13.56,-2.89,-97.2,54.25,56.0,0,38.65,Fair
0.146,-82.68,-60.54,-19.5,13.88,-99.12,43.32,42.0,0,46.42,Fair
0.094,-84.52,-64.91,-19.5,21.11,-110.07,12.78,34.0,1,62.25,Good
0.28,-90.49,-76.64,-14.94,3.41,-97.87,37.9,51.0,1,43.1,Fair
0.196,-86.6,-71.06,-15.36,2.89,-96.4,64.18,52.0,1,41.0,Fair
0.394,-103.86,-87.55,-17.73,-1.7,-106.37,24.19,29.0,3,32.09,Poor
0.036,-77.11,-60.81,-16.51,13.47,-96.59,40.63,44.0,2,49.39,Fair
1.649,-104.55,-85.67,-18.33,-10.0,-94.7,76.29,58.0,4,9.4,Poor
1.928,-108.61,-93.54,-15.02,-10.0,-98.77,29.03,38.0,4,28.31,Poor
0.539,-103.43,-82.05,-19.5,-10.0,-94.38,41.91,44.0,1,21.84,Poor
0.346,-104.52,-83.38,-19.5,-10.0,-92.76,56.24,48.0,3,19.0,Poor
0.167,-89.95,-70.09,-19.5,3.19,-95.8,66.8,79.0,0,29.45,Poor
0.756,-101.87,-83.74,-17.85,1.37,-107.32,10.49,24.0,4,44.27,Fair
0.519,-101.86,-81.05,-19.5,-10.0,-96.9,51.61,39.0,2,22.06,Poor
0.08,-81.58,-64.41,-17.43,15.96,-100.23,54.61,68.0,2,48.28,Fair
1.088,-102.72,-86.89,-14.17,-10.0,-91.14,73.79,68.0,2,22.28,Poor
0.778,-99.15,-77.58,-19.5,7.73,-112.53,11.91,30.0,1,42.13,Fair
1.346,-116.01,-97.06,-19.19,-10.0,-98.86,45.96,46.0,3,17.02,Poor
0.582,-104.57,-88.62,-16.59,-10.0,-99.88,40.19,43.0,1,25.52,Poor
0.428,-97.86,-81.11,-17.64,-3.35,-100.86,35.3,56.0,0,27.11,Poor
0.244,-89.49,-73.7,-15.46,7.92,-100.69,22.53,26.0,2,42.81,Fair
1.215,-103.74,-79.67,-19.5,-1.12,-106.01,26.03,21.0,3,33.17,Poor
0.905,-101.25,-83.24,-18.52,-6.91,-99.89,38.77,61.0,4,25.04,Poor
0.021,-72.31,-53.84,-19.5,20.93,-94.19,64.36,63.0,1,60.96,Good
0.02,-71.75,-51.59,-19.5,15.63,-91.39,44.16,37.0,1,46.03,Fair
0.213,-93.5,-79.15,-15.24,10.61,-108.54,37.67,46.0,1,44.03,Fair
0.749,-98.42,-77.13,-19.5,-6.61,-96.59,61.46,61.0,5,24.25,Poor
1.964,-113.55,-97.37,-16.54,-10.0,-93.13,54.29,57.0,7,24.79,Poor
0.073,-78.03,-54.54,-19.5,18.88,-101.37,54.61,54.0,2,51.93,Fair
0.406,-95.36,-78.29,-17.74,0.39,-101.7,16.29,30.0,0,38.21,Fair
0.216,-90.9,-69.79,-19.5,4.17,-99.93,40.08,54.0,0,40.7,Fair
1.577,-110.59,-100.08,-12.1,-10.0,-98.92,47.0,42.0,1,28.39,Poor
0.831,-107.82,-93.35,-14.58,-10.0,-101.79,59.16,53.0,3,21.1,Poor
0.82,-104.88,-87.76,-16.16,-9.67,-98.36,42.75,57.0,0,23.31,Poor
0.285,-94.43,-82.53,-13.87,0.65,-98.73,40.33,43.0,2,42.39,Fair
0.241,-101.16,-81.35,-19.5,,-98.63,69.37,70.0,1,17.05,Poor
0.144,-88.0,-69.06,-18.75,6.57,-99.56,41.19,50.0,0,39.48,Fair
0.026,-68.97,-53.94,-16.16,29.52,-104.33,17.5,36.0,2,81.74,Excellent
0.9,-100.83,-82.88,-17.18,1.98,-105.26,21.75,32.0,2,39.14,Fair
0.754,-103.55,-83.13,-19.5,-10.0,-95.3,43.77,33.0,0,18.9,Poor
3.5,-114.7,,-10.65,-10.0,-102.2,31.31,38.0,5,34.97,Poor
2.563,-114.4,-100.22,-13.64,-10.0,-108.71,5.43,18.0,4,28.41,Poor
0.365,-94.67,-77.67,-16.14,0.14,-99.04,40.68,49.0,3,39.98,Fair
0.659,-94.24,-76.16,-16.56,10.15,-110.34,32.64,44.0,6,45.35,Fair
1.303,-102.43,-84.61,-17.12,0.57,-107.35,15.61,26.0,2,38.33,Fair
0.853,-100.54,-79.87,-19.5,1.32,-103.9,43.86,52.0,5,34.23,Poor
0.128,-88.17,-68.74,-19.5,8.26,-98.57,58.52,55.0,0,37.31,Fair
0.269,-89.64,-69.55,-19.5,11.08,-104.15,27.4,33.0,2,50.41,Fair
0.062,-86.77,-72.94,-14.61,12.49,-102.4,41.73,51.0,2,58.41,Good
1.386,-107.85,-89.42,-17.73,-10.0,-98.4,31.75,34.0,3,23.01,Poor
0.419,-94.14,-77.06,-16.66,-5.96,-93.38,72.61,89.0,2,31.29,Poor
0.117,-82.46,-60.08,-19.5,9.21,-95.93,58.96,69.0,1,44.9,Fair
0.501,-95.34,-76.82,-18.0,1.45,-101.11,32.86,33.0,3,36.57,Fair
0.433,-95.57,-79.58,-16.05,-0.75,-101.78,26.08,27.0,0,40.73,Fair
0.2,-90.83,-70.27,-19.5,-4.26,-94.82,50.3,62.0,3,27.93,Poor
0.054,-76.69,-57.0,-18.04,10.46,-94.85,48.02,47.0,0,51.7,Fair
0.501,-101.83,-86.29,-16.59,4.66,-110.91,21.46,24.0,2,37.1,Fair
0.331,-97.79,-80.84,-17.85,-2.26,-99.73,30.45,34.0,1,31.76,Poor
0.666,-100.23,-83.23,-17.28,-10.0,-93.68,52.73,57.0,2,28.23,Poor
0.33,-93.72,-72.03,-19.5,-3.46,-94.84,33.23,35.0,2,34.9,Poor
0.86,-110.01,-91.4,-18.0,-10.0,-101.61,33.88,41.0,1,26.95,Poor
0.361,-93.36,-73.18,-19.5,-4.05,-98.37,45.52,38.0,2,36.31,Fair
0.37,-92.31,-75.79,-16.47,-7.46,-91.77,65.28,66.0,1,29.04,Poor
0.942,-103.8,-84.79,-17.31,-10.0,-91.88,42.84,44.0,5,28.18,Poor
0.232,-81.87,-59.96,-19.5,3.04,-89.88,79.66,67.0,3,33.38,Poor
0.065,-83.09,-66.17,-17.42,7.97,-97.39,51.17,51.0,2,46.31,Fair
0.02,-71.89,-53.54,-18.0,26.15,-101.15,29.82,40.0,4,63.1,Good
0.633,-101.62,-87.71,-13.3,-10.0,-94.72,76.67,67.0,2,23.56,Poor
0.436,-97.11,-81.41,-14.13,-10.0,-90.98,64.24,48.0,1,27.33,Poor
0.548,-100.11,-83.11,-17.74,2.34,-106.8,17.71,22.0,2,33.12,Poor
0.108,-90.36,-75.54,-15.59,2.8,-93.27,67.44,53.0,0,33.33,Poor
0.066,-82.7,-60.74,-19.5,19.87,-106.74,12.56,23.0,4,57.45,Good
0.02,-70.83,-55.35,-15.73,13.75,-90.98,53.89,48.0,1,59.02,Good
0.194,-84.9,-64.54,-19.5,17.87,-106.89,17.53,32.0,0,48.18,Fair
0.401,-87.28,-68.72,-18.09,6.43,-101.65,18.48,32.0,2,45.05,Fair
0.224,-85.71,-67.61,-19.41,11.3,-102.1,57.24,58.0,0,43.04,Fair
0.259,-95.4,-72.94,-19.5,-6.85,-91.03,67.2,80.0,4,21.95,Poor
1.055,-107.26,-96.04,-10.75,-8.87,-101.3,20.44,38.0,8,32.66,Poor
0.193,-90.38,-72.97,-15.39,12.07,-105.69,6.56,27.0,0,57.04,Good
0.325,-87.12,-72.36,-15.63,6.75,-101.37,43.84,48.0,3,51.09,Fair
0.689,-101.44,-89.32,-12.07,-7.1,-100.16,32.46,37.0,0,33.57,Poor
0.227,-96.48,-82.06,-15.85,-6.35,-99.92,30.13,42.0,2,34.1,Poor
0.438,-98.85,-80.8,-18.74,1.55,-104.57,27.02,33.0,0,33.0,Poor
0.892,-99.99,-84.17,-14.34,-9.09,-96.14,66.33,57.0,5,31.64,Poor
1.344,-103.81,-83.12,-19.5,-7.73,-98.46,37.54,43.0,5,21.63,Poor
0.072,-82.02,-64.66,-18.52,19.13,-108.03,16.86,26.0,2,56.32,Good
1.175,-102.68,-85.65,-17.78,-9.6,-101.16,32.41,31.0,7,32.54,Poor
0.305,-102.8,-85.76,-16.43,-9.79,-94.4,52.1,56.0,2,18.5,Poor
0.134,-86.22,-68.51,-17.25,9.98,-99.31,57.87,50.0,2,44.4,Fair
0.277,-89.42,-72.68,-16.84,7.41,-100.58,40.66,45.0,5,41.22,Fair
1.761,-112.25,-96.81,-14.86,-10.0,-102.3,39.53,61.0,4,24.7,Poor
0.305,-97.07,-76.1,-19.5,3.57,-104.33,20.14,34.0,2,41.44,Fair
0.179,-96.59,-80.46,-16.57,8.32,-105.52,13.4,29.0,0,53.84,Fair
0.452,-90.75,-73.9,-18.07,6.57,-103.64,24.49,37.0,1,38.92,Fair
0.124,-88.79,-69.5,-19.25,0.4,-93.36,53.74,50.0,2,39.06,Fair
0.036,-74.28,-55.33,-19.5,19.7,-98.94,40.89,48.0,1,52.93,Fair
0.062,-77.58,-62.26,-15.04,20.77,-105.37,20.24,33.0,1,63.11,Good
0.062,-73.89,-53.63,-19.45,19.53,-101.64,31.53,41.0,2,61.2,Good
0.074,-82.13,-62.52,-19.5,14.41,-102.33,25.84,37.0,3,49.37,Fair
0.067,-82.84,-64.31,-19.5,11.49,-99.22,18.93,33.0,2,52.36,Fair
0.461,-96.6,-79.89,-17.12,-2.73,-99.48,37.21,45.0,4,34.28,Poor
0.09,-78.08,-61.3,-17.69,20.71,-101.35,48.03,49.0,1,58.67,Good
0.191,-90.34,-72.95,-19.16,13.09,-106.52,19.71,37.0,2,43.0,Fair
1.022,-108.02,-93.71,-15.01,-10.0,-100.29,49.0,36.0,3,22.57,Poor
0.289,-99.41,-81.53,-17.84,2.43,-105.59,24.26,44.0,3,35.11,Fair
0.496,-102.8,-82.13,-19.5,-7.56,-100.18,39.27,36.0,1,31.35,Poor
0.085,-79.24,-58.61,-19.5,20.07,-103.69,21.31,32.0,1,58.68,Good
0.096,-85.03,-68.17,-16.33,9.13,-99.06,57.29,53.0,1,43.85,Fair
0.02,-72.87,-51.68,-19.5,13.05,-90.66,57.67,59.0,1,56.82,Good
0.083,-85.38,-61.66,-19.5,12.0,-100.03,57.37,44.0,2,39.76,Fair
0.147,-87.06,-70.01,-19.19,8.75,-100.89,37.47,38.0,0,45.61,Fair
0.088,-83.91,-63.84,-19.48,19.1,-111.38,18.06,35.0,1,63.08,Good
0.042,-77.72,-66.51,-11.74,17.82,-95.97,53.52,43.0,1,63.22,Good
0.058,-74.0,-59.77,-13.69,6.73,-86.9,83.21,71.0,1,47.05,Fair
0.278,-86.76,-68.48,-17.24,12.37,-106.51,9.11,25.0,2,58.61,Good
0.104,-90.86,-75.88,-15.75,-3.51,-93.14,65.04,63.0,1,36.24,Fair
0.204,-88.92,-64.8,-19.5,4.31,-97.28,39.98,40.0,0,41.0,Fair
0.315,-97.1,-77.31,-19.5,-9.06,-93.67,49.34,,4,28.14,Poor
0.528,-99.46,-78.56,-19.5,-2.58,-101.86,27.2,45.0,3,26.75,Poor
0.02,-69.21,-51.29,-19.5,27.41,-99.26,33.14,34.0,1,65.95,Good
0.723,-102.04,-87.05,-13.56,-0.84,-104.61,38.62,44.0,0,48.84,Fair
0.445,-96.06,-79.62,-17.48,-3.82,-98.0,41.3,60.0,2,26.91,Poor
0.038,-73.21,-54.45,-17.07,17.78,-98.92,45.13,33.0,0,53.83,Fair
0.931,-102.21,,-15.82,4.1,-107.72,13.84,23.0,3,35.77,Fair
1.142,-107.74,,-18.56,-10.0,-95.69,56.1,46.0,2,17.08,Poor
0.028,-75.87,-55.74,-19.5,21.81,-100.77,20.95,32.0,0,53.73,Fair
0.146,-93.1,-75.08,-19.04,-2.79,-92.82,70.15,66.0,1,23.67,Poor
0.738,-104.79,-92.27,-12.5,-9.86,-98.17,57.21,61.0,0,36.87,Fair
0.621,-92.02,-68.88,-19.5,9.79,-107.24,27.85,34.0,0,32.49,Poor
0.092,-86.52,-69.16,-15.73,15.18,-105.7,10.51,29.0,4,52.78,Fair
0.106,-89.34,-63.21,-19.5,-3.38,-90.23,77.7,70.0,1,25.96,Poor
0.208,-89.13,-69.18,-19.5,4.26,-97.85,58.54,57.0,2,33.72,Poor
0.298,-93.96,-76.59,-17.25,0.33,-101.44,37.7,52.0,3,41.53,Fair
0.433,-97.54,-78.2,-19.17,-10.0,-88.98,64.05,48.0,1,18.17,Poor
0.207,-84.73,-72.79,-11.08,7.97,-100.43,37.03,47.0,1,55.79,Good
0.279,-90.76,-69.68,-19.5,3.14,-102.58,35.66,47.0,2,37.12,Fair
0.619,-101.97,-76.27,-19.5,-10.0,-93.96,68.58,69.0,4,16.45,Poor
0.02,-72.14,-60.41,-11.07,30.0,-108.56,19.69,37.0,0,73.14,Good
0.131,-88.42,-71.28,-18.56,5.95,-102.25,40.14,,1,39.47,Fair
0.562,-95.52,-77.83,-16.28,-7.76,-93.46,66.04,57.0,2,22.14,Poor
1.015,-105.37,-84.75,-19.5,-7.23,-104.57,24.35,35.0,0,20.51,Poor
0.323,-101.37,-77.05,-19.5,-5.4,-103.37,14.81,27.0,2,31.35,Poor
0.342,-94.89,-75.75,-19.5,1.18,-100.91,41.77,47.0,1,26.84,Poor
0.051,-84.47,-60.04,-19.5,15.54,-106.03,24.24,22.0,2,52.88,Fair
0.267,-83.82,-65.31,-17.83,12.34,-99.51,32.2,37.0,1,44.33,Fair
0.342,-98.58,-79.22,-19.5,-1.22,-103.04,46.37,50.0,3,25.31,Poor
0.125,-86.65,-67.67,-17.12,6.34,-96.31,63.08,62.0,1,37.36,Fair
0.141,-86.02,-64.36,-19.5,18.41,-108.8,13.45,27.0,0,50.7,Fair
0.213,-91.77,-75.04,-18.15,9.14,-107.88,21.24,31.0,4,49.19,Fair
0.02,-71.6,-51.15,-19.5,25.44,-102.39,39.96,50.0,0,62.06,Good
0.175,-87.22,-72.91,-14.52,17.32,-112.3,14.82,41.0,2,60.29,Good
0.107,-78.56,-61.41,-15.54,12.67,-94.23,66.03,61.0,1,54.65,Fair
0.179,-86.01,-69.92,-14.55,21.49,-113.23,7.33,28.0,1,60.17,Good
0.057,-73.41,-55.15,-15.36,22.02,-97.23,47.72,,1,62.56,Good
0.995,-108.16,-91.1,-17.34,-10.0,-97.82,46.93,56.0,3,20.5,Poor
0.405,-94.9,-73.51,-19.5,1.54,-102.98,24.02,31.0,2,36.12,Fair
0.511,-97.57,-82.21,-15.04,-10.0,-90.68,63.98,71.0,1,32.82,Poor
0.701,-99.52,-86.71,-11.47,-5.5,-99.56,51.9,58.0,2,32.35,Poor
0.311,-88.36,-74.44,-13.46,1.22,-96.94,38.38,48.0,1,47.14,Fair
0.041,-77.33,-56.35,-19.5,30.0,-114.97,16.09,32.0,3,61.98,Good
0.347,-96.44,-81.35,-15.32,-10.0,-84.32,79.19,67.0,0,25.74,Poor
0.398,-93.88,-74.68,-19.5,5.46,-105.85,12.82,22.0,1,46.0,Fair
0.616,-106.91,,-18.98,-10.0,-101.85,18.02,19.0,2,22.34,Poor
0.254,-93.09,-72.61,-18.47,1.66,-99.09,50.77,50.0,4,33.0,Poor
0.061,-80.44,-63.14,-16.33,20.52,-108.08,13.29,31.0,1,60.03,Good
0.15,-91.27,-64.98,-19.5,17.18,-111.69,6.07,24.0,0,49.07,Fair
0.203,-85.96,-62.27,-19.5,11.08,-102.46,19.4,37.0,2,51.2,Fair
0.467,-101.66,-84.6,-16.6,-2.18,-103.33,21.2,29.0,2,36.12,Fair
0.381,-96.18,-79.53,-15.12,8.64,-109.67,6.27,31.0,3,52.36,Fair
0.198,-88.81,-61.41,-19.5,-4.1,-91.31,64.02,77.0,4,27.94,Poor
1.938,-104.34,-89.57,-16.36,-3.26,-106.27,33.88,39.0,2,31.74,Poor
0.419,-96.5,-78.67,-19.25,-0.6,-100.53,44.14,55.0,2,33.59,Poor
0.122,-82.04,-63.98,-18.1,19.83,-106.27,32.74,39.0,2,46.76,Fair
0.048,-75.06,-57.06,-17.99,12.52,-94.28,45.85,62.0,1,53.73,Fair
0.075,-81.08,-68.3,-11.89,21.74,-104.87,23.0,40.0,0,68.66,Good
0.127,-90.5,-71.02,-19.5,0.68,-93.96,57.04,66.0,1,21.66,Poor
0.079,-87.78,-72.69,-14.5,7.54,-99.68,27.31,33.0,2,53.37,Fair
0.093,-83.03,-60.72,-19.5,17.87,-104.6,6.74,23.0,0,61.18,Good
0.151,-89.81,-76.18,-13.92,4.81,-96.01,60.93,52.0,3,44.49,Fair
0.086,-79.08,-60.9,-19.5,20.45,-101.2,35.26,61.0,3,59.78,Good
1.022,-101.21,-89.86,-11.01,-5.65,-101.1,23.19,42.0,3,41.65,Fair
0.038,-76.48,-64.94,-12.1,20.41,-99.07,56.14,47.0,1,57.15,Good
0.335,-99.15,-83.66,-16.78,3.54,-103.23,35.51,43.0,3,38.16,Fair
0.238,-89.52,-73.61,-16.21,3.32,-99.36,44.29,50.0,2,40.51,Fair
1.817,-113.27,-90.87,-19.5,-10.0,-96.18,52.99,42.0,8,18.16,Poor
0.053,-81.76,-63.88,-18.18,13.13,-101.84,22.0,40.0,0,56.59,Good
0.228,-95.12,-73.25,-19.5,-2.2,-98.17,35.55,40.0,4,26.96,Poor
1.57,-108.48,-91.62,-16.32,-3.53,-110.43,10.92,25.0,4,30.07,Poor
0.903,-98.44,-78.62,-19.5,-0.97,-104.5,28.24,35.0,1,36.42,Fair
0.764,-101.7,-85.87,-14.82,-3.64,-102.74,37.7,37.0,2,31.69,Poor
0.134,-88.39,-72.77,-16.26,6.66,-100.94,42.61,41.0,1,43.08,Fair
0.084,-88.72,-76.19,-13.18,5.24,-97.1,57.02,48.0,2,42.2,Fair
0.497,-95.74,-76.73,-18.2,3.61,-105.14,27.81,32.0,3,36.56,Fair
1.193,-108.66,-89.87,-18.77,-3.6,-106.6,30.72,35.0,1,17.89,Poor
0.366,-94.83,-74.49,-19.5,-9.74,-91.36,63.01,42.0,0,28.28,Poor
0.381,-97.07,-78.42,-19.5,-7.49,-91.23,62.84,62.0,4,28.63,Poor
0.148,-84.1,-60.02,-19.5,17.75,-110.62,27.19,35.0,1,48.65,Fair
0.66,-101.04,-82.51,-17.51,-8.65,-94.2,59.26,47.0,3,16.87,Poor
0.093,-83.72,-62.74,-19.5,3.56,-90.86,42.61,48.0,2,37.98,Fair
0.176,-87.02,-69.99,-17.85,3.24,-97.03,46.23,48.0,2,41.12,Fair
0.249,-83.54,-68.27,-17.08,-1.36,-89.7,62.37,63.0,2,36.0,Fair
0.319,-90.54,-70.39,-18.83,4.36,-101.79,18.61,28.0,2,46.06,Fair
0.125,-86.36,-68.62,-18.47,11.61,-104.52,36.06,37.0,0,44.56,Fair
0.055,-78.93,-58.44,-19.5,10.51,-95.36,51.46,49.0,2,42.77,Fair
0.424,-98.68,-79.62,-19.5,12.5,-115.56,2.86,16.0,2,52.22,Fair
0.153,-91.56,-75.94,-13.94,0.9,-98.22,49.96,45.0,0,34.25,Poor
0.392,-98.09,-76.87,-19.16,1.63,-104.05,24.33,27.0,1,33.5,Poor
0.075,-84.76,-69.37,-15.7,-0.41,-89.46,51.26,48.0,1,42.89,Fair
0.295,-90.82,-70.94,-19.25,-3.94,-91.56,66.39,54.0,1,32.76,Poor
0.342,-99.0,-77.15,-19.5,1.53,-103.88,36.79,39.0,2,27.57,Poor
0.024,-66.61,-49.76,-16.64,30.0,-102.55,21.63,29.0,1,71.51,Good
0.185,-86.37,-64.9,-19.5,5.88,-96.62,44.81,51.0,0,36.68,Fair
0.065,-80.3,-61.11,-19.5,17.29,-104.82,19.37,26.0,0,61.24,Good
0.029,-73.67,-53.12,-19.5,18.5,-98.16,40.35,49.0,1,54.98,Fair
2.071,-112.55,-97.07,-17.27,-10.0,-94.83,35.8,43.0,3,12.95,Poor
0.175,-87.84,-69.19,-19.5,8.02,-95.31,61.86,52.0,2,35.56,Fair
0.747,-97.13,-83.35,-14.04,-10.0,-91.92,68.5,72.0,3,31.18,Poor
0.132,-89.31,-66.17,-19.5,1.29,-96.25,41.73,56.0,4,34.12,Poor
0.515,-104.38,-92.43,-13.19,2.87,-110.46,8.34,21.0,1,44.48,Fair
0.643,-97.36,-80.42,-16.77,-4.64,-96.62,40.19,50.0,0,30.97,Poor
0.407,-94.93,-79.72,-15.09,5.02,-103.7,31.39,46.0,3,44.71,Fair
0.287,-97.67,-77.65,-19.5,-6.66,-99.18,45.78,47.0,1,26.51,Poor
0.239,-94.53,,-19.5,4.04,-105.52,18.75,26.0,1,43.56,Fair
0.193,-93.2,-73.23,-19.5,12.18,-106.89,33.51,37.0,1,43.45,Fair
1.194,-108.44,-81.56,-19.5,,-101.99,25.12,35.0,3,24.61,Poor
0.799,-103.36,-89.49,-13.31,-9.35,-100.79,12.96,23.0,2,38.09,Fair
1.509,-108.65,-94.55,-16.73,-10.0,-96.79,57.25,57.0,5,20.23,Poor
0.06,-82.27,-66.95,-17.28,-0.7,-89.3,61.8,56.0,0,34.94,Poor
0.591,-102.47,-84.11,-19.5,8.14,-115.14,15.78,23.0,2,37.87,Fair
1.254,-106.89,-91.97,-13.09,-10.0,-95.46,43.56,50.0,0,34.19,Poor
0.09,-82.51,-66.76,-15.86,21.52,-111.71,13.1,23.0,2,65.38,Good
0.031,-75.36,-55.5,-18.61,7.13,-86.87,79.92,77.0,3,37.78,Fair
0.608,-95.06,-80.78,-16.12,-1.31,-101.76,49.87,56.0,2,36.79,Fair
0.384,-93.69,-79.09,-14.07,2.98,-103.57,5.22,26.0,2,53.19,Fair
0.83,-108.75,-91.95,-14.52,-10.0,-99.49,62.24,57.0,5,25.08,Poor
0.068,-78.65,,-16.24,14.87,-99.06,31.04,40.0,0,45.04,Fair
0.714,-98.66,-77.63,-19.5,-10.0,-92.32,75.66,61.0,3,19.72,Poor
0.101,-85.94,-70.64,-14.82,6.21,-93.85,70.08,58.0,0,44.79,Fair
0.08,-88.2,-72.36,-16.78,16.23,-108.7,7.25,,1,53.03,Fair
0.081,-82.22,-62.47,-19.37,14.98,-104.81,22.86,30.0,1,47.26,Fair
0.758,-101.64,-81.23,-19.5,-10.0,-90.58,66.67,57.0,4,18.01,Poor
0.492,-102.35,-80.06,-19.5,-5.01,-98.92,40.86,45.0,3,28.48,Poor
0.333,-100.28,-80.88,-18.6,-3.79,-98.77,40.69,36.0,0,28.48,Poor
0.2,-90.41,-72.02,-19.06,-5.52,-92.75,61.98,50.0,1,26.15,Poor
0.944,-104.44,-84.71,-19.5,1.01,-110.53,20.83,35.0,1,31.99,Poor
0.224,-92.72,-75.52,-16.46,1.0,-95.68,30.42,36.0,3,41.86,Fair
0.763,-102.0,-84.82,-15.63,,-104.81,23.86,28.0,3,42.95,Fair
0.26,-96.75,-84.07,-11.75,3.27,-106.27,18.75,31.0,1,49.64,Fair
0.213,-92.34,-71.66,-19.5,4.58,-101.24,37.04,33.0,2,42.11,Fair
0.28,-90.83,-72.19,-17.09,11.37,-107.9,3.47,20.0,4,53.47,Fair
0.161,-89.61,-69.28,-19.5,-1.23,-94.48,40.94,34.0,0,30.13,Poor
0.62,-106.54,-96.99,-10.2,-10.0,-95.02,43.86,42.0,1,25.64,Poor
0.314,-95.87,-78.01,-18.22,-8.63,-94.95,51.83,47.0,2,25.74,Poor
0.119,-89.86,-74.43,-15.37,7.84,-101.93,41.4,59.0,1,45.18,Fair
1.034,-103.23,-80.73,-19.5,2.41,-107.6,12.78,19.0,2,32.0,Poor
0.218,-89.53,-69.69,-19.5,9.78,-102.95,33.81,44.0,2,43.38,Fair
0.353,-101.61,-82.91,-18.73,0.42,-105.51,26.37,34.0,3,34.2,Poor
1.066,-101.53,-84.83,-17.36,-10.0,-88.39,52.39,40.0,2,20.08,Poor
0.44,-101.35,-82.15,-19.5,-10.0,-91.31,62.89,60.0,2,18.96,Poor
0.056,-72.87,-57.66,-14.22,23.08,-94.61,67.78,58.0,0,66.36,Good
1.265,-106.24,-88.54,-18.45,-10.0,-96.82,51.56,50.0,1,26.52,Poor
0.445,-101.97,-85.7,-14.56,-10.0,-87.59,69.01,52.0,0,26.73,Poor
0.184,-93.89,-69.09,-19.5,10.66,-111.71,19.01,35.0,2,44.24,Fair
0.067,-79.32,-56.91,-19.5,,-104.42,32.79,41.0,1,54.68,Fair
0.711,-102.61,-81.43,-19.5,-0.62,-108.07,15.27,37.0,5,38.6,Fair
0.435,-97.19,-83.66,-13.25,-0.09,-104.66,34.99,38.0,5,42.2,Fair
0.343,-88.28,-67.69,-19.5,4.4,-97.26,54.53,62.0,2,39.18,Fair
1.009,-106.89,-88.32,-15.82,-10.0,-96.63,48.08,48.0,4,17.84,Poor
0.699,-100.67,-79.0,-19.5,-7.16,-94.08,63.65,70.0,1,29.17,Poor
0.074,-75.82,-56.86,-17.86,18.25,-100.17,50.47,38.0,1,58.55,Good
0.168,-87.48,-69.5,-17.26,11.57,-102.76,35.79,38.0,2,47.87,Fair
0.129,-92.68,-73.97,-18.54,-1.49,-96.9,70.1,80.0,3,33.95,Poor
0.613,-97.74,-85.16,-12.55,-2.81,-99.6,39.92,47.0,2,35.87,Fair
0.02,-75.1,-59.4,-16.34,26.0,-107.0,35.4,51.0,2,66.76,Good
0.38,-89.98,-70.86,-18.93,17.9,-108.71,15.8,27.0,2,53.26,Fair
0.647,-103.52,-82.1,-19.5,-0.87,-108.1,9.59,21.0,5,28.27,Poor
0.942,-91.61,-75.27,-17.66,8.55,-104.26,25.4,39.0,2,41.42,Fair
0.188,-83.68,-65.8,-19.5,-6.52,-82.95,88.19,51.0,0,26.83,Poor
0.775,-104.98,-91.78,-13.87,-10.0,-91.31,64.58,59.0,2,24.37,Poor
0.053,-78.53,-56.15,-19.5,19.12,-99.53,50.97,56.0,1,48.3,Fair
0.843,-99.51,-78.17,-19.5,-9.58,-95.18,77.71,53.0,4,17.41,Poor
0.061,-76.76,-56.81,-18.9,27.28,-108.03,19.8,35.0,0,62.7,Good
0.228,-89.42,-70.2,-19.5,4.81,-99.71,46.62,37.0,1,35.5,Fair
0.718,-96.13,-73.47,-19.5,2.75,-104.09,20.08,37.0,3,33.93,Poor
0.073,-81.89,-66.3,-14.38,20.33,-106.01,20.68,33.0,3,67.63,Good
0.117,-86.92,-71.66,-15.81,2.24,-94.65,67.71,53.0,0,38.83,Fair
0.576,-100.62,-79.43,-19.5,-7.18,-96.59,39.34,47.0,0,21.87,Poor
0.573,-95.74,-74.76,-19.5,-10.0,-90.56,64.35,60.0,0,27.13,Poor
0.461,-95.84,-81.42,-14.38,0.18,-98.37,46.35,54.0,4,33.14,Poor
0.533,-97.38,-80.98,-18.04,-5.8,-96.8,51.09,56.0,3,27.19,Poor
0.352,-91.78,-68.71,-19.5,2.46,-99.97,42.33,32.0,3,37.51,Fair
0.131,-94.59,-75.35,-19.5,-8.64,-96.3,39.61,36.0,1,27.63,Poor
0.191,-88.42,-68.06,-19.5,1.05,-91.72,79.58,73.0,1,31.94,Poor
0.09,-82.32,-67.8,-12.4,14.28,-102.87,26.41,34.0,1,62.95,Good
1.076,-97.97,-78.0,-19.5,-10.0,-91.76,67.02,56.0,5,19.8,Poor
0.394,-102.05,-88.31,-14.67,-8.23,-98.1,34.94,31.0,3,38.1,Fair
0.231,-85.06,-73.0,-13.23,12.97,-105.01,35.15,45.0,1,52.95,Fair
0.279,-92.64,-72.46,-19.5,6.22,-103.25,20.01,40.0,1,40.62,Fair
1.324,-104.49,-82.19,-19.5,-6.32,-102.19,48.1,47.0,2,17.45,Poor
0.075,-74.9,-57.66,-16.03,30.0,-109.36,8.48,21.0,0,76.78,Excellent
0.397,-93.76,-77.4,-14.06,3.07,-100.53,41.07,59.0,0,33.88,Poor
0.317,-92.45,-69.32,-19.5,9.43,-106.12,18.14,23.0,2,48.11,Fair
0.425,-95.63,-78.21,-18.91,,-87.67,88.54,76.0,1,18.59,Poor
0.02,-72.38,-54.58,-18.42,19.3,-98.17,72.73,57.0,0,49.21,Fair
0.926,-103.45,-80.37,-19.5,-10.0,-98.96,44.6,48.0,1,26.01,Poor
1.21,-108.53,-91.59,-17.44,-10.0,-102.24,8.22,21.0,1,31.14,Poor
0.375,-95.68,-79.64,-16.47,4.48,-106.77,19.98,38.0,2,39.1,Fair
0.537,-107.96,-87.51,-19.5,-2.47,-109.03,14.63,23.0,3,24.47,Poor
1.151,-103.51,-87.65,-15.84,-10.0,-91.59,70.35,54.0,3,23.04,Poor
0.553,-99.35,-81.79,-16.38,-8.74,-94.55,59.13,61.0,3,26.8,Poor
0.074,-82.9,-68.86,-15.6,16.43,-105.0,49.74,44.0,2,54.88,Fair
0.386,-94.88,-76.33,-18.1,-6.96,-98.0,29.26,42.0,3,34.42,Poor
0.42,-102.22,-84.01,-18.23,-3.83,-101.59,39.12,41.0,1,33.65,Poor
0.248,-84.22,-63.31,-19.5,20.4,-105.38,26.01,39.0,0,49.25,Fair
0.6,-99.99,-79.42,-19.44,-10.0,-96.73,55.3,46.0,0,31.93,Poor
1.226,-106.36,-86.7,-19.5,-10.0,-102.74,28.03,34.0,4,23.33,Poor
1.169,-109.23,-90.04,-18.19,-7.19,-108.26,23.32,35.0,2,26.37,Poor
0.27,-92.55,-74.77,-19.39,-2.34,-96.68,46.99,,3,33.3,Poor
0.054,-73.27,-53.44,-18.58,24.26,-103.67,30.17,51.0,3,59.36,Good
1.885,-105.37,-90.7,-14.41,-2.21,-108.53,22.99,47.0,4,38.04,Fair
0.822,-98.89,-87.93,-10.02,-1.42,-102.13,6.84,28.0,0,51.62,Fair
0.06,-77.51,-56.02,-19.5,23.68,-105.94,24.11,37.0,3,58.4,Good
1.141,-106.59,-86.57,-19.5,-10.0,-101.37,39.55,45.0,2,17.63,Poor
0.918,-109.06,-91.45,-16.41,-10.0,-96.11,66.86,62.0,3,29.46,Poor
0.329,-95.18,-73.96,-19.5,-1.5,-103.28,25.54,24.0,3,37.38,Fair
0.403,-97.06,-81.26,-15.53,2.24,-104.94,35.1,37.0,1,35.37,Fair
0.229,-87.04,-71.16,-15.71,11.89,-102.31,27.97,33.0,1,54.28,Fair
0.025,-71.18,-55.71,-14.1,24.79,-100.64,39.71,52.0,1,61.98,Good
0.184,-82.88,-63.18,-19.5,-1.84,-91.21,73.97,65.0,2,29.96,Poor
0.731,-96.5,-83.25,-11.75,0.82,-99.34,50.45,45.0,2,45.5,Fair
0.02,-72.27,-56.57,-14.3,19.8,-95.3,51.73,48.0,2,63.17,Good
0.183,-96.46,-77.59,-19.5,-2.94,-97.56,46.08,58.0,2,28.72,Poor
0.229,-85.67,-71.29,-15.41,4.92,-92.01,62.45,51.0,2,40.14,Fair
0.347,-89.39,-73.37,-15.85,14.68,-109.37,16.12,36.0,1,51.47,Fair
1.136,-110.58,-99.21,-11.33,-10.0,-96.99,44.75,46.0,2,26.93,Poor
0.191,-83.64,-63.83,-19.49,10.97,-97.76,28.66,37.0,3,46.0,Fair
0.192,-88.17,-72.23,-15.38,7.89,-104.29,24.53,38.0,6,49.02,Fair
0.602,-98.96,-84.26,-14.77,-9.04,-95.72,43.13,55.0,3,29.26,Poor
0.271,-86.23,-72.11,-16.29,14.45,-104.09,33.95,46.0,1,50.01,Fair
0.114,-79.87,-63.13,-19.05,18.73,-103.41,19.38,27.0,2,52.54,Fair
0.271,-90.09,-76.83,-13.58,-3.48,-96.74,52.02,46.0,5,33.14,Poor
0.068,-78.92,-55.1,-19.5,11.37,-94.89,56.21,41.0,1,45.96,Fair
0.087,-80.46,-69.61,-9.54,19.15,-105.45,28.99,42.0,2,64.11,Good
0.31,-95.47,-78.82,-15.81,-8.77,-94.54,49.11,60.0,0,27.45,Poor
0.244,-92.01,-73.69,-19.29,7.25,-104.39,37.42,54.0,2,38.26,Fair
1.108,-108.51,-92.84,-15.12,-10.0,-105.06,23.23,39.0,2,25.75,Poor
0.203,-91.5,-72.87,-17.29,9.83,-105.79,22.27,42.0,2,50.37,Fair
0.391,-97.33,-81.73,-16.44,-5.33,-97.13,58.89,47.0,5,35.94,Fair
0.45,-99.63,-77.04,-19.5,3.58,-107.88,20.9,33.0,2,35.49,Fair
0.02,-69.9,-55.25,-14.79,24.1,-99.36,41.5,42.0,2,66.68,Good
0.49,-99.12,-88.17,-11.37,5.54,-108.91,23.22,33.0,2,54.48,Fair
0.088,-81.0,-66.9,-12.04,6.17,-95.46,51.38,49.0,3,52.72,Fair
1.461,-113.79,-94.63,-19.5,-10.0,-102.5,37.81,31.0,2,17.44,Poor
0.072,-81.77,-64.12,-18.11,16.65,-104.72,18.49,35.0,0,57.46,Good
0.241,-91.15,-70.89,-18.36,5.94,-103.27,25.71,30.0,3,40.45,Fair
0.04,-77.53,,-19.5,22.74,-105.58,32.66,37.0,3,54.59,Fair
2.596,-112.98,-96.89,-16.3,-10.0,-99.03,35.12,55.0,2,18.33,Poor
0.314,-100.3,-83.77,-17.03,-10.0,-88.08,67.28,54.0,2,16.73,Poor
0.407,-94.79,-77.95,-17.26,3.35,-101.03,26.76,29.0,0,44.38,Fair
0.031,-71.58,-47.93,-19.5,18.7,-96.89,73.23,61.0,1,42.24,Fair
0.624,-97.94,-77.87,-19.5,-10.0,-93.14,63.1,60.0,2,22.98,Poor
0.106,-80.43,-56.76,-19.5,16.02,-101.57,47.01,49.0,1,49.58,Fair
1.027,-103.44,-82.92,-19.5,9.43,-113.84,9.41,29.0,1,42.41,Fair
0.103,-82.45,-64.64,-17.19,23.68,-107.95,14.56,29.0,4,65.96,Good
0.095,-83.04,-68.1,-15.99,13.65,-104.16,35.88,41.0,0,55.59,Good
0.02,-67.69,-49.09,-19.02,30.0,-103.19,27.4,27.0,1,60.95,Good
0.287,-99.51,-81.69,-19.5,,-101.18,24.44,,2,27.59,Poor
0.374,-99.06,-81.35,-17.51,-1.79,-101.05,37.72,44.0,0,35.99,Fair
0.031,-67.64,-50.27,-15.99,30.0,-105.44,15.8,26.0,1,68.59,Good
0.672,-110.41,-98.56,-12.65,-10.0,-102.81,42.74,51.0,1,32.24,Poor
0.272,-93.28,-71.49,-19.5,-10.0,-86.59,86.4,67.0,2,25.37,Poor
0.334,-89.82,-71.97,-17.8,3.44,-99.32,36.35,32.0,4,47.86,Fair
0.262,-92.76,-79.0,-15.02,-10.0,-88.62,79.03,64.0,1,29.65,Poor
0.23,-92.91,-73.46,-19.5,13.37,-109.85,9.48,36.0,3,52.02,Fair
0.369,-94.85,-79.42,-15.51,-0.4,-99.77,37.58,47.0,3,36.1,Fair
0.076,-83.13,-63.45,-19.5,10.01,-96.72,34.38,47.0,0,40.42,Fair
0.09,-83.09,-62.45,-19.5,8.3,-98.0,56.06,52.0,0,41.21,Fair
0.891,-105.74,-84.68,-19.5,-8.69,-104.04,25.25,46.0,4,23.29,Poor
1.314,-101.95,-84.43,-17.61,-3.94,-101.85,32.38,42.0,3,31.15,Poor
0.21,-84.8,-68.05,-17.87,10.73,-101.48,35.37,45.0,1,48.95,Fair
0.142,-87.65,-71.52,-15.51,8.27,-103.12,43.93,51.0,2,43.33,Fair
0.465,-102.91,-87.08,-14.8,1.75,-108.1,17.96,32.0,7,37.39,Fair
0.236,-93.61,-75.66,-19.1,3.53,-100.53,31.55,57.0,1,43.33,Fair
0.02,-71.18,-53.81,-17.31,26.07,-102.59,42.07,38.0,2,58.65,Good
0.076,-79.75,-64.23,-15.41,20.5,-102.59,28.42,40.0,2,61.09,Good
0.566,-103.11,-88.54,-12.09,-10.0,-87.35,94.22,65.0,4,17.63,Poor
0.484,-100.79,-83.12,-18.0,-3.75,-102.69,20.79,33.0,2,32.63,Poor
0.02,-68.4,-51.7,-16.39,24.61,-100.53,34.71,40.0,0,60.62,Good
0.113,-81.38,-66.8,-15.41,17.7,-107.19,15.57,27.0,5,59.37,Good
0.118,-88.02,-67.52,-19.5,11.07,-102.91,27.54,31.0,0,50.1,Fair
0.501,-103.36,-80.04,-19.5,-9.06,-99.55,32.26,50.0,2,23.75,Poor
0.02,-57.31,-40.0,-17.25,30.0,-105.45,28.4,39.0,1,78.73,Excellent
0.049,-74.93,-59.09,-17.3,13.94,-94.56,49.08,46.0,1,56.23,Good
0.724,-102.28,-84.43,-18.94,-10.0,-90.02,68.36,61.0,0,16.59,Poor
0.089,-79.56,-56.94,-19.5,13.23,-99.18,65.48,56.0,3,45.67,Fair
0.476,-98.07,-83.59,-13.58,-10.0,-93.65,80.47,59.0,2,25.71,Poor
0.122,-82.36,-62.01,-19.5,8.72,-95.52,76.87,72.0,6,41.49,Fair
0.047,-77.01,-63.36,-14.14,10.24,-88.18,79.89,63.0,2,48.48,Fair
0.125,-85.67,-62.62,-19.5,17.49,-106.92,17.81,29.0,0,53.06,Fair
0.576,-99.69,-82.98,-16.06,-3.98,-99.8,45.63,51.0,4,29.96,Poor
0.871,-108.6,-83.91,-19.5,-10.0,-98.76,34.91,50.0,0,21.13,Poor
0.798,-94.3,-71.11,-19.5,6.1,-105.03,22.78,31.0,2,39.78,Fair
0.228,-94.95,-77.27,-15.45,6.87,-103.91,19.36,28.0,1,48.2,Fair
0.496,-103.37,-87.53,-16.72,-5.33,-103.4,42.21,48.0,2,28.39,Poor
0.103,-85.21,-66.63,-18.02,9.64,-101.49,40.44,50.0,3,47.43,Fair
0.156,-91.77,-74.31,-17.07,-3.07,-92.59,44.53,59.0,2,26.97,Poor
1.02,-104.39,-87.59,-17.13,-8.98,-100.07,51.99,57.0,2,30.46,Poor
0.02,-67.69,-54.67,-14.13,30.0,-104.12,21.2,38.0,1,81.09,Excellent
0.04,-72.32,-55.87,-16.73,29.21,-109.3,18.06,20.0,0,70.46,Good
0.105,-81.24,-66.57,-12.14,,-97.48,55.0,55.0,0,51.44,Fair
0.02,-71.67,-52.01,-18.89,22.14,-99.39,36.8,50.0,1,71.52,Good
0.09,-82.99,-62.02,-19.09,7.29,-96.45,65.24,66.0,0,35.13,Fair
0.394,-94.29,-74.07,-19.5,5.93,-104.46,19.65,30.0,2,37.89,Fair
0.246,-98.89,-79.87,-19.27,-6.3,-95.56,54.37,60.0,5,21.95,Poor
1.004,-101.76,-86.32,-14.88,-8.22,-98.3,37.27,43.0,2,27.3,Poor
0.765,-107.52,-88.9,-17.83,-0.85,-107.21,29.69,47.0,0,26.51,Poor
0.188,-81.38,-61.0,-19.5,16.87,-103.78,31.23,29.0,2,57.07,Good
0.135,-88.3,-72.06,-16.38,4.74,-96.23,58.25,60.0,0,43.24,Fair
0.215,-91.42,-73.07,-18.74,11.53,-106.53,24.26,,0,46.38,Fair
0.402,-99.18,-81.61,-19.35,-10.0,-90.34,74.05,72.0,6,18.33,Poor
0.14,-89.53,-66.54,-19.5,10.93,-105.91,27.33,34.0,4,49.15,Fair
0.44,-87.8,-67.24,-19.5,1.47,-93.58,55.18,50.0,0,40.98,Fair
0.237,-87.77,-67.94,-19.5,7.72,-100.08,62.53,68.0,4,41.68,Fair
0.361,-101.38,-88.53,-10.65,-9.85,-97.72,38.83,38.0,1,37.82,Fair
0.258,-86.24,-67.72,-19.5,18.7,-109.81,17.35,37.0,0,58.14,Good
0.157,-83.2,-65.66,-18.49,20.23,-106.15,13.54,23.0,1,52.12,Fair
1.334,-107.64,-90.13,-17.93,-10.0,-101.24,24.22,35.0,3,21.28,Poor
0.649,-99.03,-85.72,-12.09,-3.75,-100.42,34.96,,3,38.31,Fair
0.068,-80.83,-66.09,-16.04,21.75,-108.71,23.31,38.0,3,60.53,Good
0.913,-95.33,-77.53,-17.89,-10.0,-82.28,86.15,79.0,6,21.24,Poor
0.301,-96.78,-75.43,-19.5,10.94,-111.12,24.94,36.0,2,43.51,Fair
1.012,-103.53,-87.3,-15.67,-10.0,-91.93,80.39,68.0,6,22.79,Poor
0.724,-102.92,-86.12,-16.38,-4.92,-102.65,36.7,45.0,3,36.25,Fair
0.249,-97.7,-74.35,-19.5,-5.98,-96.61,69.66,64.0,1,23.08,Poor
0.02,-61.68,-44.57,-17.7,30.0,-98.25,26.03,38.0,2,67.76,Good
0.141,-91.76,-74.15,-17.54,11.04,-104.74,29.75,45.0,0,45.57,Fair
0.351,-94.05,-76.4,-19.5,2.09,-100.45,50.42,43.0,1,37.64,Fair
0.452,-104.08,-90.11,-13.28,-1.98,-108.29,24.84,35.0,1,37.45,Fair
0.134,-88.22,-68.5,-19.5,4.61,-97.34,35.61,41.0,7,42.46,Fair
0.068,-79.03,-62.99,-14.58,16.16,-100.55,31.4,43.0,1,55.18,Good
0.811,-105.49,-87.58,-17.48,-0.75,-104.59,17.76,31.0,3,32.12,Poor
1.872,-107.1,-87.77,-19.5,-10.0,-95.18,45.82,54.0,4,14.04,Poor
0.336,-95.62,-71.79,-19.5,-6.97,-95.86,32.2,44.0,0,29.24,Poor
0.085,-78.03,-63.98,-14.06,25.13,-106.76,19.28,40.0,0,71.14,Good
0.143,-81.72,-61.13,-19.5,10.47,-98.29,46.13,43.0,1,45.38,Fair
0.02,-72.79,-52.19,-19.5,29.78,-107.82,14.32,24.0,4,61.69,Good
1.106,-104.57,-88.49,-16.97,-0.35,-107.47,7.8,30.0,2,30.49,Poor
0.056,-78.44,-58.64,-19.5,15.32,-98.11,70.85,56.0,1,44.14,Fair
0.387,-93.29,-70.36,-19.5,7.38,-107.19,21.64,20.0,3,46.42,Fair
0.144,-87.18,-71.47,-14.49,4.73,-94.72,67.97,52.0,2,45.44,Fair
0.364,-94.47,-75.75,-19.5,-6.49,-95.41,48.68,41.0,3,24.48,Poor
0.474,-98.51,-79.3,-18.98,-7.8,-98.62,55.75,60.0,4,23.49,Poor
0.797,-101.58,-81.97,-19.27,-5.67,-99.78,23.77,41.0,2,29.5,Poor
0.104,-79.24,-58.93,-19.5,15.55,-100.41,47.85,52.0,2,54.98,Fair
0.02,-67.86,-49.36,-19.01,28.39,-102.44,22.56,37.0,3,71.23,Good
0.066,-77.75,-58.21,-18.59,15.17,-94.54,62.34,50.0,1,44.92,Fair
1.036,-101.43,-86.16,-15.8,-1.14,-105.94,20.89,35.0,3,36.77,Fair
0.932,-104.01,-85.52,-19.5,-1.72,-101.6,38.74,45.0,3,18.7,Poor
0.409,-94.99,-78.42,-16.42,3.76,-104.75,13.41,28.0,3,39.34,Fair
0.413,-100.68,-86.37,-14.43,-2.44,-100.63,43.58,47.0,1,32.4,Poor
0.492,-92.78,-76.31,-16.02,1.75,-101.7,22.02,25.0,3,42.73,Fair
0.087,-94.0,-75.19,-18.03,4.62,-102.44,30.11,32.0,1,41.97,Fair
1.106,-105.23,-85.93,-19.5,-9.96,-99.08,35.2,38.0,2,27.03,Poor
0.244,-87.23,-73.03,-13.49,19.04,-111.51,11.71,21.0,0,60.92,Good
0.217,-96.24,-81.05,-17.44,4.16,-103.99,44.41,43.0,1,42.81,Fair
0.329,-92.78,-72.6,-19.5,-3.84,-92.34,77.54,,2,26.77,Poor
0.022,-73.82,-54.3,-19.5,18.95,-100.1,30.14,57.0,0,53.07,Fair
0.082,-83.84,-63.18,-19.5,1.41,-91.2,64.65,53.0,1,30.6,Poor
0.603,-95.83,-73.73,-19.5,-6.44,-96.55,46.83,52.0,3,23.04,Poor
0.039,-75.23,-55.61,-19.5,13.17,-93.91,46.7,42.0,1,49.27,Fair
0.416,-104.54,-87.78,-17.8,-9.53,-98.6,30.54,41.0,4,24.99,Poor
0.127,-90.03,-71.68,-18.69,5.63,-101.09,49.92,55.0,2,35.16,Fair
0.222,-87.06,-64.08,-19.5,6.2,-98.15,55.08,56.0,0,41.19,Fair
0.153,-85.97,-59.68,-19.5,5.42,-95.47,67.23,61.0,2,35.37,Fair
0.198,-82.98,-63.59,-18.71,3.59,-93.55,65.13,59.0,3,34.84,Poor
0.571,-92.42,-72.82,-18.18,-10.0,-87.81,81.83,86.0,1,21.55,Poor
0.159,-89.43,-69.26,-19.5,-0.16,-94.82,65.11,49.0,1,34.16,Poor
0.376,-85.51,-67.44,-18.09,10.09,-99.77,19.68,43.0,0,48.68,Fair
0.291,-93.21,-71.71,-19.5,-7.29,-92.77,68.88,68.0,1,29.04,Poor
0.49,-101.68,-80.65,-19.5,-8.31,-97.59,50.99,46.0,1,20.11,Poor
1.243,-108.43,-89.37,-19.02,-10.0,-101.52,44.9,45.0,0,18.26,Poor
0.594,-108.51,-91.46,-16.3,-10.0,-104.54,20.76,21.0,1,16.95,Poor
0.109,-78.39,-64.95,-15.29,21.94,-105.5,22.51,33.0,2,60.43,Good
0.02,-64.07,-43.87,-19.45,27.74,-98.49,49.51,42.0,1,62.36,Good
0.137,-90.85,-72.21,-16.92,-5.28,-92.03,76.74,82.0,3,25.91,Poor
0.407,-97.12,-81.33,-16.8,-8.68,-90.98,57.81,54.0,1,26.63,Poor
0.024,-71.49,-56.88,-16.96,19.26,-96.95,52.72,46.0,3,55.21,Good
0.309,-97.66,-77.67,-19.5,1.76,-103.01,23.14,30.0,4,29.03,Poor
0.409,-103.27,-90.08,-13.28,-10.0,-94.72,56.59,,1,25.42,Poor
0.183,-90.14,-71.24,-19.19,-1.51,-95.23,61.54,71.0,0,30.57,Poor
0.663,-101.73,-81.2,-19.5,-10.0,-97.6,47.98,50.0,5,17.36,Poor
0.051,-79.83,-60.18,-19.5,20.77,-105.57,20.32,32.0,1,63.13,Good
0.035,-74.27,-57.44,-17.38,25.84,-104.72,11.21,23.0,2,71.21,Good
0.586,-93.66,-79.41,-14.94,-1.99,-99.57,53.79,59.0,1,30.7,Poor
0.308,-95.01,-75.25,-19.05,-6.45,-97.06,64.03,60.0,1,27.21,Poor
0.525,-97.73,-76.13,-19.5,-6.81,-96.72,35.02,35.0,1,31.59,Poor
0.257,-89.32,-73.04,-17.65,5.72,-95.9,56.06,51.0,1,33.63,Poor
0.127,-83.95,-64.43,-18.37,4.46,-90.85,73.81,63.0,3,33.26,Poor
0.769,-104.19,-81.45,-19.5,-8.69,-99.81,45.04,50.0,6,28.01,Poor
0.723,-100.81,-81.79,-19.27,-9.48,-98.17,46.98,45.0,1,22.04,Poor
0.534,-96.38,-79.57,-16.12,3.72,-105.21,27.7,43.0,2,36.38,Fair
0.143,-91.68,-70.55,-19.5,1.41,-101.4,29.21,39.0,0,35.02,Fair
0.401,-91.04,-75.25,-13.18,9.32,-106.4,21.24,27.0,3,51.72,Fair
0.202,-84.4,-70.3,-14.34,12.1,-102.9,38.44,45.0,1,58.9,Good
0.043,-79.8,-59.37,-18.28,22.66,-103.95,24.12,38.0,1,58.81,Good
1.122,-104.23,-87.45,-16.49,-10.0,-90.39,80.11,,2,20.27,Poor
0.066,-77.98,-60.93,-17.96,13.43,-97.48,58.78,57.0,1,46.29,Fair
1.35,-108.8,,-16.48,-4.54,-108.93,19.02,31.0,3,36.83,Fair
0.266,-90.6,-74.01,-16.93,1.1,-95.45,55.04,56.0,1,39.76,Fair
0.092,-82.73,-60.52,-19.5,7.45,-95.91,43.38,55.0,1,35.15,Fair
0.351,-100.81,-77.82,-19.5,-9.62,-95.25,41.73,,1,26.68,Poor
0.928,-101.53,-78.14,-19.5,,-97.56,44.34,46.0,2,15.81,Poor
0.593,-103.88,-82.6,-19.5,-10.0,-97.76,43.28,45.0,1,24.21,Poor
0.739,-97.63,-78.23,-18.44,-1.3,-103.24,32.54,40.0,1,35.34,Fair
0.484,-100.4,-86.69,-14.15,,-97.33,53.13,66.0,3,25.47,Poor
0.53,-99.15,-81.72,-18.5,-1.03,-105.28,17.53,30.0,1,34.53,Poor
0.851,-97.12,-72.65,-19.5,6.78,-103.55,21.09,37.0,5,37.14,Fair
0.129,-84.31,-67.62,-15.21,13.79,-102.69,27.67,34.0,2,54.98,Fair
0.302,-97.96,-75.42,-19.5,-8.76,-95.56,54.77,50.0,1,17.57,Poor
0.113,-89.16,-70.99,-17.19,13.71,-107.49,20.74,23.0,0,56.33,Good
1.978,-112.33,-102.36,-9.52,-10.0,-104.62,35.66,37.0,1,34.5,Poor
1.298,-104.69,-84.77,-19.5,-10.0,-94.43,58.23,56.0,5,19.41,Poor
0.02,-69.01,-47.21,-19.5,27.09,-99.74,37.69,32.0,1,70.62,Good
0.55,-102.2,-84.35,-18.16,0.03,-108.67,25.59,34.0,1,34.92,Poor
1.167,-110.02,-88.32,-19.5,-10.0,-96.97,63.51,54.0,3,16.15,Poor
0.09,-82.02,-69.02,-12.73,19.96,-106.14,20.9,32.0,1,66.19,Good
0.378,-96.29,-82.45,-12.89,8.32,-109.99,10.17,31.0,0,52.92,Fair
1.112,-96.3,,-17.34,-5.23,-93.69,66.98,54.0,5,26.75,Poor
0.02,-70.3,-50.87,-18.8,29.99,-105.49,31.2,43.0,1,66.01,Good
0.538,-91.37,-69.3,-19.5,-1.62,-94.65,58.44,40.0,6,29.1,Poor
0.159,-92.75,-72.84,-19.5,9.41,-106.25,10.79,,3,45.91,Fair
1.162,-111.6,-97.19,-12.52,-10.0,-89.32,62.2,77.0,2,32.5,Poor
1.594,-112.54,-93.9,-17.65,-6.02,-110.91,19.69,34.0,4,23.78,Poor
1.299,-101.52,-81.72,-19.49,1.6,-106.37,30.16,43.0,4,38.48,Fair
0.289,-86.23,-73.85,-14.1,10.02,-100.34,33.4,41.0,3,50.87,Fair
0.891,-106.14,-88.27,-19.5,-10.0,-100.97,22.75,41.0,1,20.03,Poor
0.838,-104.31,-87.32,-16.85,-10.0,-99.61,39.99,45.0,4,28.49,Poor
0.173,-93.48,-77.45,-16.96,-1.75,-95.11,47.71,47.0,0,30.41,Poor
0.795,-109.26,-89.76,-19.5,-10.0,-100.17,47.5,44.0,3,22.28,Poor
0.02,-67.57,-53.02,-15.51,23.59,-95.55,67.54,71.0,3,56.99,Good
0.408,-95.35,-76.1,-19.15,-3.56,-99.72,40.34,37.0,1,30.77,Poor
0.118,-85.44,-65.76,-19.5,22.06,-110.92,6.96,22.0,0,59.4,Good
0.058,-84.99,-63.74,-19.5,11.82,-98.93,49.97,53.0,3,35.5,Fair
0.036,-68.81,-54.18,-14.77,21.95,-96.59,51.91,51.0,2,70.28,Good
0.536,-100.62,-87.13,-10.96,-10.0,-93.38,68.15,58.0,0,32.6,Poor
0.187,-87.34,-68.51,-18.39,4.37,-96.68,53.85,43.0,1,42.93,Fair
0.581,-105.11,-87.97,-15.83,-10.0,-99.0,44.06,47.0,1,22.9,Poor
0.03,-74.7,-48.0,-19.5,6.88,-84.04,82.6,67.0,2,42.31,Fair
0.17,-87.52,-68.14,-18.88,-1.91,-91.13,64.21,77.0,3,35.43,Fair
0.349,-93.57,-75.4,-16.83,-1.73,-99.23,24.89,38.0,1,37.99,Fair
0.704,-100.34,-82.86,-17.85,-10.0,-91.66,91.38,78.0,2,25.88,Poor
0.173,-86.82,-72.47,-14.48,5.84,-99.17,14.99,21.0,2,43.48,Fair
0.442,-101.46,-81.77,-19.5,-10.0,-90.33,63.02,66.0,2,22.18,Poor
0.977,-103.02,-85.26,-18.63,-3.19,-103.79,6.66,26.0,2,29.61,Poor
0.431,-96.25,-78.48,-17.52,5.11,-105.77,20.01,34.0,1,43.11,Fair
0.119,-84.68,-66.4,-19.5,13.2,-101.01,39.69,41.0,4,40.79,Fair
0.02,-70.16,-51.49,-19.5,24.75,-103.44,15.11,32.0,0,65.01,Good
0.918,-108.36,-95.58,-12.85,-5.82,-107.69,23.31,42.0,0,30.93,Poor
0.02,-75.72,-55.2,-19.42,18.64,-100.52,27.78,38.0,0,53.6,Fair
0.935,-112.28,-96.82,-14.49,-10.0,-104.3,12.17,22.0,1,34.51,Poor
0.339,-91.35,-73.77,-18.77,11.19,-105.86,27.22,31.0,0,42.08,Fair
1.259,-102.7,-80.84,-19.5,-10.0,-93.89,60.0,57.0,5,24.34,Poor
0.722,-97.8,-74.46,-19.5,0.71,-102.49,50.15,49.0,3,35.92,Fair
2.782,-111.66,-98.76,-13.09,-10.0,-102.71,15.39,29.0,5,35.54,Fair
0.194,-98.35,-80.26,-19.5,0.67,-100.14,35.75,48.0,1,37.72,Fair
0.656,-104.46,-85.64,-19.3,-10.0,-99.8,36.8,46.0,2,26.85,Poor
0.231,-90.64,-77.16,-13.88,0.11,-96.56,45.99,54.0,2,41.63,Fair
0.294,-92.86,-72.45,-19.5,13.37,-112.7,2.96,25.0,0,47.04,Fair
0.444,-97.87,-79.52,-16.89,-1.74,-102.89,18.17,49.0,1,36.95,Fair
0.931,-101.91,-83.33,-17.73,-6.63,-98.71,46.97,49.0,2,28.34,Poor
1.863,-109.36,-94.12,-13.88,-10.0,-105.66,27.9,27.0,5,27.15,Poor
0.658,-99.89,-80.66,-18.57,-0.89,-105.46,5.7,28.0,3,29.87,Poor
0.243,-94.32,-73.8,-19.5,-6.62,-93.16,78.07,54.0,4,23.77,Poor
0.246,-87.93,-69.55,-19.5,0.08,-93.96,68.84,68.0,8,34.79,Poor
0.602,-101.33,-84.87,-15.4,2.59,-106.11,33.6,52.0,4,34.21,Poor
0.123,-91.18,-74.48,-16.53,11.72,-107.32,26.77,36.0,1,48.59,Fair
0.053,-81.68,-63.02,-19.34,9.69,-98.2,64.99,54.0,2,38.33,Fair
0.197,-91.33,-73.18,-19.5,-0.69,-93.78,53.44,52.0,0,39.14,Fair
0.152,-83.74,-63.02,-19.5,11.82,-99.91,52.83,42.0,2,40.53,Fair
0.158,-88.2,-71.65,-17.33,5.89,-97.32,53.4,61.0,1,33.6,Poor
0.12,-86.38,-72.04,-14.56,5.78,-100.28,47.51,55.0,2,42.65,Fair
0.02,-75.44,-56.36,-18.23,15.55,-99.71,34.51,45.0,4,55.52,Good
0.02,-67.3,-50.74,-17.17,30.0,-101.52,30.61,42.0,1,70.99,Good
1.98,-112.55,-92.19,-19.5,-10.0,-108.91,21.88,32.0,2,23.68,Poor
0.251,-92.43,-74.41,-19.49,1.41,-97.86,39.11,40.0,3,42.06,Fair
0.218,-84.9,-64.93,-19.5,9.04,-98.9,37.38,41.0,1,42.25,Fair
0.512,-96.17,-81.21,-16.2,10.89,-111.6,6.48,24.0,1,54.03,Fair
0.111,-91.48,-73.05,-17.86,,-100.82,24.51,36.0,3,41.19,Fair
1.348,-113.68,-97.77,-16.72,-10.0,-96.12,61.82,53.0,0,21.63,Poor
0.695,-101.1,-86.76,-14.22,-7.58,-101.77,47.0,40.0,5,29.43,Poor
0.042,-81.55,-66.13,-16.16,18.65,-104.86,15.41,37.0,1,56.75,Good
0.243,-89.16,,-17.35,7.87,-100.02,28.86,31.0,1,38.15,Fair
0.951,-103.4,-81.67,-19.5,-10.0,-91.58,63.12,64.0,2,21.39,Poor
1.303,-105.64,-89.36,-17.15,2.08,-110.98,16.19,36.0,4,41.48,Fair
0.283,-95.91,-81.72,-14.51,-9.2,-90.19,66.79,65.0,2,23.97,Poor
0.428,-89.68,-71.28,-17.27,-2.02,-95.09,36.02,52.0,0,30.63,Poor
0.082,-71.04,-52.95,-18.21,30.0,-109.94,18.26,32.0,2,79.63,Excellent
2.128,-111.68,-95.16,-16.92,-10.0,-102.29,25.27,37.0,3,21.11,Poor
0.119,-84.14,-66.63,-17.17,4.94,-94.99,60.23,51.0,2,46.57,Fair
1.287,-105.81,-84.88,-19.5,-10.0,-86.71,86.25,71.0,4,11.96,Poor
0.472,-98.54,-78.52,-19.04,1.78,-104.36,29.43,45.0,2,34.15,Poor
0.421,-99.84,-80.08,-18.1,-10.0,-92.05,70.9,69.0,2,18.72,Poor
0.323,-98.56,,-14.35,-10.0,-92.03,69.04,55.0,2,25.68,Poor
0.118,-90.05,-63.39,-19.5,4.03,-100.89,48.57,57.0,0,31.52,Poor
0.087,-81.31,-60.15,-19.5,11.21,-98.41,34.25,42.0,3,44.5,Fair
0.112,-87.15,-67.6,-18.21,11.15,-107.11,19.15,39.0,4,44.85,Fair
0.093,-93.76,-79.25,-14.59,0.16,-99.54,34.62,28.0,1,32.83,Poor
0.681,-98.89,-78.05,-19.26,-3.5,-102.17,24.21,33.0,0,28.95,Poor
0.194,-89.95,,-16.27,3.01,-95.89,48.41,43.0,2,44.59,Fair
0.027,-67.5,-50.08,-18.0,30.0,-104.44,33.37,48.0,2,70.5,Good
1.565,-106.4,-93.44,-10.5,-10.0,-91.64,53.3,55.0,4,27.15,Poor
0.969,-109.65,-95.37,-15.03,-10.0,-100.64,56.3,50.0,3,25.87,Poor
1.182,-114.38,-95.07,-19.5,-10.0,-102.28,44.47,46.0,2,17.41,Poor
2.376,-114.4,-93.38,-19.5,-10.0,-105.75,30.03,38.0,2,17.82,Poor
0.086,-85.29,-65.23,-19.5,4.04,-92.85,49.61,,1,44.21,Fair
0.227,-87.39,-67.44,-19.5,1.66,-93.08,56.15,47.0,2,29.45,Poor
0.639,-100.16,-82.35,-19.4,-10.0,-86.98,94.9,90.0,4,18.81,Poor
0.536,-94.06,-77.28,-17.04,-10.0,-89.37,73.35,71.0,5,20.77,Poor
0.075,-86.94,-68.07,-18.02,-2.53,-94.85,51.19,56.0,1,32.57,Poor
0.761,-97.78,-77.32,-19.5,-7.53,-93.93,75.63,,3,28.09,Poor
0.114,-82.36,-64.34,-18.04,3.68,-90.68,91.59,69.0,2,34.03,Poor
0.114,-93.29,-71.66,-19.5,-9.8,-88.18,76.23,54.0,2,20.06,Poor
0.346,-89.53,-72.17,-19.23,7.5,-104.87,28.83,36.0,3,40.82,Fair
0.404,-95.79,-80.73,-14.17,-1.69,-98.33,39.18,56.0,2,42.76,Fair
0.39,-94.29,-76.32,-16.68,9.46,-104.25,37.87,40.0,4,47.2,Fair
0.043,-80.36,-62.05,-18.2,21.06,-108.05,16.68,,3,63.38,Good
0.945,-98.41,-80.66,-18.45,7.56,-107.21,12.64,39.0,0,47.98,Fair
0.139,-91.66,-69.82,-19.5,-6.76,-91.76,46.64,40.0,2,31.9,Poor
0.062,-76.72,-56.3,-19.5,24.21,-99.42,48.5,60.0,1,58.96,Good
0.988,-100.62,-86.92,-12.58,-6.98,-100.35,34.92,47.0,2,40.31,Fair
1.402,-110.84,-88.24,-19.5,-10.0,-91.94,73.48,72.0,2,16.23,Poor
0.892,-95.08,-85.3,-9.79,3.97,-105.75,37.31,49.0,2,49.6,Fair
0.746,-100.54,-76.09,-19.5,4.06,-107.04,11.74,27.0,2,38.02,Fair
0.479,-95.01,-77.87,-16.1,0.77,-102.78,29.05,41.0,2,39.71,Fair
0.36,-101.26,-83.83,-16.95,-10.0,-95.02,51.1,42.0,0,21.3,Poor
0.041,-67.98,-50.16,-18.73,30.0,-105.86,35.05,42.0,1,62.04,Good
0.236,-96.4,-77.25,-19.05,5.15,-103.44,29.31,29.0,3,39.44,Fair
0.21,-86.38,-68.38,-16.09,4.26,-97.34,45.65,45.0,0,40.9,Fair
0.135,-90.67,-73.07,-17.28,9.3,-105.31,10.09,23.0,0,44.98,Fair
0.578,-101.74,-79.81,-19.5,-9.64,-95.73,41.01,42.0,2,15.76,Poor
0.308,-90.65,-70.95,-19.23,9.73,-106.58,6.87,,2,42.72,Fair
0.038,-71.72,-56.6,-16.47,24.52,-98.82,54.05,47.0,1,55.56,Good
0.112,-90.14,-69.92,-19.5,-6.74,-91.47,73.75,81.0,3,20.27,Poor
0.517,-93.93,-74.36,-19.35,14.09,-111.73,1.71,21.0,0,48.22,Fair
0.036,-71.1,-54.73,-16.97,26.24,-103.07,23.45,33.0,1,71.05,Good
0.857,-106.42,-86.05,-19.5,-8.7,-102.19,39.98,47.0,2,23.03,Poor
0.308,-87.39,-69.87,-17.29,7.33,-97.63,38.05,46.0,2,47.4,Fair
0.295,-99.25,-81.91,-17.15,-10.0,-90.09,86.96,60.0,4,20.01,Poor
0.404,-98.65,-81.39,-16.62,-3.96,-100.56,47.8,37.0,3,28.64,Poor
0.784,-99.98,-89.26,-10.52,-3.01,-101.83,32.93,41.0,1,40.15,Fair
0.192,-93.14,-76.72,-15.48,-1.68,-96.1,57.5,54.0,2,38.19,Fair
0.51,-97.11,-76.97,-19.5,-4.71,-100.2,38.81,41.0,2,25.91,Poor
0.375,-94.55,-76.61,-17.34,6.17,-104.66,33.77,46.0,1,40.56,Fair
0.14,-87.72,-73.58,-14.24,9.62,-105.59,28.69,33.0,1,54.61,Fair
0.949,-100.22,-79.33,-19.5,4.32,-109.93,14.12,32.0,1,42.36,Fair
0.718,-102.05,-84.95,-16.23,-5.48,-101.82,22.62,30.0,2,38.38,Fair
0.483,-96.78,-82.44,-15.54,-3.79,-98.21,45.17,48.0,3,27.04,Poor
0.855,-98.07,-73.45,-19.5,-1.57,-101.22,20.03,30.0,4,31.15,Poor
0.909,-100.02,-85.18,-14.89,-8.45,-95.56,61.06,54.0,2,27.84,Poor
0.555,-95.75,-75.11,-19.5,1.03,-104.06,18.81,45.0,2,35.51,Fair
0.816,-106.84,-91.15,-16.71,-10.0,-97.29,64.28,53.0,2,13.37,Poor
0.538,-96.53,-78.13,-19.5,-6.88,-91.02,72.05,64.0,1,22.5,Poor
0.513,-101.73,-86.44,-15.43,-0.07,-108.71,16.92,27.0,2,40.73,Fair
0.434,-101.89,-87.61,-14.53,-1.97,-101.27,31.86,40.0,3,36.07,Fair
0.629,-100.27,-80.7,-18.71,-10.0,-98.75,41.62,,4,28.16,Poor
0.078,-85.54,-66.32,-19.05,6.85,-98.41,45.44,,4,38.87,Fair
0.957,-100.47,-79.03,-19.5,-9.74,-98.96,56.25,55.0,4,25.25,Poor
0.925,-100.07,-82.17,-17.0,-8.93,-97.82,46.09,53.0,1,25.91,Poor
0.02,-78.05,-53.39,-19.5,28.36,-109.6,8.78,26.0,2,59.4,Good
0.786,-105.24,-86.43,-17.74,-10.0,-90.69,64.42,57.0,2,14.88,Poor
0.062,-85.84,-66.14,-19.43,9.83,-95.6,54.41,46.0,2,38.24,Fair
0.184,-91.18,-77.25,-15.0,7.57,-105.92,24.68,41.0,2,49.23,Fair
0.612,-97.93,-81.77,-16.57,-5.44,-98.6,46.42,39.0,2,28.79,Poor
0.079,-83.02,-63.46,-19.23,3.03,-94.46,46.78,51.0,2,42.56,Fair
0.767,-104.06,-86.31,-18.27,-6.06,-101.08,33.31,35.0,4,24.03,Poor
0.803,-96.91,-78.34,-18.54,2.75,-105.87,10.9,22.0,3,38.23,Fair
0.319,-103.31,-87.76,-13.07,-1.18,-110.22,16.93,31.0,0,44.17,Fair
0.02,-65.5,-47.13,-19.5,19.58,-88.64,70.2,61.0,4,50.8,Fair
0.152,-89.89,-71.53,-18.98,2.0,-98.85,58.11,64.0,4,41.06,Fair
0.432,-97.04,-82.58,-13.0,-6.6,-95.85,68.3,60.0,2,28.79,Poor
1.788,-111.16,-91.23,-19.5,-10.0,-98.42,44.89,49.0,3,20.89,Poor
0.45,-90.9,-78.0,-11.82,6.99,-102.98,23.75,28.0,2,49.98,Fair
0.135,-91.62,-73.07,-17.86,4.25,-102.8,49.01,50.0,2,41.58,Fair
0.452,-97.08,-73.78,-19.5,1.32,-103.37,15.93,37.0,1,35.47,Fair
0.349,-92.78,-72.74,-19.5,15.78,-111.85,8.53,29.0,1,53.28,Fair
0.681,-107.12,-87.1,-19.5,-10.0,-96.77,63.48,62.0,8,16.18,Poor
0.051,-81.99,-66.68,-14.41,8.08,-94.93,41.3,62.0,2,51.39,Fair
0.644,-100.79,-77.48,-19.5,-10.0,-88.89,77.75,,1,20.19,Poor
0.351,-98.47,-76.34,-19.5,2.07,-105.88,24.75,38.0,2,35.64,Fair
1.483,-110.69,-95.22,-14.22,-9.15,-103.6,26.08,32.0,4,29.93,Poor
0.188,-90.94,,-17.11,6.15,-100.78,43.9,44.0,3,44.5,Fair
0.451,-94.5,-72.73,-19.5,1.03,-99.23,43.53,39.0,1,40.21,Fair
1.21,-107.03,-83.64,-19.5,-10.0,-103.37,28.4,37.0,4,28.52,Poor
0.049,-73.61,-59.4,-14.7,30.0,-105.07,14.39,27.0,1,73.66,Good
1.246,-109.91,-94.92,-15.36,-10.0,-94.41,67.64,56.0,1,20.74,Poor
0.524,-103.41,-85.84,-17.74,-10.0,-95.8,63.48,59.0,1,19.95,Poor
0.032,-66.56,-55.08,-10.71,30.0,-99.94,36.52,38.0,2,85.67,Excellent
0.161,-90.83,-72.77,-19.5,-0.07,-96.19,66.9,50.0,1,29.82,Poor
0.554,-104.13,-82.58,-19.5,-5.23,-101.91,33.11,51.0,4,26.31,Poor
0.031,-81.17,-67.49,-13.53,15.61,-102.98,38.94,52.0,1,61.38,Good
0.393,-91.6,-73.22,-18.49,10.61,-108.4,16.45,25.0,1,46.58,Fair
0.191,-91.03,-74.78,-15.46,2.03,-97.14,46.44,51.0,2,41.68,Fair
0.436,-97.83,-74.91,-19.5,-6.36,-98.26,51.37,44.0,3,21.72,Poor
0.021,-71.51,-55.22,-16.39,13.55,-89.06,66.49,56.0,1,46.31,Fair
0.923,-99.27,-76.71,-19.5,3.62,-106.33,26.64,44.0,1,34.75,Poor
1.634,-108.99,-92.78,-16.03,-10.0,-92.23,60.81,62.0,1,21.88,Poor
1.561,-98.5,-78.19,-19.5,-1.63,-104.32,34.59,41.0,2,30.41,Poor
0.623,-99.37,-80.62,-17.51,-0.74,-104.19,55.08,45.0,0,25.42,Poor
0.063,-75.84,-58.25,-16.16,10.77,-92.34,59.16,56.0,2,57.61,Good
0.639,-96.9,-81.27,-15.9,-2.52,-101.51,42.0,50.0,4,40.0,Fair
0.02,-70.59,-51.62,-19.5,26.1,-102.09,25.45,51.0,0,68.98,Good
0.02,-72.79,-56.11,-17.4,23.35,-101.02,48.14,56.0,1,57.8,Good
0.176,-87.63,-71.7,-16.09,13.82,-106.9,19.04,,2,54.11,Fair
0.302,-91.58,-69.16,-19.5,9.06,-104.43,17.36,23.0,2,46.7,Fair
0.662,-102.72,-83.08,-19.5,-7.09,-100.54,45.61,47.0,4,25.96,Poor
0.517,-97.63,-77.7,-19.36,-0.52,-100.62,21.46,34.0,2,31.67,Poor
0.266,-87.58,-70.75,-17.32,-0.87,-91.95,68.47,55.0,2,31.69,Poor
0.144,-78.94,-61.5,-17.57,14.48,-96.3,62.27,58.0,2,43.08,Fair
2.633,-109.0,-91.74,-17.04,-6.73,-109.2,5.26,26.0,8,32.2,Poor
0.25,-84.54,-65.53,-18.82,3.56,-92.32,78.25,72.0,0,29.98,Poor
0.27,-95.18,-75.26,-18.93,4.53,-104.9,15.33,34.0,4,30.87,Poor
0.08,-79.41,-61.5,-17.01,13.63,-97.06,42.0,44.0,3,51.18,Fair
0.713,-95.72,-80.09,-14.53,-1.56,-100.7,24.82,34.0,1,42.2,Fair
0.532,-102.13,-81.84,-19.5,-5.48,-101.94,31.69,43.0,1,32.89,Poor
0.112,-87.02,-68.92,-18.22,1.29,-94.1,65.98,46.0,2,36.29,Fair
0.039,-69.02,-55.34,-13.48,22.97,-95.87,36.75,55.0,3,72.19,Good
0.513,-102.13,-90.53,-11.39,-1.32,-106.06,9.64,19.0,1,42.73,Fair
0.478,-102.98,-84.08,-19.31,-3.5,-107.41,6.39,24.0,3,34.29,Poor
0.144,-81.09,-65.58,-15.3,16.74,-101.49,38.17,56.0,0,57.42,Good
1.356,-101.86,-82.57,-18.76,2.78,-107.29,15.74,19.0,5,39.75,Fair
0.074,-79.74,,-16.91,21.53,-104.71,30.54,39.0,0,56.39,Good
0.255,-92.34,-73.94,-19.5,-4.36,-99.26,36.53,40.0,5,30.9,Poor
1.294,-108.0,-91.13,-16.62,-4.88,-106.02,10.27,20.0,4,32.97,Poor
0.245,-90.69,-67.43,-19.5,6.36,-103.77,36.95,47.0,1,40.04,Fair
0.458,-90.92,-70.06,-19.28,-0.7,-96.33,35.4,45.0,2,32.47,Poor
0.228,-90.25,-68.2,-19.5,4.63,-99.31,40.1,42.0,5,37.12,Fair
0.144,-78.57,-60.5,-18.56,15.98,-97.99,36.58,57.0,0,53.39,Fair
1.86,-112.99,-92.52,-19.5,-10.0,-99.63,60.58,53.0,3,14.77,Poor
0.237,-91.61,-73.33,-18.15,9.74,-104.46,31.25,34.0,1,44.86,Fair
1.01,-105.59,-83.18,-19.5,-9.59,-100.23,38.49,46.0,4,20.6,Poor
0.118,-89.82,-72.04,-18.74,6.83,-102.72,30.49,43.0,2,41.75,Fair
0.108,-85.35,-71.54,-15.25,19.93,-106.81,24.86,40.0,2,58.4,Good
0.02,-68.78,-56.77,-8.74,30.0,-109.27,19.55,34.0,2,79.14,Excellent
0.475,-95.45,-72.44,-19.5,6.3,-106.95,9.32,33.0,1,47.71,Fair
0.207,-81.67,-62.24,-17.3,14.48,-98.06,65.02,58.0,1,49.95,Fair
0.899,-101.23,-81.59,-19.5,-2.23,-105.64,18.27,35.0,4,27.91,Poor
0.288,-88.63,-66.16,-19.5,22.17,-114.78,10.3,25.0,3,61.77,Good
1.552,-107.56,-94.51,-14.53,-10.0,-94.59,51.56,47.0,3,23.09,Poor
0.092,-76.69,-59.77,-16.51,20.76,-102.97,41.47,44.0,2,65.93,Good
0.913,-93.63,-76.34,-17.41,-2.13,-94.62,65.7,58.0,2,35.31,Fair
0.674,-98.47,-78.24,-19.5,-10.0,-91.32,81.33,50.0,2,17.66,Poor
0.663,-104.42,-88.49,-15.76,-10.0,-94.07,61.26,50.0,4,22.02,Poor
0.838,-104.67,-90.28,-13.89,-4.16,-104.78,40.38,40.0,0,33.32,Poor
0.644,-99.07,-84.7,-15.48,-2.16,-101.28,42.98,56.0,3,35.54,Fair
0.443,-95.12,-73.67,-19.5,-3.75,-96.52,58.99,57.0,0,24.63,Poor
0.063,-77.37,-61.6,-16.4,23.85,-106.2,14.65,33.0,0,62.87,Good
0.02,-68.6,,-17.37,18.26,-90.26,60.16,60.0,2,50.95,Fair
1.141,-105.13,-85.22,-19.5,-10.0,-102.21,35.68,42.0,1,26.74,Poor
0.431,-99.26,-83.36,-14.91,-2.74,-101.61,31.97,43.0,1,36.81,Fair
0.717,-99.51,,-14.64,-0.09,-105.69,28.75,28.0,1,36.21,Fair
0.296,-86.02,-72.77,-12.97,0.14,-92.1,51.31,63.0,2,37.06,Fair
0.056,-75.06,-57.23,-18.75,30.0,-111.02,9.51,28.0,0,62.85,Good
0.06,-77.59,-58.1,-19.5,20.38,-102.42,26.16,46.0,1,54.27,Fair
0.521,-94.23,-76.84,-18.78,-3.52,-96.3,40.86,47.0,1,27.73,Poor
0.253,-93.59,-74.3,-19.5,11.91,-108.6,14.28,29.0,2,50.98,Fair
0.101,-86.18,-73.02,-12.29,15.79,-107.24,24.2,27.0,0,58.81,Good
0.304,-96.69,-83.32,-12.88,-2.75,-97.13,47.69,39.0,1,42.04,Fair
0.03,-74.29,-49.53,-19.5,11.9,-90.34,69.98,57.0,2,44.07,Fair
0.392,-97.59,-75.89,-19.5,5.67,-109.01,16.51,22.0,2,38.95,Fair
0.141,-82.21,-61.91,-19.07,7.73,-97.2,47.88,53.0,1,49.84,Fair
0.719,-103.05,-87.02,-15.08,-10.0,-98.13,62.9,54.0,3,26.7,Poor
0.167,-91.73,-74.44,-18.23,,-105.45,32.02,36.0,2,43.39,Fair
0.273,-84.99,-67.0,-17.19,11.04,-99.76,49.43,50.0,2,45.63,Fair
0.02,-72.25,-50.31,-19.5,24.34,-102.02,35.51,,0,64.71,Good
0.034,-74.23,-55.02,-19.5,30.0,-110.12,35.44,44.0,1,73.15,Good
0.224,-89.25,-69.67,-19.5,3.0,-96.46,58.4,57.0,3,31.51,Poor
0.294,-97.95,-80.45,-18.67,-4.56,-98.93,39.81,43.0,0,25.66,Poor
0.412,-91.38,-71.01,-19.5,1.25,-96.41,49.18,54.0,3,33.4,Poor
0.155,-85.32,-66.42,-19.17,15.59,-104.2,8.06,24.0,1,57.82,Good
0.534,-92.34,-74.21,-16.13,6.22,-100.79,58.04,71.0,1,39.1,Fair
0.885,-105.67,-89.9,-15.89,-9.12,-104.1,27.62,44.0,5,31.04,Poor
0.681,-100.28,-82.62,-18.94,-8.87,-98.0,23.52,41.0,0,25.96,Poor
0.02,-70.29,-55.53,-14.48,27.81,-101.19,30.59,26.0,1,60.47,Good
0.295,-92.36,-74.48,-18.73,3.06,-100.13,42.47,39.0,1,42.68,Fair
0.05,-83.95,-65.68,-18.01,-0.21,-90.86,74.01,75.0,0,29.43,Poor
0.125,-85.54,-74.76,-11.18,9.75,-101.07,31.89,43.0,1,48.9,Fair
1.943,-115.48,-98.17,-17.74,-10.0,-84.23,64.26,55.0,3,18.75,Poor
0.069,-79.49,-65.02,-14.29,20.26,-106.36,28.47,27.0,4,63.49,Good
0.311,-102.4,-82.9,-19.5,-2.4,-103.93,35.39,48.0,1,35.37,Fair
0.433,-104.16,-84.25,-19.5,-10.0,-94.46,62.48,58.0,1,21.37,Poor
0.546,-95.48,-78.76,-17.1,5.76,-106.66,11.38,26.0,1,42.75,Fair
0.369,-97.55,-77.91,-19.5,-10.0,-85.57,80.1,72.0,2,21.03,Poor
0.02,-74.4,-54.62,-19.14,17.56,-97.84,59.47,49.0,3,51.28,Fair
0.178,-83.97,-66.66,-18.36,24.35,-112.3,8.94,29.0,1,67.45,Good
0.328,-93.04,-70.43,-19.5,10.22,-108.01,27.14,34.0,2,46.39,Fair
0.041,-73.06,-57.23,-17.1,30.0,-108.7,24.37,38.0,1,66.65,Good
0.194,-90.48,-68.06,-19.5,12.58,-110.1,15.84,28.0,2,47.29,Fair
0.02,-59.73,-42.4,-15.65,30.0,-98.52,35.21,46.0,4,69.52,Good
0.037,-77.97,-62.5,-13.68,14.16,-97.91,46.47,44.0,0,56.68,Good
0.228,-84.2,-67.26,-16.98,12.12,-101.99,21.51,25.0,4,49.25,Fair
0.064,-80.51,-65.81,-13.92,18.86,-102.01,41.0,39.0,3,51.36,Fair
0.377,-102.17,-81.82,-19.1,-0.36,-104.8,11.34,,2,27.11,Poor
0.526,-96.51,-83.32,-13.0,3.39,-105.23,32.67,43.0,1,46.17,Fair
0.726,-99.97,-77.8,-19.5,-2.42,-106.12,24.07,28.0,4,24.93,Poor
0.1,-88.33,-73.14,-16.96,8.97,-103.08,18.46,36.0,0,55.31,Good
0.082,-86.12,-65.61,-19.1,,-116.42,10.5,28.0,2,57.54,Good
0.05,-78.2,-60.13,-18.37,2.93,-88.22,77.07,62.0,1,32.08,Poor
0.455,-95.79,-76.97,-17.37,-1.89,-97.93,52.64,47.0,1,22.32,Poor
0.552,-108.73,,-16.88,-10.0,-90.71,58.29,60.0,2,23.65,Poor
0.02,-66.23,-47.17,-19.5,30.0,-104.9,30.03,,2,71.36,Good
1.238,-107.84,-89.44,-16.88,-10.0,-91.29,78.66,71.0,2,15.75,Poor
0.024,-77.29,-63.67,-13.74,20.67,-102.2,27.46,42.0,1,69.04,Good
0.351,-91.16,-76.05,-15.0,11.47,-105.43,27.72,46.0,1,50.89,Fair
0.556,-99.01,-82.63,-16.64,-10.0,-91.78,66.91,62.0,0,24.44,Poor
0.921,-98.43,-82.7,-14.31,-5.98,-100.66,32.72,31.0,1,43.11,Fair
0.563,-97.28,-75.52,-19.5,-3.73,-101.24,16.92,32.0,1,34.74,Poor
0.728,-101.26,,-17.69,-10.0,-92.05,36.08,55.0,2,23.29,Poor
0.187,-90.08,-74.41,-14.31,10.17,-100.25,22.15,36.0,2,50.61,Fair
0.759,-99.68,,-15.4,-3.67,-102.25,37.68,,3,32.03,Poor
0.038,-77.38,-60.89,-16.7,18.7,-101.67,34.76,52.0,0,61.62,Good
1.013,-107.53,-90.4,-15.11,-7.14,-106.27,19.68,30.0,3,23.21,Poor
0.357,-92.64,-77.86,-14.1,-6.51,-92.63,68.96,64.0,3,32.47,Poor
0.765,-102.26,-86.7,-15.9,-10.0,-90.99,78.34,79.0,4,24.84,Poor
0.271,-92.55,-72.25,-19.07,-4.4,-95.14,55.62,75.0,2,36.13,Fair
0.464,-93.0,-74.44,-19.46,6.93,-105.92,6.71,26.0,2,41.53,Fair
0.336,-95.02,-77.47,-16.07,-6.06,-94.61,37.87,47.0,3,30.2,Poor
0.592,-99.4,-81.39,-19.03,-8.1,-96.65,71.96,62.0,5,18.15,Poor
0.038,-78.29,-60.43,-17.51,12.41,-96.13,43.16,,0,51.01,Fair
0.028,-71.53,-54.16,-17.6,26.97,-100.8,17.44,31.0,3,76.02,Excellent
0.128,-84.79,-65.24,-19.4,11.97,-102.19,35.17,36.0,3,45.41,Fair
0.078,-78.37,-59.04,-19.14,16.25,-100.58,55.97,59.0,0,41.94,Fair
0.924,-105.64,-92.36,-13.5,-10.0,-92.52,79.17,63.0,2,26.34,Poor
0.111,-86.84,-69.24,-17.42,14.13,-105.08,20.01,31.0,1,51.12,Fair
1.676,-105.32,-91.84,-10.56,-3.13,-107.85,14.61,31.0,2,41.49,Fair
0.185,-88.38,,-19.5,16.26,-110.33,11.82,31.0,2,48.69,Fair
0.09,-86.85,-66.55,-19.5,3.47,-96.15,43.28,40.0,3,35.62,Fair
0.702,-95.71,-79.54,-15.77,3.5,-103.21,10.54,25.0,2,48.07,Fair
0.484,-104.5,-86.85,-19.5,1.86,-106.48,22.87,,1,33.69,Poor
0.31,-90.73,-79.06,-12.08,10.74,-106.92,13.38,24.0,0,64.72,Good
0.365,-100.32,-79.41,-19.5,-8.62,-96.18,51.25,53.0,1,19.32,Poor
0.572,-91.61,-71.48,-19.1,10.6,-106.09,5.25,25.0,2,44.98,Fair
0.117,-91.59,-70.14,-19.5,6.91,-103.78,11.81,36.0,5,40.76,Fair
2.524,-107.44,-84.98,-19.5,,-98.6,45.57,45.0,5,20.31,Poor
1.656,-108.71,-94.39,-14.15,-10.0,-91.12,66.68,57.0,2,29.84,Poor
0.473,-98.98,-78.31,-18.96,-3.91,-97.04,65.7,56.0,2,16.88,Poor
0.1,-83.36,-60.92,-19.5,14.78,-102.67,25.64,38.0,2,41.36,Fair
0.513,-95.69,-82.18,-14.08,-7.21,-92.92,58.95,48.0,1,34.49,Poor
0.034,-78.43,-60.94,-18.9,25.41,-106.34,31.06,42.0,4,62.83,Good
0.02,-73.71,-56.8,-16.16,30.0,-111.21,16.88,32.0,1,70.93,Good
0.134,-84.01,-63.45,-19.04,-2.49,-87.35,66.61,45.0,3,38.15,Fair
0.279,-99.79,-88.97,-10.86,-10.0,-97.9,60.82,49.0,1,33.1,Poor
0.912,-105.55,-82.1,-19.5,-5.84,-102.34,20.89,37.0,2,24.09,Poor
0.585,-87.19,-69.53,-18.33,14.02,-100.47,49.2,46.0,5,47.98,Fair
0.611,-103.61,-82.86,-19.5,1.26,-106.84,5.56,24.0,3,32.0,Poor
0.249,-87.38,-69.56,-17.73,6.95,-98.09,59.81,59.0,1,43.94,Fair
0.191,-92.01,-72.54,-19.09,6.27,-102.6,29.75,47.0,1,44.08,Fair
0.209,-88.39,-77.36,-10.7,-9.92,-83.64,89.53,74.0,0,33.9,Poor
1.977,-107.31,-90.46,-17.15,-10.0,-95.87,55.69,46.0,3,20.99,Poor
0.02,-65.93,-45.39,-19.5,30.0,-100.9,61.02,53.0,1,67.9,Good
0.908,-103.97,-85.11,-19.5,-10.0,-95.49,60.38,53.0,2,22.39,Poor
0.389,-87.86,-74.78,-12.54,3.19,-99.18,47.66,42.0,2,44.08,Fair
0.26,-94.68,-76.5,-18.02,0.65,-101.8,44.04,40.0,0,36.64,Fair
0.581,-98.37,-82.82,-16.07,-7.74,-93.48,69.88,64.0,4,24.32,Poor
0.3,-92.59,-77.31,-16.42,-1.69,-96.86,40.13,,1,34.32,Poor
0.93,-107.87,-94.43,-13.93,-10.0,-90.38,45.67,43.0,3,23.54,Poor
1.039,-105.49,-85.63,-19.5,-10.0,-88.91,74.46,55.0,3,16.68,Poor
0.246,-91.22,-69.89,-19.5,10.56,-107.42,22.87,30.0,2,50.19,Fair
0.146,-89.07,-64.71,-19.5,4.24,-100.28,54.03,52.0,0,38.06,Fair
0.404,-86.38,-72.8,-13.21,9.67,-99.48,57.05,47.0,2,49.51,Fair
1.096,-108.16,-87.85,-19.5,-10.0,-91.07,75.04,81.0,4,23.39,Poor
0.106,-79.91,-59.41,-19.5,15.87,-98.9,43.84,39.0,3,42.41,Fair
0.439,-93.44,,-13.93,-4.63,-92.61,68.12,47.0,1,33.17,Poor
0.449,-97.13,-81.88,-15.59,3.12,-105.05,21.15,36.0,3,39.73,Fair
0.594,-102.96,-88.21,-15.62,-10.0,-95.79,68.62,67.0,1,27.38,Poor
0.063,-83.26,-66.84,-17.72,10.51,-98.21,55.09,44.0,3,38.02,Fair
0.566,-101.15,-82.54,-19.14,-1.29,-106.19,17.77,33.0,3,34.2,Poor
1.079,-111.81,-89.73,-19.5,-10.0,-100.19,23.52,38.0,1,27.15,Poor
0.089,-87.11,-65.8,-19.5,6.84,-98.45,55.11,62.0,1,42.63,Fair
0.122,-91.73,-78.58,-13.07,2.66,-101.75,36.34,38.0,0,45.63,Fair
1.599,-102.7,-87.07,-15.18,-3.16,-104.34,1.59,24.0,4,46.09,Fair
0.09,-80.69,-58.79,-19.5,16.24,-100.12,33.46,37.0,0,51.04,Fair
0.867,-99.63,-83.82,-15.21,4.56,-109.48,7.19,26.0,0,43.14,Fair
0.305,-91.36,-73.53,-18.35,12.94,-107.57,25.51,35.0,0,53.53,Fair
0.128,-85.53,-72.65,-13.38,4.65,-91.77,57.3,51.0,1,42.32,Fair
0.921,-97.45,-75.99,-19.5,-6.75,-99.79,38.47,39.0,5,36.14,Fair
0.265,-94.95,-82.69,-11.66,5.58,-104.38,19.7,31.0,2,52.24,Fair
0.325,-93.85,-80.78,-13.82,-10.0,-90.4,68.78,57.0,3,26.53,Poor
0.2,-87.09,-65.94,-19.5,7.91,-97.32,50.05,41.0,3,30.06,Poor
0.404,-101.44,-77.68,-19.5,-9.81,-99.7,47.68,53.0,4,21.57,Poor
0.08,-69.82,-52.69,-17.64,14.9,-90.32,73.75,55.0,1,52.62,Fair
0.223,-90.9,-73.04,-16.82,11.65,-107.51,25.39,44.0,2,45.09,Fair
1.569,-107.35,-86.63,-19.5,-10.0,-101.17,48.35,,3,18.53,Poor
0.134,-81.6,-62.73,-17.02,14.52,-99.94,36.03,43.0,2,45.13,Fair
0.481,-94.0,-77.12,-17.05,-2.94,-95.46,35.97,39.0,3,37.66,Fair
0.177,-88.86,-72.31,-17.39,-0.35,-92.2,60.34,60.0,3,33.57,Poor
0.668,-99.99,-86.69,-12.56,-0.99,-106.03,25.41,22.0,4,35.88,Fair
0.063,-86.16,-67.46,-18.72,3.7,-96.0,42.35,44.0,3,38.89,Fair
1.575,-110.18,-92.45,-17.03,-10.0,-101.56,26.6,35.0,4,24.57,Poor
0.272,-90.66,-73.97,-17.43,2.93,-98.84,36.82,46.0,1,42.06,Fair
0.121,-83.96,-68.97,-15.92,3.43,-92.98,51.06,48.0,3,45.91,Fair
0.034,-70.08,-54.79,-15.51,21.24,-96.08,60.8,49.0,1,57.95,Good
0.084,-83.04,-63.19,-19.5,16.51,-102.67,34.9,51.0,0,49.32,Fair
0.33,-99.95,-79.3,-19.5,3.01,-107.98,2.52,25.0,1,44.95,Fair
0.185,-85.16,-68.14,-16.82,0.02,-91.98,67.59,64.0,1,39.91,Fair
0.794,-96.27,-79.57,-16.87,-0.38,-98.39,42.57,44.0,2,31.82,Poor
0.254,-88.53,-73.09,-18.33,6.32,-100.63,37.45,40.0,4,45.88,Fair
0.129,-86.91,-66.1,-19.5,10.05,-101.74,20.57,29.0,3,49.59,Fair
0.432,-92.55,-74.46,-18.57,4.98,-101.17,46.32,54.0,3,37.43,Fair
0.552,-85.14,-66.04,-19.5,2.04,-94.48,47.93,58.0,3,31.72,Poor
0.082,-81.95,-62.87,-19.15,8.66,-91.96,62.42,,2,37.32,Fair
0.083,-87.69,-70.61,-17.43,18.47,-109.4,20.36,30.0,5,50.79,Fair
0.02,-72.79,-58.29,-16.19,30.0,-109.14,9.33,25.0,0,72.48,Good
0.6,-97.08,-82.06,-15.49,-3.72,-102.45,45.3,54.0,2,38.45,Fair
0.491,-104.25,-82.87,-19.5,-10.0,-89.52,86.54,70.0,7,11.56,Poor
0.29,-92.59,-76.77,-14.24,11.35,-107.54,5.85,25.0,2,52.34,Fair
0.837,-100.94,-84.17,-16.82,3.23,-108.78,13.34,40.0,2,32.15,Poor
0.737,-95.22,-80.63,-13.93,-9.01,-91.2,74.42,53.0,3,28.21,Poor
0.396,-90.74,-76.39,-14.9,0.9,-95.26,72.34,80.0,5,36.86,Fair
0.912,-99.75,-84.06,-15.21,-5.04,-100.82,18.83,30.0,1,33.2,Poor
0.104,-93.05,-69.99,-19.5,-2.49,-97.62,41.62,48.0,1,28.23,Poor
0.053,-75.03,,-19.5,21.82,-102.72,37.06,53.0,0,66.62,Good
0.141,-84.25,-67.83,-16.35,12.68,-100.05,32.57,49.0,0,50.76,Fair
0.026,-71.75,-50.5,-19.5,22.99,-98.39,40.49,50.0,4,62.19,Good
0.341,-101.6,-84.06,-15.89,2.28,-108.4,30.06,38.0,2,41.74,Fair
1.241,-108.99,-86.93,-19.5,-10.0,-92.03,73.39,76.0,2,16.09,Poor
0.02,-75.11,-50.48,-19.5,14.26,-93.69,60.46,59.0,1,51.69,Fair
0.059,-87.57,-66.48,-19.5,9.2,-101.68,35.52,29.0,1,43.67,Fair
0.271,-92.7,-74.41,-17.92,2.06,-96.86,32.53,48.0,1,44.12,Fair
1.222,-108.94,-88.84,-19.5,-10.0,-97.49,39.3,48.0,1,23.64,Poor
0.171,-78.21,-60.16,-18.43,22.43,-104.51,29.54,30.0,0,52.41,Fair
0.318,-94.76,-82.27,-13.52,8.16,-104.83,42.8,45.0,1,43.17,Fair
0.02,-65.27,-49.23,-16.82,28.87,-102.53,23.96,33.0,1,73.7,Good
0.072,-87.57,-72.43,-15.97,8.03,-102.38,55.49,50.0,2,42.03,Fair
1.942,-111.89,-95.92,-16.17,-9.85,-106.76,10.68,22.0,3,33.29,Poor
1.51,-107.2,-83.82,-19.5,-10.0,-100.39,40.04,35.0,0,24.86,Poor
0.02,-74.08,-52.71,-19.5,22.15,-100.87,52.44,52.0,3,55.96,Good
1.365,-108.4,-89.07,-19.5,-10.0,-97.56,71.07,,7,19.16,Poor
0.459,-98.12,-77.68,-19.5,-3.13,-102.34,39.27,,2,27.26,Poor
0.911,-104.14,-91.81,-13.79,0.5,-106.92,23.69,29.0,0,36.27,Fair
0.273,-85.33,-65.15,-19.5,15.53,-107.26,7.32,26.0,0,47.36,Fair
0.326,-92.78,-71.96,-19.5,8.49,-104.13,40.8,40.0,1,38.34,Fair
0.302,-91.71,-80.43,-11.21,-1.14,-97.39,30.54,39.0,3,51.05,Fair
0.495,-95.74,-75.45,-18.99,5.8,-103.33,50.97,46.0,2,40.15,Fair
0.068,-78.29,-64.56,-13.6,13.16,-94.05,55.55,38.0,3,56.96,Good
0.02,-70.78,-58.69,-12.24,25.53,-100.37,32.71,41.0,0,75.04,Excellent
0.166,-89.72,-67.74,-19.5,-3.71,-91.58,62.39,49.0,0,31.86,Poor
0.549,-98.14,-83.16,-15.88,-0.03,-104.17,56.95,47.0,3,32.56,Poor
0.101,-79.58,-63.73,-16.97,18.23,-102.24,38.56,47.0,1,53.86,Fair
0.504,-93.55,-72.59,-19.5,8.52,-106.28,24.35,34.0,2,43.85,Fair
1.577,-108.92,-91.84,-15.89,-10.0,-105.15,19.59,40.0,2,29.23,Poor
0.044,-74.06,-56.61,-18.9,18.18,-94.78,55.32,52.0,1,49.89,Fair
0.502,-98.82,-81.42,-18.46,-7.23,-100.36,41.25,59.0,1,31.6,Poor
0.264,-92.33,-73.28,-17.91,-3.92,-95.59,62.95,47.0,0,28.69,Poor
0.912,-105.1,-87.78,-18.94,-3.84,-104.55,17.35,27.0,2,30.73,Poor
0.088,-83.69,-65.35,-19.5,7.89,-96.51,42.03,43.0,3,41.93,Fair
0.531,-93.15,-76.66,-14.19,6.84,-105.73,27.33,28.0,1,48.01,Fair
0.819,-101.91,-82.86,-19.5,1.74,-104.46,37.72,35.0,1,33.75,Poor
1.302,-105.76,-86.82,-17.96,-10.0,-100.96,11.48,30.0,1,20.62,Poor
0.517,-104.08,-80.39,-19.5,-10.0,-85.88,78.98,58.0,6,16.63,Poor
0.309,-95.07,-78.22,-16.73,7.15,-107.26,11.81,22.0,1,51.17,Fair
0.433,-97.71,-80.26,-17.07,-10.0,-90.08,64.22,72.0,1,33.03,Poor
0.914,-106.55,-87.83,-17.65,-10.0,-95.38,33.27,41.0,3,24.72,Poor
0.38,-95.54,-74.65,-19.48,-5.78,-94.18,81.6,61.0,1,20.35,Poor
0.02,-72.16,-57.44,-13.89,30.0,-106.64,25.82,41.0,3,66.94,Good
1.203,-105.29,-86.98,-18.18,-0.91,-108.61,0.74,19.0,5,31.64,Poor
0.526,-97.96,-87.48,-10.45,-6.75,-94.06,61.1,57.0,2,31.82,Poor
0.508,-101.96,-84.77,-17.54,-4.29,-101.6,33.89,31.0,2,27.28,Poor
0.109,-86.45,-65.23,-19.5,5.68,-96.15,60.82,47.0,1,39.63,Fair
0.484,-97.41,-81.58,-17.68,-4.89,-98.53,66.28,64.0,2,27.4,Poor
0.225,-86.36,-67.83,-19.5,6.3,-98.54,39.51,50.0,4,39.05,Fair
0.474,-96.51,-80.09,-17.0,-4.08,-98.69,56.82,66.0,2,31.69,Poor
0.051,-80.92,-65.5,-15.04,8.99,-95.63,48.98,46.0,3,49.29,Fair
0.483,-96.09,-75.18,-19.5,-10.0,-87.92,90.68,70.0,1,25.52,Poor
3.349,-107.67,-92.81,-14.21,-10.0,-102.03,32.38,38.0,5,28.11,Poor
0.022,-67.66,-48.78,-19.5,29.81,-104.91,15.39,31.0,0,67.29,Good
1.701,-106.43,-87.5,-19.36,-10.0,-102.44,35.44,36.0,2,22.43,Poor
0.235,-88.56,-73.11,-15.54,4.75,-96.67,64.44,59.0,2,41.48,Fair
0.921,-97.53,-79.07,-19.5,-5.07,-99.95,39.48,40.0,1,29.91,Poor
0.686,-96.44,-81.24,-15.56,-3.23,-99.33,27.01,44.0,2,36.73,Fair
0.377,-93.28,-73.71,-19.5,-2.07,-96.16,62.89,58.0,2,23.53,Poor
0.604,-95.35,-81.3,-13.67,0.9,-101.05,48.13,48.0,3,45.76,Fair
0.949,-107.88,-90.9,-16.78,-9.38,-101.7,35.27,45.0,3,25.97,Poor
0.233,-97.39,-80.15,-16.09,-6.55,-97.15,62.64,59.0,0,24.4,Poor
0.178,-88.44,-67.1,-19.5,8.81,-103.23,26.37,36.0,1,47.53,Fair
0.496,-97.65,-79.23,-18.53,2.79,-107.71,11.83,39.0,1,32.79,Poor
0.742,-103.6,-82.73,-19.5,-1.5,-108.33,26.68,36.0,5,30.23,Poor
0.647,-96.92,-77.26,-17.37,3.0,-101.45,25.24,30.0,3,34.42,Poor
0.719,-108.6,-88.96,-18.43,-10.0,-92.69,81.98,58.0,1,21.74,Poor
0.257,-94.38,-77.38,-16.62,-3.5,-97.7,64.78,54.0,2,35.48,Fair
0.766,-103.64,,-19.5,-10.0,-92.52,58.01,58.0,3,16.61,Poor
0.058,-85.91,-68.98,-17.63,22.34,-111.16,16.38,23.0,4,59.89,Good
0.354,-89.02,-76.21,-11.91,10.34,-106.51,29.84,40.0,1,50.3,Fair
0.02,-75.88,-58.53,-17.31,25.3,-106.74,16.33,38.0,2,65.94,Good
0.177,-91.34,-71.98,-17.43,8.38,-103.95,25.55,39.0,1,44.53,Fair
0.205,-86.66,-73.48,-11.37,12.28,-103.68,5.66,21.0,1,60.5,Good
0.227,-88.57,-73.23,-14.81,5.89,-101.03,40.91,43.0,3,42.12,Fair
0.535,-103.02,-88.71,-14.87,2.98,-107.16,18.47,25.0,3,39.16,Fair
0.221,-88.21,-67.85,-19.5,,-90.69,62.65,63.0,2,26.79,Poor
0.268,-91.43,-68.42,-19.5,14.76,-112.29,9.4,31.0,2,49.62,Fair
0.122,-76.47,-59.1,-16.59,26.77,-109.03,17.53,33.0,1,67.42,Good
0.21,-88.88,-69.29,-19.13,-5.75,-87.56,81.17,93.0,2,19.64,Poor
0.116,-85.93,-66.41,-19.27,6.96,-102.75,40.25,56.0,1,36.66,Fair
0.034,-78.36,-55.7,-19.5,17.37,-99.5,44.54,31.0,1,44.57,Fair
0.416,-99.38,-83.34,-15.36,-10.0,-97.64,38.71,35.0,1,33.0,Poor
0.496,-101.24,-83.9,-16.6,-5.5,-101.32,35.81,44.0,2,33.26,Poor
0.435,-91.3,-74.32,-15.75,0.65,-101.72,11.43,25.0,0,37.68,Fair
0.28,-92.91,-74.68,-18.17,1.07,-98.22,46.72,46.0,1,29.85,Poor
0.215,-88.43,-62.91,-19.5,20.38,-111.43,7.35,21.0,3,51.03,Fair
0.896,-96.99,-78.9,-18.37,-0.45,-99.77,30.43,35.0,6,31.59,Poor
0.329,-103.82,-88.38,-14.76,-4.0,-102.91,42.8,43.0,1,27.1,Poor
0.294,-88.27,-73.73,-13.94,0.97,-93.81,41.7,49.0,1,49.01,Fair
0.02,-70.22,-48.46,-19.5,18.68,-94.24,69.64,53.0,2,45.78,Fair
0.188,-87.78,-72.36,-16.77,2.37,-94.08,44.43,51.0,2,37.84,Fair
0.215,-94.01,-74.02,-18.7,-2.11,-99.2,44.58,57.0,2,24.24,Poor
0.229,-94.25,-78.29,-16.7,4.67,-103.96,36.24,47.0,3,37.46,Fair
0.391,-93.9,-79.7,-15.03,-3.28,-97.36,40.75,56.0,0,40.29,Fair
0.343,-85.2,-65.38,-19.5,1.71,-92.02,48.63,53.0,3,34.43,Poor
0.421,-92.5,-76.39,-15.63,9.09,-105.61,5.38,28.0,2,47.76,Fair
0.651,-95.23,-75.95,-18.93,3.26,-102.89,38.24,35.0,1,32.69,Poor
0.754,-102.33,-82.83,-19.5,2.62,-106.48,6.66,22.0,2,30.64,Poor
0.57,-101.53,-81.89,-19.35,2.19,-112.93,22.87,43.0,3,30.7,Poor
1.401,-110.06,-92.86,-16.79,-10.0,-94.99,44.45,50.0,0,26.24,Poor
0.02,-72.4,-52.34,-19.5,21.57,-98.42,42.98,40.0,2,56.99,Good
0.098,-92.13,-76.9,-14.63,6.81,-101.74,53.31,50.0,1,39.3,Fair
0.02,-73.34,-62.71,-10.19,11.56,-89.78,78.95,79.0,2,50.08,Fair
0.469,-99.69,-79.57,-19.5,4.32,-105.35,15.7,29.0,1,33.35,Poor
1.027,-104.94,-86.45,-16.01,-10.0,-100.47,17.99,45.0,2,38.87,Fair
0.126,-85.52,-69.35,-14.45,13.13,-101.81,27.69,40.0,1,58.41,Good
1.178,-103.98,-90.39,-14.88,-10.0,-89.36,74.35,53.0,5,24.01,Poor
0.028,-73.3,-61.41,-11.42,12.01,-93.03,57.23,52.0,0,53.08,Fair
1.226,-108.1,-89.95,-17.04,-8.04,-103.26,22.47,28.0,2,34.22,Poor
0.195,-97.7,-74.75,-19.5,-0.7,-103.37,20.65,42.0,3,34.88,Poor
0.048,-80.13,,-17.61,15.62,-104.21,22.26,38.0,0,54.32,Fair
0.299,-97.44,-80.53,-17.52,-7.2,-99.21,27.63,40.0,0,30.31,Poor
0.134,-84.71,-66.79,-16.6,18.52,-110.55,24.72,44.0,1,62.08,Good
0.151,-83.99,-59.46,-19.5,10.9,-101.19,34.68,50.0,0,38.69,Fair
0.165,-84.66,-64.4,-19.5,9.12,-98.17,24.18,30.0,1,38.16,Fair
0.731,-98.26,-83.06,-15.81,-9.97,-94.83,61.47,54.0,2,25.93,Poor
0.349,-95.41,,-18.78,4.48,-102.58,42.2,39.0,2,39.63,Fair
0.168,-90.64,-71.64,-18.42,-2.11,-96.4,62.97,55.0,0,28.18,Poor
0.424,-99.56,-84.73,-15.44,-10.0,-98.33,32.23,47.0,3,30.21,Poor
0.567,-105.11,-84.83,-19.5,-2.41,-106.78,4.06,22.0,2,35.79,Fair
0.143,-83.21,-67.67,-17.04,10.04,-96.58,36.92,41.0,2,42.83,Fair
0.24,-92.34,-78.88,-14.11,-4.57,-92.45,47.28,51.0,2,36.99,Fair
0.058,-84.47,-66.25,-19.31,-1.53,-89.87,75.76,73.0,1,30.48,Poor
0.09,-86.48,-68.73,-18.24,13.02,-104.89,15.43,33.0,1,45.88,Fair
0.514,-101.71,-83.71,-18.71,2.88,-111.39,13.63,30.0,1,32.77,Poor
0.09,-83.02,-67.31,-17.22,18.26,-106.34,15.65,30.0,0,62.08,Good
0.335,-90.26,-74.14,-17.44,-6.2,-92.64,79.17,62.0,3,18.83,Poor
0.556,-100.3,,-19.5,-0.82,-106.15,37.55,45.0,2,38.93,Fair
0.051,-87.31,-67.98,-19.26,4.93,-95.69,53.03,52.0,1,47.45,Fair
0.377,-96.31,-81.18,-15.05,10.94,-108.77,18.16,37.0,1,43.81,Fair
0.133,-87.19,-75.05,-13.31,12.54,-107.3,5.33,35.0,1,57.49,Good
1.483,-108.33,-93.07,-15.39,-4.23,-110.04,10.25,36.0,1,32.39,Poor
0.297,-96.0,-77.53,-19.5,-0.42,-102.42,15.78,26.0,2,35.23,Fair
0.738,-100.5,-84.4,-16.4,-10.0,-88.65,82.63,68.0,2,23.42,Poor
0.36,-94.87,-79.0,-16.57,2.31,-101.84,22.82,26.0,1,39.4,Fair
0.02,-70.54,-54.31,-16.0,23.9,-101.32,37.17,27.0,1,62.78,Good
0.451,-95.46,-77.68,-17.46,-10.0,-88.12,81.72,64.0,2,26.32,Poor
1.361,-108.4,-88.05,-18.33,-10.0,-103.45,26.99,35.0,2,23.16,Poor
0.414,-98.31,-80.31,-19.5,-5.12,-102.31,29.8,33.0,4,33.84,Poor
0.77,-96.22,-78.03,-17.02,-5.43,-95.91,50.06,54.0,2,29.47,Poor
0.97,-101.51,-84.18,-17.21,,-101.33,48.85,58.0,1,30.31,Poor
0.116,-82.09,-65.59,-15.55,17.47,-102.35,21.88,28.0,1,61.6,Good
0.107,-79.78,-59.1,-19.5,8.68,-95.6,68.98,58.0,2,50.36,Fair
0.425,-94.48,-74.25,-19.5,12.75,-112.57,9.18,33.0,2,52.55,Fair
0.238,-87.86,-63.73,-19.5,9.13,-101.78,13.04,31.0,3,45.83,Fair
0.824,-108.65,-88.82,-19.5,-10.0,-96.23,63.38,68.0,2,21.2,Poor
1.036,-103.5,-87.0,-14.65,-10.0,-85.11,68.26,61.0,1,18.31,Poor
0.196,-90.63,-75.34,-15.33,-5.68,-91.7,65.0,57.0,4,28.92,Poor
0.122,-79.06,-58.2,-19.5,12.97,-96.02,38.84,,2,43.86,Fair
0.682,-96.98,-81.43,-15.86,-4.77,-98.85,52.38,55.0,2,31.48,Poor
0.145,-89.78,-69.36,-19.5,3.51,-99.65,57.43,50.0,1,33.88,Poor
0.778,-100.34,-84.62,-15.83,-0.33,-105.74,31.26,47.0,3,37.99,Fair
0.248,-91.25,-72.21,-19.5,-3.7,-91.43,60.78,47.0,1,27.19,Poor
0.496,-96.1,-81.28,-14.31,-6.22,-97.17,55.59,53.0,2,24.49,Poor
0.045,-81.37,-61.03,-19.5,10.86,-99.86,43.38,49.0,4,46.19,Fair
0.44,-95.45,-81.15,-13.66,10.54,-107.62,27.4,38.0,4,50.25,Fair
0.27,-93.59,-74.77,-19.43,3.19,-102.52,37.79,38.0,3,31.19,Poor
0.398,-94.88,-77.47,-19.17,-4.28,-93.77,67.38,68.0,3,28.96,Poor
0.083,-85.36,-67.05,-17.02,12.55,-102.71,29.48,33.0,2,45.55,Fair
0.601,-101.93,-85.12,-19.03,-10.0,-94.42,58.31,46.0,1,25.09,Poor
0.894,-98.34,-81.6,-17.08,6.93,-111.29,1.04,21.0,4,53.66,Fair
0.11,-89.11,-70.64,-18.71,2.0,-96.27,63.79,45.0,1,36.47,Fair
0.045,-81.22,-66.22,-13.59,11.57,-97.28,32.04,28.0,1,53.51,Fair
0.02,-70.65,-55.67,-13.17,24.97,-101.53,45.82,50.0,0,63.62,Good
0.462,-100.4,-83.48,-16.02,4.67,-107.67,20.58,35.0,2,35.08,Fair
0.42,-100.03,-83.23,-17.12,-10.0,-88.36,78.01,62.0,3,19.17,Poor
0.356,-94.63,-79.65,-15.72,8.61,-108.08,32.7,33.0,6,50.74,Fair
0.119,-91.59,-70.81,-19.5,3.34,-98.47,54.63,53.0,2,41.0,Fair
0.223,-95.04,-78.04,-17.98,4.02,-100.71,27.22,33.0,0,40.66,Fair
0.406,-87.98,-70.66,-17.21,-10.0,-82.67,83.72,83.0,1,26.15,Poor
0.309,-91.99,-77.97,-13.55,3.91,-99.33,59.38,50.0,4,40.8,Fair
1.982,-112.93,-88.72,-19.5,-10.0,-99.44,44.94,38.0,5,15.0,Poor
0.066,-78.85,-53.57,-19.5,,-100.25,42.82,34.0,2,47.18,Fair
0.535,-96.31,-80.65,-15.1,4.73,-104.78,27.98,40.0,3,43.33,Fair
0.233,-87.41,-65.73,-19.5,14.08,-105.24,17.14,34.0,1,52.81,Fair
0.252,-92.56,-74.83,-17.69,2.11,-102.02,39.93,38.0,1,37.82,Fair
0.569,-95.21,-72.4,-19.5,12.12,-110.63,2.92,27.0,3,44.07,Fair
0.531,-106.67,-87.66,-19.5,-9.93,-100.9,26.71,30.0,2,27.47,Poor
2.133,-114.81,-96.51,-18.94,-10.0,-93.88,75.55,56.0,3,13.76,Poor
0.062,-79.31,-68.81,-9.67,7.21,-92.87,64.56,56.0,3,60.26,Good
0.049,-76.74,-61.38,-15.49,23.82,-105.14,10.54,22.0,3,65.62,Good
0.58,-102.93,-84.87,-18.29,2.96,-111.06,9.2,15.0,4,43.61,Fair
0.389,-94.78,-76.18,-19.5,-4.63,-94.96,43.73,57.0,2,31.51,Poor
0.144,-89.73,-75.38,-15.6,3.35,-95.17,47.87,56.0,2,39.69,Fair
0.037,-76.76,-60.94,-14.36,23.66,-104.3,39.85,25.0,1,61.15,Good
0.04,-72.22,-52.56,-19.5,17.9,-96.03,32.99,37.0,0,57.11,Good
1.011,-100.47,-86.62,-13.58,-10.0,-95.34,34.63,37.0,3,36.39,Fair
0.096,-87.71,-69.31,-16.87,10.8,-100.9,41.06,35.0,4,43.35,Fair
0.176,-93.18,-71.46,-19.5,2.39,-101.07,38.97,38.0,1,33.71,Poor
0.116,-86.98,-67.83,-19.5,13.38,-107.97,12.92,31.0,1,51.26,Fair
0.197,-90.05,-71.05,-19.08,-5.56,-89.92,79.8,73.0,0,22.95,Poor
0.032,-77.1,-65.16,-10.92,23.73,-105.93,29.93,37.0,2,61.12,Good
0.329,-90.22,-74.68,-16.08,12.01,-106.82,16.43,27.0,5,52.25,Fair
0.032,-72.85,-48.69,-19.5,23.22,-103.93,22.19,40.0,1,55.96,Good
0.725,-99.59,-83.39,-14.73,2.18,-106.16,36.85,45.0,2,30.71,Poor
0.12,-90.71,-68.91,-19.5,-1.8,-96.52,41.34,36.0,2,35.94,Fair
0.349,-90.22,-74.06,-15.8,16.15,-112.65,10.3,20.0,3,58.81,Good
0.954,-114.88,-97.72,-17.83,-10.0,-95.3,59.66,52.0,5,6.34,Poor
0.474,-94.19,-74.64,-19.5,5.0,-103.16,29.08,42.0,0,31.74,Poor
0.343,-90.98,-72.68,-18.62,6.77,-101.8,19.55,35.0,1,44.96,Fair
0.176,-90.71,-71.57,-19.5,4.81,-101.14,30.22,31.0,1,39.13,Fair
0.182,-84.17,-68.62,-15.14,3.45,-95.52,63.97,65.0,2,39.34,Fair
0.498,-98.22,-83.63,-13.56,-4.81,-94.25,64.2,61.0,0,30.79,Poor
2.313,-111.04,-95.69,-15.42,-10.0,-93.73,45.26,49.0,8,31.47,Poor
0.488,-96.43,-80.02,-14.7,0.27,-100.3,30.28,37.0,3,42.74,Fair
0.367,-82.57,-65.26,-17.64,13.41,-104.13,5.03,20.0,0,47.24,Fair
0.59,-94.06,-72.95,-19.5,7.15,-105.72,8.75,26.0,1,47.07,Fair
0.282,-90.22,-71.96,-17.15,4.49,-101.23,21.35,33.0,2,44.52,Fair
0.028,-76.87,-57.42,-19.06,15.9,-97.42,28.65,40.0,1,50.29,Fair
0.372,-94.86,-76.43,-19.5,-10.0,-86.6,74.55,86.0,3,17.98,Poor
1.423,-110.32,-95.67,-14.76,-10.0,-103.6,26.35,35.0,3,33.18,Poor
0.087,-79.57,-61.52,-18.5,19.01,-102.66,33.61,41.0,3,56.41,Good
0.527,-97.89,-79.5,-16.45,5.27,-106.78,31.94,37.0,3,35.73,Fair
0.101,-88.66,-68.39,-19.5,14.47,-108.81,4.15,29.0,1,52.53,Fair
0.345,-94.47,-79.67,-15.8,5.01,-102.41,46.46,55.0,2,44.47,Fair
0.046,-80.79,-68.92,-13.64,24.52,-112.63,6.41,25.0,3,76.24,Excellent
0.269,-92.03,-73.5,-18.81,-6.49,-93.25,61.74,50.0,1,32.81,Poor
0.635,-103.51,-84.44,-18.34,-7.27,-101.35,36.15,49.0,2,24.32,Poor
0.192,-89.61,-72.15,-16.32,6.88,-99.15,63.89,61.0,0,36.05,Fair
0.492,-94.86,-76.77,-19.04,4.25,-103.71,15.53,27.0,4,48.11,Fair
0.714,-101.3,-80.66,-19.5,-7.52,-98.15,37.42,,1,19.33,Poor
1.179,-107.0,-90.38,-18.98,-3.95,-106.07,21.35,35.0,4,32.82,Poor
0.12,-84.87,-67.7,-16.85,9.13,-99.77,29.18,46.0,3,43.79,Fair
0.229,-88.46,-70.22,-18.2,7.13,-98.53,41.13,44.0,1,40.21,Fair
0.074,-85.98,-71.64,-14.81,-7.36,-86.8,84.6,63.0,3,27.92,Poor
2.201,-109.81,-92.27,-17.23,-10.0,-102.34,27.8,50.0,2,20.19,Poor
1.178,-100.16,-82.35,-16.8,-8.94,-92.92,54.87,60.0,3,21.44,Poor
0.349,-92.6,-69.69,-19.5,7.47,-107.5,13.85,29.0,1,40.69,Fair
0.83,-102.17,-85.06,-18.14,-10.0,-89.26,76.74,67.0,2,14.81,Poor
0.331,-91.87,-73.27,-19.17,7.73,-105.14,31.32,34.0,0,49.59,Fair
0.44,-95.07,-74.32,-19.5,0.58,-100.97,31.2,42.0,2,38.03,Fair
0.042,-73.66,-58.17,-15.92,24.83,-104.3,49.55,43.0,1,57.31,Good
0.633,-108.14,-86.02,-19.5,-10.0,-99.93,34.95,30.0,3,22.93,Poor
0.061,-86.13,-62.84,-19.5,2.21,-94.58,42.12,42.0,0,38.09,Fair
0.787,-97.91,-80.0,-18.84,-7.24,-93.12,61.22,48.0,3,25.31,Poor
0.686,-106.75,-90.37,-16.41,0.03,-107.62,10.92,29.0,4,34.41,Poor
0.555,-97.3,-74.42,-19.5,2.1,-106.07,16.98,40.0,1,40.97,Fair
0.02,-71.85,-51.47,-19.5,24.63,-101.87,13.29,32.0,1,47.3,Fair
0.163,-92.26,-74.01,-19.5,-4.24,-92.55,63.13,50.0,3,31.26,Poor
0.137,-85.42,-63.14,-19.5,2.5,-95.13,62.94,58.0,2,26.37,Poor
0.201,-89.3,-67.34,-19.5,8.1,-100.6,30.05,42.0,3,45.85,Fair
0.041,-68.08,-51.09,-16.9,14.95,-89.19,83.32,57.0,3,51.16,Fair
1.244,-108.4,-89.65,-17.56,-10.0,-89.45,73.39,70.0,4,20.15,Poor
0.363,-89.47,-69.73,-17.25,2.1,-94.83,66.89,52.0,4,34.11,Poor
0.164,-86.94,-68.86,-19.5,-3.38,-92.14,76.36,66.0,2,30.97,Poor
0.228,-93.83,-80.0,-14.71,3.29,-100.95,43.71,37.0,1,35.54,Fair
0.267,-89.36,-74.17,-14.76,3.31,-96.93,56.54,52.0,0,36.15,Fair
0.413,-94.08,-80.15,-14.0,3.39,-105.18,28.06,40.0,0,41.36,Fair
0.326,-94.15,-74.68,-19.5,-1.03,-98.29,27.59,47.0,3,37.13,Fair
1.133,-104.03,-89.58,-16.24,-7.1,-99.73,27.93,42.0,3,21.99,Poor
0.309,-96.22,-77.64,-18.65,-4.91,-98.35,66.09,59.0,4,21.23,Poor
2.182,-114.08,-90.59,-19.5,-7.88,-111.04,20.03,41.0,8,24.8,Poor
0.858,-99.64,-77.36,-19.5,4.46,-107.67,8.71,19.0,4,31.89,Poor
0.105,-85.42,-72.93,-14.59,18.24,-104.36,32.88,38.0,3,50.14,Fair
1.201,-105.91,-91.75,-13.21,-3.26,-107.93,21.79,37.0,4,37.75,Fair
0.056,-77.95,-62.28,-15.83,5.42,-90.41,50.83,58.0,1,48.77,Fair
0.765,-100.63,-86.13,-15.95,-5.95,-97.8,54.31,62.0,4,33.18,Poor
0.216,-96.43,-83.39,-11.33,-1.36,-100.56,51.65,56.0,2,40.1,Fair
0.947,-98.39,-80.42,-18.53,6.47,-109.88,16.25,20.0,1,39.07,Fair
0.911,-102.72,-82.6,-19.5,-2.92,-101.08,13.02,34.0,4,29.72,Poor
0.738,-102.18,-81.32,-19.5,-10.0,-96.14,60.19,64.0,5,16.07,Poor
0.702,-99.22,-82.64,-16.85,-0.8,-105.64,11.66,23.0,3,35.14,Fair
0.164,-87.38,-70.19,-16.76,14.09,-106.86,7.59,25.0,2,55.02,Good
0.038,-72.75,-53.68,-19.19,15.31,-94.04,67.15,,0,49.23,Fair
0.232,-89.2,-71.52,-17.88,-1.05,-93.56,40.35,49.0,1,31.89,Poor
0.086,-79.9,-59.46,-19.5,22.61,-105.03,25.21,25.0,2,61.35,Good
0.534,-93.17,-73.88,-19.24,4.96,-99.32,60.1,52.0,2,26.52,Poor
0.191,-86.14,-69.27,-15.81,14.52,-103.71,42.47,54.0,2,59.58,Good
1.671,-109.11,-96.68,-12.88,-4.39,-108.19,5.53,18.0,4,40.95,Fair
0.461,-101.78,-79.29,-19.5,-10.0,-93.65,49.91,53.0,2,15.38,Poor
0.778,-95.16,-79.22,-15.29,3.46,-100.4,36.43,41.0,2,37.09,Fair
0.064,-81.21,-62.13,-19.5,23.54,-106.87,28.96,44.0,1,56.68,Good
0.891,-104.9,-92.65,-13.93,-10.0,-93.88,67.26,50.0,3,27.45,Poor
1.152,-112.19,-94.22,-17.79,-5.09,-111.85,6.72,26.0,0,33.22,Poor
0.3,-92.23,-73.93,-18.46,1.54,-96.48,61.53,66.0,1,27.94,Poor
0.419,-95.88,-77.43,-18.5,2.93,-107.09,22.31,34.0,2,33.54,Poor
0.651,-106.35,-79.31,-19.5,0.53,-110.11,11.74,27.0,3,36.75,Fair
0.086,-81.03,-64.92,-16.93,13.04,-100.13,48.34,52.0,0,47.18,Fair
0.314,-95.97,-75.5,-19.5,6.66,-108.09,15.96,40.0,2,36.76,Fair
0.229,-80.47,-60.9,-18.98,21.9,-107.55,15.48,29.0,1,51.25,Fair
0.071,-83.45,-67.49,-14.93,9.7,-97.55,56.85,51.0,1,47.99,Fair
0.206,-92.07,-71.65,-19.5,0.41,-100.79,21.95,,3,41.9,Fair
0.032,-77.81,-60.3,-16.73,24.65,-105.62,31.51,35.0,0,63.54,Good
0.02,-65.33,-44.71,-19.5,30.0,-112.73,8.95,26.0,1,71.13,Good
0.065,-81.93,-58.04,-19.5,6.37,-94.85,57.04,58.0,2,38.59,Fair
1.485,-110.34,-91.89,-17.19,-8.88,-101.76,33.2,42.0,4,22.42,Poor
0.359,-92.29,-75.14,-16.08,0.57,-99.33,58.77,59.0,2,32.15,Poor
1.519,-113.16,-92.01,-19.5,-10.0,-94.33,40.98,51.0,1,11.31,Poor
0.255,-89.66,-67.47,-19.5,3.56,-99.14,41.53,47.0,3,38.15,Fair
0.168,-81.44,-66.09,-15.15,13.5,-98.87,29.45,43.0,1,47.52,Fair
0.317,-91.8,-75.15,-16.86,8.38,-102.65,29.11,43.0,2,44.42,Fair
0.261,-89.8,-69.77,-19.5,7.04,-100.64,21.77,41.0,0,38.23,Fair
0.05,-74.71,-57.11,-17.85,8.63,-93.36,44.63,50.0,1,57.42,Good
0.461,-90.45,-75.31,-16.7,4.36,-99.55,58.29,55.0,4,37.17,Fair
0.11,-80.03,-60.41,-18.5,19.24,-102.77,42.96,36.0,0,56.26,Good
0.435,-95.03,-75.02,-19.23,3.83,-103.88,28.59,32.0,2,36.21,Fair
0.473,-93.89,-76.9,-18.44,4.87,-101.55,33.46,40.0,3,42.6,Fair
0.074,-85.07,-66.88,-18.0,6.91,-95.69,46.56,40.0,1,48.12,Fair
0.028,-70.29,-54.02,-16.63,22.28,-98.66,43.03,40.0,1,62.81,Good
0.683,-104.72,-90.01,-13.71,-7.35,-102.8,27.38,38.0,1,33.84,Poor
0.277,-94.35,-77.84,-16.62,0.22,-100.62,36.29,35.0,5,38.5,Fair
0.027,-85.26,-67.04,-18.16,-1.49,-90.44,65.33,51.0,1,34.3,Poor
2.372,-109.9,-96.33,-14.12,-10.0,-99.3,47.24,49.0,3,24.4,Poor
0.027,-75.45,-58.72,-16.63,8.08,-86.26,80.46,60.0,3,38.51,Fair
0.534,-94.13,-75.87,-18.3,-5.76,-94.68,57.97,58.0,1,30.28,Poor
1.852,-107.8,-86.21,-19.5,-10.0,-93.38,66.72,54.0,4,16.21,Poor
0.123,-81.37,-64.31,-17.97,13.03,-101.08,49.62,45.0,0,48.06,Fair
0.069,-85.24,-70.98,-15.9,4.89,-96.53,49.61,49.0,1,48.64,Fair
0.058,-75.3,-57.93,-17.49,20.36,-99.54,46.44,54.0,2,54.57,Fair
0.163,-79.85,-63.55,-16.1,13.97,-98.81,43.89,43.0,0,57.78,Good
0.048,-74.74,-55.08,-19.5,14.11,-93.4,73.07,57.0,2,38.22,Fair
0.53,-95.34,-78.36,-17.9,-4.6,-93.64,53.79,46.0,2,22.82,Poor
0.029,-72.85,-62.98,-11.6,12.24,-91.67,58.86,61.0,3,53.01,Fair
0.32,-96.24,-67.17,-19.5,6.24,-108.55,14.54,21.0,2,37.41,Fair
2.571,-109.16,-90.73,-16.01,-10.0,-98.9,43.55,35.0,2,26.89,Poor
0.757,-107.62,-89.35,-17.38,-8.63,-105.96,27.78,35.0,1,29.6,Poor
0.43,-98.36,-84.98,-12.83,-8.55,-95.34,68.17,63.0,2,33.42,Poor
0.165,-95.46,-81.86,-14.12,-2.37,-100.58,40.8,47.0,1,38.17,Fair
0.44,-99.7,-81.98,-15.96,-6.88,-97.84,37.62,39.0,2,37.05,Fair
0.337,-92.01,,-19.1,3.26,-102.52,47.27,50.0,6,28.61,Poor
0.25,-89.97,-69.86,-18.84,2.85,-99.69,51.17,73.0,1,38.38,Fair
0.063,-79.92,-61.21,-16.62,16.61,-102.15,27.08,43.0,0,53.46,Fair
0.98,-103.15,-88.71,-15.03,-5.81,-102.96,43.24,44.0,1,29.22,Poor
0.269,-100.17,-89.68,-9.45,-6.75,-99.44,28.15,30.0,0,37.64,Fair
0.097,-85.35,-67.65,-18.68,-0.85,-88.7,74.31,59.0,1,29.99,Poor
0.206,-93.06,-76.66,-15.75,4.9,-102.48,23.0,28.0,0,48.47,Fair
0.241,-94.3,-80.09,-15.31,1.69,-103.79,24.19,30.0,1,37.14,Fair
0.791,-99.58,-79.09,-19.04,-3.84,-100.79,49.44,54.0,2,22.24,Poor
0.595,-102.95,-89.68,-13.28,-4.39,-104.86,35.78,43.0,4,34.14,Poor
0.66,-102.82,-82.97,-19.5,-3.38,-103.55,38.59,49.0,3,28.85,Poor
0.02,-78.79,-65.02,-14.15,6.27,-92.0,66.6,63.0,1,42.77,Fair
0.242,-92.89,-74.49,-18.17,,-92.28,81.56,64.0,3,24.53,Poor
0.295,-97.79,-76.99,-19.5,-2.47,-103.45,25.54,54.0,4,35.94,Fair
0.02,-70.13,-53.14,-17.1,30.0,-113.5,9.12,41.0,2,72.27,Good
0.135,-90.5,-67.43,-19.5,2.05,-101.46,33.7,29.0,1,45.65,Fair
0.643,-99.76,-76.0,-19.5,-8.09,-97.59,51.74,48.0,1,21.64,Poor
0.066,-81.15,-62.44,-16.36,15.49,-98.41,51.69,51.0,3,52.66,Fair
0.345,-88.09,-68.47,-19.5,15.55,-107.74,6.87,20.0,1,52.83,Fair
0.109,-82.84,-61.66,-19.5,4.22,-93.24,45.33,43.0,2,39.72,Fair
0.02,-77.8,-58.17,-19.5,9.68,-89.27,79.61,71.0,1,40.44,Fair
0.124,-91.01,-71.7,-18.57,10.23,-107.4,16.87,29.0,4,50.29,Fair
1.676,-108.27,-91.84,-15.95,-10.0,-90.1,92.98,87.0,4,20.36,Poor
0.728,-104.97,-92.03,-10.71,-6.8,-103.97,33.07,44.0,3,36.38,Fair
1.444,-119.07,-105.24,-13.96,-10.0,-101.28,36.43,39.0,3,22.15,Poor
0.301,-88.21,-63.06,-19.5,11.45,-100.77,33.28,29.0,3,37.66,Fair
0.052,-75.65,-56.69,-17.6,16.55,-97.66,53.86,47.0,0,45.17,Fair
0.357,-93.0,-75.74,-18.27,-0.77,-94.98,72.49,67.0,1,28.61,Poor
0.273,-95.17,-73.38,-19.5,-3.58,-96.53,71.79,60.0,1,24.8,Poor
0.837,-100.76,-85.0,-17.32,0.03,-103.91,25.97,36.0,0,30.86,Poor
0.046,-80.34,-60.59,-19.5,24.11,-109.2,12.07,36.0,3,57.99,Good
0.301,-92.79,-74.56,-17.92,7.67,-106.02,13.17,20.0,1,45.58,Fair
0.073,-85.09,-65.71,-19.5,16.19,-103.55,32.26,53.0,2,46.1,Fair
0.177,-82.93,-65.94,-17.7,20.66,-110.48,13.6,24.0,2,63.77,Good
0.602,-105.88,-90.78,-15.05,-10.0,-99.82,52.66,61.0,2,26.8,Poor
0.291,-88.37,-72.84,-16.44,-0.49,-91.95,56.02,41.0,2,40.13,Fair
0.212,-90.42,-74.77,-14.96,-3.3,-91.68,60.53,53.0,1,34.06,Poor
0.226,-93.07,-75.08,-19.34,-10.0,-84.46,87.73,70.0,1,15.49,Poor
0.277,-92.21,-78.88,-13.2,-0.04,-97.43,43.35,51.0,1,38.7,Fair
0.692,-97.88,-83.62,-14.91,-10.0,-88.9,78.34,71.0,2,26.46,Poor
1.002,-98.56,-80.15,-18.11,-3.98,-100.15,37.5,49.0,4,28.13,Poor
1.399,-105.67,-88.05,-16.88,-10.0,-90.79,65.06,70.0,2,22.7,Poor
0.696,-104.42,-85.85,-18.45,-10.0,-97.19,49.23,48.0,1,28.85,Poor
0.171,-88.46,-70.6,-16.99,6.26,-97.21,37.37,38.0,1,46.54,Fair
0.524,-91.14,-65.58,-19.5,-0.4,-95.27,43.32,37.0,1,36.37,Fair
0.259,-86.91,-68.53,-18.38,13.32,-103.88,28.96,40.0,0,55.28,Good
0.132,-82.86,-66.0,-16.89,1.47,-90.78,66.73,49.0,0,38.56,Fair
0.827,-99.18,-80.88,-18.57,-8.99,-98.74,51.33,43.0,0,29.31,Poor
0.02,-67.65,-46.59,-19.5,27.92,-102.32,32.21,47.0,2,62.38,Good
1.044,-99.75,-81.9,-17.78,4.26,-108.23,16.38,34.0,3,42.08,Fair
0.279,-94.75,-74.7,-19.5,4.81,-105.5,7.41,31.0,1,42.56,Fair
0.456,-102.62,-83.44,-17.96,-0.77,-106.93,9.78,25.0,3,38.21,Fair
0.485,-97.45,-80.32,-16.79,-4.32,-100.66,30.8,40.0,1,31.09,Poor
1.015,-107.41,-89.07,-18.66,-8.53,-105.34,6.46,29.0,4,35.23,Fair
0.456,-101.41,-78.61,-19.5,-0.55,-105.96,22.56,26.0,0,29.27,Poor
0.428,-99.54,-80.81,-19.5,-4.62,-99.25,47.81,55.0,1,27.71,Poor
0.031,-64.17,-49.13,-15.5,30.0,-99.26,38.47,45.0,4,68.73,Good
0.329,-93.82,-76.78,-15.11,6.76,-107.33,13.77,26.0,1,45.27,Fair
0.073,-79.96,-68.31,-11.54,19.49,-102.91,28.1,34.0,0,69.16,Good
0.602,-104.49,-86.08,-19.27,-10.0,-89.87,64.89,57.0,1,13.17,Poor
0.323,-101.59,-79.65,-19.5,0.3,-109.28,15.42,30.0,0,37.52,Fair
0.513,-101.5,-87.52,-14.53,-10.0,-91.37,84.6,79.0,1,24.43,Poor
0.02,-64.69,-46.24,-18.77,30.0,-105.47,22.78,32.0,2,67.88,Good
0.04,-74.89,-53.94,-19.5,22.51,-101.79,26.76,30.0,1,69.26,Good
0.567,-96.69,-75.42,-19.5,-2.36,-101.74,32.02,40.0,2,29.12,Poor
0.034,-71.84,-50.0,-19.5,21.0,-99.51,32.61,33.0,1,58.49,Good
0.033,-77.06,-64.67,-14.32,15.27,-95.46,60.12,50.0,3,50.72,Fair
0.02,-64.89,-45.38,-18.44,30.0,-100.97,32.81,34.0,0,77.92,Excellent
1.411,-109.53,-96.04,-13.0,-10.0,-89.82,72.74,69.0,1,20.4,Poor
0.602,-93.98,,-15.07,,-92.16,68.9,55.0,1,31.72,Poor
0.196,-88.12,-67.66,-19.5,1.11,-97.67,56.16,51.0,4,32.51,Poor
0.158,-95.2,-76.73,-17.56,-10.0,-89.04,64.85,63.0,2,25.75,Poor
0.194,-92.78,-72.6,-19.39,-2.74,-96.99,30.8,39.0,1,34.81,Poor
0.671,-107.68,-92.47,-14.73,-10.0,-98.17,32.8,42.0,2,32.81,Poor
0.487,-93.12,-70.7,-19.5,3.47,-100.29,48.19,43.0,1,27.73,Poor
0.092,-83.48,-63.42,-19.5,6.78,-96.82,48.57,52.0,1,43.85,Fair
0.086,-91.71,-71.04,-19.5,-1.99,-97.37,41.45,40.0,1,28.15,Poor
0.047,-76.05,-61.29,-16.21,16.75,-94.15,58.63,72.0,1,55.4,Good
0.486,-99.9,-78.38,-19.5,-10.0,-94.87,66.42,65.0,5,17.74,Poor
0.65,-106.21,,-17.88,-6.62,-103.61,20.76,34.0,3,36.33,Fair
0.139,-80.18,-64.02,-15.29,11.87,-99.87,46.0,52.0,2,50.83,Fair
0.02,-70.02,-50.14,-19.5,30.0,-108.7,24.66,34.0,2,67.99,Good
0.039,-77.12,-57.37,-19.28,20.92,-101.8,19.48,38.0,0,55.44,Good
1.547,-109.39,-93.93,-14.92,-10.0,-94.99,44.91,54.0,1,30.54,Poor
0.158,-94.06,-69.89,-19.5,-3.95,-94.94,57.14,61.0,1,24.8,Poor
0.66,-105.62,-82.18,-19.5,4.58,-115.53,14.79,29.0,2,35.52,Fair
0.441,-91.77,-71.95,-19.5,-6.88,-90.43,59.93,50.0,4,30.65,Poor
0.217,-92.65,-73.35,-18.58,7.38,-107.18,18.11,29.0,1,48.31,Fair
0.104,-84.3,-65.32,-19.5,6.82,-96.5,68.68,69.0,1,38.42,Fair
0.058,-87.63,-74.28,-14.39,6.72,-98.19,59.43,49.0,2,42.98,Fair
0.43,-101.95,-83.61,-18.37,-5.21,-104.39,21.83,37.0,2,36.03,Fair
0.671,-98.1,-79.8,-19.5,-6.78,-97.64,42.47,40.0,2,20.33,Poor
0.465,-95.85,-79.58,-16.05,-2.84,-99.26,39.22,58.0,0,31.58,Poor
0.34,-87.64,-70.57,-17.9,14.38,-106.52,14.76,29.0,1,49.8,Fair
0.02,-65.07,-54.22,-9.68,13.52,-84.74,83.37,72.0,1,52.76,Fair
1.556,-108.77,-94.06,-14.81,-10.0,-93.08,67.9,58.0,1,14.53,Poor
0.721,-99.28,-78.52,-19.5,-1.86,-101.1,38.28,36.0,3,25.63,Poor
0.156,-89.18,-65.99,-19.5,5.94,-100.18,34.95,46.0,0,43.15,Fair
1.76,-100.69,-85.52,-15.99,2.0,-106.01,22.7,23.0,4,45.61,Fair
0.414,-91.77,-73.23,-19.14,11.02,-108.01,27.38,42.0,1,51.41,Fair
0.393,-95.23,-73.94,-19.5,-4.1,-98.3,45.83,59.0,4,32.24,Poor
0.62,-99.07,-82.63,-18.02,-10.0,-85.65,91.78,55.0,2,17.85,Poor
0.752,-95.75,-75.72,-19.5,2.18,-101.64,36.2,40.0,2,37.61,Fair
0.481,-95.34,-77.44,-19.5,-0.25,-103.25,22.98,42.0,1,30.49,Poor
0.062,-73.71,-52.14,-19.5,18.53,-96.79,55.55,42.0,1,44.31,Fair
0.186,-98.2,-84.05,-13.98,5.61,-107.58,16.01,31.0,2,50.0,Fair
1.185,-103.63,-88.95,-14.83,-10.0,-95.98,61.85,61.0,4,24.33,Poor
0.114,-87.31,-68.47,-19.5,18.37,-106.79,19.76,28.0,1,50.59,Fair
0.209,-83.44,-65.15,-17.03,13.24,-106.16,34.99,40.0,2,56.81,Good
0.255,-85.97,-68.13,-18.49,,-102.04,25.77,50.0,2,50.05,Fair
0.26,-92.22,-72.49,-19.5,2.62,-98.28,62.1,56.0,3,38.67,Fair
0.427,-90.49,-75.28,-13.84,-2.41,-94.78,32.73,40.0,1,41.17,Fair
1.29,-99.08,,-14.46,10.51,-114.92,3.37,24.0,4,52.0,Fair
0.124,-85.63,-69.13,-17.67,14.59,-105.03,25.51,35.0,4,48.74,Fair
0.058,-69.57,-52.74,-19.04,20.22,-95.62,33.15,57.0,0,61.88,Good
0.099,-84.12,-66.98,-17.53,4.16,-95.35,61.75,51.0,2,42.39,Fair
0.981,-104.7,-82.89,-19.5,-1.07,-107.95,16.89,37.0,4,37.6,Fair
0.467,-93.94,-73.63,-19.29,-1.53,-101.42,50.25,44.0,3,33.88,Poor
0.152,-89.08,-69.48,-18.43,8.03,-100.43,37.41,52.0,0,46.65,Fair
0.762,-101.31,-82.64,-17.36,-2.58,-104.37,35.27,35.0,4,38.25,Fair
0.889,-97.35,-80.65,-16.11,-2.33,-101.07,35.95,39.0,1,36.29,Fair
0.843,-102.45,-87.02,-16.5,-9.16,-97.86,36.46,57.0,6,23.25,Poor
1.131,-111.85,-97.45,-14.5,-10.0,-107.85,13.88,39.0,2,29.22,Poor
0.131,-84.93,-69.01,-17.55,3.09,-95.87,47.23,53.0,1,39.42,Fair
0.633,-102.83,-84.96,-17.57,-6.03,-104.74,23.3,38.0,3,35.69,Fair
0.278,-89.44,-74.91,-13.53,-3.1,-91.3,56.2,,1,36.18,Fair
0.83,-99.61,-81.1,-17.21,-6.72,-98.47,34.75,41.0,3,24.07,Poor
0.587,-93.5,-76.08,-16.83,-5.33,-96.27,37.06,37.0,1,38.7,Fair
0.674,-96.96,,-17.2,0.09,-100.49,34.39,41.0,2,31.11,Poor
0.48,-93.29,-71.8,-19.5,-2.84,-97.21,33.28,26.0,5,33.4,Poor
0.088,-85.65,-75.04,-9.95,15.76,-109.69,7.89,26.0,2,61.24,Good
0.354,-91.8,-74.95,-15.04,-2.87,-91.77,75.21,75.0,0,38.78,Fair
1.88,-101.61,-90.67,-12.43,-2.89,-99.5,35.56,39.0,6,33.96,Poor
1.247,-108.68,-89.96,-19.5,-4.15,-107.92,22.86,32.0,4,27.52,Poor
0.02,-63.25,-42.96,-19.5,27.12,-93.83,68.68,65.0,0,61.82,Good
0.081,-84.48,-70.53,-15.92,0.17,-88.93,80.33,73.0,1,34.66,Poor
0.064,-83.61,-69.28,-14.44,3.71,-93.24,73.1,49.0,0,45.89,Fair
0.583,-98.14,-85.23,-13.61,-1.7,-100.79,17.44,41.0,2,39.86,Fair
0.766,-98.83,-80.64,-17.76,-0.03,-104.5,14.06,25.0,3,37.93,Fair
0.108,-81.11,-64.13,-16.91,19.36,-102.51,23.8,34.0,1,51.6,Fair
0.317,-97.9,-80.74,-18.04,-6.32,-101.89,40.36,56.0,2,31.26,Poor
0.827,-100.62,-83.72,-19.0,-10.0,-91.21,63.43,64.0,3,21.13,Poor
0.594,-102.23,-87.15,-15.66,0.4,-108.2,25.41,31.0,4,43.93,Fair
0.352,-100.9,-79.51,-19.5,-2.15,-103.15,23.19,39.0,4,32.21,Poor
0.402,-99.81,-81.0,-17.82,3.29,-104.82,8.0,24.0,1,44.34,Fair
0.32,-97.12,-82.67,-13.95,2.62,-103.71,25.16,38.0,1,38.93,Fair
0.159,-85.99,-70.09,-15.26,8.26,-97.16,66.9,52.0,1,42.77,Fair
0.375,-90.89,-75.5,-14.16,6.7,-99.27,38.76,66.0,3,42.34,Fair
0.525,-104.32,-82.1,-19.5,-1.01,-107.39,29.82,45.0,1,27.73,Poor
0.93,-101.97,-81.84,-19.5,-6.39,-100.0,57.54,52.0,1,23.34,Poor
0.455,-101.89,-84.27,-17.14,-3.67,-101.7,15.38,45.0,3,38.62,Fair
0.644,-97.68,-74.56,-19.5,-2.67,-100.59,26.25,26.0,4,29.66,Poor
0.078,-84.5,-62.14,-19.5,18.82,-109.44,24.05,40.0,1,48.79,Fair
0.279,-97.14,-79.83,-17.66,-7.57,-95.53,71.49,69.0,1,24.36,Poor
0.02,-67.25,-50.48,-16.91,29.04,-101.51,25.13,41.0,4,67.76,Good
0.127,-88.52,-71.61,-16.87,8.73,-100.62,23.95,45.0,4,47.79,Fair
0.583,-100.6,-85.46,-14.3,-2.81,-99.86,38.63,56.0,2,32.3,Poor
2.162,-119.58,-96.38,-19.5,-10.0,-110.31,4.75,22.0,6,26.88,Poor
0.047,-73.84,-58.86,-13.46,12.95,-94.09,57.75,57.0,3,60.82,Good
0.231,-88.03,-67.42,-19.43,3.8,-95.8,41.58,55.0,3,35.95,Fair
0.724,-101.19,-81.12,-18.28,-10.0,-92.97,74.23,66.0,2,14.36,Poor
0.103,-90.43,-73.34,-16.28,9.2,-103.21,14.52,32.0,3,49.64,Fair
0.364,-90.42,-66.99,-19.5,1.89,-96.87,61.49,57.0,0,33.63,Poor
0.594,-102.16,-88.84,-13.52,0.38,-107.66,19.84,36.0,1,43.27,Fair
0.431,-98.52,-80.76,-17.02,-9.36,-93.52,58.99,57.0,4,26.05,Poor
0.094,-74.28,-57.75,-16.01,24.22,-100.13,29.18,41.0,1,66.8,Good
0.198,-92.77,-71.89,-19.5,6.38,-100.94,30.23,35.0,0,42.43,Fair
0.689,-97.81,-78.75,-19.5,1.86,-106.36,17.1,34.0,4,38.38,Fair
0.364,-92.99,-80.17,-11.66,1.9,-97.45,46.15,53.0,4,39.74,Fair
0.02,-68.88,-47.17,-19.5,30.0,-103.83,24.73,27.0,0,69.77,Good
0.644,-99.06,-79.61,-18.21,-0.23,-103.16,25.49,41.0,1,34.08,Poor
0.02,-68.94,-54.05,-15.91,25.23,-97.88,38.28,35.0,1,65.99,Good
0.616,-98.72,-81.77,-16.42,6.82,-111.18,6.68,21.0,1,45.18,Fair
0.102,-84.45,-70.35,-14.31,0.81,-92.21,61.5,67.0,1,41.44,Fair
1.427,-101.05,-83.56,-18.3,-5.74,-101.68,15.25,33.0,2,37.59,Fair
0.206,-95.59,-77.14,-17.94,0.66,-103.34,36.52,41.0,2,39.59,Fair
0.178,-84.98,-67.98,-17.47,7.28,-98.85,29.21,46.0,0,49.23,Fair
0.073,-78.04,-61.39,-17.31,19.99,-102.79,26.35,30.0,1,65.94,Good
0.164,-85.56,-72.4,-12.99,9.09,-102.23,23.63,35.0,1,51.53,Fair
0.942,-99.02,-80.01,-19.5,-4.29,-102.6,45.35,52.0,1,31.07,Poor
2.524,-112.42,-100.19,-14.19,-10.0,-90.77,69.11,59.0,4,26.38,Poor
0.207,-97.83,-79.73,-16.79,-9.12,-97.04,77.68,79.0,3,21.17,Poor
0.268,-92.88,,-12.98,9.27,-108.43,20.44,33.0,3,55.28,Good
0.576,-103.19,-85.04,-18.51,-8.34,-102.97,45.99,54.0,3,20.98,Poor
0.978,-106.74,-88.76,-18.61,-6.05,-109.15,15.67,31.0,2,27.02,Poor
0.405,-101.13,-81.92,-19.5,1.0,-107.95,14.81,21.0,1,39.33,Fair
0.224,-92.94,-72.35,-19.5,2.45,-100.89,36.24,36.0,0,35.15,Fair
0.239,-94.01,-72.86,-19.5,11.14,-110.81,20.65,27.0,2,45.68,Fair
0.535,-108.1,-94.93,-13.06,-9.28,-103.36,21.53,31.0,4,30.59,Poor
0.02,-67.64,-49.82,-17.5,30.0,-106.64,17.34,33.0,1,68.07,Good
0.435,-87.91,-63.87,-19.5,2.11,-96.63,43.05,60.0,2,37.35,Fair
0.198,-87.54,-69.18,-18.45,0.87,-95.96,49.37,48.0,2,33.39,Poor
0.711,-101.87,-86.36,-15.55,,-87.86,77.95,82.0,4,12.18,Poor
0.044,-77.27,-59.51,-17.67,26.76,-106.88,13.15,32.0,2,71.3,Good
0.399,-97.73,-80.88,-17.38,-0.13,-99.58,36.08,43.0,2,34.72,Poor
0.295,-93.07,-78.6,-15.79,4.97,-103.15,25.82,50.0,1,41.05,Fair
0.463,-97.47,-76.86,-19.5,2.39,-103.12,22.66,39.0,3,36.33,Fair
0.03,-77.24,-57.49,-19.5,10.75,-92.52,72.41,63.0,1,34.68,Poor
0.39,-89.12,-75.12,-13.85,9.39,-103.62,54.29,56.0,3,40.6,Fair
0.371,-101.36,-83.64,-17.11,-9.43,-97.13,44.68,48.0,2,23.39,Poor
0.37,-92.52,-76.22,-15.82,7.37,-103.8,20.73,33.0,1,44.98,Fair
0.416,-96.81,-83.62,-12.9,-10.0,-85.35,91.19,62.0,1,25.91,Poor
0.508,-90.53,-76.77,-13.87,-4.54,-94.07,65.28,67.0,3,35.49,Fair
0.736,-99.98,-85.78,-13.53,-5.47,-102.65,10.68,28.0,1,41.71,Fair
0.142,-88.52,-70.69,-17.99,-0.8,-92.74,70.55,67.0,0,34.21,Poor
0.784,-102.89,-86.27,-17.81,-10.0,-97.45,51.61,50.0,3,16.08,Poor
0.31,-93.71,-78.58,-14.87,-6.82,-93.34,64.59,51.0,2,25.57,Poor
0.036,-79.96,-63.13,-18.7,3.43,-88.57,78.28,61.0,3,37.15,Fair
0.027,-76.06,-55.81,-19.5,20.04,-99.94,52.48,64.0,1,48.69,Fair
0.183,-96.44,-77.37,-18.48,-10.0,-91.46,61.08,58.0,1,16.64,Poor
0.691,-104.5,-83.49,-19.5,-9.53,-100.02,34.65,49.0,2,27.74,Poor
0.553,-98.5,-81.19,-17.89,-10.0,-88.67,64.53,65.0,0,17.29,Poor
0.699,-99.71,-76.9,-19.5,-10.0,-96.31,50.98,47.0,3,23.61,Poor
0.328,-102.25,-83.21,-18.39,-8.6,-97.78,46.82,48.0,0,32.14,Poor
0.261,-92.92,-76.38,-16.53,5.87,-102.43,45.43,47.0,2,36.53,Fair
0.072,-78.99,-60.71,-19.49,19.45,-102.95,29.17,40.0,0,54.19,Fair
0.179,-89.76,-75.5,-13.11,12.05,-108.47,19.57,42.0,0,55.89,Good
0.256,-94.74,-77.66,-16.8,12.43,-111.82,16.54,35.0,1,54.29,Fair
0.042,-78.27,-58.98,-19.2,13.39,-97.99,70.4,54.0,1,42.23,Fair
0.112,-87.24,-67.4,-19.5,15.1,-103.85,33.38,41.0,1,53.24,Fair
0.41,-98.83,-82.06,-16.71,-4.43,-97.87,53.61,55.0,1,35.8,Fair
0.599,-98.86,-72.66,-19.5,-10.0,-91.27,77.57,77.0,1,14.07,Poor
2.882,-103.97,-86.48,-16.47,-10.0,-97.65,41.98,57.0,2,28.52,Poor
1.217,-108.69,-95.72,-12.26,-3.84,-109.02,22.38,24.0,2,35.22,Fair
0.463,-98.6,-76.96,-19.5,-6.78,-97.58,71.45,63.0,2,17.06,Poor
0.246,-92.06,-72.24,-18.43,3.74,-103.9,27.5,46.0,3,42.47,Fair
0.455,-99.93,-81.23,-17.03,-4.98,-98.49,49.89,52.0,2,30.26,Poor
0.693,-96.44,-79.83,-15.4,1.43,-105.44,18.27,28.0,1,43.04,Fair
0.057,-88.7,-69.52,-19.48,14.65,-107.71,13.04,28.0,0,50.64,Fair
0.237,-93.67,-70.81,-19.5,-4.86,-96.77,70.23,55.0,4,32.43,Poor
0.824,-99.06,-80.45,-19.03,-9.26,-96.29,51.56,52.0,1,24.25,Poor
0.218,-91.98,-78.39,-14.09,2.82,-98.49,25.06,32.0,2,39.12,Fair
0.382,-98.94,-91.3,-7.29,-9.56,-95.44,66.69,57.0,5,34.22,Poor
0.399,-94.27,-75.12,-19.17,13.06,-109.61,10.54,32.0,3,52.1,Fair
0.092,-79.72,-64.68,-14.22,25.14,-107.7,25.45,29.0,3,73.36,Good
0.202,-89.32,-71.62,-15.88,8.72,-101.98,22.92,24.0,3,48.03,Fair
0.183,-92.51,-76.94,-14.52,3.27,-101.06,16.42,24.0,1,52.05,Fair
0.02,-68.62,-53.26,-14.19,18.91,-90.27,65.67,57.0,3,55.63,Good
0.02,-72.05,-56.35,-16.98,24.21,-97.15,51.16,56.0,1,56.48,Good
0.802,-99.11,-83.14,-16.23,-4.42,-98.86,44.01,51.0,2,29.57,Poor
0.144,-81.27,-60.94,-19.5,19.42,-104.87,29.79,39.0,2,59.63,Good
0.328,-104.78,,-19.5,0.98,-107.66,22.16,35.0,1,28.67,Poor
0.16,-87.68,-73.3,-13.06,4.1,-95.89,45.04,47.0,0,43.27,Fair
1.271,-113.03,-98.25,-15.24,-10.0,-96.78,53.04,54.0,1,24.52,Poor
0.135,-76.91,-57.77,-18.8,30.0,-114.77,3.13,25.0,1,76.35,Excellent
0.253,-93.96,-72.8,-19.36,7.25,-106.26,25.54,44.0,1,43.47,Fair
0.928,-100.37,-79.26,-19.5,-4.02,-100.69,59.32,59.0,2,25.9,Poor
0.83,-102.53,-87.54,-14.62,-1.58,-104.8,32.52,45.0,0,39.49,Fair
0.093,-86.64,-65.68,-19.5,5.26,-91.98,54.43,50.0,2,34.15,Poor
0.73,-104.97,-92.3,-12.27,-8.31,-103.84,15.7,24.0,3,30.26,Poor
0.276,-86.5,-69.11,-17.36,12.52,-104.81,20.63,23.0,3,57.56,Good
0.297,-89.66,-70.19,-19.5,,-99.85,33.83,42.0,1,44.23,Fair
0.064,-72.55,-60.78,-12.98,27.02,-107.42,2.51,27.0,0,73.53,Good
0.038,-75.56,-51.28,-19.5,11.58,-93.31,67.92,81.0,3,42.05,Fair
0.586,-98.22,-76.24,-19.5,-10.0,-90.84,63.68,66.0,0,26.99,Poor
0.309,-94.89,-74.95,-19.5,0.24,-102.48,36.77,46.0,0,38.95,Fair
0.258,-93.43,-78.32,-15.09,5.09,-102.44,28.64,37.0,1,43.17,Fair
0.588,-103.58,-85.78,-16.33,-10.0,-95.75,55.86,68.0,2,22.98,Poor
0.653,-99.97,-79.6,-18.21,-8.66,-96.27,54.54,56.0,1,25.38,Poor
0.078,-85.1,-70.46,-14.33,-7.48,-82.5,95.87,84.0,4,25.07,Poor
0.424,-94.8,-77.34,-17.45,2.47,-102.51,26.65,39.0,3,42.44,Fair
0.065,-79.77,-59.04,-19.5,20.62,-104.64,30.73,33.0,3,55.95,Good
0.626,-98.8,-85.28,-12.57,-3.86,-101.2,24.83,32.0,0,36.66,Fair
0.481,-90.97,-71.97,-18.31,-1.02,-92.26,50.95,55.0,4,35.65,Fair
1.412,-107.15,-94.42,-13.75,-10.0,-101.19,27.25,33.0,3,36.73,Fair
0.032,-71.38,-56.22,-15.2,14.03,-90.65,65.56,61.0,3,54.19,Fair
0.026,-64.56,-48.07,-16.46,30.0,-107.12,30.53,37.0,1,72.74,Good
0.149,-82.31,-62.77,-18.42,4.15,-92.71,65.92,58.0,3,42.1,Fair
0.137,-82.16,-66.26,-15.54,6.72,-95.53,61.9,45.0,2,44.6,Fair
0.128,-87.41,-69.04,-17.74,16.0,-109.1,17.06,,0,53.51,Fair
1.065,-103.64,-87.7,-15.85,-0.58,-106.1,28.64,43.0,1,30.89,Poor
0.129,-91.56,,-15.02,-2.96,-90.89,66.0,56.0,3,30.13,Poor
0.143,-85.16,-63.41,-19.5,6.82,-96.76,44.51,41.0,1,41.4,Fair
0.641,-99.05,-84.5,-14.6,-0.91,-102.93,38.88,52.0,2,34.83,Poor
0.269,-92.53,-72.25,-18.73,-2.42,-98.4,31.81,38.0,1,32.42,Poor
0.675,-96.49,-78.49,-18.37,2.65,-103.43,24.25,32.0,2,38.23,Fair
0.03,-78.78,-62.5,-15.34,12.66,-96.76,43.96,43.0,1,51.61,Fair
0.301,-87.06,-72.71,-13.54,17.53,-109.3,19.37,32.0,2,61.77,Good
0.02,-66.84,-52.28,-14.56,30.0,-110.58,12.85,30.0,1,69.84,Good
0.029,-73.86,-58.07,-15.97,29.89,-108.53,21.67,35.0,4,69.35,Good
1.066,-105.16,-87.61,-17.35,-10.0,-91.91,59.29,56.0,4,24.7,Poor
0.067,-78.79,-58.98,-18.84,20.75,-102.95,34.03,45.0,5,67.01,Good
0.342,-88.62,-71.53,-16.77,4.67,-99.31,34.0,41.0,2,45.0,Fair
0.238,-91.17,-73.87,-15.96,,-86.44,61.67,57.0,2,24.55,Poor
0.192,-89.14,-71.39,-18.23,6.56,-99.83,59.55,38.0,2,33.3,Poor
1.035,-104.24,-84.81,-18.22,-10.0,-99.04,43.68,42.0,4,23.38,Poor
0.02,-63.32,-43.38,-19.5,30.0,-110.55,6.29,22.0,2,71.76,Good
0.491,-99.31,-85.47,-13.58,-10.0,-96.6,41.13,47.0,2,25.33,Poor
1.488,-107.58,-90.42,-16.9,-10.0,-94.94,62.75,67.0,3,19.52,Poor
0.37,-89.52,-67.84,-19.5,3.31,-97.55,36.66,34.0,1,43.67,Fair
1.243,-105.31,-91.26,-12.86,-10.0,-95.86,55.75,55.0,1,23.38,Poor
0.024,-67.46,-49.24,-18.58,30.0,-105.79,34.1,44.0,0,72.5,Good
0.244,-95.44,-77.95,-17.11,-0.35,-99.81,45.46,48.0,3,28.9,Poor
0.136,-87.53,-71.23,-17.35,12.16,-104.69,15.06,29.0,1,52.43,Fair
0.591,-93.5,-70.73,-19.5,-4.57,-91.85,72.64,60.0,0,29.16,Poor
1.791,-111.77,,-18.92,-10.0,-95.77,68.62,51.0,3,20.34,Poor
0.133,-87.17,-64.64,-19.5,9.3,-98.85,42.93,40.0,3,39.84,Fair
0.478,-96.58,-78.56,-18.04,-5.93,-97.65,73.06,65.0,4,26.67,Poor
0.099,-87.99,-68.61,-19.5,11.76,-104.07,49.97,47.0,4,37.35,Fair
0.375,-97.16,-80.89,-15.4,-5.35,-95.65,46.47,49.0,1,30.08,Poor
0.281,-92.54,-76.24,-16.15,-5.91,-92.72,55.24,69.0,4,35.28,Fair
1.609,-107.95,-88.72,-18.81,-10.0,-90.27,60.43,57.0,3,18.33,Poor
0.422,-91.41,-72.12,-18.72,2.17,-100.71,21.38,23.0,0,37.47,Fair
0.194,-83.61,-63.82,-19.5,14.76,-103.46,34.09,31.0,0,48.75,Fair
0.055,-82.31,-63.18,-19.5,10.08,-98.69,38.93,51.0,1,46.51,Fair
0.074,-81.03,-67.04,-13.71,14.37,-98.93,43.78,59.0,2,54.24,Fair
0.115,-82.58,-67.0,-15.39,14.33,-104.13,18.48,35.0,1,54.87,Fair
0.13,-80.28,-59.73,-19.05,15.32,-102.14,24.45,29.0,0,52.15,Fair
0.856,-99.78,-87.66,-11.51,-10.0,-89.92,60.68,64.0,3,31.33,Poor
0.371,-94.24,-75.36,-19.5,-0.04,-100.3,36.01,36.0,2,26.06,Poor
0.333,-91.82,-74.16,-18.88,-3.32,-97.07,39.8,52.0,2,34.79,Poor
0.055,-76.25,-55.7,-18.1,10.36,-95.0,59.38,60.0,2,43.6,Fair
0.885,-106.66,-87.41,-18.93,-10.0,-95.24,70.47,71.0,4,14.98,Poor
0.577,-98.47,-82.47,-15.94,1.23,-108.57,9.31,22.0,3,45.36,Fair
0.032,-68.41,-52.54,-14.82,30.0,-104.15,26.22,41.0,1,76.66,Excellent
0.554,-99.71,-83.28,-16.42,1.97,-104.4,37.7,44.0,1,33.62,Poor
0.353,-94.46,-74.72,-19.5,-0.47,-99.61,57.58,56.0,3,26.73,Poor
0.038,-76.87,-65.78,-12.25,19.99,-101.37,23.55,39.0,1,63.84,Good
0.276,-102.1,-83.63,-17.15,-1.93,-104.49,15.9,20.0,2,32.93,Poor
0.298,-93.44,-78.09,-14.03,11.47,-108.45,0.25,16.0,2,56.49,Good
0.082,-81.13,-62.56,-19.21,6.91,-94.7,48.28,50.0,1,41.37,Fair
1.311,-108.41,-89.37,-19.5,-10.0,-95.39,48.97,56.0,2,18.02,Poor
0.854,-107.25,-94.24,-13.1,-10.0,-101.97,14.33,36.0,2,34.72,Poor
0.498,-101.48,-84.16,-16.82,-6.2,-102.22,36.8,40.0,0,30.0,Poor
0.279,-89.89,-71.43,-18.98,4.54,-100.06,27.65,37.0,2,43.94,Fair
0.239,-83.71,-65.44,-18.53,,-100.16,47.91,43.0,2,43.58,Fair
0.474,-92.0,-74.36,-17.01,-3.22,-94.32,70.11,52.0,1,26.67,Poor
0.355,-100.4,-86.06,-13.97,-0.48,-106.01,32.81,38.0,0,43.18,Fair
0.029,-70.1,-55.31,-13.75,18.07,-95.05,53.13,51.0,2,61.51,Good
0.323,-96.87,-83.01,-14.04,-10.0,-90.36,68.5,57.0,1,28.19,Poor
0.739,-103.71,,-19.5,-10.0,-93.45,69.31,74.0,3,11.99,Poor
0.277,-94.72,-77.06,-18.61,3.59,-101.88,44.25,45.0,1,39.3,Fair
0.024,-69.14,-51.29,-17.86,22.77,-94.57,45.86,50.0,1,66.38,Good
0.694,-97.01,-84.12,-14.79,-5.02,-93.74,63.32,70.0,1,26.76,Poor
0.101,-84.58,-66.68,-18.68,18.42,-104.26,24.76,24.0,2,54.13,Fair
0.135,-86.97,-67.07,-19.5,12.75,-103.3,14.99,35.0,3,46.14,Fair
0.081,-80.42,-67.94,-14.08,15.52,-95.99,31.92,44.0,0,52.03,Fair
0.18,-86.9,-70.51,-16.82,2.58,-95.75,54.54,60.0,1,44.51,Fair
0.636,-95.38,-82.09,-11.83,-6.72,-91.99,64.91,61.0,2,31.88,Poor
0.33,-99.53,-82.79,-15.94,-3.3,-101.95,21.03,35.0,0,39.01,Fair
0.103,-84.27,-68.98,-15.0,7.93,-98.43,58.16,58.0,1,40.46,Fair
0.946,-107.8,-88.66,-18.8,-10.0,-101.23,60.6,60.0,6,21.92,Poor
0.953,-103.79,-85.28,-18.0,-7.13,-99.96,35.47,37.0,3,27.01,Poor
0.92,-104.19,,-19.5,-3.28,-105.79,11.53,26.0,1,26.35,Poor
0.123,-86.04,-68.2,-18.07,9.09,-103.35,25.36,30.0,2,46.98,Fair
0.27,-95.86,-76.84,-17.81,3.95,-104.78,13.99,28.0,2,44.74,Fair
1.89,-115.48,-99.15,-15.59,-10.0,-101.04,26.78,26.0,1,24.91,Poor
0.665,-108.85,-94.16,-14.72,-5.54,-107.33,15.2,35.0,2,34.81,Poor
0.02,-70.97,-50.46,-19.5,23.67,-100.0,38.91,40.0,4,56.33,Good
0.03,-75.65,-53.92,-19.5,21.64,-104.03,40.39,32.0,0,47.99,Fair
0.281,-95.7,-75.58,-19.5,-10.0,-89.01,72.08,57.0,0,13.87,Poor
1.08,-99.38,-80.99,-18.41,-6.21,-98.02,39.81,46.0,1,29.46,Poor
0.348,-98.3,-83.22,-14.87,-0.17,-106.76,24.89,43.0,7,39.51,Fair
0.31,-88.19,-66.76,-19.5,8.79,-101.85,38.52,47.0,2,43.17,Fair
0.05,-71.68,-51.94,-18.82,28.98,-103.18,27.94,33.0,2,71.94,Good
0.481,-105.47,-81.39,-19.5,-5.65,-105.26,17.31,33.0,0,32.3,Poor
0.777,-101.45,-86.91,-13.03,-4.77,-100.1,48.08,42.0,0,37.3,Fair
0.215,-92.3,-71.72,-19.5,2.74,-101.21,31.25,39.0,4,33.8,Poor
0.672,-112.21,-92.57,-19.5,-10.0,-99.09,29.9,41.0,2,13.65,Poor
1.502,-113.32,-96.34,-17.49,-0.06,-112.79,2.28,19.0,9,33.25,Poor
0.103,-81.2,-59.11,-19.5,25.41,-110.54,22.12,22.0,2,63.86,Good
0.333,-86.41,-67.2,-18.87,-2.05,-88.12,77.09,63.0,2,31.64,Poor
0.152,-84.1,-68.91,-15.82,17.5,-105.9,19.01,27.0,2,62.16,Good
0.708,-99.72,-82.08,-15.78,-6.81,-100.37,42.81,51.0,3,31.48,Poor
0.388,-95.88,,-14.51,-7.96,-93.36,79.18,54.0,1,24.0,Poor
0.453,-90.41,-73.82,-16.36,1.49,-95.33,49.27,41.0,5,40.54,Fair
0.72,-92.56,-72.45,-19.5,10.73,-104.88,40.67,47.0,2,40.92,Fair
0.227,-93.5,-72.53,-19.5,-1.68,-96.45,52.11,49.0,3,28.46,Poor
1.11,-112.91,-94.25,-19.5,-10.0,-103.37,3.21,22.0,4,25.34,Poor
0.343,-103.12,-87.37,-18.25,-3.14,-102.7,23.25,32.0,4,34.93,Poor
0.077,-76.59,-57.45,-19.0,19.35,-101.09,21.29,39.0,1,56.48,Good
0.536,-98.78,-78.61,-19.5,-10.0,-90.92,65.1,44.0,0,21.09,Poor
0.709,-100.3,-88.21,-12.63,2.36,-107.73,1.41,24.0,5,46.13,Fair
0.171,-95.89,-77.54,-16.99,7.81,-106.73,26.77,33.0,3,45.14,Fair
0.876,-105.87,-88.44,-18.25,-10.0,-99.05,30.2,41.0,3,20.9,Poor
1.065,-105.73,-84.87,-19.5,-6.65,-108.05,31.65,44.0,1,27.76,Poor
0.146,-86.51,-67.35,-19.5,7.35,-93.53,65.07,58.0,2,39.36,Fair
1.848,-110.93,-91.48,-19.5,-6.08,-105.5,31.04,47.0,3,19.73,Poor
0.068,-84.96,-68.4,-16.33,5.78,-97.22,55.48,48.0,0,40.65,Fair
0.102,-87.36,-69.35,-17.47,3.65,-97.14,70.96,67.0,1,36.53,Fair
0.092,-78.5,-57.67,-19.5,15.4,-99.65,41.13,43.0,1,54.79,Fair
1.01,-103.12,-85.31,-18.63,-5.82,-100.89,47.11,50.0,0,23.63,Poor
0.478,-95.16,-76.63,-17.02,-2.89,-98.45,46.28,51.0,4,31.76,Poor
0.074,-85.13,-71.73,-14.66,18.09,-105.78,23.15,34.0,3,61.15,Good
0.261,-104.19,-86.39,-19.5,-5.48,-105.08,18.65,22.0,3,27.19,Poor
0.43,-98.78,-86.82,-13.79,-2.75,-101.11,56.6,57.0,3,28.06,Poor
0.039,-79.55,-63.1,-17.46,18.41,-103.6,48.94,48.0,0,55.38,Good
0.963,-102.29,-84.1,-16.82,-10.0,-99.69,35.94,42.0,1,31.37,Poor
0.732,-88.16,-67.86,-19.5,16.23,-107.58,19.04,28.0,1,53.2,Fair
0.317,-91.26,-76.26,-16.5,-3.23,-94.55,64.13,50.0,3,33.1,Poor
1.537,-96.79,-77.67,-18.6,3.7,-105.86,4.1,13.0,3,47.43,Fair
0.243,-89.49,,-19.5,11.31,-109.06,19.15,29.0,1,54.22,Fair
1.864,-111.93,-95.86,-14.19,-10.0,-96.72,50.08,45.0,2,20.65,Poor
0.496,-96.54,-83.18,-11.87,-7.45,-92.8,52.43,59.0,0,35.42,Fair
0.453,-90.02,-71.15,-18.01,3.64,-98.72,25.79,27.0,0,46.02,Fair
0.082,-75.03,-60.6,-16.75,30.0,-111.95,3.81,16.0,0,61.6,Good
0.961,-105.97,-90.43,-16.41,-6.42,-104.19,20.51,38.0,3,28.06,Poor
0.251,-91.01,-70.24,-19.5,-7.74,-91.28,70.41,63.0,3,22.34,Poor
0.08,-87.85,-64.22,-19.5,11.19,-104.28,33.19,41.0,3,42.75,Fair
0.02,-67.15,-52.15,-15.51,26.2,-96.54,51.51,54.0,1,63.39,Good
0.369,-89.16,-73.37,-14.11,15.25,-109.96,8.9,23.0,0,65.58,Good
0.337,-94.43,-77.75,-17.67,5.72,-104.88,42.61,35.0,2,34.39,Poor
0.572,-101.83,-85.47,-15.69,-0.97,-104.87,21.67,32.0,1,37.38,Fair
0.994,-102.52,-78.72,-19.5,-1.2,-106.62,6.58,22.0,1,25.65,Poor
0.037,-73.98,-57.57,-14.49,25.69,-106.26,19.75,23.0,1,68.42,Good
0.592,-99.13,-82.3,-16.01,-10.0,-90.24,55.87,54.0,3,28.48,Poor
0.093,-82.78,-59.94,-19.5,12.83,-102.03,43.93,57.0,3,49.04,Fair
0.879,-103.58,-83.85,-19.5,-10.0,-92.21,65.79,61.0,2,18.49,Poor
0.769,-97.75,-76.79,-19.5,-1.9,-103.43,48.93,47.0,0,32.5,Poor
0.35,-91.97,-76.68,-14.83,0.73,-100.77,44.15,48.0,1,39.33,Fair
0.557,-102.87,-86.46,-16.41,-3.79,-102.07,18.48,30.0,1,38.21,Fair
0.17,-92.69,-77.81,-13.94,3.07,-101.84,46.68,47.0,0,39.21,Fair
0.287,-94.2,-73.79,-19.5,8.36,-105.17,44.63,56.0,3,34.5,Poor
0.776,-98.86,-77.18,-19.5,0.57,-102.7,48.64,61.0,4,30.81,Poor
0.277,-92.28,-76.08,-16.1,3.26,-99.92,30.51,36.0,2,34.48,Poor
0.199,-92.61,-75.7,-16.73,-0.57,-96.87,30.43,41.0,2,40.78,Fair
0.307,-92.72,-75.68,-15.92,2.13,-100.0,65.03,54.0,2,28.72,Poor
0.793,-103.32,-89.96,-12.86,-0.91,-103.81,15.15,32.0,2,35.97,Fair
0.184,-85.81,-69.83,-14.77,6.61,-97.52,56.94,51.0,1,42.27,Fair
0.086,-81.45,-61.13,-19.5,-0.73,-85.97,86.1,79.0,1,26.69,Poor
0.56,-100.24,-84.87,-16.06,-4.89,-101.36,41.3,38.0,1,33.13,Poor
0.787,-101.0,-82.72,-18.68,,-92.03,59.52,47.0,4,22.47,Poor
0.048,-72.5,-58.42,-15.84,16.24,-98.0,51.08,54.0,2,56.24,Good
0.123,-88.18,-70.61,-18.1,19.6,-112.16,8.9,27.0,3,60.16,Good
0.069,-79.28,-62.97,-16.06,15.2,-100.73,47.59,53.0,2,52.82,Fair
0.192,-90.01,-75.68,-12.03,13.38,-105.47,27.48,36.0,0,57.45,Good
0.269,-90.93,-70.56,-19.5,8.88,-105.53,30.3,36.0,1,39.85,Fair
0.622,-102.5,-81.96,-19.5,-10.0,-93.96,56.61,46.0,1,21.57,Poor
0.474,-97.09,-82.0,-17.61,9.57,-108.85,13.69,25.0,1,42.25,Fair
0.437,-92.39,-75.04,-17.13,2.73,-101.99,32.67,52.0,2,46.43,Fair
0.195,-93.62,-75.48,-17.76,-1.37,-95.55,54.95,59.0,1,31.92,Poor
0.829,-107.7,-95.14,-11.98,-10.0,-97.36,36.58,47.0,4,31.58,Poor
0.287,-98.35,-84.54,-13.38,3.07,-106.8,29.75,37.0,4,39.28,Fair
1.741,-113.5,-91.64,-19.5,-10.0,-105.31,25.85,26.0,6,13.8,Poor
0.452,-94.75,-79.95,-15.31,8.37,-105.16,20.46,37.0,1,45.44,Fair
0.061,-85.43,,-19.5,3.95,-95.73,43.75,38.0,0,41.2,Fair
0.507,-99.32,-85.35,-14.22,-10.0,-91.7,80.13,54.0,3,26.16,Poor
0.177,-86.53,-66.56,-19.5,7.96,-99.98,41.34,63.0,0,43.74,Fair
0.522,-96.7,-79.63,-18.73,-1.68,-99.1,45.84,56.0,2,30.19,Poor
0.032,-76.04,-58.55,-16.99,28.29,-107.96,11.51,23.0,0,69.39,Good
0.087,-82.08,-58.51,-19.5,15.74,-103.9,0.61,24.0,1,64.28,Good
0.871,-102.38,-88.15,-13.65,-7.82,-101.72,17.16,38.0,6,28.37,Poor
0.116,-86.26,-66.47,-19.5,2.25,-93.49,57.18,48.0,1,36.67,Fair
0.816,-103.09,-83.43,-19.5,-4.9,-101.27,21.94,23.0,2,30.21,Poor
0.147,-78.49,-50.42,-19.5,21.36,-103.87,22.18,33.0,1,60.64,Good
0.463,-94.1,-79.33,-15.58,11.58,-107.41,20.53,29.0,2,50.56,Fair
0.533,-88.63,-72.51,-16.34,-2.8,-93.55,57.67,62.0,4,33.28,Poor
0.323,-96.21,-75.76,-19.5,1.92,-103.17,48.56,52.0,2,28.95,Poor
0.164,-88.69,-71.29,-19.5,-2.92,-91.51,57.7,57.0,4,33.48,Poor
0.108,-90.04,-73.43,-14.35,-6.48,-89.92,90.58,83.0,0,29.69,Poor
0.02,-73.68,-52.81,-19.5,26.08,-103.94,39.78,40.0,0,58.31,Good
0.163,-80.69,-63.49,-17.91,8.93,-95.55,67.85,68.0,0,39.91,Fair
0.477,-99.67,-84.34,-16.46,-10.0,-94.54,53.65,47.0,0,23.81,Poor
1.253,-98.29,-78.11,-19.5,-10.0,-90.96,60.34,51.0,1,23.93,Poor
0.922,-108.28,-89.15,-19.5,-10.0,-96.35,37.04,45.0,2,20.61,Poor
0.654,-104.53,,-17.42,-10.0,-86.73,92.72,79.0,2,15.6,Poor
0.699,-102.27,-85.35,-15.86,-8.09,-100.24,59.84,56.0,6,21.66,Poor
0.492,-98.11,-82.86,-15.98,-7.77,-95.61,53.85,53.0,2,29.31,Poor
0.136,-83.02,-62.85,-19.5,11.32,-101.35,29.99,40.0,0,40.91,Fair
1.07,-102.79,-85.87,-17.55,-10.0,-94.87,39.44,52.0,2,15.46,Poor
0.5,-99.66,-83.97,-18.34,-10.0,-87.72,78.24,72.0,3,31.21,Poor
0.37,-95.92,-81.77,-13.18,0.81,-101.44,51.16,50.0,0,38.02,Fair
0.053,-79.91,-60.74,-19.03,16.26,-102.07,49.95,51.0,4,48.37,Fair
0.267,-96.21,-79.73,-16.19,-5.77,-96.28,43.02,44.0,0,32.81,Poor
0.278,-96.45,-84.49,-11.54,-2.77,-101.03,51.8,48.0,0,44.23,Fair
0.9,-98.98,-84.59,-12.92,-8.18,-95.05,40.66,47.0,4,29.77,Poor
0.356,-102.37,-85.07,-15.05,-10.0,-89.54,70.74,78.0,4,27.45,Poor
0.215,-84.24,-66.85,-16.04,9.21,-98.96,51.2,55.0,5,47.75,Fair
1.694,-109.95,-92.68,-17.02,-10.0,-101.49,34.71,46.0,1,22.05,Poor
0.053,-81.71,-64.85,-16.49,7.46,-95.8,74.8,59.0,1,45.57,Fair
0.247,-88.93,-75.36,-12.95,9.27,-100.93,37.72,42.0,1,52.17,Fair
0.02,-64.5,-49.13,-16.82,27.19,-98.01,56.53,50.0,1,66.52,Good
0.606,-95.19,-73.64,-19.5,-3.83,-100.35,37.86,44.0,1,25.43,Poor
1.126,-103.03,-81.92,-19.5,-2.54,-105.66,24.14,41.0,3,30.37,Poor
0.148,-83.11,-63.37,-19.5,13.25,-98.71,41.56,40.0,2,43.46,Fair
0.879,-109.76,-90.29,-18.87,-10.0,-100.65,24.92,42.0,2,23.25,Poor
0.156,-89.98,-69.26,-18.8,-0.13,-99.0,60.36,63.0,3,31.78,Poor
1.087,-108.38,-93.74,-16.69,-8.35,-107.52,22.93,35.0,1,30.38,Poor
0.631,-95.12,-77.02,-17.91,-3.48,-94.6,43.1,52.0,8,30.01,Poor
0.735,-102.88,-88.24,-15.46,-10.0,-93.65,51.99,48.0,0,25.05,Poor
0.02,-67.06,-52.37,-14.45,22.76,-96.14,76.25,76.0,1,63.78,Good
1.481,-105.28,-86.17,-18.49,-2.38,-106.82,22.34,36.0,2,26.89,Poor
0.584,-102.79,-81.95,-19.5,-3.75,-99.45,6.4,24.0,1,26.09,Poor
0.164,-90.67,-73.26,-16.45,-2.03,-91.99,58.71,49.0,1,33.03,Poor
0.796,-96.85,-73.9,-19.5,-4.89,-96.57,58.36,60.0,2,29.82,Poor
0.149,-90.61,-71.98,-19.19,13.44,-107.27,10.88,25.0,1,49.08,Fair
0.928,-102.86,-87.19,-16.87,-9.44,-101.83,46.33,51.0,2,30.9,Poor
0.054,-81.9,-67.16,-15.13,16.2,-104.69,9.58,29.0,4,57.74,Good
0.547,-100.04,-78.98,-19.5,-9.11,-94.97,57.93,57.0,2,20.09,Poor
0.35,-95.09,-76.71,-16.98,4.06,-103.3,38.61,46.0,4,35.22,Fair
0.046,-80.51,-60.49,-18.23,8.4,-92.4,81.74,70.0,1,36.78,Fair
0.125,-89.82,-79.8,-8.2,9.74,-102.39,37.72,45.0,1,58.03,Good
0.02,-69.3,-50.57,-18.49,30.0,-104.97,10.01,29.0,2,69.69,Good
0.285,-96.5,-80.03,-16.62,-6.5,-96.77,52.52,60.0,3,35.62,Fair
0.161,-91.45,-77.63,-11.81,14.89,-111.02,3.99,28.0,0,62.35,Good
0.41,-100.04,-82.23,-17.16,0.87,-104.12,30.83,,2,37.12,Fair
0.159,-88.38,-67.1,-19.5,4.35,-95.92,50.87,45.0,1,33.34,Poor
0.16,-84.39,-59.59,-19.5,16.74,-109.58,10.03,33.0,2,57.34,Good
0.612,-93.72,-74.99,-18.16,-6.26,-94.3,47.77,46.0,3,29.9,Poor
0.022,-74.21,-58.34,-17.9,29.09,-106.82,25.11,37.0,0,66.08,Good
1.049,-95.83,-80.13,-15.37,-6.03,-95.13,67.38,62.0,3,26.48,Poor
0.861,-106.72,-85.84,-19.5,-10.0,-97.04,55.47,68.0,2,12.69,Poor
0.496,-93.59,-78.58,-14.88,3.29,-103.03,21.36,33.0,1,47.79,Fair
0.405,-99.05,-79.19,-19.26,1.17,-102.12,20.66,32.0,0,38.44,Fair
1.003,-107.52,-88.64,-19.5,-10.0,-100.75,49.44,49.0,5,22.17,Poor
0.092,-86.37,-67.82,-19.5,0.97,-93.8,63.39,62.0,2,37.74,Fair
0.037,-75.81,-62.51,-12.26,9.46,-87.5,83.05,84.0,2,49.48,Fair
0.123,-83.56,-66.63,-18.19,11.13,-100.49,36.02,49.0,1,52.19,Fair
0.712,-98.38,-84.76,-11.6,1.17,-101.58,28.01,33.0,3,44.32,Fair
0.02,-74.22,-57.99,-15.93,21.8,-100.51,30.42,39.0,4,67.06,Good
0.393,-99.88,-79.13,-18.49,-1.92,-106.4,23.73,24.0,0,32.74,Poor
2.425,-115.37,-93.67,-19.5,-10.0,-107.17,23.87,,3,14.97,Poor
0.871,-103.26,-84.62,-18.82,-6.82,-98.87,57.87,,6,13.88,Poor
0.332,-95.28,-78.99,-16.58,1.54,-101.39,41.75,51.0,4,31.62,Poor
0.03,-77.51,-54.75,-19.5,15.24,-98.49,36.69,35.0,2,51.78,Fair
0.801,-101.01,-84.76,-16.71,-4.99,-101.1,30.38,38.0,3,35.42,Fair
0.411,-87.25,-72.66,-14.57,-1.07,-96.02,68.93,60.0,3,43.72,Fair
0.055,-80.97,-60.88,-19.5,25.39,-112.65,8.74,15.0,1,59.51,Good
0.044,-78.87,-59.49,-18.53,21.23,-104.5,33.34,39.0,0,54.49,Fair
1.082,-102.45,-86.08,-17.64,-8.75,-99.1,42.41,59.0,4,33.79,Poor
0.498,-100.19,-81.89,-17.15,-10.0,-97.72,62.32,51.0,1,17.38,Poor
0.795,-99.35,-80.02,-19.5,-7.49,-100.26,17.46,25.0,0,32.66,Poor
0.95,-106.44,-87.83,-17.98,-9.51,-100.15,31.41,36.0,2,21.92,Poor
0.382,-88.33,-68.95,-19.5,11.52,-104.9,25.35,28.0,2,44.39,Fair
0.328,-92.96,-76.48,-17.1,-4.36,-95.61,41.21,45.0,2,35.66,Fair
0.253,-94.59,-75.01,-19.5,4.22,-103.02,36.74,36.0,2,38.23,Fair
0.172,-91.09,-73.04,-17.36,1.21,-96.07,54.93,56.0,2,32.64,Poor
0.257,-94.27,-77.69,-17.98,2.41,-102.95,40.64,48.0,1,35.05,Fair
0.669,-95.03,-77.77,-18.0,3.07,-100.88,39.28,45.0,4,42.52,Fair
0.414,-101.45,-83.74,-15.14,-9.23,-100.22,39.97,42.0,2,21.41,Poor
1.004,-106.71,-93.05,-13.12,-10.0,-102.23,34.83,44.0,2,30.1,Poor
0.264,-94.7,-78.61,-15.75,-5.7,-93.83,79.53,70.0,2,29.01,Poor
0.42,-96.56,-78.36,-17.52,-5.0,-96.08,61.39,61.0,0,28.11,Poor
0.449,-98.15,-84.2,-16.02,-1.7,-103.24,36.89,46.0,1,30.14,Poor
0.403,-102.09,-85.95,-16.46,-6.26,-100.69,38.04,54.0,2,25.87,Poor
0.546,-100.36,-75.2,-19.5,0.64,-107.83,8.88,21.0,3,39.7,Fair
0.122,-86.19,-71.58,-15.41,5.24,-99.34,42.74,38.0,1,48.36,Fair
0.323,-96.73,-79.88,-17.05,5.46,-106.4,26.11,45.0,2,42.05,Fair
0.05,-75.32,-59.82,-14.6,21.8,-100.73,26.53,32.0,2,65.14,Good
0.218,-87.15,-69.5,-17.39,16.08,-104.63,9.82,17.0,3,54.16,Fair
0.301,-93.91,-78.36,-17.49,3.82,-101.64,15.87,31.0,2,39.4,Fair
0.475,-96.64,-79.36,-17.87,-2.77,-100.46,46.27,49.0,2,35.77,Fair
1.353,-115.28,-99.43,-16.18,-10.0,-105.67,9.72,29.0,1,32.3,Poor
0.413,-98.03,-76.86,-19.5,-3.66,-100.23,56.78,52.0,2,24.38,Poor
0.612,-95.74,-77.49,-17.41,-5.19,-100.44,39.4,49.0,1,32.55,Poor
0.318,-95.76,-80.77,-13.8,-4.99,-98.83,40.51,,6,35.71,Fair
0.452,-100.08,-79.56,-19.5,-10.0,-91.54,63.18,52.0,0,26.15,Poor
0.033,-65.55,-50.42,-15.65,29.4,-97.55,52.54,43.0,1,70.1,Good
0.132,-79.21,-65.9,-12.9,19.96,-107.07,20.19,41.0,0,64.0,Good
0.202,-88.29,-70.29,-17.38,16.99,-108.89,10.24,33.0,1,62.51,Good
0.288,-88.66,-64.94,-19.5,10.17,-104.12,10.76,27.0,3,51.98,Fair
0.021,-79.76,-67.25,-12.94,18.66,-101.75,51.42,66.0,2,59.83,Good
0.068,-83.91,-69.91,-14.23,14.26,-104.8,37.15,54.0,0,56.58,Good
0.146,-89.22,-68.96,-19.5,13.36,-106.26,30.12,35.0,2,43.47,Fair
1.602,-109.04,-92.97,-16.15,-10.0,-93.11,51.86,48.0,2,23.99,Poor
0.181,-91.17,-71.33,-19.5,8.97,-104.31,31.05,30.0,2,35.26,Fair
0.296,-103.66,-88.17,-15.4,-2.73,-107.44,20.52,34.0,1,35.86,Fair
0.098,-82.39,-63.96,-18.28,14.78,-102.77,30.83,40.0,3,48.68,Fair
0.425,-94.41,-71.17,-19.5,5.75,-105.21,17.72,29.0,2,38.68,Fair
0.148,-81.07,-66.65,-13.93,19.14,-105.4,41.85,46.0,3,59.41,Good
0.104,-87.61,-66.54,-19.5,11.38,-103.83,40.4,50.0,1,50.18,Fair
0.327,-97.8,-77.76,-19.5,-2.76,-98.99,52.3,38.0,4,34.28,Poor
0.02,-81.16,-67.63,-12.85,15.21,-100.72,36.05,56.0,4,56.91,Good
0.02,-71.62,-51.94,-19.5,24.57,-102.15,43.98,60.0,2,67.12,Good
0.111,-81.4,-63.18,-19.5,20.45,-105.88,15.72,23.0,3,57.05,Good
0.02,-72.89,-54.62,-19.48,27.82,-102.78,22.97,38.0,0,53.55,Fair
0.051,-69.82,-50.81,-18.74,30.0,-115.78,5.16,24.0,1,69.91,Good
0.186,-90.47,-73.52,-16.53,6.2,-101.58,43.48,53.0,2,43.06,Fair
0.73,-100.69,-82.48,-18.08,3.15,-108.3,10.54,29.0,0,41.85,Fair
0.382,-101.11,-82.39,-19.11,-8.35,-101.79,38.21,44.0,3,28.82,Poor
0.323,-93.07,-72.84,-19.5,0.58,-98.32,54.12,51.0,0,26.85,Poor
0.156,-95.85,-82.44,-10.67,-10.0,-91.75,64.27,,1,30.32,Poor
1.208,-102.87,-81.0,-19.5,-1.93,-105.02,15.64,23.0,2,30.49,Poor
0.228,-88.29,-73.75,-13.09,0.6,-97.99,44.82,53.0,0,44.61,Fair
0.041,-71.03,-50.74,-19.3,26.94,-102.48,40.78,47.0,2,60.03,Good
0.432,-100.81,-82.57,-17.5,-3.94,-100.2,30.42,24.0,2,29.73,Poor
0.054,-78.23,-64.07,-13.57,13.89,-96.99,33.87,40.0,2,57.89,Good
0.191,-87.39,-67.81,-19.5,2.8,-98.98,60.54,78.0,2,36.86,Fair
0.319,-92.32,-77.16,-16.35,-0.58,-95.9,70.07,58.0,2,40.9,Fair
0.933,-106.87,-85.66,-19.5,-10.0,-86.28,90.91,58.0,1,18.34,Poor
0.306,-103.31,-87.45,-17.5,-10.0,-98.09,56.11,55.0,2,22.7,Poor
0.545,-97.36,-83.84,-12.69,-0.77,-99.33,40.03,41.0,3,42.47,Fair
2.221,-111.55,-88.94,-19.5,-10.0,-93.83,57.65,47.0,3,14.83,Poor
0.063,-82.45,-63.91,-17.25,12.5,-100.58,36.97,47.0,3,53.41,Fair
0.145,-84.2,-63.6,-19.5,16.23,-104.39,35.59,39.0,5,47.47,Fair
0.226,-91.29,-75.85,-15.47,-10.0,-86.43,71.58,64.0,3,33.25,Poor
0.247,-97.15,-84.83,-10.95,5.39,-108.46,14.28,28.0,0,53.45,Fair
0.238,-99.3,-76.28,-19.5,-10.0,-90.66,61.72,71.0,0,21.59,Poor
1.072,-109.13,-91.15,-17.73,-10.0,-93.8,66.8,57.0,5,31.79,Poor
0.563,-89.46,-69.98,-19.5,-8.77,-87.33,72.79,55.0,1,20.53,Poor
0.421,-93.62,-73.65,-19.02,-0.5,-101.13,41.67,39.0,0,32.5,Poor
0.167,-87.73,-70.74,-16.92,11.57,-105.68,7.84,33.0,1,52.92,Fair
0.781,-102.59,-83.91,-17.3,-10.0,-92.62,57.78,54.0,2,22.14,Poor
1.396,-107.89,-85.11,-19.5,-8.16,-104.26,28.89,37.0,3,18.59,Poor
0.775,-97.12,-79.22,-19.38,2.16,-104.03,14.17,38.0,1,34.64,Poor
0.02,-72.41,-51.58,-18.94,25.17,-100.41,41.93,52.0,1,58.56,Good
0.455,-94.88,-82.85,-10.81,0.13,-102.41,28.1,31.0,1,38.65,Fair
0.024,-73.22,-51.85,-19.5,29.27,-106.77,27.22,35.0,1,69.61,Good
0.134,-78.85,-65.41,-14.13,12.85,-95.95,65.88,60.0,1,46.35,Fair
0.028,-70.16,-49.13,-19.5,24.65,-99.52,31.74,49.0,1,64.72,Good
0.417,-91.43,-72.26,-19.5,8.27,-101.14,32.63,35.0,0,38.49,Fair
0.522,-100.71,-83.0,-17.74,-7.98,-101.74,22.51,40.0,1,30.0,Poor
0.055,-74.69,-56.99,-15.95,17.89,-97.12,50.69,64.0,2,53.1,Fair
0.218,-92.06,-74.81,-17.11,-1.34,-98.44,43.67,50.0,4,34.52,Poor
0.274,-92.35,,-15.74,4.19,-101.65,26.28,42.0,0,40.47,Fair
0.207,-83.83,-66.45,-15.83,17.68,-106.8,31.18,37.0,3,54.14,Fair
0.058,-83.6,-58.97,-19.5,16.95,-107.64,9.39,31.0,1,62.25,Good
0.244,-90.98,-69.07,-19.5,10.73,-104.58,21.34,43.0,2,45.65,Fair
0.626,-98.19,-82.81,-16.31,1.96,-106.26,14.46,28.0,3,44.9,Fair
0.033,-72.59,-53.78,-19.41,25.78,-101.95,17.33,23.0,3,69.62,Good
0.038,-77.54,-59.25,-18.88,22.76,-105.4,33.01,41.0,1,53.96,Fair
0.197,-81.6,-64.02,-14.5,14.3,-102.44,40.66,44.0,1,46.83,Fair
1.279,-111.33,-96.33,-15.78,-10.0,-105.62,14.58,32.0,3,31.79,Poor
0.497,-92.11,-72.77,-19.5,0.02,-94.04,63.28,54.0,3,26.19,Poor
0.511,-93.32,-72.78,-19.5,5.37,-101.6,18.03,35.0,3,40.85,Fair
0.202,-82.55,-67.06,-15.17,20.88,-104.71,18.54,32.0,1,54.18,Fair
0.405,-102.53,-78.66,-19.5,-10.0,-97.1,36.37,33.0,1,31.72,Poor
0.02,-73.92,-51.35,-19.5,23.04,-105.61,18.65,26.0,0,66.12,Good
0.455,-91.21,-71.56,-19.5,,-95.73,71.51,64.0,3,23.8,Poor
1.1,-112.35,-98.04,-14.63,-10.0,-96.03,59.6,48.0,3,24.37,Poor
0.427,-103.05,-83.84,-19.37,-8.49,-100.02,34.68,37.0,2,17.79,Poor
0.931,-105.34,-86.5,-18.82,-5.6,-104.85,23.23,24.0,4,31.43,Poor
0.579,-98.5,-78.97,-19.5,-7.3,-97.1,63.29,57.0,2,22.97,Poor
0.058,-73.02,-50.25,-19.5,19.86,-95.79,49.66,46.0,4,50.46,Fair
1.047,-105.15,-87.68,-18.19,-10.0,-100.1,28.75,,4,25.36,Poor
0.031,-76.52,-52.38,-19.5,18.13,-98.9,38.58,44.0,0,45.4,Fair
0.344,-93.5,-74.28,-19.03,-2.23,-96.36,61.19,56.0,1,31.04,Poor
0.069,-79.02,-61.89,-19.24,18.48,-102.7,39.69,35.0,0,58.23,Good
0.02,-68.68,-43.48,-19.5,29.95,-106.57,6.22,33.0,3,68.13,Good
0.247,-92.59,-72.1,-19.5,-0.22,-96.98,60.54,51.0,1,26.92,Poor
0.157,-95.81,-79.18,-17.69,-4.0,-100.43,29.03,37.0,1,21.12,Poor
0.299,-97.23,-78.97,-16.43,-4.51,-98.42,67.22,50.0,3,35.59,Fair
0.387,-90.1,-70.2,-19.5,7.04,-105.45,22.38,26.0,2,42.69,Fair
0.02,-69.75,-52.2,-16.92,30.0,-103.8,46.85,46.0,1,68.42,Good
0.059,-80.86,-62.46,-17.23,18.06,-105.08,25.1,30.0,3,59.04,Good
0.368,-90.87,-75.32,-16.07,1.42,-99.22,30.02,39.0,3,44.66,Fair
0.189,-94.1,-81.16,-12.36,4.95,-102.5,23.09,28.0,2,46.59,Fair
0.588,-100.3,-81.98,-18.55,-2.78,-103.63,26.12,44.0,2,40.48,Fair
0.475,-97.01,-78.59,-18.07,4.38,-106.97,15.26,22.0,4,35.87,Fair
0.841,-104.27,-84.69,-19.5,-10.0,-98.88,70.87,62.0,4,16.49,Poor
0.531,-98.11,-81.84,-16.63,0.58,-100.99,54.29,66.0,4,31.37,Poor
0.253,-92.84,-78.87,-13.42,1.82,-98.61,42.64,52.0,2,44.7,Fair
0.503,-103.65,-88.54,-15.98,-10.0,-98.4,32.27,47.0,1,28.55,Poor
0.145,-86.56,-65.39,-19.5,5.27,-97.0,48.86,52.0,0,39.58,Fair
0.165,-93.69,-77.69,-14.74,5.13,-104.37,20.65,35.0,1,47.14,Fair
0.7,-100.25,-83.58,-15.23,-9.61,-95.72,29.74,32.0,2,33.74,Poor
0.266,-87.04,-69.97,-16.24,17.62,-108.92,7.2,21.0,3,68.05,Good
0.721,-102.29,-86.15,-16.03,-5.22,-100.84,58.49,67.0,1,22.23,Poor
0.778,-106.51,-90.59,-17.08,-3.88,-106.12,19.34,20.0,4,39.28,Fair
0.877,-103.38,-87.99,-16.66,-10.0,-96.25,62.85,48.0,1,26.77,Poor
1.118,-108.3,-86.1,-19.5,-10.0,-90.91,59.04,,0,17.24,Poor
0.254,-89.74,-69.7,-19.5,5.45,-101.65,17.59,30.0,3,45.17,Fair
0.173,-89.39,-67.65,-19.5,11.16,-104.54,21.95,38.0,0,44.07,Fair
0.393,-89.07,-66.72,-19.5,9.27,-101.45,31.04,33.0,2,44.73,Fair
0.209,-85.78,-74.83,-12.15,9.31,-99.84,33.05,32.0,2,57.03,Good
0.414,-96.96,-77.93,-18.27,-9.66,-93.45,55.17,50.0,2,29.77,Poor
0.55,-95.96,-79.72,-16.54,0.95,-102.07,29.45,45.0,3,41.37,Fair
0.525,-99.99,-78.64,-19.5,-10.0,-94.55,57.97,66.0,1,23.73,Poor
0.211,-90.4,-74.62,-12.94,11.45,-105.9,14.07,43.0,1,52.82,Fair
0.082,-83.84,-69.01,-14.76,14.41,-104.63,25.57,36.0,1,54.67,Fair
0.253,-89.04,-75.35,-14.05,5.52,-101.07,26.53,28.0,3,53.14,Fair
0.069,-75.2,-58.11,-16.38,16.93,-98.6,40.82,51.0,0,61.72,Good
0.994,-100.76,-80.01,-19.5,1.4,-104.3,31.55,29.0,5,28.07,Poor
0.191,-85.98,-67.21,-19.2,3.32,-94.23,54.66,59.0,0,36.09,Fair
0.076,-77.98,-63.59,-12.63,27.36,-108.61,6.73,20.0,2,63.78,Good
0.02,-68.24,-43.78,-19.5,14.34,-87.63,76.65,80.0,0,50.08,Fair
0.467,-101.96,-82.01,-19.5,-10.0,-94.55,56.46,44.0,2,19.58,Poor
0.456,-90.39,-70.06,-19.5,8.2,-103.08,27.67,41.0,3,51.98,Fair
0.187,-82.28,-60.43,-19.5,18.2,-106.11,38.49,32.0,3,50.92,Fair
0.033,-75.69,-62.61,-13.32,11.93,-93.14,85.71,85.0,1,57.42,Good
0.237,-93.02,-77.75,-14.94,-0.2,-98.15,11.81,37.0,0,44.82,Fair
0.168,-86.1,-65.63,-19.5,4.98,-92.48,69.41,59.0,3,37.19,Fair
0.509,-95.94,-80.38,-17.1,-3.19,-97.57,42.13,47.0,3,37.87,Fair
0.419,-97.27,-80.1,-16.28,-6.0,-98.01,42.52,,2,28.47,Poor
0.204,-95.24,,-17.22,-5.9,-94.01,38.18,47.0,1,33.67,Poor
0.111,-83.73,-69.56,-14.9,16.15,-104.83,15.03,29.0,2,56.64,Good
1.992,-107.78,-90.87,-19.24,-10.0,-92.35,67.2,64.0,5,15.78,Poor
0.272,-89.83,-69.09,-19.5,-3.88,-93.54,53.53,48.0,5,30.18,Poor
0.525,-97.01,-76.83,-19.5,-1.25,-102.12,30.88,35.0,1,39.52,Fair
0.068,-81.88,-60.54,-19.5,20.13,-109.17,26.96,40.0,4,61.61,Good
0.299,-89.57,-68.54,-19.39,9.09,-102.83,39.45,41.0,4,39.14,Fair
0.02,-70.18,-50.96,-19.46,14.25,-89.58,64.32,58.0,2,49.95,Fair
0.317,-95.9,-76.92,-19.5,4.03,-105.17,18.91,31.0,4,47.41,Fair
1.496,-108.23,-89.47,-18.34,-10.0,-101.45,24.08,31.0,2,31.07,Poor
0.218,-97.8,-81.68,-16.16,-2.85,-98.48,66.6,63.0,2,29.69,Poor
0.02,-71.17,-56.26,-15.62,27.02,-102.65,17.18,28.0,3,71.12,Good
0.02,-67.69,-51.76,-14.27,21.19,-96.01,44.04,49.0,1,59.43,Good
0.221,-89.57,-72.54,-16.3,6.2,-101.47,24.27,38.0,3,47.42,Fair
0.078,-75.92,-59.89,-16.01,12.99,-92.82,58.41,45.0,0,49.03,Fair
0.02,-71.5,-52.25,-17.78,30.0,-112.8,10.13,20.0,3,69.38,Good
0.635,-98.12,-79.52,-17.87,-10.0,-89.32,71.06,72.0,1,17.31,Poor
0.276,-89.68,-70.75,-16.68,20.84,-115.54,10.53,27.0,2,57.23,Good
0.154,-78.42,,-19.5,19.93,-105.75,21.99,28.0,3,62.62,Good
1.037,-103.74,-82.15,-19.5,-4.08,-107.96,15.38,30.0,3,33.62,Poor
0.056,-83.23,-65.25,-18.31,10.97,-100.71,37.03,42.0,1,44.49,Fair
1.405,-103.57,-82.54,-19.5,-10.0,-93.9,84.96,67.0,3,16.91,Poor
0.17,-81.18,-61.63,-19.5,16.86,-104.9,41.22,39.0,3,55.62,Good
0.987,-105.18,-83.79,-19.5,-10.0,-98.64,40.16,41.0,3,22.87,Poor
0.416,-93.03,-70.19,-19.5,0.14,-95.32,54.8,51.0,3,31.15,Poor
0.789,-97.03,-77.3,-18.13,-5.66,-97.14,46.6,55.0,1,27.69,Poor
1.861,-105.33,-87.02,-18.48,-3.14,-106.91,22.69,33.0,4,28.36,Poor
0.153,-87.25,-68.96,-19.5,12.77,-104.86,22.42,32.0,2,46.42,Fair
1.461,-110.1,-93.51,-16.11,-10.0,-101.29,41.69,45.0,4,30.21,Poor
0.222,-91.29,-74.8,-16.33,11.48,-107.78,22.48,29.0,1,44.73,Fair
0.219,-89.02,-68.31,-18.62,-1.6,-93.05,73.75,75.0,1,37.72,Fair
0.187,-85.86,-70.75,-15.47,11.46,-106.13,20.12,28.0,0,52.57,Fair
0.351,-93.59,-70.75,-19.5,13.44,-110.54,10.25,29.0,4,50.1,Fair
0.075,-83.17,-65.63,-18.26,14.62,-103.89,12.36,24.0,0,53.08,Fair
0.363,-93.0,-66.42,-19.5,5.21,-102.34,19.55,28.0,1,44.97,Fair
0.351,-91.49,-75.57,-16.08,7.16,-98.61,28.81,31.0,1,42.91,Fair
0.646,-98.7,-79.95,-19.5,-1.22,-101.08,31.13,31.0,2,30.41,Poor
0.807,-105.49,-88.55,-15.83,-10.0,-102.7,17.83,31.0,1,26.26,Poor
0.261,-93.1,-77.48,-14.6,1.7,-98.34,38.81,46.0,1,42.01,Fair
0.162,-84.45,-63.26,-19.5,10.24,-100.02,39.13,39.0,1,46.69,Fair
0.135,-92.21,-77.53,-14.33,5.18,-106.68,8.69,25.0,1,46.1,Fair
0.097,-92.23,-76.26,-16.98,5.68,-104.95,12.74,,2,45.0,Fair
0.027,-66.82,-47.06,-19.5,18.26,-90.62,71.55,60.0,1,52.36,Fair
0.189,-87.51,-67.28,-19.5,9.97,-102.68,28.16,32.0,1,45.66,Fair
0.142,-84.67,-70.84,-12.28,-1.68,-90.76,66.7,46.0,1,41.87,Fair
1.527,-111.99,-92.25,-19.5,-10.0,-96.1,54.69,48.0,7,20.64,Poor
0.367,-92.37,-73.98,-19.5,1.67,-100.54,27.92,38.0,2,32.56,Poor
0.192,-88.61,-73.36,-15.44,11.82,-103.7,37.69,48.0,4,50.43,Fair
0.391,-102.2,-86.57,-16.21,-3.49,-102.75,13.1,26.0,4,30.66,Poor
0.067,-75.01,-63.11,-12.14,19.93,-101.35,45.0,51.0,2,61.39,Good
0.264,-91.84,-68.68,-19.5,-5.15,-89.5,92.15,58.0,1,22.16,Poor
0.443,-98.53,-77.48,-19.5,-7.24,-94.21,45.61,48.0,2,25.14,Poor
0.302,-95.14,-81.01,-15.9,0.1,-100.68,42.46,39.0,3,39.88,Fair
0.231,-99.38,-78.98,-17.59,5.6,-107.57,9.39,20.0,3,37.86,Fair
2.291,-108.83,-92.55,-15.34,-9.89,-103.79,23.47,36.0,4,31.74,Poor
0.955,-102.56,-81.82,-18.86,2.13,-106.78,6.31,18.0,1,37.68,Fair
0.439,-97.65,-81.14,-17.78,-10.0,-88.11,59.72,50.0,1,28.13,Poor
0.379,-90.48,-73.57,-15.41,5.17,-102.91,31.78,41.0,1,37.48,Fair
0.436,-102.35,-85.21,-17.89,-10.0,-94.02,55.72,44.0,2,24.58,Poor
0.101,-86.57,-70.54,-15.5,13.42,-102.37,37.47,47.0,1,49.53,Fair
0.226,-94.53,-72.33,-19.5,4.6,-104.12,31.47,39.0,4,39.23,Fair
0.02,-71.56,-50.86,-19.5,18.76,-97.01,54.42,60.0,2,50.57,Fair
0.29,-93.02,-74.69,-19.0,-6.17,-92.62,66.84,57.0,3,24.69,Poor
0.352,-93.25,-72.17,-19.5,9.31,-109.53,26.26,33.0,2,38.47,Fair
0.116,-86.77,-73.66,-13.21,5.41,-97.07,51.77,50.0,3,48.07,Fair
1.496,-111.02,-96.7,-13.12,-10.0,-102.84,25.14,29.0,7,26.6,Poor
1.081,-97.94,-78.52,-18.45,4.28,-107.77,24.28,27.0,6,31.72,Poor
0.576,-89.58,-69.37,-18.82,2.56,-98.44,51.41,53.0,5,38.45,Fair
0.343,-94.16,-75.32,-18.7,3.83,-102.64,19.23,33.0,3,33.35,Poor
0.918,-106.29,-93.94,-11.97,-8.41,-104.21,19.68,30.0,4,36.74,Fair
0.063,-74.22,-59.41,-15.58,30.0,-110.67,8.12,24.0,3,75.88,Excellent
0.703,-106.74,-87.49,-19.5,-6.51,-103.38,21.68,32.0,4,31.3,Poor
0.06,-81.05,-55.77,-19.5,6.79,-92.48,50.52,47.0,1,41.47,Fair
0.711,-103.84,-82.19,-19.5,-6.1,-103.2,49.76,49.0,2,25.45,Poor
0.145,-91.94,-69.2,-19.5,2.2,-99.06,30.0,53.0,3,33.37,Poor
0.943,-104.62,-85.6,-18.53,-10.0,-97.77,42.04,49.0,1,24.42,Poor
1.297,-109.72,-90.73,-19.5,-8.01,-105.92,27.28,35.0,4,27.85,Poor
0.072,-81.27,-66.38,-13.66,6.01,-90.23,70.75,56.0,1,45.53,Fair
0.28,-92.85,-72.0,-19.5,-10.0,-86.83,85.53,79.0,1,13.33,Poor
1.783,-111.51,-93.73,-17.28,-10.0,-102.55,24.73,31.0,3,24.55,Poor
0.297,-94.97,-74.89,-19.5,-0.15,-100.51,43.76,43.0,1,28.09,Poor
0.896,-103.98,-85.89,-17.42,-10.0,-94.61,66.97,54.0,3,18.36,Poor
0.4,-92.82,-73.98,-18.37,-0.8,-97.29,58.23,46.0,2,29.21,Poor
0.212,-91.15,-73.41,-18.21,7.31,-101.51,26.87,41.0,1,51.83,Fair
0.151,-84.36,-65.69,-19.5,4.97,-91.28,59.66,62.0,1,41.9,Fair
0.102,-81.93,-60.93,-19.5,13.23,-103.99,17.04,41.0,3,51.43,Fair
0.646,-97.93,-83.73,-15.36,-0.32,-103.56,31.23,40.0,5,32.85,Poor
0.22,-85.33,-71.81,-13.87,8.96,-97.19,65.49,65.0,2,45.13,Fair
0.322,-98.67,-79.39,-19.5,0.26,-104.22,17.99,23.0,0,36.36,Fair
0.305,-95.61,-73.29,-19.5,3.78,-104.96,23.8,40.0,1,35.56,Fair
0.387,-88.73,-65.66,-19.5,9.15,-101.94,51.94,54.0,1,31.6,Poor
0.903,-104.15,-89.83,-14.0,-10.0,-98.34,48.61,58.0,3,26.61,Poor
1.777,-120.26,-103.47,-15.44,-10.0,-98.44,55.68,45.0,0,18.0,Poor
0.236,-92.29,-78.73,-13.37,16.2,-110.48,3.64,17.0,2,60.27,Good
0.791,-101.43,-85.09,-15.75,-4.7,-97.43,34.72,45.0,4,34.38,Poor
0.651,-110.75,-89.38,-19.5,-10.0,-98.99,37.45,48.0,1,22.68,Poor
0.383,-90.36,-72.4,-19.38,-1.54,-92.43,55.16,50.0,2,36.81,Fair
1.406,-109.82,-92.94,-16.9,-9.35,-106.61,2.86,25.0,3,39.85,Fair
0.101,-82.83,-63.2,-17.41,13.96,-104.18,25.89,26.0,1,52.21,Fair
0.052,-79.4,-63.79,-16.4,-2.23,-83.03,88.05,64.0,0,29.31,Poor
0.866,-107.91,-85.13,-19.5,-10.0,-95.82,61.66,55.0,3,23.29,Poor
0.26,-96.62,-78.6,-18.69,6.51,-107.4,20.84,27.0,2,38.65,Fair
0.845,-106.28,-89.49,-19.07,-6.28,-102.42,38.08,46.0,6,24.82,Poor
1.006,-99.72,-79.96,-18.75,-2.69,-101.59,21.12,37.0,1,28.49,Poor
0.029,-74.14,-53.32,-19.5,13.54,-92.56,71.49,71.0,5,51.27,Fair
0.967,-105.81,-83.02,-19.5,-8.85,-105.78,31.33,42.0,3,19.23,Poor
0.268,-96.32,-78.95,-18.6,8.39,-108.55,16.65,33.0,0,48.92,Fair
0.321,-89.38,-68.13,-18.3,3.65,-99.45,31.89,31.0,3,48.3,Fair
0.443,-91.1,-72.79,-17.08,-1.11,-95.5,51.84,61.0,1,37.93,Fair
1.174,-100.66,-84.5,-14.83,-10.0,-92.6,57.68,56.0,0,21.79,Poor
0.02,-68.47,-52.81,-14.77,29.53,-102.6,29.73,33.0,3,69.69,Good
0.292,-92.16,-77.46,-14.77,0.02,-95.23,57.57,46.0,0,35.52,Fair
0.524,-103.26,-87.49,-15.73,-5.73,-105.64,27.44,38.0,2,30.38,Poor
0.577,-100.22,-78.88,-19.5,-10.0,-87.27,79.5,65.0,4,14.52,Poor
0.531,-101.25,-81.13,-19.5,-5.54,-98.49,46.72,51.0,2,32.55,Poor
0.065,-87.69,-73.41,-14.14,,-104.43,37.14,30.0,2,52.27,Fair
0.16,-83.91,-71.15,-13.25,19.94,-111.08,13.98,17.0,2,59.25,Good
0.2,-92.84,-78.18,-15.0,-8.4,-92.12,64.16,66.0,2,29.95,Poor
0.734,-96.55,-80.88,-16.05,-10.0,-89.83,90.0,74.0,2,17.53,Poor
0.147,-83.88,-66.79,-18.08,17.61,-106.51,10.92,25.0,4,52.2,Fair
0.106,-82.4,-60.88,-19.5,16.8,-104.69,18.33,25.0,1,50.84,Fair
1.421,-104.6,-88.25,-15.1,-8.3,-101.47,33.8,53.0,3,35.08,Fair
0.02,-72.91,-49.86,-19.5,22.98,-101.71,30.61,43.0,2,60.88,Good
2.758,-105.38,,-14.32,-8.53,-99.82,35.03,43.0,4,33.96,Poor
0.508,-97.97,-81.01,-15.08,-2.07,-102.99,44.05,45.0,1,37.2,Fair
0.793,-100.79,-80.44,-19.5,-10.0,-94.6,78.55,75.0,5,14.03,Poor
0.157,-90.57,-70.03,-19.5,12.28,-109.81,14.8,30.0,4,49.27,Fair
0.02,-74.17,-57.18,-16.71,16.84,-95.27,70.39,63.0,1,54.25,Fair
0.603,-97.7,-76.7,-19.5,-1.45,-102.54,22.07,37.0,1,34.64,Poor
0.808,-101.29,-80.86,-19.5,-10.0,-95.74,70.59,56.0,6,18.69,Poor
0.607,-102.84,-86.88,-15.99,-6.8,-101.92,30.62,42.0,0,27.66,Poor
0.069,-86.7,-67.76,-19.5,,-98.15,50.83,53.0,2,41.7,Fair
0.63,-105.08,-84.97,-18.55,-8.68,-102.68,31.5,35.0,2,21.4,Poor
0.659,-95.61,-79.44,-15.03,6.2,-105.76,14.33,33.0,4,47.41,Fair
0.484,-100.16,-77.08,-19.5,-3.7,-99.05,39.01,43.0,2,26.53,Poor
0.654,-101.68,-86.18,-16.52,-10.0,-99.24,36.26,31.0,2,26.13,Poor
0.842,-96.71,-78.28,-19.36,-6.14,-95.82,54.25,46.0,2,27.86,Poor
0.428,-101.14,-86.89,-15.03,-8.98,-99.51,52.13,61.0,1,26.37,Poor
0.042,-79.53,-61.22,-19.14,4.69,-91.6,56.17,48.0,0,39.79,Fair
0.301,-96.67,-81.87,-13.48,-8.67,-91.13,74.75,75.0,2,23.51,Poor
0.036,-68.98,,-16.85,22.33,-93.81,35.22,42.0,0,68.01,Good
0.236,-83.51,-70.27,-13.43,15.07,-104.2,17.38,30.0,4,61.89,Good
0.235,-88.46,-68.06,-19.5,1.24,-94.22,62.11,55.0,3,37.52,Fair
0.031,-70.9,-51.83,-19.5,22.27,-96.22,58.28,52.0,2,52.63,Fair
0.193,-92.08,-70.82,-19.5,-0.41,-91.75,64.08,72.0,1,31.07,Poor
0.053,-70.85,-53.89,-17.7,25.54,-102.56,43.64,41.0,1,64.22,Good
0.743,-100.36,-78.96,-19.5,0.04,-104.74,32.73,39.0,3,31.8,Poor
1.328,-103.06,-84.94,-18.06,-10.0,-101.03,61.8,70.0,3,24.18,Poor
0.034,-75.25,,-17.03,25.51,-107.02,17.3,26.0,0,61.23,Good
1.397,-107.98,-83.64,-19.5,-5.77,-107.78,16.68,29.0,4,26.2,Poor
0.333,-87.82,-71.27,-17.55,8.15,-100.88,39.89,44.0,0,44.02,Fair
0.16,-85.99,-64.31,-19.5,3.34,-92.15,77.33,61.0,4,38.04,Fair
0.036,-69.56,-50.12,-17.35,15.85,-93.09,57.71,53.0,1,57.58,Good
0.312,-92.9,-76.62,-16.47,-9.26,-90.75,63.03,55.0,3,22.01,Poor
0.712,-104.46,-90.4,-12.28,1.52,-111.38,14.12,32.0,0,39.7,Fair
0.553,-101.2,-86.3,-15.45,-3.73,-98.18,45.11,31.0,5,33.59,Poor
0.023,-71.26,-49.87,-19.5,23.26,-101.15,31.3,46.0,2,60.25,Good
0.034,-77.4,-54.2,-19.5,29.22,-104.65,30.29,51.0,3,70.39,Good
0.232,-95.78,-77.5,-19.38,5.67,-103.85,21.45,40.0,0,41.29,Fair
0.157,-83.19,-64.76,-18.27,9.0,-98.14,64.37,70.0,2,41.1,Fair
0.119,-87.76,-67.43,-19.5,-1.24,-90.61,68.62,51.0,3,29.82,Poor
0.148,-86.94,-68.72,-19.38,4.83,-98.74,61.89,63.0,0,36.36,Fair
0.732,-100.12,-78.82,-19.5,-0.68,-103.52,12.32,29.0,2,23.65,Poor
1.192,-107.88,-89.01,-19.39,-8.32,-103.44,47.0,50.0,1,27.85,Poor
0.234,-85.61,-67.2,-16.8,1.95,-90.38,73.29,69.0,2,38.03,Fair
1.065,-109.02,-93.12,-15.26,-5.52,-105.74,1.8,22.0,2,32.03,Poor
0.175,-87.84,-72.68,-14.62,17.69,-112.89,6.9,21.0,1,60.75,Good
0.291,-92.33,-83.81,-7.26,10.4,-109.38,4.25,25.0,1,64.31,Good
0.115,-85.53,-63.83,-19.5,9.65,-99.99,15.86,45.0,1,41.37,Fair
0.46,-102.47,-84.91,-17.36,-0.47,-104.71,32.82,39.0,1,32.8,Poor
1.738,-105.32,-88.52,-14.1,-2.37,-106.75,12.23,24.0,3,33.26,Poor
0.416,-93.43,-81.29,-12.6,9.09,-104.53,26.47,30.0,2,47.29,Fair
0.199,-92.74,-76.66,-14.62,5.83,-103.68,30.84,33.0,1,46.62,Fair
0.47,-94.62,-78.94,-17.13,3.65,-104.91,50.18,40.0,4,38.31,Fair
0.059,-78.07,-62.45,-14.1,15.05,-96.51,42.67,51.0,2,53.63,Fair
0.988,-109.02,-90.03,-18.84,-4.6,-106.56,28.63,46.0,1,29.88,Poor
0.315,-97.4,-79.03,-18.03,-0.18,-101.59,30.43,37.0,0,38.43,Fair
0.268,-88.06,-74.14,-13.84,0.15,-91.35,73.51,56.0,0,37.13,Fair
0.397,-94.75,-80.65,-13.02,4.25,-102.78,24.43,36.0,2,42.76,Fair
0.441,-99.17,-85.07,-13.97,-9.23,-96.53,57.74,63.0,3,24.18,Poor
0.034,-78.19,-54.76,-19.5,11.36,-92.88,79.53,77.0,1,40.97,Fair
0.516,-100.34,-77.86,-19.5,-5.37,-99.94,53.54,50.0,0,19.51,Poor
0.125,-87.76,-72.32,-14.6,7.37,-100.28,32.88,38.0,0,52.7,Fair
0.563,-102.41,-90.34,-12.3,-8.05,-99.68,36.0,40.0,3,31.45,Poor
0.778,-108.8,-90.41,-19.11,-10.0,-96.45,41.6,56.0,1,8.64,Poor
0.733,-96.76,-78.62,-18.03,7.49,-109.64,11.77,30.0,1,35.72,Fair
0.362,-91.31,-72.36,-18.98,10.22,-105.68,28.26,48.0,2,45.06,Fair
0.33,-99.5,-79.28,-19.23,1.58,-104.51,40.45,44.0,1,26.41,Poor
0.069,-80.4,-61.05,-19.5,14.95,-101.26,37.74,58.0,2,52.57,Fair
0.672,-104.17,-89.52,-13.94,-10.0,-95.88,50.05,51.0,2,27.16,Poor
0.142,-88.18,-69.3,-18.99,2.01,-96.94,41.81,44.0,3,40.62,Fair
0.309,-95.2,-74.64,-19.5,4.13,-103.15,27.51,40.0,1,37.69,Fair
0.151,-89.32,-73.49,-15.75,0.31,-94.3,55.12,54.0,2,33.36,Poor
0.065,-72.33,-53.43,-19.22,24.21,-98.01,46.28,38.0,0,55.54,Good
0.447,-98.78,-82.44,-16.89,0.22,-102.76,30.38,48.0,1,41.21,Fair
0.025,-75.58,-51.59,-19.5,17.95,-95.83,66.81,54.0,2,50.74,Fair
0.621,-102.93,-88.91,-13.79,-10.0,-91.16,52.95,51.0,0,21.57,Poor
0.172,-84.58,-63.12,-19.5,19.75,-106.32,34.07,37.0,0,58.17,Good
0.02,-77.05,-64.07,-12.89,23.43,-107.28,18.67,26.0,2,70.64,Good
0.322,-97.24,-73.86,-19.5,-10.0,-92.08,75.23,66.0,2,20.16,Poor
0.022,-65.29,-50.72,-13.62,30.0,-98.83,59.14,48.0,2,70.5,Good
0.145,-86.34,-67.77,-18.16,14.26,-103.58,37.33,49.0,1,44.34,Fair
0.552,-98.09,-84.98,-14.13,4.56,-106.31,30.21,39.0,5,50.48,Fair
0.029,-65.05,-51.1,-12.39,24.95,-93.4,60.36,63.0,5,66.51,Good
0.823,-101.33,-80.64,-19.5,-1.28,-104.97,22.59,28.0,3,28.78,Poor
0.02,-73.28,-52.19,-19.5,15.61,-92.83,44.07,33.0,0,50.73,Fair
0.128,-87.31,-68.59,-19.5,6.64,-99.02,38.43,34.0,2,50.04,Fair
0.608,-104.23,-84.01,-19.5,-10.0,-97.75,47.1,46.0,2,14.57,Poor
0.171,-83.69,-62.56,-19.5,7.09,-98.2,50.59,59.0,3,35.94,Fair
0.048,-75.57,-59.62,-14.56,19.43,-101.36,23.24,28.0,3,63.91,Good
0.201,-85.61,-71.81,-11.87,22.2,-111.34,18.46,26.0,1,58.96,Good
0.142,-82.25,,-18.97,8.93,-97.2,39.54,48.0,2,49.49,Fair
0.832,-104.07,-87.81,-13.85,-7.11,-100.22,45.89,50.0,1,29.55,Poor
0.169,-92.4,-73.23,-19.5,6.74,-102.08,56.7,41.0,3,44.4,Fair
0.7,-101.12,-81.48,-18.91,-9.1,-97.87,63.74,,2,24.42,Poor
1.001,-107.51,-91.55,-17.15,-10.0,-96.09,41.0,35.0,3,17.43,Poor
0.256,-91.54,-71.43,-19.5,-2.05,-95.8,55.14,48.0,2,31.47,Poor
1.083,-100.17,-80.21,-18.61,-10.0,-92.53,43.38,44.0,3,29.73,Poor
0.213,-91.29,-71.12,-19.5,9.49,-108.49,15.41,,2,49.72,Fair
1.497,-106.91,-90.13,-17.28,-10.0,-101.09,36.96,35.0,4,30.74,Poor
0.042,-77.06,-56.72,-19.5,15.58,-97.32,53.26,60.0,0,45.84,Fair
0.523,-95.17,-75.61,-18.81,13.36,-113.75,4.83,22.0,3,51.09,Fair
0.306,-96.42,-76.5,-18.32,9.46,-109.09,6.08,33.0,2,47.16,Fair
0.221,-99.7,-76.67,-19.5,-10.0,-93.11,65.88,46.0,2,24.68,Poor
0.451,-95.21,-76.23,-19.5,3.72,-105.83,20.3,27.0,3,39.1,Fair
0.548,-94.83,-78.65,-17.59,-8.48,-90.65,59.7,47.0,8,27.2,Poor
0.02,-68.66,-53.99,-14.08,23.55,-98.72,52.86,47.0,1,60.83,Good
0.082,-84.96,-63.58,-19.5,1.15,-95.31,60.77,59.0,1,33.67,Poor
0.562,-103.55,-84.48,-19.24,2.99,-109.02,23.11,26.0,3,36.85,Fair
0.494,-95.91,-72.9,-19.5,7.89,-106.5,24.46,36.0,1,39.9,Fair
1.522,-107.09,-95.18,-12.43,-10.0,-94.97,83.58,79.0,4,25.45,Poor
0.644,-100.7,-79.96,-19.5,-9.12,-101.08,36.59,39.0,1,32.34,Poor
1.355,-99.36,-82.14,-17.79,-10.0,-90.11,75.27,,3,17.75,Poor
0.546,-102.54,-85.6,-17.54,-10.0,-95.02,52.96,59.0,0,20.07,Poor
0.159,-81.0,-65.29,-15.73,12.21,-100.15,39.15,42.0,0,52.18,Fair
0.05,-78.04,-57.34,-18.96,16.69,-102.83,30.19,43.0,1,51.15,Fair
0.685,-108.07,-88.23,-19.5,,-102.67,33.1,43.0,3,19.68,Poor
0.465,-98.08,-83.51,-13.96,-10.0,-92.43,73.02,66.0,1,29.02,Poor
0.022,-67.48,-48.99,-18.05,30.0,-105.55,34.75,45.0,2,63.17,Good
0.201,-91.56,-71.44,-19.5,7.79,-103.32,28.01,44.0,5,39.77,Fair
1.414,-112.91,-94.38,-19.43,-10.0,-104.95,32.53,32.0,4,17.69,Poor
0.312,-94.58,-73.25,-19.5,,-102.93,29.8,51.0,3,39.29,Fair
0.255,-95.6,-78.47,-17.35,1.63,-104.37,37.22,48.0,5,29.41,Poor
0.275,-90.86,-79.63,-11.15,-1.38,-95.61,46.8,40.0,1,49.89,Fair
0.105,-81.45,-62.89,-18.79,8.24,-94.23,43.66,51.0,1,41.33,Fair
0.207,-94.59,-76.04,-18.63,0.81,-98.27,61.35,63.0,5,30.14,Poor
0.208,-93.22,-74.28,-19.5,8.23,-107.27,21.37,37.0,2,43.25,Fair
0.024,-69.0,-47.68,-19.42,30.0,-108.93,12.75,20.0,0,75.01,Excellent
0.657,-103.79,-91.65,-10.99,-10.0,-96.96,53.9,46.0,3,35.73,Fair
0.242,-96.06,-78.77,-15.93,-0.29,-100.99,23.56,31.0,0,42.57,Fair
0.777,-106.54,-91.3,-14.62,-5.66,-108.12,27.85,37.0,4,31.98,Poor
0.855,-101.24,-86.86,-13.96,-0.09,-108.35,9.02,26.0,3,37.71,Fair
0.107,-83.45,-65.67,-18.49,7.67,-98.13,29.12,48.0,4,50.36,Fair
0.482,-100.41,-80.31,-19.5,-1.89,-105.02,38.32,48.0,2,25.82,Poor
0.288,-93.19,,-19.5,-7.3,-89.36,67.2,62.0,2,24.45,Poor
0.955,-97.5,-81.56,-14.98,4.4,-105.72,28.68,47.0,1,41.63,Fair
0.109,-88.75,-71.19,-16.19,8.56,-101.76,49.0,54.0,2,37.85,Fair
0.51,-105.97,-85.18,-19.5,-10.0,-100.29,18.84,29.0,3,22.04,Poor
0.421,-94.69,-74.64,-19.5,4.07,-103.27,10.18,32.0,3,50.26,Fair
0.157,-88.44,-72.1,-16.14,10.59,-105.4,44.42,40.0,5,45.29,Fair
0.066,-83.37,-67.23,-14.78,12.3,-103.71,10.58,27.0,2,48.39,Fair
0.475,-94.94,-82.08,-13.31,-5.54,-92.91,60.64,66.0,4,31.44,Poor
0.604,-96.27,-79.56,-17.1,-10.0,-90.88,69.12,69.0,0,22.35,Poor
0.171,-97.53,-84.73,-12.82,-3.07,-100.94,45.88,,0,35.54,Fair
0.466,-99.99,-75.79,-19.5,-8.4,-95.38,51.96,43.0,1,27.5,Poor
0.226,-81.86,-66.42,-15.76,12.51,-98.1,38.78,40.0,1,39.36,Fair
0.562,-96.68,-75.35,-19.5,-0.92,-101.87,35.36,46.0,0,32.89,Poor
0.1,-81.38,-57.93,-19.5,12.98,-97.89,27.28,45.0,0,51.01,Fair
0.994,-99.27,-80.62,-17.99,-3.8,-102.6,61.36,63.0,3,33.86,Poor
0.152,-87.65,-69.95,-19.0,3.88,-96.35,54.15,57.0,2,38.88,Fair
0.206,-87.15,-73.11,-14.26,-1.96,-92.29,80.31,61.0,4,36.45,Fair
0.027,-70.05,-53.56,-17.39,11.29,-90.27,66.59,52.0,0,49.28,Fair
0.053,-76.52,-53.71,-19.5,22.59,-104.78,11.83,36.0,0,59.19,Good
0.326,-95.59,-76.54,-19.09,-3.15,-97.87,56.25,36.0,2,34.08,Poor
0.14,-86.3,-68.22,-18.86,4.08,-92.9,65.27,58.0,3,31.88,Poor
0.812,-104.56,-82.62,-19.5,1.98,-112.72,9.16,,2,33.61,Poor
0.02,-70.39,-50.3,-19.5,25.4,-99.81,27.8,33.0,0,56.9,Good
0.214,-95.34,-77.78,-18.46,9.84,-107.89,30.35,39.0,1,41.98,Fair
0.185,-92.56,-73.91,-17.23,7.77,-104.72,25.16,31.0,2,39.48,Fair
0.02,-71.57,-55.88,-15.19,15.89,-94.53,72.0,73.0,2,59.61,Good
0.06,-83.45,-67.13,-17.37,5.49,-91.98,57.72,60.0,2,43.6,Fair
0.24,-93.67,-76.29,-17.25,,-96.38,64.09,62.0,2,36.21,Fair
0.306,-94.39,-74.71,-18.3,-1.0,-101.74,15.22,30.0,2,33.96,Poor
0.233,-89.78,-75.52,-14.06,3.35,-101.22,21.7,35.0,2,46.05,Fair
0.341,-90.87,-72.65,-18.77,1.76,-96.38,81.58,69.0,1,28.52,Poor
0.407,-98.07,-81.24,-18.55,-10.0,-89.27,58.99,60.0,0,25.75,Poor
0.02,-65.1,-49.81,-17.03,30.0,-108.23,24.13,26.0,3,73.65,Good
0.281,-89.24,-72.4,-16.58,,-105.06,22.44,34.0,0,52.34,Fair
1.49,-105.45,-94.42,-11.63,-10.0,-101.18,27.14,36.0,6,37.14,Fair
0.329,-93.77,-78.04,-15.77,-0.69,-97.56,41.53,51.0,0,42.11,Fair
0.509,-96.88,-82.18,-15.69,-10.0,-93.19,62.6,59.0,5,31.68,Poor
0.168,-83.82,-66.66,-16.64,14.64,-105.27,17.58,41.0,1,53.65,Fair
0.669,-95.63,-84.47,-10.45,1.02,-99.12,53.32,47.0,1,49.05,Fair
0.667,-95.16,-76.58,-18.01,0.95,-102.93,25.2,38.0,2,34.93,Poor
0.332,-94.27,-73.54,-19.5,1.32,-100.46,42.25,,1,38.31,Fair
1.679,-106.28,-88.64,-17.3,-10.0,-101.48,31.59,42.0,5,28.61,Poor
0.06,-74.39,-54.89,-18.95,23.86,-103.84,52.4,54.0,2,58.89,Good
0.02,-72.94,-56.48,-16.27,20.92,-98.69,15.9,31.0,1,68.66,Good
0.662,-101.7,-88.36,-13.99,-2.62,-100.74,25.62,27.0,1,42.23,Fair
0.741,-101.34,-83.33,-18.68,-5.16,-101.57,33.61,35.0,5,39.13,Fair
0.058,-75.76,-55.72,-19.5,21.18,-100.01,35.09,43.0,3,56.04,Good
0.139,-83.26,-69.23,-13.58,7.47,-99.63,33.91,42.0,0,57.87,Good
0.02,-71.37,-54.76,-16.35,29.27,-104.17,17.34,28.0,1,66.69,Good
0.156,-93.96,-76.71,-17.92,-0.69,-101.99,24.21,35.0,3,41.42,Fair
0.668,-99.52,-72.96,-19.5,-9.81,-96.47,50.61,45.0,4,16.86,Poor
0.328,-98.03,-79.36,-18.04,4.16,-107.52,12.68,29.0,2,43.66,Fair
0.193,-95.69,-83.41,-11.83,3.96,-103.56,41.65,47.0,1,47.03,Fair
0.209,-95.51,-83.97,-11.99,0.24,-101.19,38.95,37.0,0,41.57,Fair
0.02,-69.14,-48.95,-19.5,20.14,-94.34,58.76,48.0,4,58.27,Good
0.16,-82.71,-57.26,-19.5,11.33,-98.66,33.16,46.0,2,46.33,Fair
0.468,-97.27,-80.11,-15.61,-10.0,-86.63,87.73,62.0,2,12.77,Poor
1.646,-107.49,-90.51,-18.46,-8.85,-103.05,31.3,35.0,3,22.26,Poor
0.845,-97.82,-78.52,-17.64,-9.67,-95.37,57.59,55.0,2,19.64,Poor
0.02,-76.62,-61.02,-15.08,11.91,-92.55,82.5,67.0,1,44.38,Fair
1.03,-102.18,-91.81,-11.35,-10.0,-90.12,73.3,61.0,0,32.5,Poor
0.688,-100.81,-79.7,-19.5,-9.68,-99.88,45.32,42.0,3,20.59,Poor
0.682,-98.43,-82.27,-15.46,-3.61,-99.87,54.74,55.0,2,25.81,Poor
0.276,-94.77,-73.62,-19.5,-1.27,-98.74,48.37,59.0,2,27.97,Poor
0.228,-94.48,,-15.35,2.25,-98.65,43.15,39.0,1,37.07,Fair
0.162,-87.7,-69.34,-19.5,12.59,-103.35,14.59,27.0,1,49.14,Fair
0.031,-67.39,-46.83,-19.28,19.59,-93.02,68.34,63.0,0,46.95,Fair
0.117,-81.96,-60.75,-19.5,18.4,-104.15,46.94,55.0,1,53.3,Fair
0.127,-88.2,-69.5,-19.12,10.11,-98.56,47.94,53.0,0,43.17,Fair
0.298,-98.87,-80.32,-18.71,-1.74,-101.42,36.78,39.0,0,30.75,Poor
0.619,-106.58,-86.72,-18.4,-5.41,-106.44,25.19,27.0,2,26.18,Poor
0.289,-87.98,-68.59,-18.81,4.98,-103.1,37.56,41.0,3,40.39,Fair
0.027,-76.71,-62.58,-12.92,18.59,-98.97,31.22,29.0,2,63.26,Good
1.424,-108.38,-94.2,-12.98,-10.0,-100.81,32.44,48.0,4,29.59,Poor
1.287,-100.91,-89.24,-11.93,-10.0,-94.31,49.9,49.0,2,30.05,Poor
0.692,-107.27,-86.97,-19.5,-9.13,-105.04,10.33,33.0,4,26.27,Poor
2.136,-104.63,-87.82,-15.01,-4.14,-105.08,20.54,20.0,1,38.96,Fair
0.354,-96.02,-75.55,-19.5,-6.91,-95.33,54.27,53.0,2,30.69,Poor
1.481,-112.01,-92.8,-19.5,-10.0,-98.93,45.46,32.0,5,22.91,Poor
0.035,-76.21,-61.21,-15.02,7.12,-90.57,83.63,68.0,0,47.54,Fair
0.205,-93.16,-75.52,-18.34,3.45,-103.33,43.77,47.0,1,33.4,Poor
0.115,-83.52,-66.88,-15.41,13.61,-104.59,26.76,35.0,5,49.14,Fair
0.098,-86.51,-70.34,-17.78,-4.85,-88.17,72.73,60.0,1,27.0,Poor
0.068,-88.46,-67.71,-19.5,16.73,-110.35,16.75,23.0,1,49.3,Fair
0.438,-97.74,-72.2,-19.5,-6.68,-98.72,41.22,60.0,1,23.43,Poor
0.684,-106.14,-84.79,-19.5,-3.95,-104.0,39.43,45.0,3,20.72,Poor
0.389,-94.99,-77.07,-17.98,10.74,-107.12,19.84,26.0,0,47.37,Fair
0.072,-85.96,-64.18,-19.5,-1.59,-92.51,65.51,44.0,0,35.05,Fair
0.75,-103.46,-80.33,-19.5,-10.0,-96.93,53.18,53.0,0,24.72,Poor
0.455,-96.44,-82.62,-13.73,,-100.23,32.26,48.0,2,47.57,Fair
0.221,-91.78,-70.11,-19.5,-2.58,-95.68,62.33,60.0,1,26.82,Poor
0.505,-97.07,-76.76,-19.5,-1.22,-104.01,23.86,35.0,1,27.83,Poor
0.135,-83.98,-62.41,-19.5,16.79,-110.51,1.46,20.0,3,49.61,Fair
0.191,-94.28,-73.84,-19.5,-1.46,-96.94,54.83,63.0,2,31.16,Poor
1.123,-105.27,-87.95,-18.66,-10.0,-93.96,52.19,52.0,3,22.55,Poor
0.154,-101.15,-77.05,-19.5,-5.71,-102.18,23.29,30.0,0,19.5,Poor
0.286,-92.16,-73.14,-19.5,9.29,-106.85,28.74,45.0,3,44.83,Fair
0.994,-105.16,-88.46,-19.19,-5.73,-101.93,25.84,37.0,2,33.3,Poor
0.554,-102.81,-83.29,-19.37,-1.63,-104.61,9.43,28.0,1,28.51,Poor
0.029,-72.25,-51.33,-19.5,27.02,-104.69,27.8,,3,61.68,Good
0.072,-76.54,-58.26,-19.5,28.39,-108.32,11.07,20.0,4,65.57,Good
0.02,-72.35,-53.17,-19.45,30.0,-108.7,13.51,30.0,0,63.31,Good
0.449,-100.83,-82.57,-17.62,-10.0,-96.86,57.85,63.0,2,22.25,Poor
0.267,-91.91,-75.89,-16.02,-3.54,-94.11,65.01,,0,27.97,Poor
0.065,-85.72,-70.18,-16.51,5.92,-96.83,47.69,48.0,2,43.68,Fair
1.426,-109.73,-95.94,-13.85,-10.0,-102.18,30.37,24.0,1,28.98,Poor
0.339,-89.75,,-19.5,4.29,-102.3,25.29,34.0,3,42.46,Fair
0.125,-85.73,-68.4,-16.86,-0.92,-90.19,72.34,61.0,1,38.52,Fair
0.312,-101.44,-93.72,-6.95,4.03,-103.84,21.43,32.0,3,50.36,Fair
0.512,-105.39,-86.2,-19.5,-7.8,-102.25,8.81,31.0,1,32.98,Poor
0.036,-74.64,-55.51,-17.1,12.85,-95.34,64.66,65.0,1,48.71,Fair
0.145,-83.81,-71.41,-10.79,6.06,-97.52,31.07,34.0,3,57.67,Good
0.74,-107.87,-92.37,-16.08,-4.27,-108.64,21.57,32.0,5,29.96,Poor
0.277,-91.08,-75.71,-13.24,9.8,-104.66,25.98,39.0,3,47.28,Fair
0.356,-89.73,-73.96,-16.13,3.0,-96.59,53.45,68.0,2,42.05,Fair
0.255,-84.62,-62.98,-19.5,9.91,-100.35,42.9,58.0,0,38.93,Fair
0.02,-69.2,-51.65,-17.65,30.0,-100.6,26.65,27.0,1,67.98,Good
0.082,-80.31,-63.59,-15.26,15.15,-102.83,52.82,45.0,0,54.63,Fair
0.265,-101.04,-79.68,-19.5,-9.95,-97.1,59.48,56.0,0,21.64,Poor
0.106,-76.16,-56.67,-19.3,29.94,-108.75,14.32,30.0,3,68.27,Good
0.023,-73.93,-61.16,-14.27,30.0,-118.74,8.12,29.0,1,70.65,Good
0.835,-106.18,-90.03,-16.69,0.81,-109.57,18.24,15.0,1,33.99,Poor
1.788,-110.07,-91.11,-19.5,-10.0,-83.05,90.2,73.0,3,17.46,Poor
0.709,-94.98,-79.78,-15.86,7.29,-106.76,19.25,29.0,0,50.16,Fair
0.865,-93.92,-69.83,-19.5,11.11,-109.76,17.47,35.0,5,50.03,Fair
0.125,-85.48,-67.14,-19.28,-0.63,-90.72,68.73,54.0,2,29.9,Poor
1.456,-103.27,-87.53,-15.45,-3.49,-104.46,44.14,,1,31.15,Poor
0.099,-83.8,-69.17,-12.76,14.71,-101.35,23.24,28.0,1,55.2,Good
1.361,-110.84,-90.05,-19.5,-10.0,-96.94,40.39,50.0,4,20.64,Poor
2.368,-105.59,-89.53,-18.43,-8.49,-100.92,38.35,49.0,8,20.82,Poor
0.56,-101.46,-82.32,-17.03,-2.33,-102.6,26.86,39.0,1,31.87,Poor
1.787,-102.9,-88.36,-14.51,-10.0,-96.83,24.39,31.0,4,34.86,Poor
0.379,-90.41,-72.2,-19.14,-2.45,-94.46,61.4,73.0,1,25.1,Poor
0.135,-84.23,-68.14,-16.3,3.01,-91.97,45.32,37.0,1,42.94,Fair
0.259,-84.97,-67.91,-18.61,9.6,-101.78,29.91,44.0,0,45.26,Fair
0.405,-87.24,-71.63,-14.28,8.52,-101.34,33.47,40.0,2,44.06,Fair
0.034,-75.62,,-17.39,19.07,-100.62,65.57,43.0,4,51.45,Fair
0.438,-100.09,-83.56,-17.7,-1.62,-102.12,35.21,42.0,3,24.56,Poor
1.788,-116.51,-98.94,-17.01,-10.0,-98.33,46.5,46.0,4,15.65,Poor
0.095,-74.66,-56.94,-18.51,14.26,-91.98,51.31,44.0,2,45.39,Fair
0.708,-102.77,-79.93,-19.5,-7.61,-101.71,25.01,35.0,3,33.2,Poor
1.073,-100.08,-79.41,-19.5,-7.91,-98.55,36.63,49.0,7,35.87,Fair
1.295,-109.22,-88.84,-19.5,-10.0,-98.19,49.67,47.0,4,17.74,Poor
1.45,-101.08,-87.81,-13.84,-10.0,-93.91,51.72,54.0,3,29.79,Poor
0.332,-97.24,-81.21,-17.05,3.17,-103.25,9.51,29.0,3,44.2,Fair
1.704,-113.4,-91.83,-19.5,-10.0,-104.49,28.36,33.0,4,19.01,Poor
0.637,-100.93,-86.45,-12.96,-10.0,-87.6,90.08,66.0,0,19.89,Poor
0.079,-84.23,-65.98,-18.75,14.62,-101.09,38.26,35.0,0,50.06,Fair
0.292,-90.94,-76.14,-15.43,4.85,-99.67,48.07,42.0,3,43.88,Fair
0.57,-99.34,-84.24,-14.02,5.92,-107.66,23.07,35.0,2,42.95,Fair
0.128,-83.69,-60.65,-19.5,-1.06,-89.44,66.75,61.0,0,31.24,Poor
0.461,-98.45,-78.29,-17.29,-3.5,-101.87,25.83,36.0,3,34.35,Poor
0.494,-100.56,-79.61,-19.5,0.93,-104.65,22.72,18.0,0,35.27,Fair
0.08,-84.49,-64.14,-19.35,16.38,-105.95,32.4,40.0,0,50.95,Fair
0.375,-87.32,-69.73,-18.46,-2.39,-92.03,60.58,51.0,0,32.06,Poor
0.665,-99.56,-83.64,-17.87,-5.73,-103.22,21.79,40.0,0,33.63,Poor
0.311,-101.82,-85.02,-19.15,-10.0,-93.0,69.91,40.0,0,17.69,Poor
0.02,-72.53,-55.1,-18.22,25.91,-103.53,50.23,46.0,6,57.94,Good
0.02,-70.06,-46.73,-19.5,23.69,-102.43,51.3,56.0,3,60.34,Good
0.199,-82.63,-68.64,-14.71,15.51,-104.27,34.02,48.0,1,62.07,Good
1.173,-101.28,-84.94,-16.29,-10.0,-94.48,76.04,76.0,4,27.34,Poor
0.117,-89.11,-73.85,-15.19,7.57,-98.9,35.95,43.0,2,44.61,Fair
0.453,-87.46,-66.29,-19.5,2.61,-96.8,45.8,40.0,0,36.13,Fair
0.113,-85.26,-61.7,-19.5,-2.25,-85.98,82.17,65.0,1,24.49,Poor
0.175,-83.91,-64.98,-18.85,3.9,-91.71,85.19,52.0,3,34.01,Poor
0.848,-107.2,-88.02,-19.44,-7.59,-104.0,28.06,34.0,0,30.31,Poor
0.587,-108.98,-90.71,-18.55,-10.0,-104.14,22.4,30.0,0,23.28,Poor
0.045,-82.91,-63.6,-19.1,13.87,-101.07,31.54,40.0,2,45.0,Fair
0.252,-105.06,-84.74,-19.5,-10.0,-93.31,55.2,46.0,1,27.77,Poor
0.02,-62.0,-42.72,-17.97,24.5,-91.51,56.97,47.0,3,72.03,Good
0.295,-92.57,-73.07,-18.49,-1.25,-96.71,27.3,31.0,0,33.23,Poor
0.489,-101.5,-81.17,-19.5,-0.2,-106.47,21.45,42.0,1,34.2,Poor
0.057,-77.42,-64.76,-13.38,13.28,-95.08,56.79,62.0,2,55.71,Good
0.153,-87.02,-69.01,-19.5,7.82,-98.23,56.64,49.0,3,43.04,Fair
0.228,-88.72,-69.81,-19.5,8.98,-102.89,15.77,34.0,1,45.23,Fair
1.134,-100.26,-81.01,-17.5,-5.72,-98.19,53.6,47.0,12,21.83,Poor
2.25,-112.21,-94.72,-17.26,-10.0,-93.31,67.83,58.0,8,20.82,Poor
0.021,-74.24,-55.76,-18.59,28.29,-102.96,24.64,28.0,0,60.67,Good
0.644,-96.88,-81.04,-14.91,-4.89,-98.66,49.5,48.0,3,31.4,Poor
0.209,-87.24,-74.57,-12.83,5.89,-97.79,32.26,36.0,2,45.98,Fair
0.224,-90.65,-69.7,-18.38,13.82,-105.07,29.45,38.0,2,56.4,Good
0.632,-91.31,-76.72,-13.46,4.65,-104.55,10.46,25.0,4,53.58,Fair
1.128,-106.8,,-17.97,,-106.96,16.06,25.0,3,28.7,Poor
1.357,-110.25,-94.5,-16.34,-4.44,-108.3,31.15,45.0,2,27.64,Poor
0.387,-94.11,-71.35,-19.5,-4.48,-93.49,67.38,60.0,1,29.85,Poor
0.199,-92.71,-74.95,-17.86,-1.53,-92.92,64.32,46.0,1,34.37,Poor
0.697,-98.9,-81.83,-15.79,-10.0,-89.04,67.02,68.0,3,21.2,Poor
0.13,-89.68,-69.44,-19.5,-1.47,-93.11,47.31,,3,38.29,Fair
0.374,-97.07,-72.6,-19.5,-10.0,-91.14,69.62,43.0,2,16.73,Poor
0.2,-82.49,-63.28,-18.98,19.6,-105.7,39.48,58.0,2,52.59,Fair
0.481,-99.28,-82.42,-15.86,-10.0,-92.32,67.06,48.0,3,26.3,Poor
0.124,-89.12,-69.03,-19.5,3.22,-98.15,54.79,59.0,2,29.65,Poor
0.096,-79.03,-65.74,-13.4,16.47,-100.79,38.73,42.0,1,60.55,Good
1.127,-109.25,-91.11,-17.63,-9.68,-108.25,22.13,27.0,2,26.73,Poor
0.048,-80.63,-56.65,-19.5,14.46,-97.05,56.83,60.0,1,44.42,Fair
0.317,-91.75,-73.28,-16.46,2.21,-98.72,50.94,48.0,0,36.04,Fair
0.112,-81.33,-63.01,-18.13,10.99,-99.86,39.18,41.0,0,54.99,Fair
0.02,-65.56,-47.5,-17.44,26.2,-101.88,31.19,36.0,0,70.47,Good
0.02,-73.43,-56.62,-17.14,24.43,-100.97,49.06,65.0,2,65.92,Good
0.087,-80.47,-61.53,-19.36,14.66,-100.79,56.68,52.0,1,49.48,Fair
0.907,-105.03,-84.7,-19.5,-5.02,-105.21,38.85,,6,25.47,Poor
0.149,-89.97,-72.96,-17.88,6.65,-97.74,67.58,52.0,3,39.81,Fair
1.352,-101.81,-91.29,-11.92,-3.43,-102.36,27.72,35.0,3,40.62,Fair
0.392,-98.09,,-19.5,-5.47,-99.54,38.23,46.0,2,32.2,Poor
0.258,-91.16,-66.76,-19.5,5.18,-98.72,40.16,45.0,0,41.0,Fair
0.39,-95.23,,-16.49,-3.74,-98.93,61.2,42.0,1,31.04,Poor
0.327,-98.61,-85.02,-13.83,-3.24,-100.15,49.07,52.0,5,37.06,Fair
0.64,-96.27,-76.24,-19.5,6.76,-107.47,20.43,37.0,3,47.92,Fair
0.149,-85.3,-62.07,-19.5,6.48,-98.39,45.97,,1,32.46,Poor
0.196,-97.83,-78.25,-18.9,-4.8,-100.92,34.57,38.0,0,34.37,Poor
1.01,-102.99,-79.81,-19.5,-10.0,-101.27,25.38,42.0,1,24.22,Poor
1.317,-109.49,-89.11,-19.5,-10.0,-103.3,28.73,35.0,3,16.21,Poor
1.004,-99.65,-79.53,-19.5,-10.0,-89.97,43.0,53.0,5,22.99,Poor
0.245,-97.59,-81.14,-16.79,-1.87,-99.77,29.95,35.0,1,30.93,Poor
0.682,-102.12,-83.26,-18.5,,-100.9,43.16,49.0,4,27.81,Poor
0.291,-91.86,-73.95,-19.5,4.8,-106.35,21.78,31.0,2,44.7,Fair
0.31,-93.63,-75.82,-17.21,6.28,-103.11,21.15,24.0,3,46.67,Fair
0.103,-81.29,-64.06,-18.3,17.53,-102.29,37.6,44.0,3,47.59,Fair
0.402,-102.19,-83.51,-18.07,-10.0,-93.49,75.18,58.0,5,22.08,Poor
0.093,-76.83,-62.71,-15.21,22.28,-102.36,35.96,47.0,0,58.6,Good
0.181,-87.11,-66.68,-19.5,17.44,-105.41,15.97,35.0,2,52.18,Fair
0.869,-97.35,-81.99,-15.12,-2.45,-100.79,33.52,47.0,2,30.44,Poor
0.104,-80.96,-63.71,-15.57,12.24,-98.18,71.17,62.0,1,51.38,Fair
0.033,-74.73,-55.74,-18.5,11.07,-94.54,69.14,56.0,2,40.41,Fair
0.032,-79.55,-64.34,-15.31,14.88,-96.81,39.79,54.0,2,56.21,Good
1.272,-108.35,-96.25,-13.12,-10.0,-91.39,46.52,47.0,3,33.64,Poor
0.318,-87.72,-70.87,-17.64,-1.82,-90.12,79.94,74.0,0,27.98,Poor
0.237,-85.99,-72.28,-13.61,12.43,-103.34,24.38,32.0,2,55.55,Good
0.749,-103.98,-83.85,-18.49,-9.7,-97.83,49.98,68.0,3,18.89,Poor
0.813,-113.49,-98.95,-15.03,-10.0,-89.14,67.63,50.0,2,18.06,Poor
0.182,-90.09,-67.63,-19.5,10.0,-105.09,28.46,44.0,4,50.95,Fair
0.532,-99.69,-81.71,-17.4,-2.56,-100.03,25.79,32.0,1,37.03,Fair
0.664,-101.45,-83.27,-17.39,-5.73,-102.14,14.83,23.0,2,33.81,Poor
0.478,-95.5,-83.44,-11.14,-1.6,-98.0,35.62,42.0,0,38.82,Fair
0.074,-77.99,-59.56,-19.5,14.74,-98.17,50.41,59.0,0,48.69,Fair
0.939,-99.5,-81.74,-16.78,-10.0,-94.79,56.98,49.0,3,20.83,Poor
0.349,-93.09,-78.98,-13.88,2.46,-98.97,26.91,31.0,2,49.67,Fair
0.149,-94.75,-76.48,-17.33,4.72,-104.97,13.12,25.0,3,38.88,Fair
0.249,-93.33,-76.52,-15.47,8.12,-103.42,48.47,,2,45.61,Fair
0.02,-61.23,-43.88,-16.45,30.0,-96.16,54.32,48.0,2,68.14,Good
0.062,-78.43,-60.35,-18.47,19.99,-104.47,32.4,38.0,1,57.97,Good
0.653,-98.84,-82.25,-15.95,-3.36,-100.59,31.9,39.0,0,40.48,Fair
0.02,-69.01,-50.27,-17.23,30.0,-106.7,10.46,24.0,0,65.16,Good
0.242,-90.07,-72.33,-18.56,12.98,-103.55,37.16,34.0,2,45.18,Fair
0.333,-104.0,-84.58,-19.5,-10.0,-88.65,76.06,61.0,0,13.65,Poor
0.025,-73.35,-56.94,-16.11,27.92,-105.67,18.15,34.0,4,65.77,Good
1.627,-108.38,-93.58,-14.71,-9.9,-102.68,30.97,39.0,2,20.37,Poor
0.115,-80.19,-64.32,-16.25,12.9,-101.77,34.86,38.0,2,54.88,Fair
0.163,-88.12,-65.79,-19.5,8.73,-101.38,34.88,47.0,1,33.81,Poor
0.163,-94.89,-74.02,-19.5,7.08,-106.02,14.53,24.0,1,42.03,Fair
0.118,-83.78,-62.14,-19.5,9.52,-97.49,42.72,49.0,0,39.12,Fair
0.02,-73.66,-51.81,-19.5,23.17,-99.66,43.28,42.0,2,45.19,Fair
0.588,-104.27,-87.67,-15.22,-7.52,-101.87,26.92,30.0,0,31.67,Poor
1.533,-111.05,-92.17,-19.5,-10.0,-101.26,24.38,42.0,4,21.64,Poor
0.114,-83.07,-64.84,-17.85,12.64,-96.84,36.38,38.0,2,47.36,Fair
0.49,-92.78,-72.8,-19.5,7.45,-107.11,21.41,31.0,0,38.14,Fair
0.609,-97.78,-80.65,-15.94,1.63,-104.36,33.66,36.0,0,36.53,Fair
0.849,-100.06,-81.78,-19.5,-1.99,-100.97,51.38,63.0,2,28.45,Poor
0.247,-90.0,-71.79,-16.63,3.04,-98.81,49.56,56.0,4,42.32,Fair
0.162,-87.86,-68.26,-19.5,6.45,-99.44,33.0,39.0,1,43.44,Fair
0.177,-86.22,-66.26,-19.5,11.44,-101.89,54.56,39.0,1,43.12,Fair
0.561,-108.67,-90.39,-17.53,-10.0,-103.8,34.56,48.0,2,28.9,Poor
0.764,-101.23,-82.85,-16.55,-6.94,-99.48,53.83,50.0,1,26.21,Poor
0.09,-87.38,-68.7,-17.91,6.35,-99.74,41.85,42.0,2,39.3,Fair
0.209,-85.78,-62.84,-19.5,6.56,-97.71,37.67,50.0,2,37.32,Fair
1.045,-104.98,-92.17,-12.45,-9.06,-97.65,61.68,52.0,4,30.68,Poor
0.74,-101.27,-86.18,-14.3,-1.6,-101.48,22.98,36.0,0,32.98,Poor
1.886,-115.53,-95.51,-19.5,-10.0,-96.86,32.59,45.0,9,22.43,Poor
0.632,-95.95,-77.15,-19.5,3.27,-103.05,17.37,38.0,3,33.34,Poor
0.225,-88.57,-69.78,-18.31,11.36,-105.23,25.89,38.0,0,47.63,Fair
0.402,-93.88,-73.87,-19.5,9.75,-106.89,33.97,40.0,5,37.66,Fair
0.487,-101.02,-82.38,-19.5,-10.0,-92.25,65.18,62.0,1,24.39,Poor
0.037,-78.64,-62.31,-17.2,13.26,-98.06,37.97,46.0,3,48.32,Fair
0.354,-94.11,-74.22,-19.5,6.84,-103.25,26.61,34.0,1,30.58,Poor
0.556,-101.69,-83.63,-17.95,-10.0,-94.07,44.15,51.0,3,28.13,Poor
0.082,-80.68,-64.03,-17.47,29.15,-112.11,22.57,36.0,0,63.52,Good
0.683,-109.34,-89.27,-19.5,-10.0,-101.67,31.95,52.0,4,24.66,Poor
0.394,-97.89,-77.94,-19.5,-3.16,-99.38,30.62,33.0,2,28.29,Poor
1.369,-99.54,-80.9,-19.5,-7.83,-95.07,47.81,35.0,3,29.71,Poor
0.02,-68.69,-45.54,-19.5,23.38,-98.74,53.18,54.0,0,59.22,Good
0.139,-86.24,-64.26,-19.5,4.72,-99.65,46.74,48.0,2,38.03,Fair
0.414,-88.42,-67.42,-19.5,6.7,-94.01,49.04,61.0,1,34.88,Poor
0.158,-97.39,-71.69,-19.5,-10.0,-94.37,64.76,61.0,1,18.86,Poor
0.564,-102.3,-84.74,-16.95,-6.61,-102.82,23.29,37.0,4,28.01,Poor
0.64,-101.75,-85.14,-16.67,-0.98,-105.79,23.57,37.0,1,34.66,Poor
0.049,-74.49,-53.91,-19.5,30.0,-109.72,13.72,25.0,2,58.79,Good
0.325,-90.75,-73.51,-17.64,0.07,-94.83,52.58,53.0,2,39.69,Fair
0.32,-97.59,-79.56,-18.96,1.21,-103.93,29.64,35.0,1,31.84,Poor
0.207,-86.39,-71.34,-14.82,9.71,-103.22,28.64,39.0,2,50.32,Fair
1.216,-107.32,-87.5,-18.51,-10.0,-95.44,58.38,69.0,4,23.37,Poor
0.791,-97.13,-83.54,-13.99,0.89,-101.52,41.28,50.0,0,41.01,Fair
0.538,-102.76,-85.05,-16.27,-0.75,-109.4,20.37,36.0,8,33.51,Poor
0.564,-99.53,-81.58,-18.45,-10.0,-91.58,75.02,71.0,0,18.32,Poor
0.279,-94.9,-78.2,-15.67,-0.88,-99.07,45.74,38.0,4,35.36,Fair
1.142,-100.94,-88.21,-11.5,-8.81,-99.48,49.7,38.0,5,31.05,Poor
0.534,-100.65,-87.95,-11.93,-6.6,-97.95,48.96,53.0,1,26.69,Poor
0.588,-99.56,-83.8,-15.92,-4.07,-101.94,16.03,28.0,2,34.08,Poor
0.89,-100.97,-81.36,-19.5,-1.16,-107.6,36.12,45.0,3,23.23,Poor
0.144,-85.05,-66.19,-19.5,22.47,-113.22,15.78,33.0,2,50.98,Fair
0.74,-97.85,-79.9,-16.89,-5.01,-96.05,48.68,59.0,9,34.59,Poor
0.098,-83.05,-67.7,-14.5,19.78,-105.49,24.64,34.0,2,49.3,Fair
0.191,-91.32,-72.3,-18.01,-0.01,-95.19,69.11,69.0,1,38.59,Fair
0.184,-90.74,-78.14,-13.24,3.3,-100.31,26.33,33.0,2,49.45,Fair
1.728,-108.66,-97.84,-8.73,-10.0,-95.57,51.36,61.0,3,40.67,Fair
0.874,-101.84,-84.57,-17.67,4.17,-110.96,3.11,26.0,2,42.21,Fair
0.544,-99.31,-82.95,-15.58,-10.0,-92.33,67.04,61.0,1,18.91,Poor
0.584,-99.27,-78.23,-19.5,-10.0,-95.81,70.46,54.0,0,21.1,Poor
0.372,-101.49,-83.02,-19.17,-4.78,-100.7,51.62,45.0,0,29.49,Poor
1.323,-103.77,-80.81,-19.5,4.83,-109.19,3.94,22.0,2,42.91,Fair
0.309,-93.09,-76.74,-18.53,-5.95,-96.48,57.81,50.0,1,36.69,Fair
0.215,-86.7,-67.24,-19.5,15.67,-109.44,1.46,21.0,2,49.38,Fair
0.08,-82.18,-64.94,-15.75,21.56,-110.22,11.43,35.0,1,57.95,Good
0.694,-107.8,-85.65,-19.5,-10.0,-105.3,19.01,29.0,5,11.4,Poor
0.597,-100.96,-83.58,-17.1,-10.0,-93.36,65.0,67.0,4,28.15,Poor
0.218,-91.62,-71.06,-19.5,-6.23,-89.39,82.81,77.0,2,26.04,Poor
0.02,-67.47,-52.71,-13.61,29.56,-105.49,35.32,39.0,2,71.47,Good
0.822,-110.59,-93.83,-16.86,-10.0,-95.6,72.69,69.0,2,21.49,Poor
0.02,-70.28,,-17.32,,-100.7,17.27,31.0,0,72.66,Good
0.547,-96.73,-74.94,-19.5,-3.92,-98.31,71.87,62.0,0,28.71,Poor
1.582,-110.63,-99.23,-9.6,-10.0,-100.21,29.47,47.0,1,35.03,Fair
0.259,-92.0,-75.0,-16.38,2.54,-99.16,49.02,51.0,0,37.7,Fair
0.121,-88.2,-71.3,-16.25,,-100.36,41.1,54.0,0,34.87,Poor
0.549,-101.73,-89.96,-10.23,-3.89,-102.24,44.21,55.0,7,37.61,Fair
0.765,-103.31,-86.71,-17.34,-2.62,-104.76,45.24,48.0,3,32.76,Poor
0.356,-97.89,-84.51,-12.65,-9.26,-93.62,63.88,68.0,2,23.43,Poor
1.536,-105.0,-93.99,-11.22,-4.6,-100.58,44.84,44.0,5,32.29,Poor
0.024,-74.85,-57.64,-17.06,14.06,-93.09,65.15,64.0,2,42.92,Fair
0.316,-97.64,-80.53,-15.22,,-99.73,34.86,35.0,1,45.47,Fair
0.57,-92.07,-74.8,-17.74,-3.5,-94.66,47.52,43.0,1,33.32,Poor
0.893,-99.19,-80.43,-19.5,-7.97,-98.58,41.24,44.0,0,21.33,Poor
0.089,-90.52,-75.16,-15.78,9.54,-101.63,27.2,50.0,0,55.98,Good
0.724,-104.27,-80.9,-19.5,-10.0,-91.67,75.93,63.0,5,16.95,Poor
0.362,-94.23,-76.33,-17.99,12.85,-114.0,13.48,15.0,3,45.48,Fair
0.227,-89.87,-68.02,-19.5,2.13,-96.43,43.44,35.0,1,33.5,Poor
0.064,-86.16,-73.2,-12.76,14.14,-108.87,11.97,38.0,1,60.46,Good
0.902,-98.48,-82.98,-16.19,-1.08,-108.18,34.03,31.0,2,37.35,Fair
0.077,-78.54,-58.48,-19.42,20.89,-106.71,18.08,44.0,3,51.53,Fair
0.167,-86.57,-69.25,-17.14,14.73,-105.21,39.55,45.0,1,52.13,Fair
0.154,-82.39,-67.61,-15.65,13.22,-98.97,45.67,52.0,2,43.85,Fair
0.923,-101.5,-89.02,-11.98,-7.04,-98.84,39.63,42.0,2,30.07,Poor
0.503,-96.25,-76.05,-19.5,-9.03,-95.03,63.33,53.0,1,24.06,Poor
0.717,-94.89,-74.94,-19.5,0.32,-98.72,43.17,52.0,1,37.43,Fair
0.13,-81.92,-63.19,-18.95,21.09,-107.49,9.53,21.0,0,62.82,Good
0.441,-100.28,-83.77,-17.01,-3.8,-101.87,14.47,35.0,2,29.7,Poor
0.382,-93.12,-78.46,-14.79,6.37,-101.88,31.46,49.0,0,43.75,Fair
0.805,-104.78,-86.94,-17.56,-10.0,-91.98,80.92,70.0,3,19.11,Poor
1.064,-102.53,-88.48,-14.07,-9.03,-98.47,51.95,59.0,4,30.47,Poor
0.02,-68.54,,-16.65,28.54,-101.03,39.56,55.0,1,63.78,Good
0.504,-103.61,-81.82,-19.5,-1.41,-106.01,24.58,35.0,1,25.06,Poor
0.024,-72.43,-59.98,-12.73,30.0,-109.63,20.21,38.0,3,74.19,Good
0.358,-94.05,-74.01,-19.47,0.82,-103.06,39.64,48.0,3,32.91,Poor
0.153,-89.47,-66.99,-19.5,3.63,-97.54,56.88,58.0,0,38.86,Fair
0.165,-87.14,-66.69,-19.5,11.75,-103.63,32.58,46.0,2,48.34,Fair
0.196,-86.66,-67.47,-19.45,9.25,-102.74,18.55,22.0,3,43.99,Fair
0.437,-96.95,-80.34,-16.5,-3.35,-99.35,28.03,41.0,1,37.24,Fair
0.183,-88.4,-72.33,-15.79,1.5,-94.83,55.85,64.0,1,29.74,Poor
0.594,-93.95,-82.7,-10.41,4.12,-103.82,21.58,33.0,1,55.03,Good
0.233,-89.5,-71.39,-16.55,10.37,-102.49,31.85,36.0,2,43.12,Fair
0.032,-73.53,-56.74,-17.0,7.05,-86.6,82.94,62.0,1,39.43,Fair
0.689,-104.61,-88.7,-18.51,-4.15,-103.94,17.48,23.0,2,33.72,Poor
0.151,-84.98,-67.04,-16.93,9.14,-101.28,24.93,34.0,1,50.47,Fair
0.255,-90.85,-72.66,-19.42,3.82,-100.04,63.16,57.0,1,34.52,Poor
0.52,-93.21,-77.12,-14.21,-10.0,-88.02,61.26,51.0,3,32.31,Poor
0.182,-89.06,-66.22,-19.5,9.61,-104.18,37.99,39.0,2,51.16,Fair
0.026,-79.96,-59.77,-19.5,18.12,-101.56,29.8,61.0,1,55.31,Good
0.211,-97.32,-76.63,-19.5,4.66,-107.17,14.03,34.0,4,35.8,Fair
1.301,-103.35,-85.66,-17.29,-9.08,-101.78,47.19,43.0,3,20.39,Poor
0.462,-99.59,-80.06,-17.82,-1.08,-101.65,41.16,41.0,3,32.37,Poor
0.501,-96.27,-80.95,-15.43,-9.37,-93.31,65.45,60.0,2,25.69,Poor
0.45,-96.63,-76.63,-19.5,6.47,-110.8,6.43,27.0,4,39.25,Fair
0.1,-84.74,-67.35,-17.68,7.02,-100.02,43.45,52.0,0,43.23,Fair
0.244,-92.16,-77.23,-17.13,0.13,-97.98,51.88,60.0,2,30.59,Poor
0.626,-103.4,-85.47,-16.69,-1.22,-106.81,25.59,33.0,2,39.67,Fair
0.048,-77.88,-60.76,-15.85,4.78,-91.11,80.67,68.0,2,37.12,Fair
0.146,-89.71,,-19.5,4.38,-97.88,36.99,36.0,1,30.66,Poor
0.146,-88.81,-69.5,-17.75,13.66,-107.63,20.36,33.0,1,49.19,Fair
0.255,-93.44,-70.7,-19.5,-1.83,-96.94,40.02,51.0,4,35.45,Fair
1.769,-109.87,-88.47,-19.5,-5.63,-109.58,20.69,35.0,1,21.4,Poor
0.031,-70.54,-52.42,-17.26,30.0,-106.71,17.24,36.0,1,69.86,Good
0.329,-94.89,-78.22,-15.85,-1.7,-98.58,35.44,41.0,4,31.73,Poor
0.089,-78.99,-66.21,-11.46,13.46,-96.89,44.12,36.0,3,60.72,Good
1.588,-101.87,-86.49,-16.26,-4.67,-101.34,13.25,24.0,3,40.8,Fair
0.054,-75.41,-55.42,-19.5,15.23,-95.39,62.4,70.0,2,50.92,Fair
0.233,-89.23,-72.14,-15.63,11.74,-105.66,22.64,30.0,1,43.47,Fair
0.603,-98.31,-79.18,-19.5,-2.62,-100.61,60.97,56.0,2,29.37,Poor
0.549,-95.34,-83.43,-11.24,0.55,-103.62,33.53,42.0,0,40.5,Fair
0.247,-91.54,-72.18,-19.28,9.56,-104.94,21.0,26.0,0,42.92,Fair
0.191,-85.75,-64.46,-19.5,6.61,-96.89,42.43,51.0,2,49.77,Fair
0.228,-88.74,-76.07,-12.75,15.09,-108.58,37.71,34.0,2,55.48,Good
0.138,-88.31,-69.19,-19.21,15.62,-106.21,24.84,32.0,4,54.68,Fair
0.103,-80.79,-58.76,-19.5,3.05,-86.29,82.1,62.0,1,35.23,Fair
0.297,-93.12,-70.08,-19.5,8.1,-104.92,13.97,30.0,5,38.05,Fair
0.141,-87.45,-70.96,-18.47,11.08,-103.43,42.74,47.0,0,42.45,Fair
0.153,-89.63,-69.29,-19.5,5.09,-99.77,31.7,24.0,2,36.04,Fair
0.481,-97.0,-74.71,-19.5,6.78,-105.73,11.17,32.0,3,41.56,Fair
1.557,-103.86,-84.66,-18.47,-10.0,-93.06,47.65,47.0,2,20.18,Poor
0.416,-92.86,-71.0,-19.5,3.05,-100.85,34.06,49.0,1,44.19,Fair
0.036,-73.96,-56.07,-16.45,15.84,-92.11,65.62,56.0,1,56.48,Good
0.035,-72.82,-53.63,-17.68,18.02,-92.66,55.64,58.0,1,54.81,Fair
1.361,-101.6,-85.46,-17.86,-7.25,-102.15,31.99,40.0,5,30.7,Poor
0.159,-88.67,-71.16,-16.4,3.78,-98.77,35.69,36.0,0,34.1,Poor
0.043,-81.42,-62.12,-19.5,10.38,-95.54,66.72,57.0,3,39.69,Fair
0.411,-91.1,-75.19,-14.34,6.3,-106.31,25.14,37.0,3,50.6,Fair
0.44,-99.0,-81.67,-18.87,-2.05,-101.66,17.47,23.0,2,36.76,Fair
0.471,-100.23,-79.95,-19.5,-10.0,-95.35,68.08,57.0,0,5.47,Poor
0.14,-94.17,-70.01,-19.5,2.36,-101.83,24.04,39.0,0,40.98,Fair
0.02,-68.16,-56.31,-13.44,22.87,-97.1,50.46,37.0,5,69.75,Good
1.509,-114.06,-90.13,-19.5,-10.0,-103.27,28.13,38.0,3,24.73,Poor
0.13,-89.35,-72.13,-15.86,5.35,-98.45,34.99,28.0,2,46.53,Fair
0.507,-95.77,-74.87,-19.5,2.76,-106.64,8.95,31.0,4,44.99,Fair
0.552,-95.96,-74.48,-19.5,2.96,-105.93,17.26,32.0,1,42.01,Fair
0.424,-99.17,-76.48,-19.5,-1.26,-102.95,25.09,37.0,4,30.66,Poor
0.169,-89.14,-73.32,-16.63,3.2,-98.59,45.76,47.0,5,43.4,Fair
0.142,-90.62,-73.29,-19.5,4.32,-100.15,34.54,40.0,2,34.39,Poor
0.41,-98.46,-80.63,-18.46,1.86,-107.42,13.62,29.0,5,39.12,Fair
0.905,-102.08,-85.15,-15.51,-7.98,-99.71,31.29,40.0,0,27.88,Poor
1.32,-108.42,-86.47,-19.5,-10.0,-105.29,34.77,36.0,5,20.51,Poor
0.05,-79.19,-61.42,-17.98,25.08,-107.87,14.88,34.0,0,56.2,Good
0.076,-87.55,-74.41,-11.8,-1.09,-90.26,70.63,76.0,2,37.06,Fair
1.303,-101.77,-85.67,-17.4,-6.39,-98.1,62.92,63.0,2,24.02,Poor
0.6,-97.54,-84.28,-12.7,-10.0,-90.09,50.01,43.0,2,32.8,Poor
0.965,-100.53,-83.22,-17.73,2.36,-111.15,2.38,23.0,4,43.43,Fair
0.102,-79.09,-59.07,-18.93,17.15,-99.63,43.48,40.0,2,50.17,Fair
0.399,-99.33,-83.3,-17.11,-0.06,-104.04,32.03,51.0,3,34.53,Poor
0.544,-100.15,-83.36,-16.83,-2.85,-102.56,27.39,38.0,3,44.21,Fair
0.513,-105.8,-88.62,-19.5,-10.0,-92.64,75.05,46.0,2,17.32,Poor
0.236,-78.93,-60.51,-19.5,18.51,-104.02,5.49,24.0,0,55.23,Good
0.02,-71.04,-51.49,-19.5,24.17,-98.73,52.2,,0,53.29,Fair
0.394,-91.77,-71.34,-19.5,-1.41,-95.49,52.79,66.0,3,38.18,Fair
0.131,-91.39,-66.62,-19.5,2.7,-96.29,57.8,60.0,1,31.06,Poor
0.269,-88.65,-70.28,-19.5,7.31,-103.21,31.83,41.0,1,45.5,Fair
1.422,-99.63,-79.43,-19.5,-0.51,-103.47,23.79,41.0,1,34.24,Poor
0.229,-91.48,-78.24,-12.95,3.04,-96.44,67.31,55.0,6,42.67,Fair
0.824,-106.37,-89.51,-17.09,-6.05,-106.12,25.48,32.0,1,30.53,Poor
0.094,-84.11,-66.92,-15.73,1.47,-94.12,59.25,73.0,0,37.36,Fair
0.502,-106.94,-91.99,-14.63,-8.54,-102.03,32.33,37.0,2,23.15,Poor
1.698,-108.75,-92.36,-16.94,-8.22,-104.52,22.18,35.0,4,25.43,Poor
0.048,-74.58,-56.91,-17.37,9.06,-88.11,70.24,75.0,0,45.81,Fair
0.02,-70.59,-54.1,-15.69,22.98,-98.39,36.95,46.0,3,70.44,Good
0.256,-93.33,-67.52,-19.5,2.57,-100.18,49.89,43.0,0,33.92,Poor
0.044,-74.9,-55.37,-18.51,27.1,-108.32,14.45,34.0,1,70.21,Good
0.621,-97.46,-73.46,-19.5,-1.6,-101.53,46.53,49.0,3,27.98,Poor
1.107,-111.53,-89.05,-19.5,-10.0,-100.77,46.42,42.0,4,21.0,Poor
0.256,-91.85,-75.77,-13.44,7.13,-104.2,11.56,33.0,1,48.94,Fair
0.135,-76.91,-58.8,-19.2,10.0,-93.19,54.37,52.0,2,46.22,Fair
0.256,-97.55,-80.86,-18.18,4.75,-106.01,24.89,31.0,1,39.95,Fair
0.578,-99.6,-82.09,-16.59,1.52,-107.17,10.09,23.0,3,49.26,Fair
0.02,-62.68,-47.61,-13.99,29.69,-98.33,48.31,39.0,0,73.82,Good
0.401,-91.66,-74.98,-16.77,0.16,-100.82,31.85,34.0,3,34.89,Poor
0.428,-98.69,-79.61,-19.5,-8.62,-91.97,65.85,55.0,0,20.98,Poor
0.457,-96.39,-77.39,-19.22,-0.51,-100.59,31.02,52.0,4,37.42,Fair
0.125,-85.99,-67.23,-18.26,16.29,-107.65,21.71,25.0,3,52.59,Fair
0.563,-102.02,-84.2,-18.42,-0.07,-110.88,6.41,19.0,1,31.98,Poor
0.043,-77.19,-56.61,-19.5,15.28,-99.46,67.97,66.0,1,48.19,Fair
0.1,-85.21,-67.98,-17.65,15.46,-104.49,15.65,24.0,1,57.61,Good
0.945,-103.06,-80.89,-19.5,-7.8,-104.36,17.36,28.0,1,20.22,Poor
0.604,-102.63,-90.17,-12.23,-6.59,-103.38,14.98,29.0,2,26.01,Poor
0.02,-75.55,-55.58,-19.5,22.26,-107.14,40.08,48.0,2,56.25,Good
0.128,-86.41,-66.94,-19.39,0.64,-94.55,55.52,71.0,3,38.72,Fair
0.109,-77.94,-61.96,-16.24,23.65,-107.23,28.07,33.0,1,65.03,Good
0.142,-86.79,-69.85,-16.86,2.58,-98.38,38.36,44.0,2,37.71,Fair
0.128,-87.54,-68.14,-19.5,2.44,-90.94,53.91,48.0,1,35.25,Fair
0.029,-70.54,-49.79,-19.5,20.87,-97.05,40.57,46.0,1,54.39,Fair
0.276,-93.5,-80.74,-11.96,0.7,-98.04,57.4,45.0,0,40.88,Fair
0.594,-92.01,-72.13,-19.5,-5.95,-90.99,54.69,46.0,2,24.85,Poor
0.42,-96.5,-79.87,-16.68,4.84,-106.43,15.93,31.0,4,47.06,Fair
0.503,-95.24,-73.87,-19.5,-1.89,-95.85,65.21,62.0,4,28.46,Poor
0.038,-78.86,-66.38,-12.98,8.75,-94.67,60.29,50.0,3,45.68,Fair
1.362,-104.68,-79.34,-19.5,-10.0,-91.84,61.55,54.0,3,15.13,Poor
0.82,-101.19,-85.85,-16.19,-3.56,-104.82,22.07,34.0,5,39.96,Fair
0.736,-101.57,-79.28,-19.5,3.25,-107.88,13.39,23.0,7,37.09,Fair
0.779,-103.85,-86.06,-18.0,4.64,-109.71,18.91,35.0,1,39.96,Fair
1.214,-108.25,-92.7,-15.77,-10.0,-100.27,29.58,48.0,4,20.78,Poor
0.354,-93.87,-75.07,-19.5,4.67,-104.7,17.34,25.0,2,33.5,Poor
0.101,-81.62,-60.53,-19.5,24.7,-110.24,14.49,30.0,2,54.57,Fair
0.432,-97.23,-83.89,-12.48,1.4,-102.68,39.62,50.0,2,41.51,Fair
0.611,-98.59,-78.48,-19.5,-10.0,-83.12,80.33,80.0,6,25.27,Poor
0.603,-99.77,-81.8,-18.02,-3.0,-101.02,33.0,29.0,3,32.26,Poor
0.332,-94.05,-74.31,-18.18,6.13,-104.32,27.67,49.0,1,36.67,Fair
0.032,-75.15,-57.12,-17.59,25.53,-106.04,23.06,27.0,3,59.59,Good
0.209,-90.36,-74.08,-16.55,3.97,-100.25,22.1,34.0,2,40.97,Fair
1.141,-94.36,-79.7,-13.64,4.65,-102.32,30.86,43.0,3,43.37,Fair
0.395,-94.71,-74.69,-18.78,5.57,-106.21,10.09,27.0,4,40.95,Fair
0.348,-92.27,-72.27,-19.16,3.13,-102.41,26.96,43.0,4,36.9,Fair
0.141,-85.29,-65.3,-19.5,10.17,-101.09,12.25,18.0,2,42.46,Fair
0.207,-91.4,-72.12,-18.9,2.23,-97.57,58.41,48.0,1,25.54,Poor
1.016,-98.97,-78.13,-19.5,-6.54,-97.88,62.78,67.0,3,18.03,Poor
0.494,-99.06,-76.84,-19.5,-8.21,-99.29,41.66,42.0,1,25.31,Poor
0.697,-96.65,-84.28,-8.41,-4.16,-96.41,48.55,45.0,2,41.72,Fair
0.273,-94.08,-83.1,-11.09,-4.68,-93.89,64.41,49.0,1,33.87,Poor
0.448,-100.88,-77.73,-19.5,-7.93,-96.49,62.1,60.0,2,24.29,Poor
0.128,-84.78,-70.81,-15.66,14.34,-105.73,30.86,47.0,1,47.98,Fair
0.55,-103.24,-88.5,-14.43,-2.16,-107.09,30.35,50.0,6,33.52,Poor
0.251,-89.89,-72.75,-19.29,5.33,-102.29,25.21,35.0,2,43.81,Fair
0.263,-97.21,-84.17,-11.62,-4.48,-98.58,70.71,68.0,1,35.19,Fair
0.472,-98.76,-81.91,-17.69,-10.0,-88.8,80.72,57.0,0,24.46,Poor
1.239,-111.6,-96.44,-12.41,-10.0,-97.49,52.78,45.0,1,26.51,Poor
0.03,-62.46,-45.16,-17.4,30.0,-97.18,32.22,50.0,1,72.14,Good
0.784,-108.51,-89.67,-18.24,-10.0,-93.4,59.62,58.0,2,21.78,Poor
0.156,-87.86,-70.89,-18.49,4.34,-95.56,32.51,36.0,0,43.66,Fair
0.264,-87.89,-71.08,-17.14,2.01,-93.27,63.68,62.0,1,35.76,Fair
0.02,-66.3,-47.52,-19.5,30.0,-101.65,51.63,48.0,2,61.21,Good
0.161,-84.79,,-19.5,5.08,-92.84,77.69,63.0,1,31.06,Poor
0.314,-95.24,-72.43,-19.5,14.87,-118.77,6.14,21.0,3,47.99,Fair
0.026,-67.23,-49.88,-19.5,30.0,-104.71,15.54,24.0,3,73.98,Good
0.304,-90.03,-66.56,-19.5,6.98,-100.74,21.3,46.0,3,41.07,Fair
1.178,-104.58,-83.95,-19.5,-10.0,-98.19,52.94,60.0,1,14.9,Poor
0.05,-77.21,-62.91,-14.47,30.0,-112.3,2.64,32.0,1,72.88,Good
0.651,-101.5,-87.28,-13.64,-2.36,-102.76,16.88,38.0,0,38.46,Fair
0.237,-95.18,-78.91,-17.71,2.51,-104.78,3.81,19.0,0,33.94,Poor
0.479,-92.68,-70.34,-19.5,1.63,-98.6,37.86,50.0,1,25.67,Poor
0.136,-81.46,-64.97,-17.24,19.35,-106.84,5.23,22.0,4,53.35,Fair
0.078,-85.51,-73.19,-12.92,8.13,-97.45,63.22,64.0,4,56.1,Good
0.079,-82.65,-65.33,-17.75,25.84,-112.72,1.94,35.0,1,60.93,Good
0.033,-75.18,-63.12,-12.2,26.31,-107.75,23.08,32.0,3,70.16,Good
0.092,-83.54,-68.7,-13.59,13.61,-102.69,30.87,37.0,0,55.64,Good
0.491,-97.58,-81.34,-15.74,4.06,-104.22,38.97,37.0,3,39.94,Fair
0.961,-99.87,-81.42,-18.06,-10.0,-89.38,74.39,64.0,1,19.8,Poor
0.757,-104.58,-83.51,-19.5,-10.0,-89.34,80.42,81.0,4,7.77,Poor
0.52,-101.72,-81.64,-19.5,-10.0,-95.62,54.99,44.0,1,22.65,Poor
0.053,-73.65,-59.18,-15.08,13.65,-92.54,47.22,50.0,2,54.4,Fair
0.154,-89.64,-72.75,-16.4,-1.14,-90.36,50.23,52.0,3,31.26,Poor
0.167,-93.55,-75.32,-17.42,-3.44,-97.58,34.68,36.0,2,42.6,Fair
0.129,-88.25,-71.03,-15.65,10.3,-101.92,20.38,32.0,3,53.59,Fair
0.326,-95.6,-78.41,-17.95,-3.32,-97.4,60.74,48.0,1,35.5,Fair
0.345,-88.56,-75.73,-12.95,6.94,-101.29,36.79,50.0,1,47.08,Fair
0.199,-86.31,-71.76,-12.93,4.23,-95.64,31.48,42.0,1,45.72,Fair
0.196,-85.32,-68.53,-17.4,10.96,-103.39,20.54,23.0,1,55.17,Good
0.794,-98.72,-90.0,-8.97,0.24,-104.34,27.47,37.0,2,51.28,Fair
0.701,-97.14,-77.22,-19.5,-10.0,-92.1,78.3,65.0,2,17.41,Poor
0.166,-91.18,-77.3,-14.78,12.61,-107.61,16.27,29.0,3,50.09,Fair
1.103,-105.65,-85.59,-19.5,-10.0,-96.22,47.83,54.0,0,21.99,Poor
1.374,-110.73,,-19.5,-10.0,-101.44,39.53,43.0,4,18.64,Poor
0.178,-89.9,-73.53,-16.42,-1.18,-92.05,70.75,52.0,1,33.2,Poor
0.197,-87.19,-66.19,-19.5,3.92,-95.43,62.22,,3,36.14,Fair
0.317,-93.51,-73.28,-19.5,0.19,-100.06,42.67,42.0,3,38.61,Fair
1.275,-100.87,-83.79,-16.69,-3.73,-100.29,40.43,41.0,2,28.95,Poor
0.941,-108.04,-91.31,-16.21,-10.0,-103.63,32.94,39.0,3,26.79,Poor
0.049,-75.93,-54.63,-19.5,25.15,-105.33,23.18,40.0,2,61.74,Good
0.224,-96.05,-77.36,-17.29,4.39,-104.31,14.37,33.0,2,43.19,Fair
0.363,-94.84,-73.7,-19.5,11.27,-108.1,20.13,32.0,2,44.05,Fair
0.315,-91.03,-80.19,-9.06,0.14,-94.08,66.39,43.0,2,41.19,Fair
0.097,-84.68,-66.38,-18.86,8.56,-95.83,41.96,24.0,2,43.65,Fair
0.881,-100.7,-87.44,-13.04,,-105.23,32.14,29.0,1,33.73,Poor
0.508,-101.98,-84.06,-17.28,,-113.6,14.06,23.0,2,48.4,Fair
0.819,-108.93,-88.79,-19.5,-10.0,-99.8,59.7,54.0,0,22.44,Poor
0.881,-100.68,-77.46,-19.5,3.71,-106.85,14.65,24.0,1,38.75,Fair
0.621,-92.9,-77.71,-15.18,-6.05,-94.28,66.65,61.0,2,33.66,Poor
0.26,-96.33,-79.9,-16.38,-1.16,-102.36,12.68,36.0,1,34.83,Poor
0.424,-91.69,-73.97,-18.04,5.73,-105.9,7.12,24.0,1,43.39,Fair
0.079,-81.85,,-13.41,10.03,-100.14,26.29,42.0,1,53.7,Fair
0.504,-103.41,-82.47,-19.5,-5.38,-102.32,29.67,47.0,1,30.36,Poor
0.089,-87.6,-69.81,-18.85,2.96,-97.3,57.64,55.0,2,37.91,Fair
0.533,-98.48,-80.12,-18.09,-10.0,-93.9,49.82,40.0,1,29.36,Poor
0.117,-87.08,-67.22,-19.5,12.44,-106.55,19.63,32.0,2,48.18,Fair
0.056,-84.41,-66.63,-16.62,17.1,-106.1,21.69,42.0,0,53.55,Fair
0.081,-89.08,-73.54,-15.66,-0.5,-96.67,61.52,67.0,1,32.82,Poor
0.02,-73.83,-56.02,-17.46,16.47,-91.91,61.35,58.0,0,56.32,Good
0.571,-98.37,-82.94,-16.83,-3.01,-102.22,33.32,47.0,4,32.11,Poor
0.593,-99.5,-81.18,-19.03,-1.07,-100.82,32.55,34.0,2,30.87,Poor
0.326,-96.28,-75.29,-19.5,-6.78,-94.84,66.23,53.0,1,25.87,Poor
0.079,-81.27,-66.8,-13.41,18.38,-101.94,7.39,22.0,2,63.16,Good
0.039,-71.94,-58.54,-13.6,26.23,-101.17,13.9,31.0,0,76.9,Excellent
0.02,-68.87,-50.72,-17.65,,-101.64,36.09,38.0,1,63.63,Good
0.082,-82.82,-67.12,-17.55,11.29,-98.27,61.51,62.0,0,36.88,Fair
0.997,-100.27,-82.17,-16.88,-6.49,-100.19,41.38,51.0,5,32.93,Poor
0.124,-89.81,-70.84,-18.99,-2.34,-94.17,23.17,34.0,2,38.91,Fair
0.197,-90.83,-79.26,-11.86,-1.17,-94.54,60.09,55.0,2,35.7,Fair
0.05,-78.97,-58.9,-19.31,13.84,-100.49,58.01,55.0,0,48.5,Fair
0.113,-90.1,-75.61,-14.72,1.54,-95.17,65.34,62.0,2,33.21,Poor
0.33,-96.06,-78.13,-17.09,0.67,-102.56,38.99,39.0,0,41.93,Fair
0.421,-104.81,-88.79,-15.6,-10.0,-93.83,49.27,54.0,1,23.93,Poor
0.127,-78.47,-62.13,-14.94,26.07,-109.83,15.04,34.0,2,66.64,Good
0.027,-76.62,-53.54,-19.5,20.82,-104.25,8.1,21.0,2,57.68,Good
0.223,-84.67,-65.71,-17.75,23.55,-110.12,12.08,19.0,3,59.2,Good
0.12,-85.51,-64.79,-19.5,19.8,-108.88,10.09,30.0,2,52.77,Fair
0.112,-82.77,-64.31,-17.11,14.87,-100.66,46.43,51.0,2,47.15,Fair
1.447,-109.17,-89.31,-19.5,-10.0,-101.62,52.67,55.0,1,11.85,Poor
0.431,-95.88,-76.63,-19.5,-3.91,-97.62,55.79,53.0,3,24.74,Poor
0.366,-92.7,-73.93,-17.73,4.56,-101.79,26.34,32.0,3,42.95,Fair
0.242,-89.05,-67.73,-19.5,5.18,-99.33,55.38,50.0,2,37.3,Fair
0.252,-88.97,-70.5,-18.18,6.02,-98.87,42.81,45.0,2,38.42,Fair
0.35,-96.39,-71.53,-19.5,5.85,-110.1,26.19,35.0,2,38.26,Fair
0.536,-100.53,-79.65,-19.5,-10.0,-89.58,84.72,74.0,4,18.01,Poor
0.545,-105.12,-90.54,-13.31,-9.89,-100.92,33.95,46.0,1,32.88,Poor
0.085,-80.57,-63.1,-17.35,21.34,-103.91,26.3,29.0,1,59.47,Good
0.312,-89.58,-70.39,-18.88,-6.35,-91.03,48.97,54.0,2,31.58,Poor
0.239,-85.14,-67.0,-17.96,,-99.05,52.29,48.0,1,43.77,Fair
0.92,-102.06,-82.0,-19.5,0.31,-106.74,26.18,32.0,1,35.36,Fair
0.449,-100.13,-79.74,-19.5,-7.71,-98.87,40.06,47.0,0,26.16,Poor
0.342,-101.5,-87.58,-14.97,1.07,-107.88,15.23,26.0,4,39.89,Fair
0.055,-74.82,-52.98,-19.5,,-107.23,26.57,34.0,2,62.97,Good
0.419,-103.64,-87.13,-15.44,-2.04,-107.55,39.77,36.0,2,32.55,Poor
0.056,-80.49,-64.28,-16.94,18.93,-103.78,15.24,33.0,0,65.47,Good
0.185,-90.29,-74.09,-15.3,5.1,-100.22,36.96,47.0,2,49.14,Fair
0.069,-81.22,-60.8,-18.34,17.81,-102.57,13.38,25.0,2,60.07,Good
0.53,-98.36,-81.16,-16.4,-9.9,-96.57,50.43,57.0,4,27.69,Poor
0.104,-83.87,-67.86,-17.0,13.64,-100.37,33.31,41.0,3,48.14,Fair
0.224,-100.7,-83.97,-17.37,-10.0,-90.52,66.0,64.0,2,19.74,Poor
1.017,-104.1,-91.48,-12.92,-8.0,-99.22,31.86,37.0,1,30.53,Poor
0.103,-93.25,-77.77,-13.55,-5.45,-95.43,53.97,63.0,2,31.24,Poor
0.319,-91.17,-76.89,-15.1,9.46,-105.42,16.57,31.0,2,50.4,Fair
0.245,-94.02,-76.83,-17.12,10.83,-109.37,8.32,29.0,1,51.98,Fair
0.02,-79.07,-59.08,-19.5,15.51,-98.98,64.84,55.0,5,50.35,Fair
0.708,-104.27,-84.61,-19.1,-10.0,-97.28,49.01,50.0,2,26.16,Poor
0.032,-76.7,-54.93,-19.5,27.75,-108.95,12.67,23.0,1,64.82,Good
0.289,-88.49,-67.39,-19.5,12.66,-104.02,12.14,29.0,3,33.96,Poor
0.37,-94.6,-78.19,-17.49,0.79,-100.19,38.01,47.0,2,39.82,Fair
0.446,-95.62,-77.56,-19.26,-8.47,-92.16,70.55,68.0,0,22.12,Poor
0.525,-93.7,-75.79,-19.05,0.55,-97.19,35.22,53.0,1,42.5,Fair
0.131,-86.82,-75.28,-10.53,16.04,-105.95,12.39,28.0,3,61.86,Good
0.02,-67.43,-53.08,-14.04,26.76,-98.76,53.27,66.0,2,59.33,Good
0.578,-96.52,-79.03,-15.97,2.71,-104.26,28.73,34.0,3,42.18,Fair
0.345,-99.93,-82.45,-18.55,-1.71,-99.32,65.22,60.0,2,21.31,Poor
0.814,-96.33,-76.79,-19.5,1.93,-102.09,11.13,25.0,3,33.49,Poor
0.775,-107.48,-88.09,-19.5,-7.66,-100.7,49.52,66.0,1,19.1,Poor
0.834,-98.77,-86.08,-13.79,0.56,-106.19,17.75,37.0,4,36.31,Fair
0.299,-99.6,-80.05,-18.18,-0.4,-105.25,21.93,46.0,5,29.31,Poor
0.183,-86.88,-68.34,-18.1,6.12,-96.7,75.34,65.0,1,37.35,Fair
0.706,-93.54,-73.67,-19.18,-1.32,-97.53,41.24,42.0,2,33.85,Poor
0.27,-93.51,-72.31,-19.5,7.97,-104.59,5.19,25.0,3,48.02,Fair
0.091,-84.32,-66.75,-17.61,7.6,-97.74,51.85,48.0,2,43.77,Fair
0.869,-100.35,-78.61,-19.5,-4.9,-99.52,41.52,42.0,1,19.34,Poor
0.964,-105.01,-89.67,-15.7,-10.0,-99.45,57.71,51.0,1,20.59,Poor
0.283,-85.78,-70.62,-15.29,13.77,-104.0,20.91,35.0,1,58.76,Good
0.035,-74.46,-55.17,-19.5,19.97,-98.75,50.84,51.0,2,45.43,Fair
0.221,-92.2,-75.31,-16.83,-3.36,-93.45,71.82,79.0,2,26.69,Poor
0.732,-103.47,-84.68,-17.48,-10.0,-90.66,79.12,68.0,4,26.37,Poor
1.044,-108.12,-84.14,-19.5,-10.0,-86.09,77.21,56.0,3,18.13,Poor
0.102,-86.8,-67.62,-19.41,4.78,-94.96,44.32,34.0,3,37.89,Fair
0.031,-75.56,-56.92,-19.04,24.81,-107.19,41.94,37.0,0,59.72,Good
0.944,-105.46,-90.07,-15.0,-5.75,-102.37,40.08,30.0,1,40.3,Fair
0.222,-93.6,-80.7,-11.51,2.67,-99.87,38.35,41.0,3,42.1,Fair
0.351,-86.54,-68.76,-18.07,8.7,-99.95,58.05,42.0,1,46.22,Fair
1.55,-111.93,-90.73,-18.61,-10.0,-100.67,51.79,43.0,5,12.38,Poor
0.031,-73.52,-56.48,-16.51,20.86,-102.32,21.8,29.0,1,63.52,Good
0.47,-95.1,-75.89,-19.08,3.8,-103.85,28.52,37.0,1,40.28,Fair
0.035,-72.52,-50.24,-19.5,16.05,-93.54,49.36,45.0,3,50.81,Fair
0.212,-90.8,-68.59,-19.5,15.3,-105.5,34.51,39.0,2,52.4,Fair
0.733,-102.28,-82.99,-18.47,-3.93,-101.92,22.79,36.0,1,35.27,Fair
0.256,-90.38,-71.87,-18.26,5.62,-102.46,14.88,30.0,2,44.35,Fair
2.642,-111.38,-97.93,-14.89,-10.0,-90.24,80.2,72.0,7,16.9,Poor
0.368,-96.39,-80.28,-17.53,,-97.93,37.82,39.0,1,33.64,Poor
0.174,-95.12,-77.97,-17.45,-0.75,-100.04,40.39,42.0,0,34.22,Poor
0.112,-86.92,-71.48,-16.18,11.47,-103.62,18.48,25.0,0,53.28,Fair
0.194,-94.4,-75.65,-19.5,-5.59,-91.99,71.93,63.0,2,28.78,Poor
0.21,-93.14,-69.41,-19.5,2.32,-101.12,47.1,45.0,3,27.37,Poor
0.032,-74.25,-51.69,-19.5,25.65,-108.11,5.23,17.0,2,60.06,Good
0.208,-88.95,-70.22,-19.5,19.74,-110.66,9.36,19.0,2,48.1,Fair
0.281,-85.88,-65.54,-19.5,6.66,-96.78,61.69,59.0,2,36.67,Fair
0.577,-101.39,-85.58,-15.72,-2.92,-101.46,32.98,40.0,1,34.47,Poor
0.481,-94.57,-72.17,-19.5,-5.52,-97.38,45.04,49.0,1,29.55,Poor
0.555,-97.68,-84.37,-13.88,-8.72,-94.44,71.21,69.0,1,24.85,Poor
0.02,-65.26,-44.52,-19.5,28.96,-98.12,62.4,50.0,1,59.32,Good
0.11,-82.64,-63.15,-19.19,7.84,-95.12,47.77,41.0,3,42.75,Fair
0.488,-101.81,-86.08,-17.26,-10.0,-94.59,55.06,62.0,4,16.22,Poor
0.298,-100.4,-83.02,-17.57,-7.25,-98.22,59.01,52.0,3,21.56,Poor
0.02,-69.2,-54.6,-14.25,30.0,-108.17,27.03,33.0,4,72.19,Good
0.734,-103.45,-88.72,-13.66,-8.99,-99.74,38.11,52.0,3,31.17,Poor
0.667,-104.42,-91.19,-10.91,-10.0,-97.13,52.14,47.0,1,33.01,Poor
0.358,-100.17,-79.86,-19.5,-7.73,-101.74,30.47,45.0,2,25.79,Poor
0.031,-73.45,-51.83,-19.5,,-105.79,8.26,27.0,0,61.83,Good
0.655,-94.3,-82.79,-11.74,-1.39,-96.04,51.67,45.0,5,35.48,Fair
0.394,-97.57,-74.06,-19.5,-4.81,-96.01,72.07,48.0,1,16.93,Poor
0.685,-98.37,-80.41,-17.62,-7.92,-95.39,53.34,,3,26.23,Poor
0.627,-100.37,-81.5,-18.71,-6.12,-99.55,43.3,49.0,2,15.74,Poor
0.731,-106.45,-92.87,-14.26,-10.0,-100.71,25.28,21.0,6,34.34,Poor
0.328,-91.42,-69.45,-19.5,-3.32,-93.43,69.87,55.0,1,27.24,Poor
0.068,-85.16,-66.56,-19.5,14.41,-106.95,35.3,46.0,2,46.9,Fair
0.5,-97.92,-76.5,-19.5,2.62,-107.09,16.8,29.0,2,46.79,Fair
0.436,-98.18,-76.51,-19.5,0.54,-102.82,37.65,44.0,1,26.36,Poor
0.61,-96.15,-74.15,-19.5,0.22,-102.17,30.26,46.0,3,31.08,Poor
0.084,-86.8,-70.74,-15.09,2.5,-98.27,38.87,30.0,1,43.74,Fair
0.098,-82.31,-64.94,-16.45,18.99,-109.88,10.31,24.0,2,64.7,Good
0.995,-107.32,-91.16,-15.9,-10.0,-93.44,47.53,35.0,2,26.08,Poor
0.624,-101.96,-81.27,-19.5,-6.21,-100.86,37.82,46.0,4,23.16,Poor
1.075,-119.18,-100.18,-16.58,-10.0,-97.7,68.19,61.0,4,19.82,Poor
0.64,-91.77,-70.56,-19.5,6.26,-100.74,34.64,30.0,3,34.04,Poor
0.409,-94.06,-72.72,-19.5,6.28,-105.06,42.87,,2,37.67,Fair
0.478,-100.67,-87.85,-12.27,-8.1,-93.92,54.47,75.0,2,27.37,Poor
0.99,-108.42,-86.37,-19.5,-4.61,-106.72,29.65,35.0,1,27.4,Poor
0.389,-97.81,-76.95,-19.5,-6.08,-95.73,72.31,66.0,3,21.97,Poor
0.45,-94.22,-77.33,-17.17,-1.04,-99.22,34.1,39.0,2,34.27,Poor
0.077,-89.36,-70.31,-18.55,5.73,-101.76,33.02,37.0,2,41.41,Fair
0.289,-93.82,-76.19,-17.37,4.68,-104.78,19.02,31.0,2,47.0,Fair
0.567,-92.01,-72.16,-19.06,11.52,-108.91,8.56,23.0,2,41.96,Fair
0.142,-91.65,-74.77,-18.15,1.42,-97.49,52.93,,1,33.89,Poor
0.102,-83.91,-64.47,-19.16,14.01,-103.43,11.14,24.0,4,51.03,Fair
0.169,-79.82,-61.62,-17.96,22.27,-106.69,22.7,33.0,0,62.87,Good
0.124,-83.44,-66.73,-17.12,16.79,-108.47,9.2,20.0,0,49.53,Fair
0.109,-84.31,-65.74,-18.3,11.63,-99.19,56.1,63.0,2,43.11,Fair
0.249,-89.93,-63.81,-19.5,2.53,-97.58,56.9,49.0,1,33.61,Poor
1.073,-106.22,-90.28,-16.47,-10.0,-101.02,43.94,34.0,2,19.48,Poor
0.318,-88.89,-71.64,-16.44,12.53,-102.91,28.23,38.0,3,48.79,Fair
0.094,-85.12,-69.13,-16.45,5.45,-92.16,79.05,69.0,2,42.37,Fair
0.036,-83.21,-66.9,-18.27,14.32,-101.89,38.53,48.0,2,50.29,Fair
0.536,-100.17,-79.72,-19.5,-5.71,-103.16,38.0,38.0,4,26.77,Poor
0.217,-94.64,-74.49,-19.18,10.89,-110.61,12.4,37.0,2,50.62,Fair
0.776,-102.94,-84.95,-17.69,-0.91,-103.84,32.39,39.0,0,31.39,Poor
0.485,-98.77,-77.69,-19.5,-8.3,-96.43,64.81,51.0,3,23.3,Poor
0.716,-96.32,-75.94,-19.5,3.48,-105.96,16.71,35.0,1,42.52,Fair
0.143,-84.38,-66.86,-19.23,9.55,-99.04,56.24,51.0,5,39.93,Fair
0.53,-97.46,-84.06,-14.19,5.72,-106.08,3.33,18.0,2,49.19,Fair
0.138,-86.87,-66.38,-18.91,15.62,-104.44,34.47,29.0,2,43.9,Fair
1.259,-110.24,-91.73,-18.54,-10.0,-98.11,47.21,63.0,3,21.73,Poor
0.455,-105.91,-87.84,-17.69,-10.0,-101.36,35.08,41.0,0,24.47,Poor
0.177,-88.53,-71.93,-17.1,8.93,-102.99,29.73,37.0,3,50.66,Fair
0.141,-83.89,-63.65,-19.29,16.91,-107.41,17.16,25.0,3,60.96,Good
0.095,-84.11,-65.06,-17.63,-2.09,-87.3,67.51,53.0,1,33.77,Poor
0.534,-100.7,-83.41,-17.14,-6.7,-98.45,34.62,40.0,2,32.18,Poor
0.111,-83.13,-68.81,-16.1,5.76,-96.17,39.67,50.0,0,47.33,Fair
0.407,-96.55,-75.34,-19.5,-10.0,-87.06,82.63,77.0,0,12.88,Poor
0.138,-80.14,-60.32,-18.43,7.76,-91.62,68.08,68.0,2,39.18,Fair
0.488,-92.86,-74.09,-19.5,8.99,-102.45,34.15,41.0,3,42.51,Fair
0.759,-97.78,-87.75,-11.59,2.34,-103.59,32.81,39.0,0,49.64,Fair
0.677,-97.6,-79.71,-17.35,-4.98,-97.53,33.11,36.0,2,39.99,Fair
0.644,-105.35,-88.07,-17.91,-10.0,-94.24,56.57,50.0,2,20.08,Poor
0.094,-80.86,-64.72,-18.61,14.92,-100.93,33.25,34.0,0,45.78,Fair
0.042,-75.09,-54.83,-19.5,15.37,-98.7,59.08,55.0,1,51.79,Fair
0.54,-96.24,-76.1,-17.98,2.79,-102.34,27.26,37.0,4,29.87,Poor
0.207,-88.38,-69.07,-18.89,4.16,-96.78,47.37,48.0,0,45.42,Fair
0.255,-90.35,-69.23,-19.5,11.16,-108.17,2.36,20.0,1,48.84,Fair
0.02,-59.64,-44.71,-16.0,26.56,-91.99,84.04,76.0,2,59.07,Good
0.135,-86.99,-70.35,-16.4,17.98,-107.75,28.89,51.0,3,54.82,Fair
0.02,-66.7,-48.47,-18.52,30.0,-104.77,22.64,35.0,1,67.4,Good
0.951,-105.46,-89.32,-17.0,-4.3,-107.67,24.2,28.0,1,27.58,Poor
0.126,-82.88,-62.7,-19.5,,-105.89,15.24,24.0,1,57.0,Good
0.367,-91.55,-75.12,-15.78,2.53,-99.14,56.27,47.0,2,33.85,Poor
0.02,-68.99,-47.09,-19.5,27.83,-99.56,58.44,51.0,1,54.28,Fair
0.495,-91.23,-76.02,-14.22,5.16,-100.87,44.47,52.0,3,48.93,Fair
0.176,-92.47,,-19.5,13.36,-108.29,10.03,26.0,4,53.03,Fair
1.027,-106.19,-82.1,-19.5,-8.46,-100.35,24.86,40.0,0,27.1,Poor
0.986,-103.03,-85.32,-19.46,-5.01,-106.01,19.35,38.0,3,21.94,Poor
0.177,-85.49,-64.05,-19.5,3.76,-93.65,68.69,71.0,2,33.07,Poor
1.041,-103.64,,-16.4,-10.0,-98.9,30.32,45.0,0,31.01,Poor
2.503,-106.83,-85.79,-19.5,-5.3,-105.47,17.68,,3,29.48,Poor
0.785,-104.56,-87.09,-16.87,-10.0,-98.05,50.43,53.0,5,24.26,Poor
0.839,-107.04,-92.9,-13.78,-10.0,-99.93,27.52,26.0,5,24.23,Poor
0.129,-85.04,-77.64,-7.83,9.39,-100.09,36.2,32.0,2,66.28,Good
0.387,-96.08,-78.89,-18.31,-9.15,-90.61,71.93,55.0,1,22.74,Poor
0.031,-72.02,-53.18,-17.86,18.31,-96.53,46.97,35.0,4,61.29,Good
0.045,-77.34,-55.35,-19.5,20.84,-99.64,46.53,41.0,4,60.13,Good
3.063,-115.08,-96.97,-17.51,-10.0,-103.06,20.53,34.0,9,26.89,Poor
0.178,-89.36,-68.35,-19.5,10.06,-105.95,7.65,25.0,1,43.55,Fair
0.621,-99.75,-83.12,-16.86,-10.0,-87.73,87.77,75.0,1,15.55,Poor
0.739,-102.61,-85.62,-14.59,1.92,-105.44,6.31,22.0,4,43.65,Fair
0.878,-103.7,-82.53,-19.5,-7.65,-100.57,36.78,43.0,1,23.9,Poor
2.72,-114.31,-103.7,-11.53,-10.0,-88.64,67.88,42.0,11,26.01,Poor
0.124,-82.54,-64.5,-19.5,21.89,-105.86,23.37,35.0,3,55.69,Good
0.02,-69.67,-52.87,-16.15,26.02,-100.91,38.37,36.0,4,64.25,Good
0.238,-82.55,-60.47,-19.5,20.78,-108.32,14.93,31.0,2,55.04,Good
0.063,-79.44,-63.03,-17.5,7.33,-92.13,62.2,49.0,3,38.27,Fair
0.02,-72.65,-53.1,-19.5,29.95,-105.67,29.28,32.0,1,63.55,Good
0.201,-79.43,-58.67,-19.5,14.68,-102.49,25.76,40.0,1,50.94,Fair
0.689,-99.12,-85.6,-13.31,2.71,-107.13,5.55,20.0,3,42.26,Fair
0.376,-91.56,-73.98,-16.94,2.68,-100.22,24.75,31.0,1,36.8,Fair
0.169,-86.23,-69.52,-17.75,5.61,-97.59,47.58,44.0,3,42.5,Fair
0.478,-95.12,-74.28,-19.5,5.2,-103.7,25.37,34.0,1,38.02,Fair
0.119,-83.43,-63.4,-19.5,-5.11,-86.1,81.6,62.0,2,28.66,Poor
0.02,-74.85,,-17.78,21.06,-95.19,60.79,56.0,2,56.83,Good
0.65,-98.81,-83.95,-13.23,-4.23,-99.84,44.08,42.0,4,33.04,Poor
0.44,-102.19,-81.07,-19.5,-5.28,-103.8,43.72,48.0,2,28.66,Poor
0.647,-100.92,-83.13,-17.12,-10.0,-96.07,51.71,42.0,1,21.24,Poor
0.02,-73.35,-60.2,-14.07,23.11,-102.47,26.73,47.0,4,63.89,Good
0.817,-100.82,-87.42,-12.61,-7.83,-96.86,48.14,59.0,2,39.67,Fair
0.435,-95.45,-76.14,-17.75,-3.18,-97.44,35.22,31.0,0,39.65,Fair
0.373,-93.53,-79.36,-12.92,4.05,-103.0,28.68,34.0,1,46.47,Fair
0.441,-95.76,-72.18,-19.5,5.33,-104.7,27.7,36.0,1,32.78,Poor
0.899,-105.51,-90.33,-15.93,-10.0,-98.19,35.14,40.0,2,33.2,Poor
0.398,-97.06,-79.06,-18.92,1.35,-106.86,10.85,28.0,0,31.44,Poor
0.391,-92.19,-73.72,-19.5,6.27,-103.6,33.61,35.0,2,48.21,Fair
2.104,-106.19,-90.38,-15.67,-1.59,-108.62,6.67,25.0,2,36.38,Fair
0.636,-104.67,-93.39,-12.22,-6.8,-102.95,33.75,42.0,2,29.44,Poor
0.263,-98.55,-79.98,-19.26,-10.0,-94.06,69.07,54.0,3,17.06,Poor
0.553,-101.78,-86.04,-16.66,-10.0,-86.82,69.6,62.0,0,16.48,Poor
0.222,-86.78,-68.43,-17.25,2.03,-95.01,54.23,49.0,2,34.17,Poor
0.117,-80.57,-62.94,-16.79,17.3,-103.52,42.59,49.0,5,57.55,Good
0.409,-99.95,-81.16,-18.16,-5.61,-99.48,35.23,42.0,2,31.2,Poor
1.185,-104.25,-81.57,-19.5,-4.31,-101.98,38.72,47.0,1,26.61,Poor
1.191,-98.19,-81.83,-16.06,-3.93,-103.17,14.25,34.0,3,38.68,Fair
0.188,-87.88,-71.29,-14.48,-0.55,-90.48,68.36,49.0,1,37.49,Fair
0.338,-88.91,-75.9,-13.23,12.58,-106.1,30.58,42.0,1,59.98,Good
0.107,-80.67,-63.26,-18.22,17.58,-101.01,43.31,41.0,2,46.88,Fair
2.445,-115.41,-96.18,-19.5,-10.0,-103.7,28.71,36.0,1,21.77,Poor
1.786,-109.8,-93.25,-17.22,-10.0,-91.62,55.81,46.0,3,18.21,Poor
0.472,-97.35,-78.11,-19.5,-8.48,-94.09,54.53,50.0,2,24.52,Poor
0.734,-100.91,-83.45,-17.31,-10.0,-87.12,86.92,83.0,3,20.16,Poor
0.565,-95.39,-81.3,-14.1,-10.0,-90.04,65.47,50.0,0,27.27,Poor
0.405,-94.53,-75.59,-18.9,0.32,-102.29,39.18,40.0,1,31.42,Poor
0.025,-83.93,-66.55,-18.52,5.21,-92.91,42.25,51.0,2,41.51,Fair
0.273,-98.0,-79.64,-18.42,-2.04,-103.28,37.27,45.0,1,35.31,Fair
0.505,-106.84,-90.54,-15.91,-10.0,-96.75,59.4,46.0,1,19.21,Poor
0.509,-97.45,-81.42,-15.4,-5.62,-99.55,31.34,34.0,3,31.87,Poor
0.21,-89.53,-71.06,-18.81,12.54,-106.45,19.38,34.0,1,42.83,Fair
1.279,-105.01,-87.7,-16.59,-10.0,-95.54,51.88,59.0,0,20.78,Poor
0.082,-86.26,-63.09,-19.5,6.18,-98.62,65.11,53.0,2,37.96,Fair
0.312,-91.22,-70.82,-19.5,3.93,-101.54,40.6,46.0,5,44.67,Fair
0.528,-95.61,-75.97,-19.4,-0.05,-99.1,37.1,51.0,2,41.5,Fair
0.538,-103.64,-86.18,-18.15,-2.28,-105.92,29.88,30.0,3,29.18,Poor
0.471,-103.34,,-11.67,-10.0,-97.56,73.58,59.0,0,22.58,Poor
0.145,-87.28,-71.7,-15.24,-1.47,-91.65,70.1,61.0,2,38.12,Fair
0.076,-74.61,-58.55,-16.05,18.82,-99.5,19.19,30.0,1,59.14,Good
0.455,-90.37,-73.2,-15.31,2.0,-101.05,43.07,48.0,1,29.89,Poor
0.412,-94.06,-76.16,-18.43,1.95,-98.77,48.69,51.0,2,30.78,Poor
0.089,-86.0,-66.03,-19.5,1.62,-92.91,62.3,57.0,1,30.52,Poor
0.55,-95.27,-76.45,-18.67,9.08,-108.26,9.7,17.0,0,54.0,Fair
0.273,-94.57,-73.1,-19.5,,-90.96,64.53,52.0,2,31.64,Poor
0.496,-100.99,-83.93,-17.11,-10.0,-97.4,41.07,33.0,1,23.44,Poor
0.817,-110.83,-92.06,-19.5,2.42,-113.35,9.05,28.0,3,32.51,Poor
0.084,-82.15,-63.12,-19.42,23.43,-106.92,28.6,28.0,3,63.42,Good
0.02,-72.96,-54.23,-19.5,22.95,-100.93,47.46,49.0,2,59.04,Good
0.68,-100.27,-78.43,-19.5,-0.19,-105.89,18.9,22.0,3,36.51,Fair
0.423,-105.75,-85.34,-19.5,-10.0,-95.94,45.92,45.0,2,20.91,Poor
0.541,-98.0,-83.96,-13.76,1.65,-103.35,29.27,39.0,0,38.34,Fair
0.82,-112.01,-94.35,-16.53,-10.0,-105.4,32.18,41.0,3,18.46,Poor
0.731,-96.93,-78.98,-19.11,-4.64,-99.96,38.85,42.0,0,25.55,Poor
1.459,-105.2,-80.74,-19.5,1.86,-112.94,10.48,30.0,1,34.68,Poor
0.345,-95.91,,-18.09,-9.67,-90.92,78.3,69.0,5,24.55,Poor
0.302,-91.37,-76.32,-13.09,4.5,-100.0,22.37,28.0,2,55.44,Good
0.231,-95.23,-75.92,-18.99,-6.0,-95.45,71.56,56.0,1,28.7,Poor
0.075,-81.34,-61.85,-19.5,16.97,-101.4,32.86,48.0,1,53.66,Fair
0.383,-92.5,-74.72,-17.09,-0.44,-96.89,56.71,45.0,0,30.2,Poor
0.146,-99.72,-82.38,-17.44,5.77,-110.7,31.46,28.0,2,36.59,Fair
1.144,-106.96,-86.12,-19.07,-4.2,-107.4,23.79,40.0,1,31.16,Poor
0.394,-96.02,-80.58,-14.45,-7.57,-94.16,68.89,66.0,3,25.73,Poor
0.404,-96.94,-79.96,-18.32,-3.88,-96.8,43.68,50.0,2,30.1,Poor
0.197,-84.12,-67.68,-15.42,15.48,-107.03,16.21,25.0,1,52.9,Fair
0.024,-76.46,-55.18,-19.5,9.5,-93.8,54.62,56.0,1,46.12,Fair
0.02,-72.93,-54.07,-17.96,4.08,-86.52,68.33,64.0,0,42.17,Fair
0.248,-99.58,-84.77,-15.52,-6.2,-101.61,39.06,36.0,2,35.9,Fair
0.04,-70.16,-55.06,-14.96,20.22,-96.37,47.34,39.0,1,56.16,Good
0.42,-97.47,-73.85,-19.5,-2.37,-100.74,30.47,40.0,1,25.75,Poor
0.958,-105.39,-84.14,-19.31,-7.13,-106.01,16.07,29.0,2,31.07,Poor
0.965,-103.91,-83.39,-19.5,-2.05,-107.89,20.1,28.0,4,24.19,Poor
0.484,-95.17,-77.14,-17.91,6.67,-102.77,34.74,,4,43.71,Fair
0.107,-83.26,-60.74,-19.5,15.52,-104.37,39.64,39.0,0,46.09,Fair
0.894,-92.45,-77.76,-12.8,10.97,-107.28,16.82,30.0,1,52.25,Fair
0.978,-102.0,-81.74,-19.5,-1.6,-102.88,25.28,32.0,5,33.65,Poor
0.099,-85.82,-69.15,-15.75,4.82,-97.9,46.51,49.0,1,35.54,Fair
0.602,-101.85,-84.59,-17.04,,-93.53,62.24,60.0,0,24.87,Poor
0.152,-89.26,-69.08,-19.39,2.0,-95.74,38.17,52.0,0,46.46,Fair
0.73,-107.29,-89.72,-17.18,-10.0,-99.54,58.19,68.0,1,24.06,Poor
2.651,-112.31,-95.62,-15.81,-10.0,-100.05,48.16,37.0,5,21.29,Poor
0.02,-67.31,-50.8,-16.18,30.0,-102.38,13.77,28.0,0,71.24,Good
1.024,-106.67,-94.63,-11.54,-3.21,-107.35,12.23,21.0,9,41.96,Fair
0.439,-100.09,-79.8,-19.37,-10.0,-93.64,57.27,64.0,2,21.43,Poor
1.632,-102.19,-87.21,-15.13,-7.43,-96.3,58.77,46.0,2,27.98,Poor
0.281,-98.73,-75.15,-19.5,-6.97,-94.92,50.94,59.0,3,19.6,Poor
0.846,-110.83,-93.69,-16.71,-10.0,-93.06,67.7,76.0,1,24.48,Poor
0.029,-78.15,-56.22,-19.5,12.18,-94.78,62.87,55.0,2,55.41,Good
0.184,-95.49,-82.92,-12.76,7.75,-107.41,8.51,21.0,5,48.99,Fair
0.031,-72.62,-52.42,-19.5,,-92.72,76.87,63.0,2,51.29,Fair
1.666,-109.88,-88.92,-19.5,-10.0,-90.04,66.69,62.0,1,13.99,Poor
0.764,-102.55,-80.64,-19.5,-8.65,-99.61,34.82,50.0,2,25.02,Poor
0.861,-98.1,-84.69,-13.28,-3.43,-98.18,49.93,48.0,1,33.09,Poor
1.251,-108.72,-92.83,-16.09,-9.72,-104.06,16.57,31.0,3,23.63,Poor
0.04,-73.16,-53.43,-18.23,13.03,-90.86,74.23,68.0,1,45.29,Fair
0.219,-84.81,-66.37,-17.39,8.41,-97.4,40.88,51.0,2,40.22,Fair
0.033,-76.49,-57.61,-18.83,28.75,-109.96,10.43,20.0,1,69.79,Good
0.107,-81.68,-64.76,-16.2,14.68,-102.06,28.47,32.0,0,49.66,Fair
0.117,-86.42,-63.77,-19.5,14.21,-104.56,29.81,46.0,2,47.08,Fair
0.285,-89.43,-63.6,-19.5,12.75,-105.52,23.46,31.0,1,51.21,Fair
0.141,-93.32,-75.0,-17.89,-1.48,-94.99,60.87,53.0,3,23.35,Poor
0.048,-84.37,-65.01,-19.05,9.91,-96.84,45.08,62.0,2,41.64,Fair
0.082,-84.0,-65.83,-18.65,10.71,-99.61,34.39,41.0,2,53.0,Fair
0.072,-84.79,-62.93,-19.5,19.49,-109.1,33.32,33.0,0,47.34,Fair
1.627,-110.3,-89.81,-18.82,-10.0,-91.33,75.26,,6,10.87,Poor
0.641,-101.03,-86.23,-14.03,2.41,-106.91,10.65,29.0,3,48.94,Fair
1.546,-104.91,-88.75,-16.43,-5.49,-104.22,27.29,34.0,4,37.74,Fair
0.261,-93.99,-79.01,-16.24,,-101.88,40.61,46.0,0,35.31,Fair
0.147,-90.69,-64.6,-19.5,2.81,-99.04,33.19,34.0,2,29.59,Poor
0.72,-102.57,-82.66,-19.5,-2.02,-103.16,36.7,48.0,1,31.06,Poor
0.178,-92.12,-75.91,-15.73,-6.35,-90.21,81.25,67.0,2,28.64,Poor
0.16,-91.88,-75.9,-14.84,3.74,-100.55,54.37,49.0,2,45.56,Fair
0.119,-92.04,-71.63,-19.5,10.79,-107.62,24.78,27.0,2,43.44,Fair
0.063,-79.78,-59.06,-19.5,,-92.97,65.59,61.0,0,41.87,Fair
0.133,-88.84,-68.45,-19.15,3.78,-97.4,44.21,54.0,2,44.05,Fair
0.198,-86.09,-69.37,-17.49,15.55,-106.97,11.96,19.0,2,50.51,Fair
0.504,-103.86,-84.94,-17.04,-10.0,-94.38,66.58,63.0,5,24.81,Poor
0.029,-75.73,-57.4,-16.56,13.02,-97.84,47.09,45.0,1,57.96,Good
0.106,-77.37,-62.17,-15.35,24.26,-107.84,4.89,19.0,2,69.0,Good
0.745,-105.21,-89.99,-16.58,-10.0,-97.45,43.5,45.0,0,24.53,Poor
0.072,-82.15,-62.92,-18.31,9.65,-95.7,40.11,59.0,2,42.87,Fair
0.189,-94.43,-75.84,-18.04,4.79,-105.92,20.91,32.0,2,38.76,Fair
0.9,-108.49,-88.83,-19.5,-10.0,-93.46,69.26,49.0,1,14.42,Poor
0.076,-75.51,-55.14,-19.5,23.71,-103.73,14.39,27.0,0,59.8,Good
0.039,-75.33,-52.83,-19.5,19.51,-102.34,34.45,41.0,1,65.78,Good
0.298,-92.98,-77.31,-15.71,,-106.09,37.51,33.0,2,45.14,Fair
0.162,-95.03,-75.14,-18.77,7.59,-107.16,7.26,20.0,3,46.39,Fair
0.373,-94.02,-73.77,-19.5,-1.18,-96.26,37.05,43.0,2,29.95,Poor
0.733,-96.68,-79.62,-16.71,3.71,-105.71,22.92,34.0,2,37.4,Fair
0.066,-75.97,-57.61,-18.85,30.0,-111.27,30.2,38.0,3,58.15,Good
0.391,-93.2,-76.05,-15.69,16.79,-113.94,2.38,13.0,1,57.18,Good
0.317,-98.56,-74.24,-19.5,3.42,-107.66,20.74,33.0,4,31.5,Poor
0.07,-79.77,-61.46,-18.26,15.97,-102.06,41.88,46.0,1,56.4,Good
0.44,-94.22,-74.87,-19.5,-6.11,-94.66,46.85,50.0,2,35.93,Fair
0.144,-94.4,-77.19,-16.89,-4.87,-95.87,44.88,52.0,1,34.23,Poor
0.301,-98.09,-81.53,-15.71,-4.93,-95.91,34.93,37.0,2,34.78,Poor
0.039,-72.41,-58.31,-15.05,15.57,-94.1,47.07,51.0,2,68.06,Good
0.277,-89.37,-68.08,-19.5,1.05,-95.22,55.09,51.0,2,35.85,Fair
0.165,-94.58,-74.27,-19.5,0.06,-101.07,36.66,40.0,5,35.79,Fair
0.778,-98.65,-81.55,-15.97,6.52,-107.44,25.86,38.0,2,47.43,Fair
0.026,-72.37,-57.07,-14.32,30.0,-106.02,36.09,42.0,0,68.19,Good
0.244,-88.66,-70.12,-19.5,14.0,-106.21,20.29,29.0,2,45.63,Fair
0.276,-95.39,-78.88,-15.4,-2.09,-102.45,50.22,46.0,0,29.18,Poor
0.581,-96.72,-79.38,-18.1,-7.29,-95.46,40.23,54.0,4,30.99,Poor
0.384,-92.34,-78.13,-12.99,-3.42,-92.67,72.52,72.0,2,37.5,Fair
0.495,-99.32,-80.67,-18.25,-0.65,-102.97,27.41,38.0,2,28.89,Poor
0.675,-100.53,-81.82,-19.5,-10.0,-90.82,66.12,64.0,4,20.6,Poor
0.892,-105.61,-84.33,-19.5,-10.0,-95.09,56.69,63.0,1,19.71,Poor
0.17,-82.03,-64.48,-15.97,18.42,-105.62,37.55,40.0,1,50.55,Fair
0.348,-95.33,-78.33,-16.23,8.55,-108.01,13.86,23.0,2,44.84,Fair
0.825,-106.03,-92.7,-14.23,-0.7,-110.74,9.82,24.0,2,36.77,Fair
2.048,-113.1,-91.79,-19.5,-10.0,-103.68,17.77,28.0,2,15.8,Poor
0.991,-103.43,-82.75,-19.5,-10.0,-89.85,80.0,72.0,1,20.24,Poor
0.209,-87.43,-69.34,-18.88,12.4,-100.84,39.91,42.0,4,42.75,Fair
0.098,-89.23,-75.22,-14.24,4.34,-97.87,48.75,52.0,0,43.41,Fair
0.302,-86.25,-71.9,-13.36,7.2,-96.92,55.14,48.0,2,48.06,Fair
0.609,-98.47,-82.11,-18.35,8.09,-111.21,5.98,26.0,2,46.8,Fair
0.305,-91.86,-70.96,-19.5,5.52,-105.15,25.48,33.0,2,49.7,Fair
0.297,-93.87,-75.0,-18.85,-3.2,-97.03,63.22,46.0,1,30.39,Poor
0.82,-102.21,-88.69,-12.88,-7.96,-98.11,42.91,45.0,1,35.52,Fair
0.202,-90.74,-71.52,-19.5,6.88,-101.59,24.48,25.0,1,38.65,Fair
0.884,-98.87,-83.39,-15.49,6.87,-110.67,12.6,27.0,3,48.52,Fair
0.235,-91.49,-75.06,-17.25,-5.9,-89.52,62.48,58.0,1,32.98,Poor
0.179,-86.04,-65.12,-19.5,1.1,-94.36,47.85,58.0,5,37.96,Fair
0.272,-94.47,-74.17,-19.5,-0.02,-101.4,49.02,49.0,2,33.14,Poor
0.647,-99.45,-78.17,-19.5,5.29,-107.7,9.68,33.0,1,36.54,Fair
0.061,-83.01,-65.08,-18.04,6.39,-97.29,62.33,49.0,3,34.5,Poor
0.098,-79.08,-58.43,-19.5,22.9,-108.58,14.39,,3,61.68,Good
1.361,-110.02,,-19.14,-0.37,-114.23,11.77,27.0,2,24.31,Poor
0.087,-84.17,-66.95,-16.85,24.46,-114.89,10.93,17.0,2,68.32,Good
0.377,-96.82,-79.8,-18.53,-0.59,-100.48,40.2,37.0,2,33.92,Poor
0.39,-97.25,-79.18,-17.2,-10.0,-90.06,74.08,55.0,2,18.34,Poor
0.303,-90.76,-76.62,-13.96,4.29,-98.27,56.21,39.0,5,44.64,Fair
0.466,-98.65,-81.32,-18.33,1.42,-108.85,8.38,20.0,1,40.66,Fair
0.118,-79.9,-57.54,-19.5,13.61,-96.08,54.58,58.0,1,47.67,Fair
0.362,-98.47,-83.75,-15.95,-7.01,-95.25,41.72,46.0,2,34.41,Poor
0.209,-89.79,-75.77,-14.83,1.33,-96.94,45.22,51.0,2,35.84,Fair
0.488,-100.88,-86.63,-13.95,-6.08,-96.46,50.02,49.0,3,29.89,Poor
0.069,-79.16,-53.17,-19.5,16.54,-98.09,53.52,61.0,5,49.69,Fair
0.381,-95.7,-76.3,-19.5,0.66,-100.45,27.94,34.0,2,33.3,Poor
0.092,-84.01,-66.82,-17.7,24.47,-109.81,14.6,26.0,3,58.75,Good
0.147,-82.65,-64.45,-19.26,,-99.6,32.85,39.0,0,42.72,Fair
0.111,-87.61,-68.92,-19.48,-7.45,-88.5,63.48,61.0,0,32.47,Poor
0.091,-80.92,-64.84,-16.4,,-107.89,17.2,19.0,1,58.74,Good
0.786,-105.0,-88.55,-16.41,-10.0,-90.83,87.44,50.0,1,21.09,Poor
0.151,-87.21,-69.68,-15.57,9.83,-102.96,33.67,34.0,4,44.71,Fair
1.179,-110.22,-94.39,-16.54,-10.0,-97.46,50.48,41.0,4,18.86,Poor
1.577,-110.61,-93.8,-17.19,-10.0,-95.58,37.2,41.0,6,27.33,Poor
0.381,-95.97,-76.91,-19.4,-6.29,-98.42,55.17,57.0,6,25.37,Poor
0.069,-73.7,-58.69,-14.31,20.35,-100.73,43.38,46.0,0,68.89,Good
0.211,-90.13,-64.3,-19.5,6.6,-102.66,62.41,47.0,3,37.89,Fair
0.719,-94.53,-74.27,-19.5,6.7,-106.5,19.22,38.0,3,37.06,Fair
0.206,-89.44,,-12.55,15.89,-109.87,17.38,24.0,2,61.9,Good
0.041,-78.01,,-9.63,21.54,-105.72,12.14,35.0,3,64.42,Good
0.366,-89.14,-73.2,-14.93,7.48,-103.11,27.51,31.0,1,55.32,Good
0.839,-100.74,-80.69,-19.5,-0.87,-104.03,5.84,23.0,3,36.48,Fair
0.715,-103.67,-84.2,-19.5,-10.0,-97.33,34.15,37.0,2,23.53,Poor
0.087,-80.97,-63.3,-16.72,12.16,-97.64,45.85,55.0,2,48.71,Fair
0.503,-99.21,-83.02,-14.47,-8.82,-96.66,48.78,54.0,2,26.45,Poor
0.112,-93.03,-77.74,-13.34,-4.14,-94.99,60.96,60.0,4,38.72,Fair
0.111,-81.22,-64.43,-16.92,21.87,-106.11,22.73,35.0,0,57.67,Good
0.932,-99.02,-84.06,-16.91,-3.1,-102.99,34.25,,1,36.43,Fair
0.129,-78.94,-62.14,-15.95,7.95,-92.13,71.26,49.0,3,48.59,Fair
0.137,-85.14,-63.15,-19.5,-7.67,-88.27,74.7,65.0,1,24.1,Poor
0.02,-71.44,,-14.88,29.42,-103.59,27.31,37.0,1,67.39,Good
0.92,-99.95,-80.12,-19.34,0.96,-107.98,4.97,17.0,1,36.51,Fair
0.708,-97.61,-77.32,-17.68,-7.77,-95.21,53.21,47.0,2,24.68,Poor
0.444,-90.42,-75.66,-13.54,7.72,-104.73,19.68,27.0,0,54.75,Fair
0.624,-100.1,-84.63,-13.88,-1.84,-101.59,53.46,51.0,1,39.23,Fair
0.074,-82.19,-60.98,-19.5,7.1,-92.89,46.07,39.0,0,39.44,Fair
0.276,-95.71,-80.49,-15.66,3.97,-104.11,24.69,34.0,4,41.93,Fair
0.195,-87.68,-69.85,-18.58,12.1,-102.36,24.8,24.0,1,52.84,Fair
0.044,-83.32,-59.2,-19.5,,-96.38,53.46,65.0,4,39.97,Fair
0.3,-90.46,-69.52,-19.5,9.3,-104.2,51.32,58.0,4,39.41,Fair
1.141,-102.8,-84.54,-17.92,-8.69,-101.17,34.3,,3,21.51,Poor
0.02,-68.1,-47.58,-19.5,30.0,-110.09,20.7,32.0,3,60.36,Good
0.155,-87.31,-69.48,-19.48,4.59,-96.92,65.39,60.0,2,36.72,Fair
0.105,-78.35,-57.29,-19.5,15.58,-96.59,46.14,47.0,1,54.38,Fair
0.122,-82.34,-70.48,-11.54,10.46,-97.57,45.71,46.0,3,61.18,Good
1.076,-107.07,-89.49,-16.83,-10.0,-98.39,51.76,62.0,4,24.97,Poor
0.284,-95.46,-83.71,-11.48,5.0,-109.39,15.91,37.0,4,46.15,Fair
0.283,-96.57,-78.09,-17.12,-4.8,-95.83,58.3,46.0,0,27.07,Poor
0.643,-97.98,-80.68,-17.94,-9.09,-92.92,71.39,67.0,6,17.3,Poor
0.076,-85.68,-63.59,-19.5,6.92,-100.09,36.87,54.0,0,45.14,Fair
0.301,-89.26,-69.12,-19.5,,-100.18,31.31,38.0,3,36.74,Fair
0.253,-86.8,-70.38,-17.54,17.19,-107.05,10.37,29.0,1,55.72,Good
0.409,-99.77,-82.99,-15.44,-10.0,-93.63,55.27,58.0,0,25.03,Poor
3.476,-115.57,-96.42,-18.74,-10.0,-99.41,34.12,43.0,3,17.96,Poor
0.66,-100.34,-84.06,-16.24,-5.86,-100.11,34.54,45.0,3,18.04,Poor
0.228,-87.67,-69.77,-16.57,16.44,-109.31,19.02,34.0,0,59.07,Good
0.791,-95.54,-73.59,-19.5,3.98,-106.44,25.83,36.0,4,34.32,Poor
0.084,-89.35,-73.84,-15.2,-1.36,-95.72,50.63,41.0,3,38.1,Fair
0.02,-71.72,-55.06,-18.15,21.04,-96.63,63.75,57.0,2,54.42,Fair
0.103,-85.4,-68.32,-16.2,22.36,-108.94,9.22,23.0,1,65.06,Good
0.187,-95.1,-67.62,-19.5,,-96.53,39.68,35.0,2,40.72,Fair
0.322,-96.11,-76.29,-18.98,-10.0,-92.91,61.32,50.0,3,16.9,Poor
0.43,-94.97,-73.58,-19.5,-0.17,-98.6,41.51,50.0,2,25.32,Poor
1.087,-105.84,-85.54,-19.5,-10.0,-97.75,49.29,50.0,5,21.33,Poor
0.321,-100.33,-79.83,-19.5,-6.99,-94.92,47.62,60.0,3,18.31,Poor
0.313,-82.44,,-18.8,8.49,-96.44,46.77,47.0,2,46.41,Fair
0.023,-70.61,-51.51,-17.49,,-95.93,50.83,56.0,1,53.92,Fair
0.02,-70.0,-56.35,-12.02,30.0,-106.36,41.32,55.0,0,73.25,Good
0.36,-99.55,-80.48,-19.5,-10.0,-98.63,45.42,45.0,3,21.62,Poor
0.259,-91.27,-73.6,-17.25,10.55,-105.53,23.95,39.0,2,49.72,Fair
0.822,-102.97,-83.33,-19.09,-5.8,-99.98,47.31,43.0,3,19.94,Poor
0.079,-89.6,-71.81,-18.93,9.88,-106.73,8.38,17.0,2,46.68,Fair
0.02,-74.73,-54.44,-19.5,18.68,-97.02,48.1,51.0,1,55.69,Good
0.268,-89.42,-68.6,-19.5,-1.97,-95.92,46.14,44.0,4,37.1,Fair
0.122,-78.02,-68.76,-9.96,22.54,-105.05,19.41,34.0,1,77.84,Excellent
0.023,-70.1,-53.4,-17.24,30.0,-110.87,5.02,38.0,4,68.25,Good
0.58,-94.88,,-14.5,3.74,-102.98,37.33,35.0,2,41.71,Fair
0.053,-79.31,-60.59,-19.21,12.07,-94.28,35.31,39.0,0,54.91,Fair
0.422,-96.87,-79.77,-18.97,0.24,-100.73,20.49,27.0,1,38.24,Fair
0.148,-83.13,-61.06,-19.5,14.63,-101.32,33.7,42.0,0,49.11,Fair
0.086,-76.11,-57.49,-19.5,19.05,-100.76,53.59,53.0,4,53.42,Fair
0.215,-85.48,-68.94,-15.85,13.28,-104.0,22.01,39.0,1,49.31,Fair
0.728,-105.51,-84.7,-19.5,-10.0,-98.8,34.99,37.0,3,13.29,Poor
0.224,-91.31,-74.27,-15.73,5.38,-99.14,35.37,59.0,1,40.59,Fair
0.625,-98.82,-82.32,-17.18,-3.27,-98.5,37.65,37.0,2,25.7,Poor
0.06,-80.79,-61.61,-19.07,2.62,-89.52,66.51,72.0,2,30.36,Poor
0.667,-98.94,-76.1,-19.5,1.41,-104.39,28.59,26.0,2,38.06,Fair
0.122,-82.49,-61.93,-19.5,8.86,-98.22,50.52,54.0,2,43.71,Fair
0.509,-94.14,-74.44,-19.34,1.71,-100.83,21.99,29.0,2,35.93,Fair
0.375,-88.77,,-19.5,9.48,-100.34,54.73,58.0,4,42.47,Fair
1.191,-106.84,-91.04,-15.7,-10.0,-93.52,57.55,59.0,3,28.83,Poor
0.22,-96.36,-80.63,-16.62,-3.51,-101.21,23.71,37.0,3,25.38,Poor
0.031,-72.62,-54.18,-17.28,27.65,-106.94,12.24,27.0,1,67.16,Good
0.02,-62.91,-40.36,-19.5,30.0,-104.73,18.72,35.0,1,65.68,Good
0.789,-103.86,-88.69,-14.29,-8.12,-102.37,29.77,29.0,1,31.24,Poor
0.335,-91.77,-68.51,-19.5,-0.74,-95.75,49.65,48.0,2,33.48,Poor
0.672,-97.77,-84.09,-13.23,7.57,-112.73,17.6,26.0,1,46.08,Fair
0.12,-84.9,-67.27,-17.02,13.05,-103.16,10.36,24.0,3,52.23,Fair
0.19,-89.61,-71.09,-18.79,10.93,-103.9,39.39,43.0,3,48.74,Fair
0.02,-74.14,-58.79,-16.04,20.66,-101.15,48.36,57.0,1,54.31,Fair
1.466,-116.45,-100.32,-17.05,-10.0,-107.25,22.13,31.0,5,24.16,Poor
0.496,-102.37,-81.98,-18.9,-6.8,-101.48,32.83,44.0,2,30.81,Poor
1.218,-107.28,-84.95,-19.5,-10.0,-94.67,62.44,52.0,2,23.34,Poor
0.139,-82.52,-70.87,-11.78,14.5,-101.43,41.84,57.0,1,54.24,Fair
0.425,-97.01,-78.47,-18.75,0.92,-100.48,39.89,51.0,2,28.23,Poor
0.511,-100.26,-82.6,-19.5,-2.12,-103.33,25.7,34.0,1,34.32,Poor
0.172,-92.32,,-19.27,7.29,-104.02,28.74,46.0,2,39.43,Fair
0.848,-99.95,-82.9,-17.15,-10.0,-89.26,91.05,65.0,6,19.55,Poor
1.323,-101.01,-86.88,-14.79,-3.27,-101.78,20.93,42.0,3,30.45,Poor
0.973,-99.51,-76.89,-19.5,1.02,-103.82,43.92,45.0,1,36.89,Fair
0.605,-97.22,-75.74,-19.5,0.45,-106.22,19.34,22.0,5,46.73,Fair
0.146,-93.26,-75.58,-18.72,-3.58,-97.19,44.92,37.0,2,34.11,Poor
0.149,-88.92,-72.38,-17.73,-7.37,-86.46,87.57,87.0,1,27.06,Poor
1.488,-99.67,-83.5,-17.85,-10.0,-85.43,89.86,73.0,4,17.36,Poor
0.02,-65.96,-55.71,-10.38,20.67,-88.97,78.41,75.0,0,64.64,Good
0.567,-105.23,-86.17,-18.43,-10.0,-99.92,42.55,41.0,1,22.25,Poor
0.551,-99.07,-78.72,-19.5,0.72,-105.86,30.76,35.0,0,37.77,Fair
0.439,-95.41,-77.0,-18.31,-7.14,-95.17,58.23,62.0,1,26.79,Poor
2.077,-113.4,-95.66,-19.2,-10.0,-90.21,78.31,78.0,3,13.51,Poor
0.168,-97.81,-79.4,-18.71,-9.98,-94.23,58.01,56.0,2,25.01,Poor
0.187,-89.09,-73.65,-13.79,16.32,-109.19,10.7,21.0,1,55.57,Good
0.037,-78.75,-62.25,-16.34,12.89,-99.2,45.55,45.0,3,45.58,Fair
0.263,-95.57,-78.07,-16.5,-1.64,-99.81,45.69,49.0,6,26.71,Poor
0.136,-88.16,-68.07,-19.5,14.73,-106.08,27.66,32.0,3,47.17,Fair
0.189,-90.12,-67.99,-19.5,-3.78,-88.15,80.25,82.0,1,30.54,Poor
0.81,-102.21,-84.9,-17.73,-10.0,-88.76,81.79,60.0,1,16.64,Poor
1.233,-109.36,-94.5,-14.06,-10.0,-91.98,57.26,62.0,5,20.87,Poor
0.092,-84.29,-66.19,-18.7,-8.83,-82.27,84.34,56.0,1,23.36,Poor
0.21,-97.5,-73.47,-19.5,5.76,-108.44,9.51,27.0,2,41.98,Fair
1.188,-104.26,-89.13,-15.92,-8.26,-96.64,45.02,54.0,0,32.09,Poor
0.029,-84.88,-64.23,-18.97,-2.53,-88.68,81.56,57.0,1,26.84,Poor
0.044,-78.15,-56.14,-19.5,14.91,-101.39,37.59,40.0,2,51.33,Fair
0.08,-78.49,-61.57,-15.89,16.78,-102.6,30.0,36.0,0,60.74,Good
0.407,-100.45,-84.55,-16.47,1.04,-105.35,23.88,35.0,0,35.92,Fair
0.073,-78.56,-58.84,-18.94,19.55,-101.57,36.73,39.0,2,56.72,Good
1.55,-103.19,-84.13,-19.35,-2.76,-106.74,15.87,33.0,3,31.96,Poor
0.266,-105.77,-85.69,-19.5,-10.0,-100.01,37.22,49.0,1,21.61,Poor
0.313,-94.55,-70.33,-19.5,-5.92,-93.7,76.75,55.0,3,26.31,Poor
0.127,-97.68,-79.18,-18.71,0.65,-100.11,44.17,45.0,2,28.5,Poor
0.287,-93.65,-79.22,-13.86,4.96,-103.4,43.28,52.0,0,41.03,Fair
0.488,-97.81,-79.62,-18.46,-6.08,-96.99,51.14,41.0,4,26.03,Poor
0.626,-109.87,-91.15,-19.5,-10.0,-96.04,56.5,50.0,1,16.31,Poor
0.631,-92.31,-70.51,-19.5,-8.46,-91.44,55.06,54.0,1,31.63,Poor
0.388,-94.66,-77.25,-17.9,-2.14,-97.22,43.42,37.0,1,30.3,Poor
1.056,-107.88,-91.11,-16.84,-10.0,-92.62,69.57,74.0,3,22.19,Poor
0.765,-95.83,-81.94,-14.64,5.14,-109.06,15.99,36.0,0,45.75,Fair
0.637,-107.27,-87.63,-19.5,0.81,-112.07,10.06,21.0,2,37.07,Fair
0.026,-77.46,-49.42,-19.5,16.77,-97.47,70.92,52.0,1,45.07,Fair
0.02,-79.64,-62.31,-18.14,,-97.89,36.4,46.0,2,52.82,Fair
0.107,-77.5,-58.15,-18.88,18.47,-102.25,28.84,46.0,0,58.21,Good
0.49,-96.49,-80.14,-16.43,-0.82,-100.29,23.66,35.0,3,39.63,Fair
0.238,-88.94,-74.79,-13.86,1.82,-91.87,54.29,54.0,4,45.53,Fair
0.232,-90.13,-70.83,-17.56,8.52,-105.31,18.81,21.0,3,49.36,Fair
0.972,-101.46,-83.38,-16.27,,-97.84,38.58,37.0,2,33.49,Poor
1.017,-103.84,-93.0,-10.21,-10.0,-92.94,53.99,43.0,0,32.32,Poor
1.079,-103.59,-80.76,-19.5,-7.58,-102.88,34.08,33.0,2,25.18,Poor
0.17,-88.2,-68.96,-17.51,-2.64,-94.02,57.39,57.0,0,36.66,Fair
0.529,-100.91,-82.69,-17.62,-10.0,-93.26,41.88,45.0,5,16.22,Poor
0.143,-87.33,-70.6,-16.05,8.97,-99.26,67.82,60.0,0,43.42,Fair
0.095,-82.57,-63.35,-19.5,23.14,-111.61,7.44,25.0,1,60.87,Good
0.092,-82.91,-63.56,-19.18,18.54,-105.38,18.58,30.0,3,56.57,Good
0.188,-95.46,-76.26,-19.11,-0.72,-100.23,40.41,34.0,2,27.94,Poor
0.253,-97.47,-76.27,-19.5,14.08,-115.82,13.41,26.0,0,38.75,Fair
0.8,-97.74,-75.85,-19.5,6.11,-109.94,4.65,25.0,4,30.63,Poor
0.057,-80.57,-56.55,-19.5,25.57,-110.99,8.09,29.0,2,66.8,Good
0.597,-97.2,-81.71,-16.7,-10.0,-84.14,88.87,70.0,1,20.59,Poor
0.341,-99.05,-82.77,-14.05,-9.98,-98.26,34.37,36.0,1,30.68,Poor
0.153,-93.63,-74.55,-19.5,1.39,-99.83,36.14,33.0,1,32.83,Poor
0.305,-97.1,-81.44,-16.59,-4.82,-101.76,15.75,20.0,3,32.53,Poor
0.16,-89.05,-72.91,-16.03,1.63,-99.12,28.98,45.0,3,41.97,Fair
0.408,-98.89,-79.47,-19.22,-4.49,-100.59,13.25,20.0,3,29.47,Poor
0.256,-87.02,-66.32,-19.5,-1.52,-91.58,66.33,61.0,0,34.67,Poor
0.081,-81.54,-59.71,-19.5,18.06,-105.08,17.38,27.0,1,61.8,Good
0.056,-71.69,-54.27,-18.39,30.0,-106.77,3.48,23.0,0,75.46,Excellent
0.356,-93.44,-74.05,-19.5,7.21,-106.17,27.31,32.0,1,44.5,Fair
1.047,-114.06,-95.33,-16.57,-10.0,-92.54,62.63,43.0,2,11.48,Poor
0.19,-85.38,-67.33,-17.72,6.52,-96.13,63.02,56.0,2,40.41,Fair
0.594,-105.53,-89.98,-16.18,-2.04,-105.81,8.79,30.0,1,31.32,Poor
0.484,-96.79,-81.62,-14.75,0.11,-103.64,30.99,39.0,3,41.57,Fair
1.207,-108.74,,-19.5,-6.97,-110.41,25.13,46.0,1,32.04,Poor
0.774,-93.22,-77.71,-16.8,-7.97,-91.97,57.4,48.0,1,28.39,Poor
0.376,-89.77,-77.1,-12.99,4.12,-98.89,53.84,52.0,3,38.0,Fair
0.482,-100.64,-82.73,-18.98,5.62,-111.48,7.66,18.0,1,42.47,Fair
1.029,-104.77,-82.4,-19.5,-4.59,-104.6,12.79,19.0,4,29.72,Poor
0.23,-90.28,-80.66,-9.43,0.04,-96.73,47.5,45.0,0,47.48,Fair
0.178,-85.61,-68.47,-17.8,-2.2,-90.8,62.14,59.0,1,39.27,Fair
0.02,-70.33,-50.3,-19.5,14.01,-90.47,76.0,65.0,1,46.43,Fair
0.788,-106.04,-93.52,-12.33,-10.0,-97.52,49.21,37.0,2,30.15,Poor
0.726,-104.11,-86.75,-17.96,-6.32,-104.32,27.05,38.0,2,21.45,Poor
0.05,-78.11,-63.53,-15.73,15.28,-98.54,46.86,44.0,0,52.29,Fair
0.387,-90.84,-75.86,-16.02,6.64,-104.8,19.95,31.0,3,45.32,Fair
0.281,-91.28,-74.49,-15.59,1.39,-95.18,68.61,46.0,1,35.78,Fair
0.057,-82.34,-67.71,-16.0,9.24,-98.01,51.17,58.0,0,48.9,Fair
1.773,-106.39,-92.01,-14.34,-10.0,-96.03,55.96,56.0,2,19.37,Poor
0.109,-86.36,-68.53,-17.73,5.83,-98.95,50.97,55.0,3,47.33,Fair
0.031,-70.63,-45.95,-19.5,18.24,-95.71,50.17,45.0,1,54.44,Fair
0.407,-86.1,-65.82,-19.5,8.55,-101.03,33.16,50.0,1,41.09,Fair
0.604,-101.07,-80.04,-19.5,2.01,-110.56,10.88,30.0,5,35.69,Fair
0.02,-67.24,-46.85,-19.5,29.53,-104.2,33.69,37.0,1,73.15,Good
0.484,-100.69,-84.78,-17.26,-1.84,-103.64,19.08,23.0,2,35.95,Fair
0.342,-95.15,-76.22,-18.78,-5.39,-96.39,52.68,53.0,2,29.37,Poor
0.049,-77.87,-56.58,-19.5,23.75,-103.34,28.64,30.0,1,55.9,Good
0.085,-83.49,-63.0,-19.5,13.82,-102.23,32.73,31.0,0,48.3,Fair
0.378,-85.71,-67.13,-17.23,7.24,-96.45,36.86,44.0,0,40.2,Fair
0.158,-89.26,-69.7,-19.5,12.26,-105.06,23.76,37.0,1,47.48,Fair
1.254,-103.62,-78.23,-19.5,-10.0,-89.55,63.91,55.0,2,30.37,Poor
0.769,-109.44,-88.93,-19.5,-10.0,-105.53,32.82,42.0,4,21.72,Poor
1.849,-107.61,-90.56,-15.02,-8.17,-105.29,16.49,32.0,2,27.99,Poor
0.135,-82.12,-64.34,-18.16,9.56,-95.98,38.83,52.0,2,53.92,Fair
1.574,-110.06,-95.22,-14.43,-10.0,-96.85,59.97,51.0,1,19.8,Poor
0.254,-102.17,-77.13,-19.5,-9.8,-98.72,53.16,52.0,0,20.43,Poor
0.192,-89.87,-67.06,-19.5,8.18,-100.7,48.75,41.0,0,39.67,Fair
0.023,-71.62,-53.37,-16.55,23.46,-99.38,48.95,61.0,1,62.73,Good
0.024,-69.2,-44.66,-19.5,30.0,-104.38,12.54,27.0,1,70.27,Good
0.53,-90.46,-70.56,-19.5,1.9,-97.96,54.94,55.0,2,28.18,Poor
0.276,-94.36,-77.65,-15.65,-2.11,-93.42,46.48,43.0,0,35.69,Fair
0.116,-88.76,-68.04,-19.5,7.32,-102.79,18.92,34.0,1,43.12,Fair
0.428,-101.32,-82.13,-19.39,-9.85,-96.07,44.64,35.0,3,28.76,Poor
0.131,-85.63,-65.12,-19.5,12.08,-104.01,19.06,39.0,2,48.73,Fair
0.388,-93.88,-79.99,-14.8,3.73,-100.79,47.7,54.0,0,39.22,Fair
0.2,-92.26,-76.69,-15.32,3.97,-103.63,22.55,28.0,2,40.18,Fair
0.781,-98.75,-76.28,-19.5,1.03,-104.26,9.15,22.0,4,35.75,Fair
0.773,-99.92,-76.84,-19.5,4.45,-105.56,7.67,26.0,3,39.28,Fair
0.292,-93.16,-70.92,-19.5,15.93,-110.03,8.42,30.0,1,53.64,Fair
0.194,-93.43,-68.77,-19.5,-5.86,-95.86,60.17,66.0,1,24.84,Poor
0.203,-92.1,-72.37,-18.7,9.52,-107.66,27.43,42.0,0,43.09,Fair
0.737,-111.08,-91.56,-19.5,-7.53,-110.33,3.89,24.0,3,29.64,Poor
0.179,-88.16,-72.9,-14.82,6.86,-99.81,46.14,41.0,1,42.66,Fair
0.106,-84.44,-68.19,-16.31,13.7,-103.99,22.94,34.0,3,59.32,Good
0.04,-75.46,-63.43,-11.98,11.35,-94.01,62.83,45.0,1,50.34,Fair
0.283,-91.05,-74.01,-14.9,1.93,-98.22,54.17,51.0,2,35.87,Fair
0.296,-91.92,-80.09,-11.76,-5.2,-93.58,70.06,66.0,0,36.88,Fair
0.827,-102.8,-81.56,-19.5,0.42,-106.53,25.13,40.0,3,28.34,Poor
0.113,-84.91,-65.74,-17.22,5.32,-98.53,63.96,50.0,1,41.52,Fair
0.216,-96.34,-84.42,-10.91,-2.82,-101.79,49.08,43.0,2,40.41,Fair
0.744,-103.77,-86.34,-16.88,-0.47,-106.52,38.27,45.0,5,26.92,Poor
0.781,-101.66,-77.76,-19.5,-9.8,-95.02,38.51,53.0,1,33.46,Poor
0.218,-93.77,-76.15,-16.7,-3.66,-98.89,53.36,57.0,1,34.5,Poor
0.277,-89.43,-74.42,-15.48,0.47,-95.78,45.72,44.0,0,43.99,Fair
0.163,-90.91,-78.27,-11.96,5.09,-101.28,32.71,29.0,1,49.69,Fair
1.213,-104.82,-92.09,-13.22,-4.15,-103.01,41.93,45.0,0,32.24,Poor
0.057,-78.78,-59.17,-19.5,22.82,-106.17,41.58,40.0,1,49.92,Fair
1.221,-102.76,-86.06,-16.44,-8.76,-100.95,41.68,34.0,0,24.39,Poor
0.518,-94.7,-77.76,-16.56,1.43,-98.76,35.89,,2,42.25,Fair
0.341,-91.91,-75.2,-17.49,3.61,-101.4,37.09,33.0,4,37.98,Fair
0.02,-78.87,-61.29,-17.1,15.36,-99.54,49.03,52.0,1,48.01,Fair
0.29,-88.52,-74.2,-13.85,-6.93,-86.22,88.1,89.0,2,30.8,Poor
0.236,-85.38,-66.43,-19.5,5.15,-98.17,28.35,38.0,3,37.82,Fair
0.079,-84.0,-70.27,-14.2,15.02,-102.43,34.53,39.0,1,52.48,Fair
0.481,-96.71,-80.98,-16.6,-0.09,-101.57,24.71,36.0,3,35.09,Fair
1.596,-111.63,-90.59,-19.5,-10.0,-87.58,89.29,92.0,3,7.62,Poor
0.372,-103.22,-84.09,-19.44,-7.41,-101.41,43.16,51.0,0,24.25,Poor
0.564,-102.0,-81.95,-19.5,-4.81,-105.18,14.08,32.0,2,26.7,Poor
0.032,-76.51,-52.06,-19.5,14.67,-94.72,48.52,43.0,1,50.16,Fair
0.243,-93.18,-75.36,-17.46,-0.53,-99.19,46.81,37.0,0,32.94,Poor
0.056,-82.9,-64.84,-18.93,14.5,-103.82,21.75,29.0,0,48.27,Fair
0.427,-99.56,-82.35,-17.63,,-99.27,73.26,58.0,3,29.14,Poor
1.255,-106.02,-89.35,-16.75,-10.0,-95.9,58.54,45.0,2,21.7,Poor
0.488,-100.86,-85.9,-15.66,1.16,-105.36,22.43,32.0,0,43.98,Fair
0.036,-73.18,-54.93,-19.5,30.0,-110.21,8.48,22.0,3,69.43,Good
0.197,-87.21,-68.15,-19.5,2.95,-94.57,50.65,44.0,0,35.96,Fair
0.36,-85.63,-66.4,-17.87,18.17,-111.27,16.25,41.0,3,52.17,Fair
0.232,-86.85,-68.66,-15.44,17.23,-107.14,23.24,,2,45.95,Fair
0.807,-101.18,-80.4,-19.5,-2.43,-107.18,5.89,13.0,3,32.62,Poor
0.759,-104.09,-86.0,-17.64,-10.0,-98.15,32.23,33.0,3,25.01,Poor
0.426,-95.43,-78.66,-17.16,5.15,-104.79,16.56,27.0,3,42.96,Fair
0.21,-89.2,-73.98,-14.49,-1.62,-91.49,77.17,63.0,0,38.17,Fair
0.133,-88.57,-75.22,-12.99,6.75,-99.71,41.52,59.0,1,49.31,Fair
0.05,-75.08,-52.7,-19.5,10.26,-90.53,80.02,63.0,3,36.95,Fair
0.197,-95.54,-79.63,-13.87,-4.73,-96.41,56.67,55.0,4,30.89,Poor
0.24,-92.61,-77.39,-14.38,0.67,-99.37,25.46,33.0,2,48.32,Fair
0.507,-95.89,-79.14,-16.94,-4.67,-96.52,48.84,63.0,1,29.27,Poor
0.483,-98.85,-81.68,-16.99,6.88,-109.23,5.72,15.0,5,43.31,Fair
0.033,-75.38,-52.47,-19.5,17.16,-97.46,44.19,52.0,3,57.46,Good
0.226,-91.68,-74.67,-18.16,2.9,-99.3,18.81,33.0,3,40.94,Fair
0.09,-86.55,-60.65,-19.5,4.51,-101.2,50.56,56.0,0,43.6,Fair
0.077,-77.12,-58.93,-19.2,20.21,-99.82,56.46,50.0,2,53.7,Fair
0.79,-106.04,-81.87,-19.5,-9.5,-105.68,29.77,32.0,0,28.67,Poor
0.02,-69.17,-48.49,-19.5,30.0,-103.37,38.4,,1,67.44,Good
0.244,-90.15,-71.06,-18.08,10.75,-103.69,20.71,40.0,1,47.78,Fair
0.083,-86.27,-63.53,-19.5,12.67,-103.44,37.76,44.0,2,48.87,Fair
0.952,-103.29,-81.92,-19.5,-5.79,-105.15,25.07,21.0,1,23.86,Poor
0.366,-98.94,-79.04,-17.8,-7.74,-98.53,67.69,58.0,1,18.37,Poor
0.118,-79.98,-55.02,-19.5,14.25,-99.93,15.67,22.0,2,50.53,Fair
0.314,-98.52,-82.02,-16.51,3.34,-107.49,13.42,28.0,0,36.01,Fair
0.592,-102.07,-87.06,-13.85,-10.0,-98.82,31.11,49.0,2,35.28,Fair
1.428,-112.0,-96.03,-16.25,-10.0,-95.86,58.88,74.0,8,17.16,Poor
0.112,-90.5,-67.24,-19.5,6.62,-102.75,20.1,38.0,0,42.1,Fair
0.978,-97.45,-75.1,-19.5,-5.39,-94.47,61.44,39.0,4,23.85,Poor
1.225,-103.6,-87.18,-15.51,-3.93,-102.01,22.63,28.0,0,33.74,Poor
1.117,-104.41,-93.47,-10.49,-10.0,-92.16,58.31,50.0,3,28.73,Poor
0.454,-99.79,-82.4,-16.7,-5.63,-96.03,76.34,74.0,0,25.23,Poor
0.447,-93.4,-78.44,-14.67,3.65,-100.34,47.21,48.0,3,42.41,Fair
0.232,-94.65,-78.14,-16.26,2.22,-102.8,24.68,34.0,3,40.19,Fair
0.628,-96.8,-81.96,-16.28,-10.0,-90.0,64.35,68.0,1,19.1,Poor
0.341,-98.17,-85.0,-12.01,-7.81,-95.4,59.85,61.0,1,28.84,Poor
0.509,-100.73,-77.08,-19.5,-2.25,-103.16,36.81,37.0,2,24.06,Poor
0.252,-89.02,-73.07,-15.7,2.87,-98.05,47.59,41.0,3,35.51,Fair
0.592,-96.0,-73.76,-19.5,7.74,-107.61,6.93,24.0,2,41.56,Fair
0.783,-99.5,-82.16,-18.24,2.16,-104.13,26.02,46.0,0,29.64,Poor
0.071,-85.38,-70.77,-14.14,1.91,-92.04,55.78,46.0,3,36.75,Fair
0.805,-103.92,-84.39,-18.94,2.76,-111.01,7.89,21.0,4,38.05,Fair
0.35,-94.27,-77.44,-15.45,9.34,-106.65,7.93,27.0,1,47.33,Fair
0.838,-105.87,-88.49,-17.89,-10.0,-102.85,41.67,45.0,0,22.31,Poor
0.254,-86.65,-68.21,-19.5,3.88,-96.16,63.77,,1,35.74,Fair
0.214,-100.27,-84.71,-13.14,6.71,-109.48,10.93,16.0,0,45.26,Fair
1.11,-108.03,-94.89,-11.65,-6.06,-107.51,16.21,23.0,3,38.6,Fair
0.13,-88.39,-70.55,-17.74,2.89,-95.64,49.43,48.0,3,43.19,Fair
0.837,-113.84,,-19.5,-10.0,-105.32,31.0,41.0,3,19.73,Poor
0.298,-99.09,-83.8,-15.98,-9.38,-97.82,38.47,45.0,2,32.87,Poor
0.325,-91.76,,-19.5,5.88,-99.32,46.22,39.0,2,38.52,Fair
0.166,-88.33,-65.82,-19.5,-3.88,-89.53,73.86,64.0,1,26.93,Poor
0.383,-89.39,-71.66,-16.42,6.58,-99.2,45.9,54.0,3,46.68,Fair
0.177,-82.83,-64.57,-19.37,14.63,-98.22,38.88,46.0,1,53.95,Fair
0.02,-68.71,-50.55,-18.14,,-105.0,11.3,27.0,2,69.81,Good
0.143,-85.91,-69.95,-16.14,13.51,-104.27,31.09,36.0,3,52.24,Fair
0.02,-70.18,-55.16,-16.96,26.15,-102.22,10.53,31.0,2,67.14,Good
1.725,-119.36,-104.33,-15.27,-10.0,-96.12,62.92,43.0,2,18.56,Poor
1.518,-113.21,-94.11,-18.43,-10.0,-94.79,69.09,79.0,5,18.71,Poor
0.226,-90.73,-70.45,-19.5,5.97,-101.89,34.09,41.0,1,41.81,Fair
0.586,-96.92,-76.5,-19.5,4.23,-105.07,13.83,20.0,6,37.69,Fair
0.191,-88.51,-71.64,-17.2,-1.29,-92.35,86.51,78.0,2,22.82,Poor
0.5,-101.57,-80.29,-19.5,-10.0,-96.64,40.88,43.0,1,19.95,Poor
0.737,-97.61,-78.69,-18.86,-0.24,-100.69,33.82,40.0,1,23.2,Poor
1.32,-100.49,-82.27,-17.26,-10.0,-91.6,60.57,56.0,1,33.81,Poor
0.23,-87.52,-79.54,-8.48,8.05,-103.66,20.37,32.0,0,55.75,Good
0.688,-96.81,,-14.5,-3.68,-97.99,40.76,45.0,5,30.22,Poor
0.139,-89.17,-75.73,-14.15,5.7,-96.05,56.18,70.0,1,40.37,Fair
2.088,-106.09,-86.21,-19.5,-10.0,-92.99,63.89,63.0,4,11.37,Poor
0.02,-69.86,-51.58,-19.32,29.61,-100.21,29.2,29.0,3,71.12,Good
0.416,-94.36,-79.58,-14.39,0.1,-98.49,53.26,56.0,1,42.26,Fair
0.485,-96.27,-77.35,-19.46,-4.88,-97.38,50.16,54.0,5,26.87,Poor
0.524,-98.89,-85.16,-13.54,7.82,-110.4,13.93,31.0,4,48.22,Fair
0.058,-82.82,-67.95,-15.4,3.87,-92.68,81.46,72.0,1,36.94,Fair
1.255,-106.31,-90.44,-15.54,-5.23,-105.19,21.89,34.0,4,39.76,Fair
0.09,-79.23,-59.61,-19.5,20.24,-106.66,4.31,22.0,0,60.44,Good
0.439,-98.63,-76.43,-19.5,1.87,-106.51,9.81,30.0,3,43.11,Fair
0.113,-81.59,,-15.51,18.22,-104.2,22.03,28.0,2,51.9,Fair
0.165,-85.46,-63.5,-19.5,5.43,-93.88,55.41,60.0,2,34.61,Poor
0.356,-96.24,,-17.0,-2.33,-97.31,51.09,50.0,3,24.55,Poor
0.243,-86.19,-67.48,-19.44,8.76,-100.54,39.2,57.0,3,43.98,Fair
0.079,-83.44,-65.63,-18.14,16.75,-105.67,11.47,27.0,6,56.79,Good
0.084,-76.59,-59.18,-18.22,21.49,-104.37,21.9,41.0,6,65.89,Good
0.244,-90.04,-70.72,-19.5,18.14,-114.02,8.03,23.0,2,49.95,Fair
0.637,-100.16,-79.94,-19.5,-3.32,-103.62,34.65,41.0,2,23.58,Poor
1.027,-107.79,-92.45,-14.43,-4.13,-107.04,13.13,35.0,1,38.54,Fair
0.04,-76.51,-59.08,-18.12,13.11,-94.59,52.18,49.0,2,58.07,Good
0.225,-91.89,-68.88,-19.5,0.33,-97.88,49.65,64.0,1,32.57,Poor
0.048,-82.75,-64.22,-18.18,17.43,-103.98,21.09,30.0,0,52.43,Fair
0.02,-71.31,-52.45,-19.5,21.85,-94.27,54.88,51.0,1,57.78,Good
0.488,-101.0,-79.5,-19.5,-6.03,-100.12,33.77,46.0,2,25.74,Poor
0.415,-94.04,-77.54,-15.9,10.7,-108.5,10.1,30.0,1,47.52,Fair
0.08,-76.95,-59.05,-16.94,18.62,-96.96,44.37,50.0,2,55.38,Good
0.12,-90.55,-70.1,-19.1,13.14,-106.76,7.58,19.0,2,45.8,Fair
0.02,-63.6,-41.88,-19.5,28.42,-96.0,63.21,59.0,2,64.15,Good
0.811,-102.7,-91.8,-11.28,-7.83,-98.65,50.13,61.0,1,30.06,Poor
1.654,-112.28,-96.49,-13.97,,-96.92,47.37,44.0,3,17.14,Poor
0.066,-77.43,-62.42,-14.75,19.34,-101.58,35.46,50.0,3,56.55,Good
0.118,-87.33,-69.7,-17.14,11.18,-102.44,31.84,43.0,0,43.75,Fair
0.913,-103.54,-88.31,-13.19,-9.77,-100.64,15.5,29.0,4,36.67,Fair
1.174,-107.02,-87.03,-19.34,-9.6,-104.72,21.53,34.0,6,21.35,Poor
0.245,-95.08,-76.56,-19.5,-8.24,-93.63,72.33,65.0,1,17.2,Poor
0.023,-68.84,-48.18,-19.5,24.29,-97.48,51.95,52.0,1,57.87,Good
0.02,-71.59,-50.73,-19.5,20.5,-97.03,35.28,34.0,2,53.64,Fair
0.384,-101.45,-81.42,-19.5,-6.2,-102.13,43.03,40.0,2,19.96,Poor
0.225,-88.86,-71.87,-15.4,-0.75,-94.13,61.97,64.0,1,37.0,Fair
0.02,-75.27,-56.95,-18.2,22.33,-101.19,46.06,61.0,1,51.71,Fair
0.394,-100.54,-83.92,-15.07,-10.0,-87.54,70.02,58.0,1,21.39,Poor
0.02,-65.67,-51.77,-13.41,25.29,-96.28,41.27,42.0,4,73.8,Good
0.697,-105.66,-84.8,-19.5,-10.0,-97.04,44.87,46.0,2,13.9,Poor
0.165,-97.65,-79.9,-18.88,-7.4,-96.11,58.09,59.0,0,17.58,Poor
0.02,-67.95,-54.46,-15.05,30.0,-105.74,20.84,40.0,1,67.46,Good
0.399,-97.27,-77.65,-19.5,-4.07,-97.63,55.84,51.0,1,28.98,Poor
0.228,-92.07,-74.74,-16.88,1.11,-101.44,51.68,46.0,2,36.91,Fair
1.639,-109.55,-97.73,-11.45,-10.0,-99.45,59.48,60.0,2,17.42,Poor
0.354,-94.07,-80.19,-12.18,7.43,-106.86,15.91,21.0,0,52.91,Fair
0.145,-90.29,-74.39,-16.83,4.45,-100.34,20.78,39.0,2,42.19,Fair
0.556,-93.02,-74.38,-18.36,4.18,-100.96,52.77,53.0,3,45.91,Fair
0.143,-93.04,-72.68,-19.5,0.77,-101.3,43.91,36.0,2,29.74,Poor
1.056,-102.7,-82.44,-18.81,-8.73,-99.01,56.09,56.0,1,29.46,Poor
0.211,-87.97,-68.16,-19.5,1.48,-93.57,64.88,70.0,1,33.4,Poor
0.359,-98.17,-80.27,-17.95,-2.5,-100.75,23.18,34.0,0,28.89,Poor
0.023,-75.83,-52.66,-19.5,12.41,-97.54,44.86,47.0,3,47.77,Fair
0.25,-87.92,-67.82,-19.5,15.93,-102.38,28.13,47.0,2,42.8,Fair
0.804,-106.08,-87.41,-18.64,-10.0,-102.81,21.09,32.0,5,30.0,Poor
0.737,-103.79,,-19.5,-7.47,-99.43,48.65,47.0,2,35.06,Fair
0.114,-81.69,-64.88,-16.41,-2.15,-89.36,75.06,75.0,1,40.43,Fair
0.115,-85.17,-67.35,-18.38,16.72,-105.33,40.57,40.0,5,46.34,Fair
0.765,-108.87,-97.12,-12.66,-10.0,-91.56,72.33,68.0,2,30.95,Poor
1.199,-98.6,-81.76,-18.06,-2.53,-102.12,23.07,32.0,0,28.01,Poor
0.045,-79.39,-56.11,-19.5,11.91,-96.05,64.39,54.0,2,46.68,Fair
0.269,-94.24,-75.8,-17.71,4.11,-104.38,35.25,36.0,0,34.43,Poor
0.185,-88.38,-70.06,-18.4,4.98,-98.45,47.59,49.0,2,35.03,Fair
0.92,-100.79,-79.79,-19.5,-10.0,-94.49,63.14,51.0,1,15.32,Poor
0.039,-68.25,-49.18,-18.33,22.32,-95.18,41.53,42.0,0,57.49,Good
0.107,-91.29,-75.65,-15.52,-6.39,-87.85,80.48,68.0,1,31.76,Poor
0.628,-96.67,-78.6,-18.52,-2.61,-97.28,41.51,43.0,3,32.49,Poor
0.024,-68.88,-54.29,-14.88,21.16,-96.28,34.8,47.0,2,69.47,Good
0.305,-94.27,-75.72,-18.91,-2.72,-96.38,48.06,52.0,1,29.75,Poor
0.263,-89.27,-73.78,-15.44,-0.33,-94.66,63.32,64.0,1,32.49,Poor
0.183,-85.57,-64.78,-19.5,8.14,-98.92,30.72,39.0,3,42.81,Fair
0.226,-96.64,-80.17,-16.59,6.66,-106.69,52.23,48.0,0,31.82,Poor
0.34,-87.65,-72.12,-15.72,5.93,-96.64,44.36,53.0,3,46.86,Fair
0.079,-88.32,-70.66,-18.05,8.35,-104.0,30.4,41.0,2,47.16,Fair
0.382,-100.2,-81.11,-19.11,-0.76,-106.3,5.35,22.0,1,31.56,Poor
0.737,-102.4,-88.03,-15.64,-8.13,-100.2,38.68,46.0,2,38.44,Fair
0.643,-92.47,-76.04,-16.38,-6.41,-90.13,71.96,62.0,4,20.58,Poor
0.075,-82.87,-64.56,-19.5,19.49,-106.81,23.83,39.0,3,53.83,Fair
0.073,-81.48,-59.47,-19.5,12.15,-102.21,28.38,35.0,4,52.89,Fair
0.14,-81.29,,-9.85,11.02,-101.22,28.93,35.0,0,64.96,Good
0.202,-91.33,-71.49,-18.88,4.72,-103.26,26.32,35.0,1,40.81,Fair
0.236,-96.22,-79.37,-14.85,-1.46,-101.93,42.88,34.0,0,37.61,Fair
0.512,-99.88,-83.36,-15.63,-7.32,-101.74,34.39,52.0,4,24.39,Poor
0.026,-67.23,-51.27,-15.18,16.57,-89.59,62.75,60.0,0,55.46,Good
0.02,-70.16,-53.25,-18.86,29.65,-104.88,40.84,45.0,1,66.24,Good
0.224,-83.32,-63.45,-18.38,24.23,-112.13,15.58,26.0,2,65.08,Good
0.538,-95.67,-79.28,-15.67,-10.0,-89.96,88.06,79.0,3,28.46,Poor
0.097,-86.38,-63.4,-19.5,7.04,-97.39,44.26,37.0,2,42.1,Fair
0.462,-97.1,-77.23,-18.71,-10.0,-90.55,88.16,87.0,0,19.66,Poor
0.135,-90.11,-71.51,-19.33,12.53,-105.95,17.05,30.0,2,54.7,Fair
0.978,-106.49,-88.98,-16.2,-10.0,-102.03,29.61,46.0,3,26.81,Poor
1.017,-86.24,-64.67,-19.5,6.87,-97.92,63.45,60.0,0,31.72,Poor
0.159,-84.0,-61.99,-19.5,8.28,-98.17,46.37,51.0,3,43.07,Fair
0.118,-82.04,-67.52,-14.6,17.46,-106.31,12.08,22.0,4,59.51,Good
0.238,-94.08,-78.18,-15.93,10.41,-108.16,16.7,30.0,0,45.06,Fair
0.124,-79.65,-59.74,-19.5,11.42,-98.69,45.51,41.0,0,53.27,Fair
0.502,-93.64,-72.83,-19.5,-8.29,-90.08,77.32,63.0,2,26.08,Poor
0.787,-94.4,-77.31,-17.32,4.43,-101.35,35.24,38.0,3,48.86,Fair
0.503,-90.72,-74.95,-15.24,9.04,-102.93,47.05,47.0,1,44.53,Fair
0.783,-107.8,-89.56,-18.08,-8.16,-102.74,25.39,34.0,2,25.29,Poor
0.228,-95.62,-73.19,-19.5,-10.0,-96.28,46.9,47.0,2,21.79,Poor
0.076,-85.8,-67.68,-18.02,9.77,-100.29,20.73,39.0,0,49.67,Fair
0.603,-103.39,-89.18,-12.79,-10.0,-98.48,35.06,34.0,2,29.3,Poor
0.201,-88.82,-70.49,-18.33,16.09,-108.23,11.41,25.0,2,59.3,Good
0.501,-100.27,-79.93,-19.5,-2.11,-105.87,29.16,36.0,0,29.56,Poor
0.142,-78.82,-61.12,-16.18,9.1,-92.35,76.71,61.0,3,39.44,Fair
0.038,-68.23,-46.46,-19.5,26.26,-97.33,56.57,48.0,0,52.86,Fair
2.207,-110.9,-90.31,-19.5,-10.0,-102.86,34.13,58.0,2,18.8,Poor
0.076,-73.96,-56.14,-17.57,25.78,-107.72,23.17,34.0,0,64.73,Good
2.006,-104.1,-85.97,-17.61,-1.95,-104.19,14.66,27.0,3,38.77,Fair
1.703,-110.43,-97.96,-11.69,-10.0,-99.61,46.37,51.0,2,23.65,Poor
0.711,-109.08,-87.45,-19.5,-10.0,-100.95,40.44,59.0,3,13.55,Poor
0.485,-98.6,-81.59,-16.65,4.54,-106.33,23.18,23.0,4,47.62,Fair
0.388,-98.38,-81.58,-17.78,3.01,-106.68,3.57,23.0,1,43.86,Fair
0.905,-102.31,-85.96,-16.64,-5.19,-100.27,28.92,33.0,3,30.13,Poor
0.154,-87.44,-68.07,-18.53,-6.85,-86.46,78.04,48.0,1,24.5,Poor
0.284,-92.84,-78.22,-14.8,3.81,-99.76,38.82,48.0,2,40.77,Fair
0.435,-94.69,,-15.75,-1.89,-99.97,69.15,65.0,5,30.93,Poor
0.238,-96.43,-78.59,-16.95,2.22,-106.36,15.66,30.0,1,37.42,Fair
0.251,-90.38,,-17.37,9.4,-104.41,28.29,16.0,2,42.37,Fair
0.18,-90.93,-71.93,-18.95,-1.55,-97.13,55.75,47.0,3,25.23,Poor
0.374,-94.68,-78.45,-17.34,-9.99,-87.77,66.68,60.0,2,21.98,Poor
0.855,-98.82,-76.04,-19.5,-4.25,-98.15,34.84,37.0,1,21.95,Poor
0.101,-89.09,-69.01,-18.3,6.37,-101.34,40.3,41.0,3,48.9,Fair
1.226,-106.9,-86.86,-19.5,-10.0,-90.04,59.91,52.0,8,20.02,Poor
0.526,-98.91,-82.72,-15.76,-0.35,-101.5,36.13,45.0,1,30.57,Poor
0.78,-103.91,-78.69,-19.5,-0.28,-108.8,28.69,52.0,1,30.25,Poor
0.366,-91.68,-75.0,-17.5,1.75,-98.27,62.79,48.0,2,32.07,Poor
0.68,-103.55,-87.69,-17.19,-10.0,-98.04,61.77,50.0,3,22.84,Poor
0.02,-72.67,-52.55,-19.22,21.42,-102.95,26.91,32.0,3,62.34,Good
0.768,-104.55,,-19.5,-10.0,-97.55,80.43,77.0,5,15.48,Poor
0.02,-66.08,-50.53,-13.38,30.0,-103.19,31.77,42.0,3,78.72,Excellent
0.993,-105.92,-81.33,-19.5,2.5,-113.18,1.58,21.0,1,39.01,Fair
2.171,-108.9,-87.97,-19.5,-2.26,-109.27,2.5,26.0,6,32.45,Poor
0.157,-80.05,-62.04,-19.5,15.98,-103.81,26.1,39.0,0,55.39,Good
0.106,-84.91,-59.7,-19.5,11.9,-104.39,32.79,44.0,0,50.74,Fair
0.652,-95.85,-75.42,-19.5,-3.01,-99.11,66.5,53.0,2,26.18,Poor
0.131,-79.74,-61.78,-18.79,7.91,-92.83,77.47,75.0,3,38.67,Fair
0.903,-99.01,-74.17,-19.5,3.26,-106.73,7.04,27.0,4,32.2,Poor
0.049,-78.02,-58.04,-19.5,14.04,-99.43,25.82,30.0,3,56.15,Good
0.061,-77.22,-57.37,-19.5,17.44,-97.46,50.64,53.0,0,53.32,Fair
1.742,-113.97,-97.13,-17.57,-10.0,-102.43,19.91,37.0,1,22.6,Poor
0.504,-101.19,-83.04,-15.33,-10.0,-95.18,42.83,51.0,4,28.71,Poor
0.844,-104.96,-88.19,-16.71,-7.59,-102.94,27.55,37.0,2,36.08,Fair
0.176,-80.02,-57.7,-19.5,4.71,-90.26,61.77,63.0,1,34.52,Poor
0.508,-101.38,-88.21,-14.74,-8.34,-96.75,41.36,56.0,4,26.47,Poor
0.406,-99.5,-77.4,-19.5,-10.0,-89.17,77.59,63.0,2,22.15,Poor
0.416,-100.58,-85.21,-13.62,-4.85,-100.48,12.48,37.0,1,36.02,Fair
0.516,-96.04,-78.21,-17.74,-3.29,-94.52,48.73,53.0,1,29.59,Poor
0.385,-95.17,-78.06,-16.43,1.58,-100.87,28.74,32.0,3,34.49,Poor
0.252,-87.72,-71.28,-15.97,12.92,-105.78,14.65,31.0,3,54.43,Fair
0.145,-84.62,-64.55,-19.5,17.69,-106.84,23.14,25.0,1,45.67,Fair
0.659,-105.91,-87.92,-19.5,-10.0,-100.28,40.05,46.0,4,13.74,Poor
0.115,-88.55,-72.55,-16.07,-1.05,-91.62,73.03,56.0,1,37.5,Fair
0.53,-93.05,-74.59,-18.92,1.34,-98.36,56.08,50.0,1,30.46,Poor
0.12,-86.44,-70.53,-15.47,12.25,-101.64,37.6,45.0,4,46.42,Fair
0.442,-92.17,-75.79,-15.18,5.53,-99.9,34.29,46.0,3,46.35,Fair
0.619,-100.44,-86.93,-12.29,0.84,-105.8,8.22,23.0,2,43.14,Fair
0.111,-88.86,-72.21,-15.56,1.83,-97.05,56.72,56.0,1,36.29,Fair
0.028,-74.41,-54.92,-19.5,28.91,-107.16,22.55,31.0,1,65.06,Good
0.063,-84.02,-65.91,-16.6,12.5,-98.8,39.8,47.0,2,48.53,Fair
0.419,-98.73,-75.28,-19.5,-5.86,-97.75,38.43,49.0,3,26.31,Poor
0.852,-101.82,-75.98,-19.5,-5.23,-98.94,61.37,59.0,1,23.33,Poor
0.021,-68.69,-52.08,-15.6,28.12,-102.0,30.25,37.0,2,69.87,Good
0.596,-105.88,-90.38,-16.21,-10.0,-100.47,42.48,,2,28.98,Poor
0.188,-89.59,-68.2,-19.5,2.99,-95.25,45.94,57.0,2,35.78,Fair
0.293,-95.71,-76.71,-18.12,-10.0,-85.73,40.74,50.0,1,27.01,Poor
1.189,-108.11,-86.7,-19.5,-9.68,-106.06,37.53,31.0,3,29.02,Poor
0.182,-88.7,-69.5,-19.5,8.5,-104.57,3.1,23.0,1,49.03,Fair
0.282,-95.23,-77.81,-19.48,1.66,-104.36,34.28,39.0,2,34.86,Poor
0.02,-64.92,-47.48,-17.31,13.8,-85.06,85.64,77.0,3,50.87,Fair
0.038,-71.14,-51.84,-19.35,25.8,-99.58,39.17,38.0,1,64.82,Good
0.135,-81.92,-64.55,-16.34,9.9,-96.83,51.24,55.0,3,47.59,Fair
0.02,-72.42,-50.77,-19.5,18.62,-95.97,58.0,55.0,1,55.87,Good
0.449,-100.92,-86.82,-14.84,0.28,-105.27,31.62,41.0,0,42.78,Fair
0.25,-91.67,-70.03,-19.5,10.53,-108.03,8.41,30.0,4,47.24,Fair
0.357,-95.69,-83.31,-12.05,,-102.6,33.77,39.0,3,41.65,Fair
0.086,-85.26,-66.83,-19.27,3.46,-96.29,34.74,39.0,1,36.96,Fair
0.158,-92.73,-75.72,-18.42,0.98,-98.13,53.03,32.0,4,31.33,Poor
0.491,-98.0,-84.55,-14.18,-9.84,-94.71,51.36,51.0,3,35.39,Fair
1.512,-109.22,-97.4,-11.71,-10.0,-92.98,71.75,65.0,7,28.52,Poor
0.023,-68.95,-54.24,-14.84,22.64,-97.39,36.98,40.0,1,61.57,Good
0.995,-101.3,-83.17,-16.54,-2.1,-106.36,40.44,37.0,1,31.56,Poor
0.387,-91.37,-75.18,-15.99,6.35,-103.59,33.87,32.0,3,40.34,Fair
0.373,-100.51,-85.63,-14.45,-9.16,-98.26,52.7,46.0,4,25.95,Poor
0.312,-92.31,-70.25,-19.5,8.08,-102.76,39.95,38.0,1,45.71,Fair
0.032,-77.38,-63.07,-13.73,7.4,-90.64,55.57,,1,53.0,Fair
0.042,-81.63,-61.59,-19.5,1.57,-85.56,80.36,71.0,1,34.78,Poor
0.413,-98.06,-82.73,-14.93,-3.34,-100.76,18.17,35.0,2,34.05,Poor
0.188,-85.24,-70.61,-15.67,22.2,-112.0,15.05,27.0,2,60.79,Good
1.121,-106.49,-90.3,-15.79,-5.88,-103.57,26.96,37.0,2,28.09,Poor
0.235,-85.19,-65.33,-19.5,11.7,-100.24,45.29,54.0,2,49.04,Fair
0.07,-78.78,-64.89,-13.42,22.7,-108.03,13.85,23.0,1,70.26,Good
0.564,-100.62,-81.76,-18.57,7.21,-111.11,17.75,29.0,2,39.07,Fair
0.156,-83.29,-68.17,-16.43,7.49,-94.03,59.81,57.0,3,39.9,Fair
0.335,-92.76,-77.1,-13.31,-1.74,-98.73,28.37,34.0,1,47.11,Fair
0.539,-102.37,-83.17,-19.22,-7.47,-98.07,44.39,42.0,0,24.83,Poor
1.037,-96.89,-72.37,-19.5,8.85,-111.26,35.5,36.0,4,40.13,Fair
0.707,-99.96,-84.7,-15.17,,-96.14,55.15,58.0,2,20.28,Poor
0.508,-98.05,-77.89,-19.5,-6.72,-101.34,36.29,57.0,3,26.08,Poor
0.512,-101.63,-84.57,-15.76,-2.83,-104.65,15.33,25.0,1,37.1,Fair
1.313,-101.65,-85.08,-16.26,-10.0,-96.33,48.81,48.0,4,21.05,Poor
0.158,-85.95,-64.74,-18.01,14.8,-107.23,27.65,43.0,1,48.29,Fair
0.02,-67.93,-52.46,-15.7,25.49,-98.52,49.21,37.0,2,65.79,Good
0.143,-89.19,-74.65,-14.53,8.51,-100.53,23.49,33.0,0,44.87,Fair
0.111,-81.62,-62.24,-19.5,22.28,-110.44,6.6,28.0,2,62.89,Good
0.488,-94.14,-71.35,-19.5,1.02,-98.83,45.44,39.0,3,33.97,Poor
0.452,-99.8,-79.55,-19.5,1.07,-104.85,6.35,35.0,1,38.0,Fair
0.405,-101.84,-88.06,-14.33,-10.0,-95.95,46.35,57.0,3,31.1,Poor
0.02,-68.12,-51.96,-14.89,19.28,-92.76,54.92,46.0,1,42.62,Fair
0.587,-105.68,-84.74,-19.5,-7.23,-107.12,10.35,27.0,1,16.97,Poor
0.176,-88.35,-65.6,-19.5,8.66,-106.16,7.45,25.0,2,48.06,Fair
0.492,-99.65,-80.96,-19.5,0.53,-105.5,6.3,31.0,2,39.09,Fair
0.366,-90.42,-74.16,-14.89,-7.39,-85.66,91.65,77.0,2,19.92,Poor
0.189,-91.14,-68.2,-19.5,10.07,-106.82,20.07,31.0,1,41.24,Fair
0.065,-75.97,-58.19,-17.19,21.8,-100.52,42.57,50.0,0,56.16,Good
0.045,-79.24,-63.06,-16.53,11.49,-99.62,27.07,41.0,2,58.53,Good
0.801,-98.09,-82.41,-16.4,-7.7,-98.19,32.32,31.0,2,32.03,Poor
1.128,-96.81,-82.39,-15.84,-7.77,-93.58,71.91,62.0,1,28.48,Poor
0.472,-101.77,-75.27,-19.5,-8.51,-99.93,30.25,41.0,0,23.78,Poor
0.049,-76.83,-54.57,-19.5,17.86,-101.62,29.68,54.0,1,60.91,Good
0.231,-80.33,,-16.39,18.35,-102.83,43.37,55.0,2,47.94,Fair
0.587,-99.13,-75.93,-19.5,-0.32,-104.76,11.57,31.0,4,31.57,Poor
0.681,-100.43,-80.83,-17.53,6.48,-113.05,4.81,20.0,2,50.36,Fair
0.057,-76.06,-56.63,-19.5,28.26,-109.31,19.78,29.0,1,57.05,Good
0.02,-70.28,-54.43,-14.35,30.0,-107.29,19.38,34.0,2,75.52,Excellent
0.56,-105.81,-89.36,-15.88,-5.55,-102.54,36.57,42.0,2,24.87,Poor
0.198,-85.47,-67.59,-16.72,9.38,-99.14,52.6,52.0,2,43.06,Fair
0.132,-94.5,-82.4,-11.51,-0.65,-95.43,57.8,57.0,3,37.7,Fair
0.02,-72.11,-55.57,-16.33,30.0,-111.44,22.03,38.0,1,64.7,Good
0.35,-90.07,-72.06,-17.11,7.58,-102.62,44.04,37.0,1,43.66,Fair
0.857,-104.1,-82.17,-19.5,-10.0,-93.11,73.14,68.0,1,20.87,Poor
1.423,-109.84,-93.69,-15.03,-10.0,-96.87,55.3,50.0,2,29.91,Poor
0.375,-91.99,-71.56,-19.5,-6.25,-91.15,62.4,,3,29.29,Poor
0.325,-97.67,-85.85,-11.58,-10.0,-86.06,75.82,57.0,0,31.52,Poor
0.04,-81.14,-59.64,-19.5,16.83,-101.07,33.07,36.0,2,52.97,Fair
0.358,-94.01,-78.71,-16.65,-1.12,-96.08,35.53,37.0,0,47.23,Fair
0.215,-91.42,-73.03,-18.21,5.76,-101.96,51.76,45.0,1,32.84,Poor
0.42,-101.47,-82.25,-19.35,-1.76,-106.85,11.75,32.0,1,26.22,Poor
0.221,-88.4,-69.77,-18.19,3.99,-95.39,48.57,48.0,1,41.23,Fair
0.124,-84.06,-66.38,-16.25,9.95,-98.34,74.61,53.0,0,36.97,Fair
0.045,-78.68,-64.4,-15.01,17.85,-102.4,27.97,36.0,3,55.37,Good
0.17,-89.84,-74.5,-14.93,-0.68,-98.26,52.1,56.0,0,39.7,Fair
0.046,-75.51,-54.52,-19.5,23.73,-106.45,8.13,21.0,5,50.84,Fair
0.088,-78.19,-61.98,-17.69,21.61,-105.59,11.51,27.0,1,63.42,Good
1.966,-111.01,-93.32,-18.48,-10.0,-103.04,33.69,43.0,3,23.5,Poor
0.264,-89.85,-76.33,-15.5,4.13,-99.18,54.64,58.0,0,43.05,Fair
0.342,-92.43,-71.86,-19.5,-8.59,-88.91,81.64,78.0,1,26.56,Poor
0.931,-99.87,-85.83,-14.02,-1.14,-102.48,38.23,42.0,3,45.19,Fair
2.439,-111.59,-90.84,-19.5,-10.0,-99.58,19.75,24.0,5,24.02,Poor
0.393,-99.57,-84.75,-14.2,-10.0,-93.85,72.48,73.0,2,26.39,Poor
0.753,-103.4,-82.36,-19.5,-8.98,-99.34,46.32,60.0,4,15.33,Poor
0.178,-87.69,-69.66,-17.32,-2.24,-89.54,83.98,78.0,1,26.83,Poor
0.164,-81.09,-64.76,-17.29,12.14,-95.02,54.04,48.0,4,53.97,Fair
0.232,-93.28,-70.48,-19.5,1.6,-99.39,35.6,41.0,0,29.61,Poor
0.502,-94.82,-77.02,-18.09,-2.99,-96.36,42.18,44.0,5,30.06,Poor
0.516,-99.58,-82.66,-16.04,-3.4,-100.3,40.03,41.0,3,37.48,Fair
0.17,-88.24,-67.51,-19.5,9.43,-96.77,60.17,69.0,3,42.7,Fair
0.064,-74.24,-60.68,-14.18,20.9,-100.04,54.95,51.0,1,56.77,Good
0.45,-94.03,-83.61,-10.95,8.67,-105.91,19.67,24.0,1,57.07,Good
0.062,-84.92,-63.45,-19.5,3.92,-91.76,75.03,,1,30.31,Poor
0.389,-98.11,-82.61,-16.19,-10.0,-89.72,68.58,60.0,1,33.53,Poor
0.532,-93.51,-72.92,-19.5,-2.83,-93.3,45.89,48.0,3,36.72,Fair
0.543,-98.14,-80.0,-16.73,-9.25,-96.95,38.86,44.0,2,36.32,Fair
0.63,-104.6,-90.09,-15.92,-10.0,-97.57,51.77,65.0,3,27.13,Poor
0.928,-106.64,-86.82,-19.5,-4.82,-107.74,45.14,55.0,0,27.88,Poor
0.312,-91.09,-74.32,-17.98,-2.82,-96.87,57.11,70.0,1,36.13,Fair
0.59,-95.45,-80.68,-15.08,6.73,-107.01,13.8,30.0,2,48.56,Fair
0.434,-96.71,-81.86,-15.32,-6.55,-95.89,55.72,56.0,3,33.46,Poor
0.093,-73.56,-60.76,-13.36,24.58,-103.0,18.56,29.0,1,67.26,Good
0.02,-67.15,-47.94,-18.94,30.0,-104.71,27.43,32.0,0,73.27,Good
0.151,-88.59,-73.4,-14.85,9.03,-103.85,22.22,34.0,1,50.52,Fair
0.263,-95.71,-77.81,-18.22,-3.1,-95.12,62.26,49.0,2,29.03,Poor
0.432,-100.63,-83.17,-16.93,-10.0,-86.76,78.82,70.0,1,17.71,Poor
0.854,-101.29,-86.12,-13.82,-3.2,-102.95,21.9,36.0,3,34.52,Poor
0.098,-85.89,-72.46,-12.07,9.06,-102.29,28.18,34.0,0,53.04,Fair
0.06,-73.06,-47.46,-19.5,30.0,-109.72,6.55,25.0,1,62.51,Good
1.489,-101.6,-83.75,-17.49,-10.0,-92.94,69.38,66.0,4,23.48,Poor
0.051,-75.86,-52.39,-19.5,23.48,-101.67,12.08,30.0,0,58.6,Good
0.293,-98.08,-76.59,-19.5,1.36,-101.62,33.0,33.0,1,33.06,Poor
0.396,-98.67,-81.64,-17.72,6.8,-108.2,20.58,35.0,2,39.64,Fair
0.351,-89.9,-71.36,-18.98,-2.23,-94.87,43.32,50.0,4,28.01,Poor
0.04,-78.61,-60.15,-17.28,12.33,-91.26,58.3,51.0,1,42.42,Fair
0.026,-68.27,-44.74,-19.5,30.0,-103.82,34.47,52.0,0,70.59,Good
0.05,-76.28,-55.79,-19.5,22.47,-100.47,31.48,38.0,1,57.12,Good
0.396,-95.78,-80.2,-15.95,-4.96,-92.8,64.56,63.0,5,30.71,Poor
0.354,-97.81,-78.75,-18.39,5.35,-110.37,20.88,30.0,4,42.56,Fair
0.12,-86.02,-65.61,-19.5,14.86,-106.43,10.71,26.0,3,48.62,Fair
0.457,-96.46,-81.98,-16.02,-1.22,-100.9,40.52,37.0,3,34.95,Poor
0.772,-97.63,-78.15,-19.5,-2.64,-100.09,31.55,39.0,2,29.4,Poor
0.02,-73.99,-51.95,-19.5,16.31,-95.2,46.53,52.0,1,50.38,Fair
0.31,-94.91,-79.49,-15.22,0.78,-100.6,27.16,39.0,1,41.58,Fair
0.526,-98.26,-82.42,-16.36,-2.83,-100.35,60.04,56.0,0,26.78,Poor
0.131,-83.75,-62.27,-19.5,12.35,-101.19,19.78,29.0,1,46.08,Fair
0.166,-92.06,-75.13,-17.49,8.49,-106.37,30.64,36.0,1,44.43,Fair
0.428,-101.91,-86.86,-14.76,-3.31,-102.85,34.94,40.0,1,26.78,Poor
1.027,-101.54,-80.9,-19.5,-0.49,-107.15,15.82,32.0,4,36.51,Fair
0.747,-107.55,-87.82,-19.5,-10.0,-93.26,47.02,55.0,5,21.18,Poor
0.394,-90.79,-72.5,-17.82,-3.99,-92.07,72.01,57.0,1,21.89,Poor
0.59,-100.05,-78.68,-19.5,-6.23,-101.68,20.94,30.0,0,20.85,Poor
0.204,-96.44,-74.85,-19.5,-5.48,-92.7,72.97,63.0,2,19.94,Poor
0.461,-99.21,-81.46,-17.23,-5.45,-100.62,36.07,44.0,1,23.66,Poor
0.282,-91.53,-67.61,-19.5,7.24,-104.66,18.35,23.0,0,52.2,Fair
0.095,-85.76,-63.01,-19.5,8.08,-97.53,47.01,45.0,1,41.9,Fair
0.544,-98.65,-86.61,-12.59,0.14,-103.12,11.3,20.0,1,43.08,Fair
0.366,-92.33,-77.42,-14.51,9.98,-108.58,11.62,33.0,2,49.88,Fair
0.2,-90.87,,-11.97,7.45,-102.09,30.65,35.0,2,53.57,Fair
1.09,-108.51,-91.48,-17.78,-10.0,-100.84,11.34,37.0,4,29.05,Poor
0.02,-71.64,-57.27,-15.42,28.14,-102.73,0.87,18.0,0,71.99,Good
0.171,-83.04,-67.48,-14.42,24.29,-109.81,18.52,44.0,2,61.1,Good
0.026,-66.0,-44.73,-19.5,30.0,-105.4,14.6,33.0,2,76.65,Excellent
0.655,-108.41,-95.68,-13.71,-10.0,-97.13,45.04,40.0,1,24.97,Poor
0.545,-94.38,-75.99,-17.92,1.26,-107.09,13.28,31.0,1,37.5,Fair
0.181,-88.21,-69.84,-18.85,9.86,-99.95,42.03,42.0,3,40.98,Fair
0.507,-94.42,-76.66,-16.9,-6.96,-91.64,59.54,43.0,2,27.33,Poor
0.227,-93.35,-74.96,-19.3,-3.23,-93.54,49.08,46.0,0,36.22,Fair
0.635,-107.15,-95.84,-11.86,-10.0,-90.49,82.85,66.0,2,24.5,Poor
0.272,-90.4,-74.83,-15.48,-4.5,-90.77,58.08,52.0,5,35.72,Fair
0.239,-95.37,-72.75,-19.5,-3.58,-100.52,57.02,48.0,4,28.57,Poor
1.228,-111.35,-96.94,-15.64,-10.0,-100.08,42.65,50.0,1,25.77,Poor
0.13,-91.62,-68.62,-19.5,-0.2,-97.72,45.52,38.0,1,29.96,Poor
0.058,-76.98,-63.2,-12.2,15.92,-99.4,48.59,60.0,2,60.8,Good
0.395,-95.4,-81.98,-14.35,-1.97,-98.07,25.92,40.0,3,44.94,Fair
1.568,-104.78,-89.64,-15.39,-2.83,-108.7,4.3,24.0,2,41.93,Fair
0.214,-87.95,-66.57,-19.5,6.42,-99.47,58.27,51.0,4,32.69,Poor
0.029,-75.17,-58.81,-16.39,17.05,-98.6,44.89,,5,57.58,Good
0.187,-89.74,-70.71,-18.45,-2.7,-91.71,61.34,51.0,3,39.25,Fair
0.317,-96.1,-77.88,-18.22,0.19,-98.47,44.87,38.0,1,34.8,Poor
0.079,-82.96,-65.12,-18.94,14.68,-102.57,21.66,38.0,2,49.91,Fair
0.483,-101.57,-79.74,-19.5,-10.0,-90.92,71.34,74.0,1,9.13,Poor
2.743,-111.21,-90.89,-19.28,-9.39,-107.07,16.35,33.0,2,25.51,Poor
0.27,-88.37,-73.8,-13.72,7.87,-101.5,17.16,37.0,0,53.66,Fair
0.197,-93.21,-76.03,-17.09,0.34,-102.32,50.19,55.0,2,36.03,Fair
0.23,-86.16,-62.93,-19.5,19.19,-107.15,27.38,35.0,2,52.07,Fair
0.055,-78.52,-59.56,-18.26,17.15,-100.73,59.85,57.0,0,50.62,Fair
0.967,-102.75,-89.27,-13.13,-7.06,-97.75,43.85,43.0,4,26.44,Poor
0.241,-98.48,-84.79,-12.52,-8.28,-93.63,78.86,65.0,3,27.78,Poor
0.22,-98.13,-77.46,-19.5,0.74,-103.97,37.21,37.0,6,29.63,Poor
0.485,-97.16,-77.05,-18.24,-0.16,-104.67,37.4,44.0,2,32.8,Poor
0.263,-89.26,-74.02,-15.48,15.33,-108.65,12.1,35.0,4,48.67,Fair
0.47,-100.15,-79.91,-19.26,0.68,-106.62,26.58,43.0,1,38.29,Fair
0.029,-66.73,-43.93,-19.5,20.75,-91.92,53.24,46.0,3,61.32,Good
0.756,-98.64,,-19.5,-2.49,-102.63,34.09,48.0,1,31.79,Poor
1.27,-109.72,-86.9,-19.5,-10.0,-89.71,83.78,70.0,3,11.78,Poor
0.471,-97.35,-77.69,-18.69,-3.56,-101.89,28.1,32.0,4,38.15,Fair
1.391,-96.97,-79.5,-17.7,-1.21,-101.96,36.74,43.0,3,34.48,Poor
0.074,-86.46,-69.67,-16.94,9.18,-101.82,39.28,41.0,0,40.8,Fair
0.292,-91.23,-73.28,-16.09,11.27,-107.66,13.3,31.0,0,53.78,Fair
0.414,-97.66,-82.29,-17.78,-6.22,-100.89,28.47,53.0,2,30.72,Poor
0.392,-93.07,-76.14,-15.23,-5.82,-92.96,61.75,64.0,7,32.09,Poor
0.231,-86.24,-64.41,-19.5,5.05,-96.1,55.24,49.0,3,36.23,Fair
0.186,-90.97,-77.79,-12.95,3.56,-102.17,58.28,53.0,1,45.92,Fair
0.061,-75.38,-62.0,-12.37,23.28,-105.55,22.6,23.0,3,66.0,Good
0.224,-82.15,-61.66,-19.5,19.15,-104.46,29.02,47.0,1,49.41,Fair
0.08,-81.89,-64.94,-19.23,5.45,-94.31,42.06,43.0,1,42.63,Fair
0.597,-96.39,-84.16,-13.15,7.38,-106.91,14.12,27.0,6,49.78,Fair
0.105,-86.9,-69.09,-16.5,-3.68,-89.74,63.28,55.0,0,39.0,Fair
0.027,-72.91,-55.53,-19.42,26.66,-102.33,33.77,37.0,2,57.43,Good
0.362,-95.9,-79.19,-16.58,0.51,-101.54,19.13,35.0,0,37.76,Fair
0.407,-93.03,-72.97,-19.5,-3.69,-96.24,58.91,58.0,5,30.57,Poor
0.925,-98.51,-84.51,-13.79,0.74,-104.38,35.71,31.0,2,34.96,Poor
0.387,-96.22,-78.18,-19.5,2.49,-102.03,37.6,36.0,0,34.37,Poor
0.191,-83.52,-66.15,-16.61,15.19,-99.52,59.84,48.0,3,55.19,Good
0.731,-95.17,-77.06,-17.02,-7.11,-92.74,64.32,58.0,2,24.96,Poor
0.35,-91.51,-78.71,-10.07,10.58,-108.59,14.65,28.0,2,57.38,Good
0.037,-77.7,-61.27,-18.74,11.14,-95.76,42.9,54.0,1,46.66,Fair
0.375,-97.96,-79.9,-19.5,-6.57,-99.16,37.2,41.0,3,22.04,Poor
1.074,-107.88,-88.25,-19.5,-6.07,-106.82,20.37,41.0,3,28.37,Poor
0.227,-87.37,-63.83,-19.5,11.12,-104.53,38.13,29.0,0,48.92,Fair
0.158,-92.88,-72.47,-19.5,8.83,-105.51,30.12,42.0,0,42.4,Fair
0.07,-78.28,-58.9,-18.97,13.0,-94.55,41.16,43.0,4,47.76,Fair
0.074,-85.81,-64.0,-19.5,23.28,-111.25,13.71,29.0,4,55.98,Good
0.255,-88.88,-71.79,-18.3,11.28,-106.01,30.14,35.0,3,41.29,Fair
0.407,-96.15,-73.49,-19.5,4.67,-106.66,44.57,54.0,2,31.06,Poor
0.038,-70.45,-49.09,-19.5,30.0,-106.92,13.46,22.0,2,72.95,Good
1.263,-101.47,-84.81,-17.19,-10.0,-93.78,61.37,68.0,4,26.67,Poor
0.633,-94.3,-70.53,-19.5,4.93,-103.37,26.2,44.0,3,36.85,Fair
0.398,-90.17,-70.83,-19.5,0.72,-100.37,20.03,36.0,2,45.79,Fair
0.793,-101.42,-76.85,-19.5,-8.44,-96.27,55.9,51.0,2,26.12,Poor
0.038,-80.37,-61.46,-18.43,17.15,-102.17,23.48,45.0,1,62.29,Good
0.292,-97.53,-81.22,-17.02,-4.77,-97.1,28.5,44.0,0,29.9,Poor
0.448,-105.38,-89.69,-16.68,-10.0,-93.29,57.6,61.0,3,32.03,Poor
0.794,-106.34,-89.41,-17.81,-10.0,-99.37,26.46,26.0,1,18.19,Poor
0.689,-100.5,-84.21,-15.78,-2.6,-100.51,37.11,33.0,3,33.46,Poor
0.146,-89.58,-67.77,-19.5,10.63,-101.42,35.81,40.0,0,44.15,Fair
1.273,-106.82,-88.91,-18.33,-10.0,-96.5,44.39,35.0,5,23.15,Poor
0.06,-77.7,-64.54,-14.11,27.44,-107.39,13.31,25.0,1,61.39,Good
0.936,-104.65,,-17.69,-10.0,-96.86,55.5,56.0,2,20.5,Poor
1.592,-112.53,-94.16,-19.49,-6.84,-111.94,2.12,18.0,3,27.15,Poor
0.088,-83.18,-66.58,-15.73,14.78,-103.93,19.73,30.0,1,63.14,Good
0.576,-102.82,-84.02,-18.01,-1.82,-103.45,46.7,38.0,0,31.98,Poor
0.02,-71.53,-53.66,-17.63,30.0,-106.97,32.15,41.0,3,62.27,Good
0.234,-86.05,-66.15,-19.38,8.36,-101.92,22.71,31.0,1,44.94,Fair
0.327,-95.39,-75.67,-19.5,3.77,-103.84,20.84,36.0,3,28.49,Poor
0.391,-88.78,-69.69,-19.47,11.59,-107.65,28.48,31.0,0,47.21,Fair
1.237,-100.12,-86.02,-14.39,8.95,-109.7,8.58,33.0,2,47.27,Fair
0.502,-100.35,-75.99,-19.5,1.23,-106.05,21.41,42.0,3,33.96,Poor
0.295,-97.88,-84.55,-14.77,-4.66,-96.72,63.18,58.0,2,26.89,Poor
0.747,-101.68,-84.07,-17.13,-10.0,-94.27,49.26,43.0,1,28.76,Poor
1.353,-102.02,-87.3,-13.96,-5.86,-99.86,30.33,40.0,3,43.15,Fair
0.02,-72.41,-53.22,-18.83,12.06,-92.88,69.76,59.0,0,50.41,Fair
1.821,-105.58,-87.16,-17.36,-10.0,-85.46,74.73,67.0,2,16.43,Poor
0.041,-71.53,-54.04,-17.52,30.0,-103.54,40.21,44.0,1,60.65,Good
0.758,-104.7,-82.15,-19.5,-10.0,-89.36,85.46,63.0,0,12.37,Poor
0.148,-90.17,-68.84,-19.5,12.88,-106.99,12.24,28.0,2,48.94,Fair
0.064,-77.38,-60.36,-18.25,6.58,-90.25,85.09,86.0,2,38.18,Fair
0.261,-91.75,-71.34,-19.5,9.55,-106.58,43.9,41.0,3,40.04,Fair
0.465,-100.11,-77.41,-19.5,-1.08,-103.15,38.14,53.0,1,33.31,Poor
0.216,-92.13,-70.83,-19.5,3.32,-104.23,3.86,19.0,0,38.95,Fair
0.025,-72.66,-55.07,-17.64,15.1,-93.46,61.84,45.0,2,50.31,Fair
0.412,-102.57,-89.34,-12.84,-10.0,-97.46,40.11,39.0,3,28.4,Poor
1.047,-101.35,-82.37,-18.31,-8.85,-98.39,26.88,40.0,3,28.79,Poor
0.217,-92.7,-72.7,-19.5,13.78,-109.58,16.56,27.0,3,50.66,Fair
0.11,-96.02,-80.33,-15.7,2.77,-102.42,9.42,27.0,1,45.47,Fair
0.263,-92.53,-74.46,-16.97,3.87,-104.35,27.75,26.0,2,39.87,Fair
0.022,-74.32,-56.56,-16.85,,-101.16,27.39,46.0,3,59.28,Good
0.773,-95.02,-72.86,-19.5,-10.0,-84.85,88.62,63.0,2,14.71,Poor
0.788,-104.28,-80.72,-19.5,-1.01,-105.74,21.45,34.0,6,32.32,Poor
0.399,-100.43,-78.91,-19.5,-7.86,-96.39,55.65,49.0,4,24.65,Poor
0.196,-87.86,-70.11,-18.1,,-98.34,47.98,49.0,2,35.49,Fair
0.724,-103.85,-82.4,-19.5,-0.29,-107.36,24.03,37.0,1,29.99,Poor
0.364,-98.36,-78.42,-19.37,-9.09,-97.23,61.2,54.0,2,23.58,Poor
0.787,-99.89,-82.11,-17.16,-10.0,-93.51,63.82,53.0,1,22.39,Poor
0.449,-101.23,-76.95,-19.5,5.82,-109.6,23.2,46.0,1,39.52,Fair
0.69,-106.62,-90.84,-14.64,-1.35,-107.97,11.86,22.0,1,37.12,Fair
0.411,-89.39,-69.58,-19.5,-4.1,-88.49,88.38,75.0,2,24.67,Poor
0.241,-89.34,-68.83,-19.5,-0.45,-97.29,57.73,58.0,0,38.89,Fair
1.426,-108.15,-91.01,-17.31,-10.0,-95.86,41.43,44.0,3,21.61,Poor
0.351,-94.93,-75.26,-17.55,-1.67,-95.45,50.91,51.0,2,31.21,Poor
0.418,-94.42,,-19.5,-0.89,-98.0,47.24,47.0,3,26.29,Poor
0.112,-81.18,-62.44,-18.5,-2.15,-85.15,80.12,73.0,2,33.61,Poor
0.442,-99.96,-80.54,-19.5,-2.38,-101.18,32.92,34.0,2,29.06,Poor
0.381,-94.19,-75.87,-18.8,-3.38,-99.11,53.56,55.0,2,28.02,Poor
0.092,-85.39,-65.0,-19.2,10.17,-100.94,37.44,50.0,1,41.89,Fair
0.028,-73.9,-56.58,-18.98,21.48,-102.26,38.25,42.0,2,63.62,Good
0.417,-95.79,-78.72,-17.59,-3.28,-100.06,49.68,52.0,5,37.23,Fair
0.649,-100.29,-82.23,-19.5,-1.16,-103.22,22.94,37.0,0,32.55,Poor
0.333,-91.55,-69.99,-19.5,-2.96,-97.71,30.94,38.0,4,34.05,Poor
0.116,-83.4,-70.64,-12.82,12.25,-101.09,22.84,35.0,2,60.75,Good
0.494,-103.93,,-15.02,-10.0,-92.88,71.16,70.0,3,22.84,Poor
0.038,-81.16,-56.33,-19.5,13.71,-100.21,35.47,36.0,3,41.86,Fair
0.262,-93.89,-75.07,-19.5,9.81,-108.6,11.77,19.0,2,41.2,Fair
0.08,-74.88,-58.1,-16.75,22.65,-101.01,23.35,34.0,2,62.82,Good
0.092,-86.75,-66.37,-17.95,8.57,-101.99,27.14,29.0,2,46.96,Fair
0.102,-85.06,-69.42,-16.29,4.22,-94.55,62.99,54.0,4,44.67,Fair
0.22,-93.03,-81.34,-9.6,1.58,-99.08,30.52,39.0,3,45.38,Fair
0.024,-74.04,-54.98,-19.21,26.93,-105.18,19.0,36.0,3,59.7,Good
0.228,-90.49,-74.68,-17.28,12.99,-108.42,14.65,30.0,2,50.93,Fair
0.323,-88.6,-70.29,-16.78,4.0,-99.07,23.26,43.0,2,52.21,Fair
0.297,-91.66,-72.68,-18.11,-6.2,-91.79,72.96,67.0,2,21.58,Poor
0.217,-93.99,-75.56,-17.99,-1.4,-101.52,41.12,40.0,2,31.78,Poor
0.822,-91.3,-78.42,-13.35,9.46,-105.64,12.03,31.0,3,51.35,Fair
0.071,-80.79,-62.71,-17.14,27.91,-112.41,17.84,30.0,1,69.85,Good
0.317,-96.36,-77.03,-17.8,-2.04,-99.75,37.67,42.0,1,28.91,Poor
0.029,-67.84,-54.04,-14.74,25.88,-100.43,17.63,32.0,2,71.4,Good
0.033,-76.56,-63.12,-14.4,19.79,-102.65,14.81,32.0,3,69.38,Good
0.384,-89.05,-74.26,-16.73,-4.26,-90.47,65.6,61.0,1,31.93,Poor
0.376,-99.0,-78.76,-19.5,-8.89,-95.82,49.08,57.0,1,22.23,Poor
0.947,-97.81,-85.81,-9.85,-2.61,-98.19,32.97,39.0,2,41.33,Fair
0.367,-94.52,-74.03,-18.82,2.61,-103.17,31.67,35.0,1,43.59,Fair
1.446,-102.05,-82.87,-19.5,-1.49,-104.39,14.18,32.0,3,34.66,Poor
0.022,-63.8,-46.57,-18.11,26.49,-95.12,54.5,41.0,3,64.02,Good
0.046,-82.05,-68.49,-11.9,12.29,-99.45,29.43,29.0,0,54.46,Fair
0.02,-65.46,-49.85,-15.3,28.15,-98.33,61.06,47.0,3,66.33,Good
0.092,-89.02,-68.68,-19.5,9.74,-104.95,15.02,38.0,3,43.95,Fair
0.351,-99.11,-77.34,-19.5,0.27,-103.74,21.14,24.0,2,28.08,Poor
0.467,-100.61,-85.71,-17.14,-7.88,-96.8,39.52,,4,18.46,Poor
0.021,-68.83,-47.41,-19.5,30.0,-113.02,9.75,29.0,4,72.85,Good
1.313,-106.24,-86.18,-19.5,-10.0,-101.59,34.98,30.0,1,17.12,Poor
0.831,-103.07,-85.09,-16.42,0.61,-107.58,15.12,31.0,3,37.46,Fair
0.158,-87.46,-71.67,-17.0,7.0,-103.33,29.3,37.0,2,42.85,Fair
0.036,-73.03,-56.78,-17.25,12.96,-91.54,56.75,38.0,2,55.13,Good
0.084,-79.89,-56.42,-19.5,15.19,-98.6,16.52,29.0,1,47.44,Fair
0.061,-75.48,-56.95,-17.03,18.69,-99.18,24.38,40.0,4,56.71,Good
0.059,-72.31,-50.32,-19.5,20.31,-97.79,48.43,55.0,1,57.39,Good
0.329,-94.45,-75.73,-17.51,5.72,-103.73,37.3,51.0,0,42.07,Fair
0.127,-88.23,-71.58,-16.42,13.66,-105.1,12.64,21.0,3,54.23,Fair
0.2,-87.59,-67.84,-18.89,5.12,-100.26,16.53,24.0,1,46.3,Fair
2.051,-114.82,-90.35,-19.5,-10.0,-104.85,20.46,34.0,4,23.61,Poor
0.519,-101.03,-84.96,-16.24,-10.0,-90.44,55.98,62.0,2,25.9,Poor
1.339,-102.54,-81.8,-19.5,6.43,-108.73,31.18,36.0,3,35.25,Fair
0.069,-81.42,-62.85,-18.34,9.87,-96.69,44.44,57.0,3,46.55,Fair
0.217,-95.59,-81.94,-14.14,-0.13,-98.4,37.8,43.0,2,35.69,Fair
0.364,-101.21,-87.62,-14.05,-4.56,-99.65,25.11,47.0,1,37.62,Fair
0.036,-75.15,-58.51,-15.46,13.92,-94.71,60.72,62.0,1,45.13,Fair
0.02,-65.88,-46.83,-18.18,30.0,-101.92,39.64,41.0,5,69.7,Good
0.499,-93.47,-72.84,-19.5,-0.13,-96.39,39.93,56.0,0,37.37,Fair
0.462,-96.87,-83.58,-11.41,,-106.28,53.37,53.0,2,44.2,Fair
0.238,-83.53,-63.58,-19.5,15.35,-105.83,30.57,41.0,4,45.6,Fair
0.303,-94.07,-76.42,-19.5,7.18,-104.85,21.45,31.0,0,40.36,Fair
0.242,-92.25,-74.24,-18.27,-1.98,-98.55,45.31,51.0,0,33.35,Poor
0.02,-80.71,-60.95,-19.5,10.12,-92.67,50.27,50.0,4,41.68,Fair
0.184,-91.13,-67.89,-19.5,4.25,-98.55,29.36,22.0,2,33.62,Poor
0.088,-79.55,-60.64,-19.5,22.38,-103.09,28.8,42.0,3,54.98,Fair
0.047,-71.3,-57.37,-13.49,30.0,-114.28,3.92,29.0,1,80.25,Excellent
1.413,-110.33,-92.89,-18.13,-10.0,-101.29,35.09,32.0,4,32.57,Poor
0.412,-94.46,-73.91,-19.5,,-100.26,42.63,52.0,0,25.58,Poor
0.587,-95.2,,-19.5,6.86,-106.06,26.19,32.0,2,34.72,Poor
0.17,-88.64,-68.64,-19.5,7.64,-100.2,47.7,49.0,0,39.08,Fair
0.225,-100.21,-83.74,-17.46,-4.59,-99.07,36.15,35.0,0,27.04,Poor
0.122,-84.79,-70.89,-12.69,12.33,-103.2,31.58,39.0,2,55.61,Good
0.046,-74.38,-54.61,-19.48,20.28,-98.41,44.03,51.0,1,61.53,Good
0.089,-86.85,-72.5,-14.21,14.51,-108.65,19.39,30.0,1,58.72,Good
0.719,-102.16,-82.08,-19.5,-10.0,-97.7,47.44,42.0,0,19.03,Poor
0.509,-102.78,-82.7,-19.5,-6.31,-100.39,28.85,39.0,0,26.62,Poor
0.356,-105.34,-88.74,-17.82,-6.97,-100.8,24.17,24.0,0,26.67,Poor
0.29,-89.17,-71.51,-16.57,-2.25,-91.58,59.26,47.0,2,32.0,Poor
1.15,-105.24,-86.64,-19.5,-10.0,-95.6,68.35,52.0,3,16.71,Poor
0.034,-68.49,-52.33,-17.43,21.91,-98.58,31.83,29.0,2,63.12,Good
0.148,-84.05,-70.19,-12.52,16.23,-102.42,47.28,63.0,2,58.96,Good
0.194,-91.21,-73.33,-19.41,2.72,-100.54,71.16,60.0,4,32.42,Poor
0.686,-101.08,-82.88,-17.16,-3.19,-100.75,37.81,34.0,2,29.57,Poor
2.203,-108.6,-86.52,-19.5,-10.0,-93.12,53.68,51.0,7,16.66,Poor
0.124,-82.06,-66.41,-16.26,11.26,-100.89,50.47,44.0,0,41.29,Fair
0.933,-102.12,-80.91,-19.5,-2.0,-103.84,33.09,47.0,2,26.58,Poor
0.799,-97.64,-83.08,-14.79,,-105.94,25.43,29.0,0,34.31,Poor
0.115,-86.44,-72.47,-13.26,11.71,-103.8,4.01,19.0,3,59.81,Good
0.229,-95.24,-78.14,-17.08,-5.06,-94.54,49.7,52.0,0,30.27,Poor
0.237,-91.8,-76.62,-15.91,-6.44,-90.87,73.84,66.0,0,21.42,Poor
1.722,-107.91,-93.98,-14.04,-10.0,-101.44,47.37,55.0,2,33.37,Poor
0.09,-87.97,-64.13,-19.5,9.26,-104.31,30.45,38.0,3,43.5,Fair
0.722,-106.53,-89.89,-15.82,-8.21,-102.01,12.13,26.0,1,31.38,Poor
0.183,-87.51,-62.57,-19.5,2.0,-98.29,46.63,43.0,2,35.28,Fair
0.591,-101.07,-86.05,-14.76,-8.95,-97.34,50.93,42.0,1,22.92,Poor
0.245,-92.49,-79.61,-13.03,-0.56,-97.05,49.18,53.0,0,42.02,Fair
0.389,-97.25,-75.38,-19.5,6.99,-109.16,6.62,28.0,0,43.12,Fair
0.804,-96.04,-80.22,-16.74,1.9,-104.98,6.34,31.0,2,38.24,Fair
0.734,-96.28,-77.86,-19.5,9.17,-108.91,4.28,16.0,6,46.27,Fair
0.906,-108.1,-94.17,-14.52,-3.14,-109.09,15.29,34.0,0,36.81,Fair
0.028,-75.28,-57.39,-16.27,17.7,-99.98,45.65,54.0,1,55.53,Good
0.53,-95.1,-81.22,-14.65,4.56,-103.53,31.72,32.0,2,48.37,Fair
0.068,-78.35,-60.57,-16.93,21.16,-104.95,22.15,31.0,3,60.43,Good
0.242,-91.87,-75.3,-17.43,0.72,-97.82,47.28,43.0,1,35.77,Fair
0.358,-99.65,-80.96,-19.19,-1.5,-102.25,42.17,43.0,1,40.05,Fair
0.232,-94.07,-74.2,-19.5,5.82,-104.06,40.49,53.0,3,41.33,Fair
0.33,-96.46,-77.74,-17.68,3.22,-107.99,5.5,24.0,1,44.96,Fair
2.548,-111.02,-91.67,-18.83,-10.0,-99.67,31.88,44.0,4,28.32,Poor
0.065,-73.63,-55.95,-17.9,,-90.33,79.81,54.0,2,47.55,Fair
0.506,-100.85,-84.16,-17.49,-5.68,-97.25,53.26,41.0,1,26.63,Poor
0.227,-95.26,,-19.02,-9.83,-91.96,71.12,61.0,1,23.81,Poor
0.064,-80.72,-63.06,-17.11,2.61,-90.26,80.88,86.0,1,40.62,Fair
0.078,-77.8,-60.02,-17.9,15.21,-98.78,51.95,49.0,1,46.64,Fair
1.342,-112.35,-93.15,-19.5,-10.0,-96.03,63.69,61.0,5,15.21,Poor
0.953,-97.77,-82.87,-13.2,-5.24,-101.92,27.96,40.0,0,38.04,Fair
1.069,-105.28,-82.99,-19.5,-4.47,-107.76,17.72,39.0,3,36.53,Fair
2.147,-113.58,-96.33,-17.5,-10.0,-98.67,66.06,71.0,3,9.72,Poor
0.105,-90.92,-72.54,-19.1,10.84,-103.67,23.75,31.0,4,42.06,Fair
0.198,-87.13,-69.27,-17.61,7.51,-101.85,28.02,32.0,0,48.56,Fair
0.498,-98.64,-78.69,-19.5,-7.12,-95.92,40.01,27.0,3,28.32,Poor
0.298,-92.82,-73.8,-18.64,8.43,-105.43,21.45,29.0,2,44.34,Fair
0.244,-95.38,-77.53,-19.42,0.97,-100.87,44.34,42.0,1,29.91,Poor
0.199,-91.31,-68.96,-19.5,1.51,-99.0,45.44,41.0,6,30.84,Poor
0.405,-98.13,-89.74,-7.35,1.17,-102.36,32.93,36.0,2,52.03,Fair
0.386,-96.15,-74.42,-19.5,1.76,-100.77,35.27,38.0,3,31.69,Poor
0.079,-84.77,-64.01,-19.5,22.3,-110.32,22.11,38.0,1,52.65,Fair
0.287,-99.33,-86.84,-11.95,0.11,-103.94,33.11,47.0,2,35.81,Fair
0.363,-84.3,-63.52,-19.5,10.69,-99.72,44.63,51.0,2,40.82,Fair
0.38,-101.07,-79.9,-19.5,-10.0,-87.15,78.92,,0,20.02,Poor
0.106,-83.87,-64.19,-19.5,2.77,-92.45,55.41,53.0,0,37.64,Fair
0.61,-106.81,-93.49,-15.14,-10.0,-101.8,29.16,32.0,3,28.82,Poor
0.02,-78.43,-58.38,-19.5,23.14,-108.26,12.93,31.0,0,65.28,Good
0.197,-89.55,-68.53,-19.5,2.57,-98.98,39.36,50.0,1,28.61,Poor
0.682,-99.99,-83.7,-15.21,-10.0,-90.03,66.04,58.0,3,19.93,Poor
0.373,-90.42,-71.1,-19.5,4.93,-99.83,54.17,54.0,0,33.57,Poor
0.136,-85.15,-68.21,-15.69,6.12,-96.53,59.71,65.0,1,45.04,Fair
0.534,-99.17,-78.51,-19.5,-3.21,-99.9,50.66,59.0,3,24.41,Poor
0.377,-99.35,-82.29,-17.08,-9.54,-96.03,35.14,49.0,2,27.74,Poor
0.716,-95.11,-78.85,-14.41,6.41,-106.9,18.7,25.0,2,50.4,Fair
0.598,-95.83,-77.95,-17.08,11.36,-111.98,19.01,35.0,3,39.86,Fair
0.424,-101.55,-87.57,-13.52,-10.0,-95.79,51.61,45.0,2,31.84,Poor
0.301,-93.46,-75.88,-17.08,-2.06,-98.21,34.8,37.0,2,42.28,Fair
0.064,-79.72,-60.64,-18.82,,-100.9,59.07,44.0,1,54.51,Fair
0.136,-88.14,-67.53,-19.5,6.06,-96.95,45.26,59.0,1,40.77,Fair
0.244,-88.71,-69.96,-19.35,7.53,-103.21,45.9,44.0,0,35.31,Fair
0.412,-92.98,-79.28,-15.7,0.39,-99.55,43.77,59.0,3,37.24,Fair
0.324,-95.01,-72.95,-19.5,-0.31,-102.31,19.38,31.0,2,38.18,Fair
0.153,-88.87,-66.56,-19.5,8.25,-103.21,17.09,36.0,2,41.73,Fair
0.02,-64.45,-46.11,-18.52,12.85,-85.41,83.11,60.0,4,45.5,Fair
0.309,-90.08,-74.34,-17.64,7.5,-104.07,30.1,37.0,0,47.09,Fair
0.151,-87.37,-70.96,-16.05,6.09,-100.14,37.93,40.0,1,47.44,Fair
0.597,-106.05,-88.66,-16.86,-10.0,-88.71,83.45,77.0,1,17.93,Poor
0.02,-69.07,-50.23,-19.5,23.95,-100.06,50.42,53.0,1,51.63,Fair
0.396,-93.17,-76.09,-17.72,7.12,-103.98,26.77,38.0,4,50.02,Fair
1.277,-117.15,-101.73,-14.7,-10.0,-95.88,56.8,73.0,1,23.37,Poor
0.086,-81.81,-60.74,-19.5,6.5,-93.31,54.96,54.0,1,39.03,Fair
0.287,-94.86,-76.09,-19.04,1.75,-102.0,28.96,31.0,1,38.15,Fair
0.043,-77.78,-62.94,-17.06,9.26,-90.41,66.76,59.0,3,44.7,Fair
0.442,-100.56,-81.69,-18.59,,-98.55,36.22,40.0,1,31.21,Poor
0.36,-95.74,-77.25,-19.5,10.33,-111.67,14.82,26.0,1,47.59,Fair
0.235,-85.91,-70.06,-15.92,9.9,-100.14,38.02,41.0,2,50.84,Fair
0.332,-96.22,-74.64,-19.5,3.72,-105.37,13.15,30.0,0,38.42,Fair
1.021,-100.33,-81.92,-18.92,-10.0,-92.85,65.06,44.0,5,20.37,Poor
0.098,-87.17,-69.82,-16.8,-3.89,-90.03,76.81,67.0,3,27.1,Poor
0.02,-67.41,-49.66,-18.97,30.0,-109.98,13.18,23.0,1,65.05,Good
0.89,-102.99,-83.66,-19.5,-6.88,-98.88,48.61,55.0,0,22.1,Poor
0.387,-94.38,-76.59,-19.22,2.07,-99.13,36.29,41.0,3,40.33,Fair
0.996,-103.95,-86.19,-17.68,-3.75,-104.15,21.92,26.0,4,32.88,Poor
0.409,-93.69,-72.49,-19.09,-9.69,-85.97,77.56,71.0,2,17.08,Poor
0.748,-111.76,-98.01,-12.5,-10.0,-102.42,13.24,29.0,0,35.26,Fair
0.253,-97.77,-83.52,-16.1,-1.07,-102.57,16.39,34.0,1,39.61,Fair
0.624,-98.24,-77.91,-19.5,2.49,-103.04,22.56,28.0,0,37.7,Fair
1.099,-113.0,-87.75,-19.5,-10.0,-106.87,26.09,39.0,2,25.05,Poor
0.382,-97.79,-77.16,-19.5,4.48,-106.37,27.88,24.0,1,42.17,Fair
0.09,-83.37,-59.78,-19.5,11.39,-94.92,70.51,54.0,2,43.48,Fair
0.141,-90.35,-73.65,-17.71,2.53,-95.15,68.0,58.0,0,41.67,Fair
0.1,-86.82,-70.73,-15.85,9.34,-96.78,39.11,38.0,3,54.55,Fair
0.128,-85.1,-65.73,-18.62,,-101.56,34.72,53.0,0,49.65,Fair
0.165,-84.35,-63.49,-19.5,12.42,-101.0,22.59,28.0,4,51.65,Fair
0.364,-99.09,-85.03,-12.17,3.8,-106.77,9.05,21.0,0,48.82,Fair
0.399,-98.34,-80.98,-18.69,-10.0,-93.86,76.4,66.0,0,19.16,Poor
0.25,-94.93,-77.01,-17.81,-1.29,-101.24,23.13,39.0,3,31.21,Poor
0.43,-106.38,-90.41,-15.48,-10.0,-97.06,48.78,48.0,5,30.37,Poor
0.038,-75.32,-59.01,-15.65,16.15,-94.17,40.1,51.0,3,56.9,Good
0.041,-72.8,-52.27,-19.5,24.82,-103.43,22.42,43.0,2,63.58,Good
0.085,-78.61,-59.2,-19.35,18.65,-105.02,34.4,44.0,1,55.53,Good
0.328,-97.84,-77.44,-19.5,-2.11,-104.24,23.46,38.0,1,35.33,Fair
0.108,-89.78,-70.77,-18.79,3.27,-97.69,60.89,61.0,1,35.22,Fair
0.15,-87.49,-72.11,-16.28,,-97.18,68.33,61.0,1,37.87,Fair
0.23,-87.96,-68.69,-19.35,2.41,-93.37,83.32,68.0,3,30.64,Poor
0.752,-100.91,-85.77,-15.3,-7.96,-97.59,42.9,44.0,1,31.49,Poor
0.02,-69.29,-52.22,-16.8,29.51,-105.07,19.5,31.0,0,63.83,Good
0.472,-92.92,-78.03,-13.62,-0.48,-95.24,83.46,82.0,3,37.32,Fair
0.497,-100.91,-84.74,-17.99,2.5,-106.62,21.52,31.0,4,42.62,Fair
0.721,-102.05,-83.78,-19.03,-8.94,-98.2,31.01,42.0,2,31.11,Poor
1.215,-99.16,-82.53,-17.65,-6.48,-97.04,48.4,47.0,2,27.45,Poor
0.02,-71.23,-55.88,-15.75,30.0,-110.75,17.69,25.0,3,75.9,Excellent
0.075,-86.7,-65.29,-19.5,4.44,-98.91,53.2,61.0,3,40.34,Fair
0.978,-106.49,-88.85,-15.62,-7.26,-100.91,27.94,42.0,3,23.82,Poor
0.276,-96.6,-80.19,-16.81,9.7,-109.54,9.79,27.0,0,48.39,Fair
0.374,-94.06,-79.3,-14.55,4.11,-101.41,34.75,32.0,2,40.93,Fair
0.489,-101.4,-89.01,-12.27,-10.0,-93.14,78.26,59.0,3,31.33,Poor
0.511,-97.11,-79.77,-15.64,-2.55,-103.29,9.47,26.0,3,33.76,Poor
1.208,-108.59,-94.73,-13.6,-9.45,-107.89,25.05,34.0,2,35.86,Fair
2.607,-120.82,-100.68,-19.5,-10.0,-109.95,24.92,38.0,2,17.06,Poor
0.573,-97.95,-79.86,-17.36,-10.0,-92.91,61.45,65.0,2,25.99,Poor
0.152,-87.12,-64.45,-19.5,5.28,-97.46,51.09,53.0,1,35.79,Fair
0.953,-101.52,-82.85,-17.58,-10.0,-96.74,28.91,30.0,3,23.78,Poor
0.023,-74.19,-58.37,-16.64,16.44,-98.34,39.3,52.0,2,57.28,Good
0.118,-88.65,-76.29,-11.87,8.82,-100.82,33.6,43.0,1,54.34,Fair
1.025,-102.61,-82.19,-19.5,-3.91,-102.88,28.05,31.0,2,31.72,Poor
0.133,-80.48,-66.37,-14.69,9.46,-100.37,44.07,50.0,1,47.18,Fair
0.112,-85.03,-68.26,-15.24,16.24,-104.0,33.87,31.0,0,56.01,Good
0.067,-78.94,-55.92,-19.5,11.42,-94.66,68.95,64.0,3,45.03,Fair
0.882,-104.2,-84.37,-19.5,-6.15,-100.54,27.88,25.0,0,24.24,Poor
0.312,-100.08,-80.91,-19.5,-3.73,-105.24,25.88,35.0,4,29.25,Poor
0.506,-94.22,-73.39,-19.5,-5.26,-92.66,54.12,44.0,0,22.25,Poor
0.123,-82.23,-61.51,-19.5,3.16,-92.67,62.19,52.0,3,33.72,Poor
0.639,-97.27,-74.53,-19.5,5.95,-105.49,39.04,47.0,2,37.92,Fair
0.642,-100.89,-84.7,-17.34,-9.04,-96.4,54.43,53.0,4,27.13,Poor
0.169,-86.2,-69.33,-16.96,21.05,-113.43,4.06,23.0,2,49.53,Fair
0.238,-87.99,-72.76,-16.66,10.83,-99.16,45.33,33.0,0,43.94,Fair
0.106,-78.1,-60.2,-17.46,13.89,-94.53,56.81,47.0,0,45.71,Fair
1.689,-104.6,-87.0,-17.58,-9.53,-97.27,62.15,47.0,4,19.72,Poor
0.467,-97.15,-84.41,-10.83,-5.36,-96.39,44.94,52.0,2,46.34,Fair
1.227,-111.02,-94.98,-16.13,-10.0,-104.44,48.57,47.0,7,17.19,Poor
0.163,-87.66,-65.34,-19.5,7.27,-99.56,53.7,41.0,1,38.36,Fair
0.685,-99.7,-80.97,-18.7,0.24,-98.66,32.39,50.0,4,32.8,Poor
0.653,-97.48,-77.33,-18.91,6.52,-105.67,13.83,27.0,1,43.12,Fair
0.529,-93.08,-75.44,-18.73,3.68,-104.44,31.08,33.0,0,41.25,Fair
1.517,-108.01,-95.67,-11.41,-6.46,-107.69,13.39,35.0,3,37.89,Fair
0.225,-82.68,-65.07,-18.19,16.81,-103.66,16.31,29.0,0,51.09,Fair
0.063,-87.17,-66.04,-19.5,14.5,-108.46,13.75,30.0,2,47.65,Fair
0.501,-96.34,-81.9,-15.02,1.41,-103.89,27.93,50.0,3,37.29,Fair
0.588,-102.6,-82.36,-19.5,-2.93,-102.93,24.75,,1,32.39,Poor
0.385,-103.36,-90.47,-12.16,-8.24,-103.66,12.88,33.0,1,33.09,Poor
0.104,-85.25,-67.19,-16.93,21.58,-107.84,9.93,23.0,1,60.3,Good
0.316,-99.85,-80.21,-19.5,-4.1,-101.97,39.23,45.0,1,28.29,Poor
0.168,-89.22,-72.16,-17.45,2.24,-97.85,46.48,44.0,1,37.46,Fair
0.251,-91.89,-66.47,-19.5,-5.25,-91.86,65.29,62.0,1,30.5,Poor
0.466,-92.92,-76.4,-17.39,-7.8,-87.91,69.41,71.0,3,28.36,Poor
0.615,-105.83,-89.56,-16.16,-10.0,-92.29,58.68,62.0,5,23.76,Poor
0.119,-81.94,-63.33,-17.49,25.14,-111.83,6.68,21.0,2,64.73,Good
0.234,-91.02,-75.29,-17.09,9.88,-105.99,21.8,22.0,0,45.68,Fair
0.141,-82.94,-69.26,-14.14,20.33,-106.27,22.73,37.0,1,57.93,Good
0.1,-85.78,-71.08,-14.65,8.4,-98.36,46.6,47.0,2,43.1,Fair
0.688,-106.1,-85.82,-19.5,-8.58,-103.69,18.52,36.0,0,20.76,Poor
1.08,-109.55,-92.46,-16.24,-10.0,-85.74,92.83,91.0,3,24.22,Poor
0.208,-95.57,-72.47,-19.5,14.81,-112.16,8.08,20.0,3,49.31,Fair
0.626,-98.04,-81.36,-16.87,-5.91,-94.95,35.78,42.0,0,31.18,Poor
1.023,-98.3,-78.17,-19.5,8.12,-108.96,21.09,32.0,3,45.53,Fair
0.842,-104.78,-85.25,-19.11,-10.0,-98.66,46.22,52.0,2,23.63,Poor
0.091,-80.74,-64.11,-17.47,10.61,-97.76,34.12,35.0,1,54.63,Fair
1.409,-113.08,-97.71,-14.05,-10.0,-95.6,63.56,69.0,3,20.16,Poor
0.213,-89.88,-77.07,-13.74,10.69,-107.76,25.17,39.0,2,48.76,Fair
0.186,-86.78,-67.12,-19.49,16.14,-107.5,9.9,23.0,0,53.12,Fair
0.029,-79.34,,-19.5,12.53,-98.21,42.62,48.0,1,42.57,Fair
0.3,-94.38,-81.15,-10.32,2.77,-101.16,24.43,42.0,1,47.92,Fair
0.052,-75.61,-58.72,-18.27,,-102.39,25.64,33.0,2,57.55,Good
0.129,-97.99,-81.99,-15.79,-10.0,-92.39,69.42,73.0,2,24.04,Poor
0.172,-83.4,-63.74,-17.6,17.78,-106.4,9.37,26.0,1,58.67,Good
0.745,-100.03,-83.02,-18.5,-7.03,-100.61,34.53,32.0,2,30.86,Poor
0.938,-100.58,-78.61,-19.5,2.32,-106.64,22.35,40.0,1,29.46,Poor
0.162,-89.9,-73.05,-17.05,4.87,-100.55,43.76,32.0,1,35.3,Fair
0.881,-109.8,-95.51,-15.84,-9.27,-103.16,47.17,52.0,3,26.24,Poor
0.876,-100.72,-84.13,-16.26,-5.74,-98.28,50.77,43.0,1,32.18,Poor
0.651,-100.62,-83.69,-15.82,-2.19,-101.89,38.26,46.0,3,29.75,Poor
0.071,-81.06,-61.49,-19.5,15.83,-99.5,56.54,51.0,1,46.33,Fair
0.528,-94.11,-77.23,-17.19,11.01,-109.0,11.48,24.0,3,46.65,Fair
1.305,-103.27,-83.95,-18.52,4.03,-111.83,6.37,23.0,5,40.88,Fair
0.516,-90.59,-74.96,-14.81,11.81,-107.34,19.99,20.0,3,50.37,Fair
0.181,-88.6,-71.48,-17.9,12.2,-108.48,6.14,24.0,2,53.94,Fair
0.312,-96.69,-81.04,-15.78,-5.17,-99.52,44.83,48.0,5,31.46,Poor
0.467,-98.16,-82.7,-15.24,-4.68,-96.25,53.53,40.0,4,28.15,Poor
0.322,-92.51,-70.68,-19.5,6.92,-102.43,31.1,49.0,1,36.2,Fair
0.058,-75.28,-59.43,-14.63,19.29,-98.49,43.3,36.0,2,68.14,Good
0.168,-94.44,-77.49,-15.68,8.71,-110.18,12.04,19.0,2,55.65,Good
0.73,-101.24,-80.11,-19.5,-8.93,-97.05,64.94,50.0,5,20.76,Poor
0.889,-96.55,-76.3,-19.5,-1.64,-99.29,51.0,60.0,2,27.49,Poor
0.066,-81.54,-58.62,-19.5,11.12,-98.97,50.66,48.0,1,46.28,Fair
1.37,-103.02,-83.57,-18.29,-6.68,-106.62,15.31,28.0,1,31.71,Poor
0.179,-87.15,-70.95,-16.17,14.7,-103.74,9.78,21.0,4,57.59,Good
0.489,-93.97,-69.8,-19.5,-1.46,-96.12,55.93,46.0,2,37.05,Fair
0.627,-103.2,-83.45,-19.5,-10.0,-90.03,87.32,,1,8.16,Poor
0.752,-104.76,-87.22,-17.94,-10.0,-93.39,53.2,51.0,2,23.84,Poor
1.311,-106.28,-88.11,-19.03,-5.07,-104.91,16.32,31.0,1,33.81,Poor
0.169,-94.73,-76.19,-18.58,-2.45,-94.79,70.14,49.0,1,24.7,Poor
0.88,-103.98,-86.69,-16.31,-10.0,-92.59,43.18,40.0,2,28.14,Poor
0.064,-79.19,,-14.21,8.52,-90.46,80.79,68.0,1,48.03,Fair
0.549,-91.68,-68.8,-19.5,-6.87,-88.92,65.45,59.0,4,30.64,Poor
0.61,-98.1,-80.17,-17.92,-2.15,-103.58,18.0,26.0,5,32.64,Poor
0.51,-95.66,-77.11,-18.4,9.71,-110.79,16.53,38.0,2,41.7,Fair
0.131,-81.74,-57.51,-19.5,30.0,-116.24,7.55,22.0,0,71.32,Good
0.929,-107.23,-91.28,-16.69,-10.0,-82.86,78.47,76.0,0,24.62,Poor
0.083,-83.17,-63.2,-18.91,17.17,-104.21,18.19,45.0,2,52.16,Fair
0.025,-62.53,-46.91,-15.05,25.49,-93.27,71.34,61.0,4,65.36,Good
0.569,-99.43,-80.47,-19.5,-0.2,-104.14,20.54,33.0,2,34.39,Poor
0.29,-88.82,-70.22,-19.5,6.33,-100.56,33.93,49.0,2,41.84,Fair
0.851,-98.75,-78.38,-19.5,-7.05,-97.44,62.13,39.0,3,17.9,Poor
0.218,-96.71,-75.08,-19.5,3.22,-103.4,37.33,40.0,1,28.52,Poor
0.083,-81.23,-64.97,-16.92,17.8,-103.25,20.26,31.0,1,63.85,Good
0.815,-101.64,-79.39,-19.5,-0.68,-104.43,52.28,56.0,4,25.88,Poor
0.358,-93.79,,-19.5,-4.84,-95.12,51.56,47.0,4,29.93,Poor
0.094,-86.61,-69.36,-17.79,14.32,-103.48,29.41,42.0,0,45.73,Fair
0.573,-103.65,-85.67,-17.66,-0.39,-105.56,10.1,32.0,1,34.02,Poor
0.322,-96.09,-79.57,-17.02,3.92,-107.37,9.33,27.0,6,44.22,Fair
0.417,-96.82,,-16.24,5.75,-109.2,13.09,30.0,1,41.3,Fair
0.278,-88.17,-73.78,-13.85,7.1,-101.68,27.7,47.0,2,41.27,Fair
0.794,-94.74,-74.41,-19.5,-1.37,-97.62,36.81,40.0,3,25.52,Poor
0.796,-96.45,-84.6,-9.8,-10.0,-90.28,78.88,74.0,2,29.62,Poor
0.556,-95.48,-79.57,-16.0,8.81,-108.59,24.72,39.0,3,46.88,Fair
0.05,-82.19,-64.33,-17.31,11.43,-96.58,61.11,66.0,2,47.12,Fair
0.821,-103.94,-82.04,-19.5,-4.57,-100.62,35.16,43.0,2,25.91,Poor
0.5,-97.16,-80.8,-15.73,-3.32,-97.46,42.21,44.0,2,32.06,Poor
0.537,-101.15,-81.87,-18.63,-4.37,-98.15,56.21,49.0,2,23.27,Poor
0.203,-87.88,-70.12,-16.86,1.14,-95.04,52.31,53.0,1,39.32,Fair
0.951,-100.69,-79.86,-19.5,-10.0,-85.97,72.97,75.0,2,17.51,Poor
0.582,-97.16,-78.03,-19.19,4.77,-106.83,24.63,42.0,1,44.69,Fair
0.054,-74.67,-54.18,-19.5,23.69,-106.08,5.68,26.0,1,64.26,Good
0.236,-95.1,-78.76,-15.96,-0.51,-97.55,34.75,37.0,0,38.63,Fair
0.979,-100.09,-85.13,-12.06,-10.0,-98.2,37.23,55.0,1,29.91,Poor
0.022,-73.92,-54.82,-18.82,24.54,-103.52,7.91,24.0,0,66.55,Good
1.465,-111.08,-94.55,-16.18,-10.0,-89.31,80.28,,7,16.6,Poor
0.512,-96.07,-77.98,-17.01,0.77,-101.93,48.72,49.0,3,29.76,Poor
0.449,-92.2,-73.25,-19.5,3.04,-99.19,47.37,44.0,4,33.99,Poor
0.142,-85.15,-63.43,-19.5,14.16,-103.7,43.56,29.0,6,48.79,Fair
0.129,-86.18,-65.82,-19.5,14.05,-104.41,24.61,37.0,1,41.42,Fair
1.282,-104.92,-88.97,-15.95,-10.0,-91.25,83.01,59.0,2,22.08,Poor
0.159,-87.56,-72.99,-14.21,-7.1,-88.36,71.7,61.0,1,33.58,Poor
0.672,-105.07,-81.95,-19.5,-10.0,-96.97,55.96,57.0,0,16.01,Poor
0.225,-96.04,-82.79,-13.41,2.93,-106.1,13.6,28.0,2,51.59,Fair
0.067,-81.03,-64.38,-14.85,16.5,-101.56,19.21,34.0,1,58.64,Good
0.02,-70.12,-50.19,-18.86,24.43,-101.4,55.0,37.0,1,56.93,Good
0.354,-94.95,-72.03,-19.5,-9.73,-93.65,43.7,49.0,4,28.05,Poor
1.674,-105.78,-88.35,-18.92,-10.0,-101.06,35.79,,6,23.82,Poor
0.207,-91.24,-73.15,-18.0,1.34,-97.05,55.34,52.0,1,38.69,Fair
0.199,-87.76,-72.39,-15.46,11.75,-106.69,19.82,26.0,1,48.02,Fair
0.19,-90.19,-71.81,-18.67,9.21,-105.19,25.09,35.0,1,40.59,Fair
0.331,-87.12,-72.57,-15.47,4.26,-101.51,17.49,38.0,2,49.34,Fair
0.261,-92.06,-76.31,-15.1,4.85,-102.06,34.3,29.0,1,43.77,Fair
0.954,-94.24,-73.94,-19.5,-3.11,-98.4,47.46,47.0,2,40.74,Fair
0.317,-92.64,-75.94,-15.02,9.14,-105.08,25.89,31.0,0,46.59,Fair
0.319,-94.96,-74.2,-19.5,-1.33,-99.19,40.53,46.0,1,31.64,Poor
0.067,-84.25,-66.71,-17.21,16.97,-107.27,17.91,31.0,1,61.79,Good
1.827,-115.01,-101.12,-11.45,-10.0,-107.88,16.44,29.0,3,35.83,Fair
0.129,-90.27,-68.77,-19.5,2.67,-97.73,46.95,51.0,1,34.51,Poor
0.034,-78.47,-64.42,-13.82,16.82,-94.48,54.64,53.0,2,56.73,Good
0.49,-96.24,-80.04,-16.62,2.12,-103.28,50.88,56.0,2,28.22,Poor
0.407,-98.32,-80.92,-17.36,0.72,-101.73,31.81,43.0,1,36.72,Fair
0.241,-90.94,-69.92,-19.5,3.59,-100.94,39.03,32.0,1,26.47,Poor
0.247,-86.76,-70.33,-16.82,5.73,-96.34,53.04,46.0,1,45.81,Fair
0.692,-101.16,-85.94,-16.14,-1.78,-104.33,10.04,22.0,2,48.29,Fair
0.098,-75.6,-57.11,-17.09,10.22,-92.11,59.0,66.0,1,49.35,Fair
0.772,-106.47,-89.11,-17.26,-9.92,-99.35,25.06,30.0,3,26.89,Poor
0.471,-98.08,-81.48,-17.7,-3.87,-100.63,39.44,47.0,2,29.47,Poor
0.244,-93.95,-75.3,-17.95,-0.32,-98.33,51.5,48.0,3,29.7,Poor
0.276,-89.09,-74.7,-14.19,7.56,-101.64,28.19,34.0,1,49.44,Fair
0.133,-95.53,-82.7,-13.78,-3.91,-96.98,45.76,42.0,1,35.05,Fair
0.628,-105.74,-81.32,-19.5,-9.3,-98.24,43.66,44.0,5,18.4,Poor
0.324,-94.66,-76.35,-18.79,3.79,-105.75,42.49,53.0,4,37.32,Fair
0.174,-82.66,-64.14,-15.57,7.39,-95.74,64.55,60.0,0,45.73,Fair
0.408,-95.33,-79.68,-14.77,5.7,-105.68,7.02,19.0,0,48.89,Fair
2.456,-117.21,-96.52,-19.45,-10.0,-95.24,47.29,50.0,1,18.21,Poor
0.257,-97.03,-80.63,-16.31,-8.5,-94.98,54.46,60.0,3,29.02,Poor
1.14,-98.46,-88.82,-10.3,-9.91,-95.21,57.75,62.0,1,31.82,Poor
0.19,-92.12,-75.83,-17.96,8.75,-103.95,33.58,34.0,0,45.2,Fair
0.025,-76.18,-59.02,-17.57,17.91,-98.84,42.26,30.0,5,56.97,Good
0.103,-78.42,-60.93,-15.67,21.72,-100.1,33.07,35.0,2,61.84,Good
0.244,-87.74,-70.34,-17.59,1.57,-95.49,40.63,45.0,0,39.58,Fair
0.112,-79.93,-63.87,-15.55,4.21,-91.09,88.63,83.0,1,37.77,Fair
0.02,-74.24,-58.47,-15.69,12.27,-92.27,60.33,52.0,3,48.73,Fair
1.109,-111.01,-93.9,-16.6,-10.0,-95.4,41.72,54.0,4,27.25,Poor
0.836,-101.92,-88.86,-12.98,0.95,-106.09,23.49,25.0,1,40.45,Fair
0.61,-98.38,-86.26,-11.92,-1.88,-99.27,38.06,43.0,1,43.27,Fair
0.083,-80.99,-62.7,-19.5,13.71,-98.37,69.75,65.0,1,40.56,Fair
0.058,-73.46,-55.12,-17.43,19.93,-101.23,30.18,36.0,2,53.41,Fair
0.031,-81.17,-60.53,-19.5,15.29,-105.56,13.02,21.0,2,58.5,Good
0.579,-95.84,-78.6,-17.23,-2.16,-98.17,55.85,44.0,4,30.71,Poor
1.189,-109.9,-95.48,-16.04,-10.0,-94.48,65.78,68.0,3,17.35,Poor
0.253,-88.69,-76.51,-11.9,7.74,-97.47,36.34,33.0,2,48.75,Fair
0.057,-81.18,-65.85,-15.54,15.96,-100.91,43.83,48.0,0,55.58,Good
0.323,-97.47,-78.2,-19.21,-8.49,-89.9,73.76,56.0,2,14.14,Poor
0.193,-92.2,-69.87,-19.5,9.35,-107.43,39.31,33.0,3,39.98,Fair
0.211,-96.32,-78.16,-19.15,-0.55,-103.46,35.09,37.0,2,35.24,Fair
0.437,-96.67,-82.31,-14.31,-7.0,-96.91,37.51,32.0,2,24.38,Poor
0.571,-102.24,-86.88,-15.44,-10.0,-97.56,44.36,47.0,1,25.54,Poor
0.053,-75.46,-60.01,-15.94,6.24,-91.03,62.61,62.0,2,46.57,Fair
0.02,-67.88,-51.1,-18.54,30.0,-105.71,18.54,31.0,0,71.14,Good
2.328,-104.59,-83.23,-19.23,-10.0,-96.19,65.18,72.0,3,14.74,Poor
0.119,-84.13,-62.54,-19.5,1.02,-90.93,65.34,54.0,3,27.57,Poor
0.025,-70.18,-52.7,-18.46,24.19,-94.89,46.29,39.0,1,63.51,Good
0.095,-78.02,-59.47,-18.52,15.51,-96.2,53.87,64.0,1,53.2,Fair
0.02,-72.96,-57.35,-16.25,17.94,-94.8,52.36,50.0,2,59.29,Good
0.224,-96.99,-84.12,-12.78,1.03,-104.86,13.9,31.0,0,47.83,Fair
0.73,-100.47,-77.11,-19.5,-10.0,-88.02,77.96,69.0,4,12.38,Poor
0.188,-95.21,-84.18,-11.76,,-109.03,12.48,32.0,2,59.61,Good
0.264,-82.66,-70.17,-11.42,0.83,-89.6,75.73,62.0,1,37.02,Fair
0.507,-92.29,-68.9,-19.5,2.5,-100.92,37.51,39.0,4,28.13,Poor
0.32,-85.47,-67.42,-18.52,3.61,-92.83,57.27,59.0,4,31.3,Poor
0.889,-102.74,-88.12,-14.81,-7.18,-99.75,41.99,48.0,2,29.78,Poor
0.905,-100.94,-80.89,-19.07,-5.15,-99.48,35.86,40.0,2,15.01,Poor
0.02,-72.28,-51.96,-19.5,13.27,-95.39,56.12,62.0,2,49.71,Fair
0.677,-97.1,-83.1,-12.83,-3.59,-100.08,57.91,56.0,3,30.61,Poor
0.278,-97.77,-81.37,-16.27,-1.11,-100.21,34.59,38.0,1,30.52,Poor
2.023,-120.3,-99.67,-19.5,,-108.61,20.74,27.0,5,17.02,Poor
0.297,-96.65,-81.1,-13.73,-3.82,-97.2,41.7,37.0,1,36.79,Fair
1.951,-115.63,-96.78,-19.46,-10.0,-104.22,14.08,25.0,2,24.16,Poor
0.632,-94.12,-71.84,-19.5,-0.87,-100.93,44.58,38.0,4,36.29,Fair
0.129,-78.99,-68.17,-12.23,15.28,-98.29,60.71,,1,51.45,Fair
0.348,-100.47,-83.49,-16.94,-7.68,-96.62,56.86,52.0,0,25.68,Poor
2.18,-105.61,-86.82,-19.5,-5.99,-103.44,26.42,33.0,4,22.26,Poor
0.877,-99.06,-86.44,-11.44,4.23,-104.15,21.31,28.0,1,49.07,Fair
0.046,-83.74,-67.33,-17.07,25.61,-114.07,9.85,22.0,0,64.39,Good
0.551,-100.41,-79.27,-19.5,-2.52,-104.6,25.51,35.0,0,36.52,Fair
0.191,-91.98,-76.09,-15.72,-5.92,-90.67,70.83,60.0,1,30.94,Poor
0.02,-67.45,-53.91,-12.7,30.0,-107.08,31.76,40.0,3,71.62,Good
0.232,-96.28,-74.89,-19.5,1.57,-103.84,24.93,30.0,0,37.96,Fair
0.12,-86.08,-66.75,-19.31,,-103.49,20.66,37.0,2,45.9,Fair
0.769,-104.47,-86.68,-18.44,-10.0,-93.97,69.74,63.0,2,23.15,Poor
0.185,-87.5,-69.8,-18.44,-2.34,-89.66,80.35,73.0,0,29.51,Poor
0.791,-102.84,-81.76,-19.5,-10.0,-94.96,67.4,55.0,1,21.28,Poor
0.02,-72.59,-53.7,-17.99,24.62,-102.6,24.42,25.0,2,59.54,Good
0.166,-89.28,-69.35,-19.02,-3.63,-88.73,78.78,70.0,1,26.59,Poor
0.124,-77.81,-61.88,-15.51,20.19,-104.79,22.15,41.0,3,62.18,Good
0.12,-87.3,-75.05,-12.11,14.62,-106.49,36.18,39.0,1,47.35,Fair
0.032,-78.48,-58.61,-19.19,11.55,-97.87,59.92,53.0,1,44.57,Fair
0.093,-81.15,-59.85,-19.5,1.42,-88.65,68.61,49.0,2,36.46,Fair
0.365,-95.84,-78.52,-18.23,2.61,-102.56,57.77,58.0,3,26.6,Poor
0.155,-93.52,-72.86,-19.5,-6.26,-92.24,57.72,60.0,2,22.15,Poor
0.243,-82.83,-65.83,-17.28,10.44,-99.41,46.24,45.0,0,46.15,Fair
0.213,-92.01,-74.28,-16.61,-8.97,-91.56,68.33,55.0,2,19.16,Poor
0.939,-104.97,-81.72,-19.5,-10.0,-96.16,54.85,51.0,3,22.68,Poor
1.061,-103.88,-86.75,-17.36,-10.0,-98.96,41.95,51.0,2,28.78,Poor
0.306,-86.81,-69.86,-16.11,12.51,-105.91,11.93,30.0,1,53.54,Fair
0.18,-95.89,-83.5,-13.03,1.1,-103.24,26.12,29.0,1,44.66,Fair
0.051,-77.19,-57.12,-19.5,22.09,-105.46,19.25,26.0,1,61.89,Good
1.38,-98.45,-82.58,-16.46,,-89.51,52.63,47.0,4,24.75,Poor
0.028,-72.72,-54.28,-18.15,22.56,-102.22,32.64,39.0,4,55.68,Good
0.159,-93.02,-75.97,-17.19,3.43,-103.61,22.06,47.0,2,44.78,Fair
0.159,-90.57,-73.91,-14.88,-7.17,-91.63,69.05,58.0,1,35.51,Fair
0.174,-88.02,-70.38,-17.76,6.06,-99.45,44.15,51.0,1,41.65,Fair
0.081,-76.93,-59.05,-18.56,,-108.37,13.14,37.0,1,65.51,Good
0.688,-102.12,-80.59,-19.5,-4.85,-103.84,25.51,23.0,2,26.48,Poor
0.059,-76.23,-53.67,-19.5,24.29,-105.74,14.15,34.0,0,64.33,Good
0.453,-102.89,-82.94,-19.5,-5.78,-101.26,27.47,45.0,3,32.27,Poor
0.059,-85.41,-63.59,-19.5,0.01,-91.9,62.42,49.0,1,34.05,Poor
0.033,-76.54,-55.98,-19.5,27.97,-109.38,20.79,29.0,3,67.86,Good
1.081,-98.93,,-18.9,-4.05,-101.48,36.96,45.0,5,29.75,Poor
0.095,-83.36,-61.0,-19.5,8.75,-95.55,70.69,,0,31.76,Poor
0.775,-100.64,-86.56,-12.86,-8.17,-96.4,66.87,64.0,2,24.92,Poor
0.354,-93.89,-77.95,-14.74,7.09,-108.12,24.59,34.0,3,52.72,Fair
0.036,-71.04,-55.5,-14.84,19.9,-98.69,28.58,37.0,1,65.11,Good
1.4,-109.37,-92.27,-16.92,-10.0,-106.56,18.57,34.0,3,24.55,Poor
0.128,-83.43,-63.38,-18.34,9.42,-98.57,36.77,42.0,1,47.95,Fair
0.884,-106.26,-91.6,-14.68,-10.0,-94.36,49.74,54.0,3,25.14,Poor
0.083,-74.57,-55.07,-18.37,19.06,-100.26,60.5,64.0,2,52.99,Fair
0.866,-105.96,-89.72,-17.47,-10.0,-95.51,54.96,46.0,3,15.23,Poor
0.02,-73.97,-57.02,-17.92,24.86,-102.8,55.79,49.0,0,60.22,Good
0.323,-92.0,-73.4,-18.24,-3.49,-96.39,35.49,29.0,3,35.17,Fair
0.66,-100.09,-77.04,-19.5,-0.33,-106.35,12.74,27.0,1,41.79,Fair
1.229,-104.49,-88.62,-15.5,-10.0,-92.79,61.23,65.0,3,21.05,Poor
1.08,-103.76,-86.0,-16.75,-1.63,-107.08,12.58,34.0,2,35.24,Fair
0.771,-106.11,-91.35,-15.54,-9.79,-100.01,43.46,34.0,3,28.74,Poor
0.986,-97.43,-81.6,-16.47,4.71,-107.92,16.17,25.0,4,44.01,Fair
0.1,-80.51,-65.77,-17.14,15.01,-101.34,27.71,43.0,4,55.99,Good
0.15,-82.17,-63.44,-18.77,6.07,-90.72,59.32,58.0,1,40.78,Fair
0.153,-89.89,-70.61,-18.83,-1.41,-97.85,46.38,50.0,0,31.02,Poor
0.213,-88.94,-68.88,-19.5,11.49,-103.46,28.81,33.0,3,42.93,Fair
0.225,-90.29,-74.55,-15.38,0.81,-97.2,40.28,44.0,1,47.71,Fair
0.354,-90.49,-70.97,-19.24,1.12,-97.76,27.61,32.0,3,38.68,Fair
0.078,-77.35,-59.02,-18.11,21.84,-106.3,9.2,30.0,1,63.39,Good
0.529,-97.71,-79.88,-17.93,7.89,-111.07,18.68,34.0,5,42.4,Fair
0.083,-88.51,-74.23,-13.94,15.94,-110.05,12.18,28.0,4,52.3,Fair
0.167,-81.4,-62.94,-17.62,25.23,-107.57,28.73,35.0,2,59.83,Good
0.315,-91.77,-73.21,-19.5,0.4,-95.63,56.67,57.0,2,35.85,Fair
0.716,-103.55,-85.24,-17.95,-2.04,-110.55,19.05,25.0,0,31.58,Poor
0.605,-98.03,-78.83,-18.76,-1.84,-98.92,45.5,48.0,1,28.99,Poor
0.467,-103.44,-83.36,-19.5,-10.0,-90.33,61.39,57.0,2,12.86,Poor
0.076,-77.53,-62.83,-16.0,22.03,-101.19,39.09,39.0,1,53.96,Fair
0.356,-100.95,-83.6,-16.15,3.21,-109.67,17.87,35.0,7,45.06,Fair
0.041,-77.39,-57.84,-18.28,26.86,-108.46,6.7,25.0,2,71.42,Good
0.213,-89.64,-72.44,-16.84,11.13,-104.92,24.7,45.0,2,47.97,Fair
0.24,-87.49,-66.61,-19.5,6.31,-97.31,68.18,61.0,1,39.01,Fair
0.02,-70.02,-51.75,-17.23,27.44,-103.6,35.93,41.0,0,74.34,Good
0.144,-84.69,,-11.66,1.14,-92.78,66.71,49.0,0,42.28,Fair
1.402,-107.05,-86.54,-19.5,-10.0,-94.13,58.19,,5,18.53,Poor
1.382,-106.95,-89.3,-19.38,-8.59,-100.58,38.49,36.0,2,20.11,Poor
0.195,-89.52,-76.83,-11.98,5.82,-100.73,26.88,34.0,2,57.37,Good
0.02,-71.2,-53.96,-16.16,15.39,-95.03,52.03,55.0,1,54.0,Fair
0.089,-89.81,-75.62,-14.24,0.28,-93.82,64.46,51.0,1,41.01,Fair
0.224,-94.12,-73.86,-19.5,,-109.89,6.29,24.0,1,45.12,Fair
1.329,-105.49,-87.6,-18.17,-7.99,-102.8,29.31,41.0,2,25.06,Poor
0.068,-81.84,,-15.39,22.48,-108.77,18.61,34.0,3,59.07,Good
0.649,-100.88,-80.45,-19.5,-5.32,-99.17,36.75,,0,25.86,Poor
0.052,-79.74,-60.37,-18.43,22.94,-108.98,12.08,21.0,0,57.34,Good
1.79,-112.51,-95.22,-19.09,-10.0,-104.3,28.39,47.0,3,23.95,Poor
0.216,-92.71,-78.45,-14.73,5.17,-102.34,39.39,54.0,2,37.89,Fair
0.672,-101.78,-86.31,-15.52,-0.17,-105.52,21.63,32.0,0,37.61,Fair
0.189,-89.54,-74.12,-15.8,13.98,-107.75,26.77,27.0,2,55.98,Good
0.445,-95.41,-75.17,-19.5,10.36,-109.14,15.2,37.0,4,48.8,Fair
0.096,-84.45,-71.5,-12.82,14.21,-104.64,13.49,23.0,2,58.57,Good
0.071,-85.27,-67.41,-16.51,-7.58,-82.74,91.75,60.0,1,27.17,Poor
1.252,-111.55,-94.3,-18.23,-10.0,-94.77,62.13,54.0,1,14.87,Poor
1.124,-94.63,-73.52,-18.49,0.25,-98.24,23.04,27.0,2,31.24,Poor
0.983,-108.38,-89.68,-18.4,-10.0,-92.56,74.51,64.0,3,17.95,Poor
0.442,-99.0,-79.39,-19.2,-10.0,-95.19,47.75,44.0,5,21.13,Poor
0.743,-99.37,-82.94,-16.37,-3.15,-101.61,43.63,43.0,1,32.47,Poor
0.032,-72.98,-58.67,-14.65,24.3,-102.13,33.94,36.0,3,67.19,Good
0.183,-87.23,-70.21,-17.61,13.23,-104.68,21.17,28.0,1,50.08,Fair
0.169,-90.4,-70.07,-19.5,17.54,-112.35,11.12,22.0,1,42.88,Fair
0.454,-96.21,-75.89,-19.5,-5.84,-95.87,42.98,45.0,4,25.74,Poor
0.198,-89.73,-73.02,-17.0,6.35,-102.59,26.2,32.0,1,46.59,Fair
0.072,-82.56,,-14.48,13.52,-103.81,26.31,45.0,1,54.35,Fair
0.408,-95.26,-80.43,-15.8,6.61,-108.86,16.35,22.0,2,47.06,Fair
0.758,-97.38,-79.79,-18.96,1.43,-104.88,25.11,27.0,2,38.23,Fair
0.217,-90.84,-72.43,-17.22,6.66,-97.5,43.69,47.0,1,47.29,Fair
0.064,-80.3,-57.88,-19.5,18.68,-104.66,19.22,26.0,1,52.95,Fair
0.099,-79.69,-61.32,-18.71,13.65,-101.43,50.51,50.0,0,47.16,Fair
0.122,-81.95,-62.11,-19.5,11.12,-99.24,39.2,56.0,1,47.14,Fair
0.16,-81.82,-66.17,-15.91,8.15,-95.22,51.9,55.0,1,53.65,Fair
0.463,-104.36,-86.23,-19.27,-6.34,-99.68,48.67,41.0,3,23.74,Poor
0.413,-92.73,-74.31,-19.5,-6.91,-89.23,74.2,76.0,3,23.95,Poor
0.536,-96.19,-78.61,-15.32,0.74,-98.25,41.17,54.0,5,46.2,Fair
0.203,-93.72,-75.78,-17.53,12.0,-109.54,29.92,46.0,4,43.02,Fair
0.782,-100.87,-82.49,-19.5,-10.0,-89.81,64.83,49.0,1,20.77,Poor
0.103,-80.11,-60.67,-19.43,19.32,-104.49,30.39,32.0,2,52.64,Fair
0.285,-96.44,-74.93,-19.5,-2.65,-98.72,33.03,41.0,4,32.66,Poor
0.726,-99.46,-88.26,-11.02,-2.58,-101.95,50.77,58.0,2,34.43,Poor
0.089,-79.64,-58.3,-19.5,11.25,-96.31,47.57,47.0,1,51.27,Fair
0.052,-82.83,-69.96,-11.53,4.77,-95.12,43.43,43.0,0,57.02,Good
0.968,-104.3,-85.37,-18.31,-3.99,-110.75,17.27,,2,27.94,Poor
0.189,-88.37,-63.3,-19.5,9.34,-103.94,9.08,26.0,4,48.22,Fair
0.518,-101.49,-83.62,-18.08,2.17,-110.99,21.05,41.0,2,34.78,Poor
0.02,-73.96,-55.42,-19.5,13.77,-93.03,63.13,59.0,0,39.09,Fair
0.527,-98.99,-81.93,-16.2,-8.38,-95.53,64.75,,1,23.32,Poor
0.171,-85.5,-65.5,-19.48,8.05,-98.62,61.27,61.0,1,42.29,Fair
0.026,-69.99,,-19.45,30.0,-106.16,28.04,43.0,0,58.36,Good
0.424,-100.0,-84.03,-17.11,-1.21,-103.96,27.75,46.0,2,37.27,Fair
0.124,-83.33,-65.67,-15.29,7.25,-97.3,23.64,34.0,2,44.39,Fair
0.22,-94.23,-79.59,-13.74,-3.08,-96.99,54.31,38.0,1,38.79,Fair
0.038,-82.22,-64.58,-17.9,19.24,-107.76,8.05,21.0,2,61.61,Good
0.072,-82.69,-65.95,-16.99,23.83,-109.33,14.17,32.0,3,63.62,Good
0.159,-83.6,-65.19,-17.42,9.17,-96.48,71.68,64.0,1,37.0,Fair
0.042,-74.11,-58.24,-15.4,25.92,-105.58,23.96,36.0,1,63.07,Good
1.088,-104.74,-87.39,-17.14,-10.0,-87.88,70.36,67.0,1,18.16,Poor
0.02,-72.11,-54.08,-17.63,24.47,-98.35,61.21,,0,56.0,Good
0.298,-95.06,-76.83,-19.5,-5.24,-95.58,28.4,40.0,1,30.44,Poor
0.059,-79.16,-60.33,-19.49,8.13,-95.48,64.43,65.0,1,42.76,Fair
0.165,-92.7,-75.22,-18.55,5.66,-102.41,10.73,25.0,1,46.23,Fair
1.172,-106.78,-91.14,-17.31,-10.0,-96.61,43.93,42.0,3,27.7,Poor
0.079,-82.96,-64.72,-18.8,6.81,-94.57,59.35,68.0,3,33.74,Poor
1.519,-113.04,-95.58,-17.01,-10.0,-96.77,46.25,,2,20.03,Poor
0.104,-87.75,-66.68,-19.5,9.37,-97.98,50.03,58.0,0,38.01,Fair
0.609,-98.06,-76.61,-19.5,-1.63,-99.81,55.65,57.0,4,32.57,Poor
0.356,-95.02,-81.13,-15.23,4.25,-102.27,34.87,55.0,0,39.85,Fair
0.971,-104.99,-85.14,-19.5,-10.0,-99.97,43.45,43.0,1,25.96,Poor
0.363,-98.88,-78.42,-19.5,7.37,-111.15,3.42,15.0,4,36.07,Fair
0.344,-88.45,-74.49,-12.89,5.32,-95.51,52.27,,3,48.55,Fair
0.098,-87.25,-67.51,-19.5,5.84,-96.78,51.43,51.0,2,36.0,Fair
0.082,-81.36,-60.67,-19.5,9.87,-95.15,41.29,51.0,0,42.86,Fair
1.117,-106.92,-91.77,-14.33,-10.0,-92.03,59.62,63.0,3,23.66,Poor
0.179,-88.95,-71.66,-16.53,11.76,-105.04,22.35,24.0,0,48.22,Fair
0.209,-88.63,-70.07,-18.53,-2.55,-93.88,66.35,54.0,2,25.23,Poor
0.642,-105.64,-85.93,-18.22,-10.0,-96.03,53.22,59.0,3,23.49,Poor
0.186,-89.47,-74.44,-13.47,1.48,-95.73,51.69,43.0,1,41.23,Fair
1.367,-101.96,-80.49,-19.5,-10.0,-89.39,67.21,53.0,4,12.84,Poor
0.603,-92.57,-80.66,-12.47,-0.87,-96.47,73.41,63.0,0,33.71,Poor
0.409,-96.79,-74.81,-19.5,-0.16,-100.33,38.97,40.0,2,32.78,Poor
0.957,-103.47,-83.81,-19.5,-10.0,-96.64,50.38,50.0,5,26.42,Poor
0.023,-62.72,-46.59,-16.25,30.0,-101.9,29.95,34.0,0,66.56,Good
0.134,-82.05,-61.46,-19.5,11.43,-100.85,47.75,46.0,2,45.14,Fair
0.282,-95.49,-80.63,-15.78,-2.08,-99.17,31.89,39.0,3,38.61,Fair
0.116,-87.83,-69.48,-18.51,6.73,-104.2,23.67,37.0,3,43.92,Fair
0.613,-95.94,-77.22,-19.5,7.82,-108.28,16.24,26.0,1,47.52,Fair
1.132,-109.13,-90.42,-18.87,-10.0,-102.7,39.49,42.0,3,23.74,Poor
0.248,-87.58,-72.09,-14.72,12.77,-107.05,26.9,,2,57.11,Good
0.188,-88.21,-71.7,-17.38,6.3,-98.13,60.58,53.0,2,34.01,Poor
1.466,-105.26,-86.88,-18.38,-10.0,-98.09,55.34,51.0,2,28.9,Poor
0.265,-93.52,-77.7,-14.51,4.48,-104.1,25.31,34.0,4,48.67,Fair
0.302,-96.15,-77.34,-19.5,-6.26,-98.85,61.27,55.0,0,25.15,Poor
0.195,-84.0,-67.84,-16.28,9.86,-99.05,34.64,42.0,1,47.66,Fair
1.081,-105.67,-84.67,-19.5,-10.0,-103.05,49.07,44.0,5,16.78,Poor
0.379,-97.23,-74.54,-19.5,2.23,-102.8,34.96,49.0,2,34.09,Poor
0.646,-100.54,-83.44,-18.08,-1.99,-102.43,31.01,35.0,4,27.54,Poor
0.752,-100.76,-80.0,-19.5,-10.0,-94.74,62.5,59.0,3,24.65,Poor
0.188,-93.66,-76.3,-18.64,-3.38,-99.07,23.9,,0,35.11,Fair
0.256,-94.45,-79.26,-14.93,,-101.9,27.12,34.0,3,34.76,Poor
0.849,-105.06,-88.34,-16.09,-5.03,-105.99,32.04,36.0,2,29.19,Poor
0.203,-86.82,-68.56,-17.27,7.02,-100.99,33.86,40.0,2,53.37,Fair
0.711,-104.59,-91.95,-11.64,4.87,-111.52,9.82,29.0,2,47.86,Fair
1.274,-113.13,-93.25,-19.47,-10.0,-94.23,48.63,50.0,4,15.5,Poor
0.439,-104.74,-86.48,-18.15,5.45,-115.81,6.06,23.0,6,38.59,Fair
0.609,-105.59,-84.59,-19.5,-5.4,-103.24,33.49,41.0,2,26.0,Poor
0.736,-95.9,-76.08,-19.5,-0.13,-96.92,51.27,48.0,4,33.22,Poor
0.839,-102.42,-84.06,-19.23,-10.0,-94.69,78.04,62.0,1,18.36,Poor
0.226,-89.12,-72.19,-16.5,-0.99,-93.88,52.95,52.0,0,37.31,Fair
0.024,-69.7,-47.13,-19.5,15.72,-91.81,58.78,64.0,1,49.52,Fair
0.231,-91.1,-66.59,-19.5,3.33,-99.39,50.63,48.0,1,32.28,Poor
0.504,-98.37,-81.38,-18.48,-4.39,-96.68,59.56,55.0,1,32.28,Poor
0.269,-88.46,-67.33,-19.5,13.53,-105.65,29.81,43.0,4,53.2,Fair
0.622,-99.31,-83.43,-16.03,0.57,-104.99,14.82,30.0,1,37.41,Fair
0.199,-84.41,-68.17,-16.77,15.59,-104.75,24.79,37.0,2,54.57,Fair
0.453,-94.66,-77.82,-17.69,-3.91,-102.46,46.15,51.0,1,25.98,Poor
0.093,-85.92,-65.86,-19.5,7.91,-99.68,17.94,25.0,0,41.37,Fair
0.623,-101.89,-87.11,-14.77,-10.0,-90.84,57.47,60.0,3,29.08,Poor
0.355,-97.94,-75.29,-19.5,-10.0,-85.83,73.65,67.0,2,22.39,Poor
0.103,-79.45,-58.63,-19.5,17.74,-106.29,35.16,45.0,2,56.33,Good
0.155,-89.5,-69.52,-19.5,8.36,-101.72,20.88,28.0,1,52.96,Fair
0.621,-103.07,-85.96,-16.93,-9.05,-99.96,37.06,37.0,1,19.7,Poor
0.297,-92.19,-71.7,-19.5,4.66,-103.31,22.48,25.0,3,32.81,Poor
0.11,-85.26,-76.01,-7.9,15.11,-105.17,36.29,40.0,1,64.11,Good
1.539,-106.57,-87.25,-19.32,-10.0,-97.34,63.43,68.0,1,19.15,Poor
0.565,-91.5,-73.02,-18.63,4.8,-97.24,59.47,55.0,5,43.03,Fair
1.417,-103.38,-91.04,-11.96,-7.12,-103.1,28.23,35.0,5,37.37,Fair
0.251,-91.91,-72.69,-19.48,6.69,-103.53,30.72,30.0,0,38.93,Fair
0.29,-98.91,-79.14,-19.5,-3.4,-100.7,38.32,42.0,3,32.45,Poor
1.027,-106.24,-93.8,-13.54,-10.0,-96.22,61.4,46.0,1,25.34,Poor
0.335,-91.68,-77.24,-14.64,7.72,-107.79,19.92,32.0,0,45.8,Fair
0.553,-103.55,-79.36,-19.5,,-103.45,23.96,48.0,4,35.26,Fair
0.131,-77.83,-60.39,-17.58,17.4,-97.43,49.6,50.0,1,53.19,Fair
0.266,-92.48,-71.56,-19.5,7.4,-105.2,19.28,47.0,4,41.62,Fair
0.059,-79.41,-58.03,-19.5,18.73,-103.44,16.57,45.0,1,55.32,Good
0.104,-87.07,-67.89,-18.54,14.4,-103.98,27.01,31.0,2,60.45,Good
0.02,-68.46,-47.41,-19.5,18.63,-93.76,64.26,51.0,1,50.68,Fair
0.02,-75.08,-63.42,-11.85,16.21,-95.0,59.3,49.0,1,56.2,Good
1.703,-99.97,-82.66,-17.66,0.37,-105.7,41.88,35.0,5,33.98,Poor
0.125,-80.73,-71.97,-8.61,10.29,-96.41,44.89,49.0,3,59.59,Good
0.49,-93.88,-81.12,-12.11,1.9,-101.8,40.24,49.0,2,44.21,Fair
0.822,-107.87,-91.51,-18.36,-10.0,-92.95,62.16,67.0,1,21.19,Poor
0.36,-94.33,-78.32,-15.98,-3.97,-94.37,61.11,56.0,1,34.97,Poor
0.075,-76.76,-58.63,-18.7,29.71,-111.15,5.31,27.0,0,68.7,Good
0.586,-97.0,,-15.32,-0.37,-101.5,28.33,46.0,1,36.57,Fair
0.413,-100.34,-81.94,-19.5,-3.49,-103.21,41.67,52.0,1,30.01,Poor
0.591,-102.05,-83.53,-18.13,-10.0,-93.1,66.66,55.0,2,18.55,Poor
0.661,-102.22,-83.22,-19.5,-10.0,-97.26,55.8,48.0,2,20.32,Poor
1.667,-110.86,-95.74,-15.09,-10.0,-93.16,57.0,47.0,2,18.24,Poor
0.384,-89.58,-73.76,-17.02,-0.8,-96.34,42.02,40.0,3,42.8,Fair
0.188,-97.22,-79.33,-18.12,-0.53,-100.56,39.88,51.0,3,35.77,Fair
0.47,-94.85,-76.91,-17.72,-5.15,-98.03,51.33,42.0,3,27.6,Poor
0.032,-79.51,-64.76,-16.21,19.83,-104.12,43.85,39.0,1,59.87,Good
1.025,-108.06,-86.82,-19.5,-10.0,-94.29,69.7,59.0,1,23.56,Poor
0.057,-87.34,-67.16,-18.99,15.86,-108.69,9.17,23.0,2,52.2,Fair
0.179,-91.29,-75.87,-16.2,9.54,-105.02,27.57,32.0,2,44.8,Fair
0.761,-95.6,-78.22,-15.85,-0.42,-99.97,34.79,48.0,1,41.33,Fair
0.409,-95.2,-71.17,-19.5,-1.21,-99.79,42.25,47.0,4,31.02,Poor
0.225,-95.88,-77.4,-17.83,-7.99,-94.96,54.81,,3,17.89,Poor
0.289,-89.17,-69.98,-18.61,2.29,-102.02,50.14,48.0,1,33.63,Poor
0.868,-97.85,-81.68,-17.14,-6.46,-94.13,61.56,41.0,2,22.64,Poor
0.187,-89.07,-72.01,-16.59,0.47,-96.93,57.85,50.0,1,43.72,Fair
0.917,-95.12,-72.58,-19.5,0.52,-101.36,27.21,32.0,0,38.07,Fair
0.042,-73.29,-54.95,-18.86,18.36,-93.82,58.38,55.0,2,56.85,Good
0.675,-97.87,-80.08,-17.26,-9.76,-94.79,61.12,45.0,3,26.4,Poor
0.846,-105.78,-87.75,-18.44,-10.0,-99.0,38.68,39.0,1,24.62,Poor
0.09,-80.7,-55.06,-19.5,30.0,-119.72,1.62,24.0,1,59.54,Good
0.253,-91.24,-73.12,-18.02,-1.39,-93.97,52.77,47.0,3,32.44,Poor
0.081,-80.24,-64.73,-17.31,13.4,-102.5,19.74,26.0,0,60.02,Good
0.552,-101.59,-85.56,-15.22,-7.97,-98.65,29.56,41.0,2,21.37,Poor
0.345,-94.27,-73.92,-19.5,11.37,-110.4,15.1,25.0,1,49.02,Fair
0.454,-100.43,-86.71,-13.21,4.42,-106.17,26.08,45.0,1,33.94,Poor
0.098,-92.54,-73.19,-19.5,7.76,-104.11,37.77,51.0,3,37.29,Fair
0.107,-80.68,-64.85,-15.06,14.01,-98.24,36.2,38.0,2,57.79,Good
0.02,-76.45,-64.03,-11.92,20.51,-105.06,23.92,37.0,1,66.41,Good
0.175,-88.48,-73.42,-14.44,12.89,-103.8,22.75,33.0,4,52.9,Fair
0.369,-94.04,-75.95,-19.3,3.47,-102.88,24.56,38.0,3,41.3,Fair
0.878,-101.58,-79.39,-19.5,-9.65,-96.73,46.04,42.0,2,17.64,Poor
0.495,-99.04,-78.3,-19.5,4.31,-106.07,26.67,36.0,1,35.13,Fair
0.257,-91.16,-74.04,-16.67,,-104.35,30.11,41.0,1,39.86,Fair
1.377,-104.9,-83.99,-19.5,,-99.77,46.05,53.0,2,12.71,Poor
0.572,-96.22,-79.29,-18.18,-3.05,-98.38,35.31,42.0,1,28.66,Poor
1.198,-98.64,-85.04,-13.54,-7.28,-100.25,38.72,34.0,1,37.77,Fair
0.337,-93.65,-75.59,-18.21,-0.18,-95.8,39.52,39.0,1,42.18,Fair
0.135,-86.4,-72.92,-13.42,13.51,-106.31,30.56,33.0,3,64.77,Good
0.024,-75.73,-55.36,-19.5,20.37,-96.57,46.06,44.0,1,56.38,Good
0.583,-97.58,-77.16,-19.5,3.31,-102.97,22.63,29.0,3,25.79,Poor
0.058,-76.78,-61.42,-14.64,24.51,-103.55,25.73,29.0,0,65.53,Good
0.162,-89.03,-70.59,-18.53,12.23,-107.58,16.77,36.0,7,52.82,Fair
0.342,-92.53,-74.12,-19.5,7.61,-104.3,26.47,42.0,3,49.04,Fair
0.374,-96.65,-76.03,-19.5,0.55,-102.95,21.15,35.0,4,33.18,Poor
0.413,-93.66,-79.39,-13.55,-3.13,-95.1,61.97,49.0,2,40.79,Fair
0.082,-78.71,-58.91,-19.5,21.6,-104.12,31.39,47.0,1,58.9,Good
0.215,-87.09,-73.04,-13.73,8.0,-98.83,35.85,40.0,2,50.74,Fair
0.432,-96.26,-75.93,-19.37,-1.18,-101.32,33.43,39.0,1,30.47,Poor
1.575,-112.11,-90.92,-19.5,-10.0,-91.53,53.7,51.0,4,22.21,Poor
0.585,-101.81,-85.82,-17.23,-10.0,-92.83,73.51,76.0,1,25.32,Poor
1.151,-102.85,-81.19,-19.5,-10.0,-96.46,42.23,41.0,4,27.64,Poor
0.646,-90.43,-77.15,-11.97,12.34,-105.07,17.71,27.0,3,58.11,Good
0.403,-97.49,-76.19,-19.5,-9.84,-90.85,67.31,56.0,0,14.29,Poor
0.096,-81.91,-59.59,-19.5,5.51,-94.05,69.75,69.0,0,41.96,Fair
0.494,-100.12,-81.09,-18.77,,-100.58,44.83,41.0,2,25.71,Poor
0.439,-100.77,-83.36,-18.52,-10.0,-93.59,49.4,60.0,3,35.67,Fair
0.415,-99.09,-80.15,-19.09,-10.0,-93.48,62.11,58.0,0,28.86,Poor
0.303,-101.98,-85.79,-16.32,-6.48,-104.07,23.48,28.0,0,35.74,Fair
0.338,-89.2,-63.33,-19.5,15.0,-109.36,18.33,36.0,3,51.88,Fair
0.183,-98.23,-81.99,-16.06,-1.83,-101.13,42.09,49.0,2,28.57,Poor
0.33,-95.44,-73.49,-19.5,9.48,-108.56,17.25,32.0,3,40.0,Fair
0.099,-88.72,-72.94,-16.83,8.87,-104.39,16.11,28.0,2,51.56,Fair
0.736,-104.89,-82.1,-19.5,-10.0,-95.17,55.57,55.0,7,15.7,Poor
0.092,-77.91,-53.87,-19.5,19.36,-102.56,24.47,44.0,0,62.74,Good
0.04,-75.44,-56.28,-18.1,12.41,-94.6,54.53,53.0,0,49.39,Fair
0.258,-96.12,-77.26,-18.71,6.85,-107.26,4.23,18.0,2,34.33,Poor
0.483,-100.06,-84.93,-13.53,-10.0,-94.53,46.89,43.0,2,28.19,Poor
0.259,-95.36,-80.59,-14.33,-10.0,-91.22,75.8,51.0,1,24.22,Poor
0.146,-87.51,-68.62,-17.93,-1.49,-89.84,76.96,60.0,2,35.72,Fair
0.368,-94.64,-72.26,-19.5,2.7,-101.44,30.06,39.0,2,29.06,Poor
0.192,-82.12,-65.76,-18.36,1.84,-90.84,68.45,61.0,2,38.28,Fair
1.215,-113.37,-88.74,-19.5,-10.0,-99.38,35.96,38.0,1,10.66,Poor
1.152,-105.37,-89.2,-16.91,-10.0,-96.8,52.19,51.0,2,21.6,Poor
0.314,-95.23,-76.54,-18.35,,-102.7,41.51,44.0,2,38.01,Fair
0.179,-85.31,-66.61,-19.5,18.39,-104.97,27.97,40.0,2,52.28,Fair
0.601,-98.18,-80.48,-17.88,-10.0,-90.89,77.54,76.0,2,23.02,Poor
0.02,-68.08,-56.21,-11.1,26.34,-98.7,44.99,49.0,0,73.79,Good
0.29,-91.89,-75.75,-16.97,4.68,-100.24,35.82,40.0,0,56.97,Good
0.184,-93.09,-74.5,-16.81,-7.55,-89.54,84.92,70.0,3,32.91,Poor
1.14,-100.3,-82.59,-18.03,-1.82,-105.22,4.58,17.0,3,35.43,Fair
0.02,-67.25,-47.34,-19.29,19.94,-96.2,52.98,50.0,0,59.35,Good
0.362,-91.54,,-19.5,5.26,-105.18,43.32,43.0,1,43.25,Fair
0.607,-94.63,-77.35,-17.25,-2.79,-97.06,55.43,43.0,2,29.38,Poor
0.299,-91.86,-76.75,-15.2,-4.34,-92.64,73.6,65.0,1,32.83,Poor
0.04,-70.37,-47.72,-19.5,,-94.16,59.69,49.0,1,45.26,Fair
1.616,-106.67,-92.73,-14.25,-10.0,-94.98,59.73,52.0,3,21.44,Poor
0.328,-95.23,-79.02,-17.19,-1.87,-100.2,36.72,51.0,1,31.86,Poor
0.429,-96.69,-81.24,-13.96,-4.86,-95.32,43.53,56.0,0,28.66,Poor
0.121,-85.86,-65.62,-19.5,8.57,-98.69,41.46,36.0,0,47.8,Fair
0.297,-95.57,-73.62,-19.5,-3.58,-98.07,7.54,27.0,1,30.54,Poor
0.252,-85.54,-68.07,-17.29,10.13,-101.7,21.85,43.0,4,48.03,Fair
0.035,-73.95,-55.26,-19.5,23.87,-104.12,23.83,34.0,0,63.28,Good
0.051,-77.86,-58.57,-18.89,19.45,-102.76,23.61,28.0,2,57.03,Good
0.818,-100.71,-77.3,-19.5,-10.0,-87.19,65.69,56.0,3,13.19,Poor
0.123,-73.98,-61.3,-13.68,25.67,-103.82,43.25,,1,59.16,Good
0.098,-88.4,-68.17,-19.5,-3.65,-88.82,73.29,68.0,1,23.74,Poor
0.316,-97.41,-78.28,-19.5,-2.73,-100.35,23.29,24.0,2,31.9,Poor
0.659,-105.91,-89.02,-14.91,-7.4,-102.38,40.06,53.0,1,37.59,Fair
0.029,-74.41,-55.43,-18.19,21.48,-100.61,44.04,41.0,1,55.93,Good
0.387,-94.79,-74.57,-19.5,4.92,-105.31,24.47,39.0,1,35.53,Fair
0.057,-81.15,-61.4,-19.5,20.82,-101.78,12.48,30.0,2,59.05,Good
0.02,-72.6,-48.13,-19.5,6.16,-90.35,77.0,66.0,0,32.98,Poor
0.024,-71.52,-53.14,-18.39,30.0,-107.21,20.1,32.0,1,64.41,Good
0.809,-104.17,-86.09,-17.15,0.56,-107.55,30.19,29.0,1,39.65,Fair
0.056,-77.95,-60.49,-17.54,21.95,-103.86,12.78,16.0,1,63.42,Good
0.021,-66.31,-46.65,-19.29,26.77,-98.61,44.06,49.0,1,61.53,Good
0.259,-89.6,-71.7,-18.03,-3.84,-94.64,49.37,53.0,2,34.09,Poor
0.836,-98.93,-80.89,-18.15,1.32,-103.93,20.0,24.0,2,36.44,Fair
0.137,-82.45,-64.4,-15.72,13.24,-96.73,36.67,59.0,0,56.73,Good
0.246,-90.74,-73.14,-16.87,13.96,-109.57,22.92,34.0,4,50.42,Fair
0.02,-71.08,-54.9,-13.7,20.78,-96.6,45.6,,1,60.65,Good
0.268,-95.69,-76.44,-18.96,-0.58,-98.92,41.43,43.0,4,35.9,Fair
0.388,-97.36,-80.21,-16.52,-9.8,-94.34,67.29,53.0,3,20.36,Poor
0.381,-97.73,-77.89,-18.27,-5.19,-96.75,48.98,51.0,0,32.39,Poor
0.182,-86.32,-67.98,-17.83,14.33,-104.63,26.01,35.0,4,50.48,Fair
0.171,-87.3,-70.46,-15.36,6.72,-100.44,36.5,33.0,0,42.32,Fair
0.051,-75.49,-52.79,-19.5,27.12,-107.54,22.23,42.0,2,64.67,Good
0.206,-94.95,-77.25,-16.48,6.15,-105.04,13.16,23.0,3,46.76,Fair
0.047,-71.93,-52.06,-19.5,26.73,-100.94,27.85,26.0,1,63.47,Good
0.655,-102.04,-86.14,-17.45,-10.0,-93.11,55.42,59.0,3,23.01,Poor
1.525,-112.07,-100.15,-12.48,-10.0,-98.37,62.0,66.0,3,29.1,Poor
1.579,-109.73,-93.43,-16.02,-7.51,-106.83,29.25,,2,31.12,Poor
0.901,-93.17,-81.58,-10.58,-2.18,-98.18,59.94,51.0,2,32.91,Poor
0.413,-97.9,-80.61,-15.79,-4.99,-95.11,42.17,51.0,0,32.69,Poor
0.543,-100.01,-77.61,-19.5,-1.23,-106.31,16.41,25.0,3,32.21,Poor
0.151,-88.41,-73.13,-15.31,9.6,-103.73,20.88,22.0,2,50.13,Fair
0.448,-97.65,-85.96,-12.06,-10.0,-92.23,60.4,59.0,3,31.35,Poor
0.274,-95.9,-73.4,-19.5,2.92,-105.58,27.25,40.0,5,33.99,Poor
0.296,-92.88,-76.31,-15.81,-10.0,-90.31,76.98,75.0,2,24.35,Poor
0.638,-95.81,-77.86,-19.32,-0.24,-99.91,51.5,50.0,0,28.88,Poor
0.149,-86.27,-65.9,-19.5,4.5,-94.97,78.0,81.0,4,36.89,Fair
0.172,-93.22,-73.65,-19.5,0.26,-97.26,39.48,50.0,2,33.93,Poor
1.163,-106.7,-86.45,-19.5,-9.54,-101.44,35.52,50.0,1,18.24,Poor
0.026,-74.85,-54.14,-19.36,17.48,-95.95,49.27,63.0,3,42.64,Fair
0.299,-93.34,-80.57,-12.63,-9.33,-92.81,57.27,,1,26.85,Poor
1.098,-99.5,-85.74,-14.12,-1.73,-103.65,39.1,42.0,4,37.53,Fair
0.424,-97.17,-75.65,-19.5,-10.0,-93.37,73.1,67.0,1,16.47,Poor
0.356,-95.4,-79.75,-15.19,-2.18,-96.09,35.71,64.0,2,36.61,Fair
0.129,-79.19,-63.21,-15.84,,-100.22,33.54,24.0,0,57.57,Good
0.189,-86.08,-71.87,-13.38,17.25,-107.28,24.39,40.0,3,57.89,Good
0.86,-100.4,-83.62,-17.26,-6.05,-101.55,43.39,43.0,2,21.13,Poor
0.369,-87.52,-70.57,-15.09,9.16,-101.9,41.05,48.0,3,41.85,Fair
0.325,-92.32,-77.13,-14.47,7.72,-104.56,18.8,40.0,1,46.06,Fair
0.047,-85.61,-70.77,-16.53,-3.57,-89.31,82.28,75.0,2,35.88,Fair
0.02,-67.11,-48.16,-18.17,28.79,-101.58,22.27,41.0,0,67.39,Good
1.492,-113.85,-98.27,-15.78,-10.0,-95.33,51.59,57.0,1,21.52,Poor
0.213,-88.8,-72.62,-17.08,6.71,-99.59,51.96,43.0,3,38.63,Fair
0.416,-103.26,-91.82,-11.45,-10.0,-96.2,37.99,46.0,0,35.79,Fair
0.037,-77.55,-53.74,-19.5,12.27,-92.5,65.07,70.0,2,49.63,Fair
0.517,-99.74,-78.92,-19.5,-8.29,-95.93,33.55,40.0,1,18.95,Poor
1.213,-108.77,-92.25,-17.0,-9.26,-104.14,32.53,40.0,2,21.31,Poor
0.386,-97.14,-81.84,-14.14,3.86,-107.36,35.49,42.0,2,51.66,Fair
0.061,-75.67,-57.64,-17.09,10.59,-91.1,69.36,71.0,2,46.89,Fair
0.392,-98.75,-80.8,-16.28,2.31,-107.72,11.94,38.0,0,40.39,Fair
0.654,-98.15,-83.98,-15.3,-7.83,-95.57,52.15,54.0,2,28.13,Poor
0.235,-95.31,-84.96,-11.52,-10.0,-90.97,78.3,61.0,1,30.51,Poor
0.954,-104.35,,-16.36,,-90.55,63.22,55.0,4,18.28,Poor
0.471,-96.18,-82.87,-12.99,-5.91,-93.61,68.01,53.0,4,29.82,Poor
1.033,-108.27,-89.76,-18.87,-7.55,-106.1,11.91,26.0,4,28.23,Poor
0.44,-102.13,-83.59,-17.94,-10.0,-92.02,64.55,53.0,1,17.07,Poor
0.063,-78.2,-63.12,-16.0,15.24,-100.02,37.46,45.0,1,56.1,Good
0.167,-84.0,-67.61,-15.26,11.75,-99.71,32.66,36.0,2,49.54,Fair
0.101,-84.52,-61.24,-19.5,6.15,-95.84,51.56,54.0,2,39.3,Fair
1.078,-106.49,-86.16,-19.5,-8.37,-101.31,35.07,34.0,2,17.0,Poor
0.643,-99.55,-82.91,-17.53,-4.03,-99.83,35.86,41.0,0,28.2,Poor
0.508,-97.91,-73.03,-19.5,-5.63,-99.56,42.86,41.0,3,26.32,Poor
0.161,-87.23,-72.82,-17.05,13.1,-102.18,35.27,46.0,2,52.14,Fair
0.092,-93.44,-77.88,-15.68,-4.65,-92.3,64.5,69.0,2,33.23,Poor
0.636,-104.35,-86.69,-18.27,-10.0,-91.56,45.74,45.0,1,19.6,Poor
0.289,-96.64,-83.23,-13.77,-2.55,-96.67,49.61,41.0,0,36.63,Fair
0.115,-84.7,,-19.5,5.4,-93.79,62.29,56.0,2,40.18,Fair
0.431,-95.97,-77.43,-18.26,8.27,-108.83,11.9,27.0,3,51.92,Fair
0.02,-67.9,-52.27,-16.09,22.04,-95.73,58.9,50.0,0,58.26,Good
0.178,-88.01,-68.67,-18.7,3.0,-95.69,61.19,65.0,2,37.68,Fair
0.284,-98.31,-79.88,-16.97,-10.0,-88.02,80.03,59.0,0,24.12,Poor
0.072,-75.48,-58.4,-15.49,,-97.09,49.81,53.0,0,49.4,Fair
1.88,-104.4,,-13.46,-9.04,-100.57,18.95,39.0,5,28.55,Poor
0.106,-89.58,-75.89,-15.32,16.48,-110.35,9.95,23.0,0,54.47,Fair
0.063,-78.77,-54.21,-19.5,22.53,-103.05,30.78,38.0,2,57.39,Good
0.102,-86.67,-72.73,-14.27,13.67,-103.08,33.96,40.0,4,56.7,Good
0.66,-99.84,-76.75,-19.5,7.89,-110.81,25.87,44.0,1,36.79,Fair
0.249,-87.76,-72.29,-17.14,8.53,-101.65,48.74,50.0,5,47.71,Fair
0.375,-86.98,-66.61,-19.5,2.03,-95.59,60.76,67.0,2,32.55,Poor
0.02,-67.44,-48.04,-18.95,30.0,-105.77,14.78,25.0,2,73.57,Good
0.02,-69.26,-49.27,-19.5,22.15,-94.2,60.32,52.0,4,54.56,Fair
0.266,-93.88,-73.68,-19.5,-4.8,-96.07,49.56,58.0,0,33.91,Poor
0.763,-100.94,-87.77,-13.57,-3.48,-103.02,41.08,49.0,2,35.29,Fair
0.974,-98.34,-82.37,-15.63,-5.69,-96.28,62.21,53.0,2,36.57,Fair
0.041,-76.61,-62.71,-13.57,10.0,-89.8,69.62,39.0,3,42.65,Fair
0.348,-98.4,-79.83,-16.97,-3.83,-97.75,35.99,,3,33.02,Poor
1.1,-111.31,,-12.91,-10.0,-93.47,54.38,61.0,3,31.05,Poor
0.221,-88.87,-76.82,-11.67,-4.44,-89.31,79.59,74.0,1,33.85,Poor
0.796,-101.04,-83.75,-15.47,3.41,-106.25,33.88,41.0,6,46.1,Fair
0.065,-82.92,-71.55,-11.72,5.75,-91.4,58.91,51.0,1,46.05,Fair
1.233,-101.72,-82.94,-17.49,3.19,-110.61,8.1,18.0,4,35.31,Fair
0.626,-101.64,-87.41,-14.18,-10.0,-96.34,45.17,45.0,3,29.12,Poor
1.276,-106.66,-91.19,-16.8,,-106.89,17.54,26.0,3,31.29,Poor
0.508,-98.2,-87.04,-10.08,5.01,-107.45,8.91,23.0,1,53.03,Fair
0.203,-91.61,-68.66,-19.5,-0.11,-99.46,51.7,54.0,3,29.98,Poor
1.253,-105.02,-91.41,-12.94,-5.07,-104.9,22.05,25.0,4,36.76,Fair
0.145,-82.68,-65.78,-16.0,23.17,-109.28,15.78,28.0,2,60.08,Good
0.182,-93.8,-81.18,-11.02,10.8,-105.39,29.14,50.0,1,58.51,Good
0.543,-96.76,,-14.74,0.57,-102.9,35.21,28.0,2,45.3,Fair
0.652,-99.61,-76.36,-19.5,2.46,-102.21,53.5,54.0,1,27.0,Poor
1.193,-104.92,-86.03,-18.62,-7.31,-103.28,35.76,32.0,4,24.58,Poor
0.103,-80.86,-65.03,-15.11,13.0,-98.18,64.2,62.0,0,53.14,Fair
0.72,-100.96,-83.06,-18.96,6.73,-109.51,14.07,31.0,1,45.44,Fair
0.604,-97.71,-81.39,-16.72,-1.91,-98.73,58.09,49.0,2,31.65,Poor
0.03,-70.87,-53.15,-18.85,25.57,-100.53,20.88,35.0,2,65.39,Good
0.22,-92.92,-72.69,-18.57,9.55,-108.55,22.84,27.0,2,46.28,Fair
0.15,-86.36,-69.35,-18.78,7.52,-97.12,50.59,48.0,0,41.32,Fair
0.163,-89.32,-70.66,-19.5,4.79,-101.62,28.57,44.0,4,44.64,Fair
1.832,-109.79,-91.09,-17.55,-10.0,-92.93,70.55,66.0,4,14.38,Poor
0.463,-98.62,-81.6,-17.38,-10.0,-90.92,67.64,45.0,6,20.49,Poor
0.569,-97.23,-81.44,-15.8,-1.02,-104.71,27.27,38.0,3,41.91,Fair
1.69,-108.24,-91.81,-17.39,-10.0,-101.9,30.64,40.0,3,35.24,Fair
0.213,-89.03,-68.94,-18.98,4.92,-98.29,47.86,46.0,0,39.1,Fair
0.728,-101.33,-80.98,-19.5,-8.61,-101.59,39.77,43.0,2,25.8,Poor
0.257,-98.63,-84.05,-14.88,-10.0,-92.21,64.08,44.0,2,29.64,Poor
0.916,-103.13,-85.91,-18.75,0.15,-108.17,8.13,15.0,3,34.51,Poor
0.09,-82.89,-67.15,-16.2,5.84,-95.02,62.12,58.0,1,42.4,Fair
1.328,-105.5,-85.1,-19.01,-2.6,-106.56,29.06,42.0,3,25.54,Poor
0.111,-87.37,-70.78,-15.47,11.62,-104.03,28.28,35.0,2,54.3,Fair
0.178,-93.82,-69.22,-19.5,-3.45,-95.1,61.55,64.0,1,30.52,Poor
0.635,-97.57,-78.92,-16.15,-2.91,-103.64,8.64,21.0,1,41.48,Fair
0.225,-92.18,-70.64,-19.5,2.19,-97.44,56.71,61.0,1,32.2,Poor
0.422,-95.83,-80.88,-13.74,-10.0,-92.25,60.8,73.0,0,32.63,Poor
0.265,-93.61,-75.58,-19.47,0.24,-98.74,46.32,53.0,3,28.89,Poor
0.61,-99.75,-79.9,-19.5,0.62,-104.1,35.7,37.0,0,32.34,Poor
0.117,-87.21,-72.31,-12.97,5.66,-96.2,39.81,30.0,2,46.27,Fair
0.027,-76.85,-58.79,-18.63,20.42,-99.31,41.55,41.0,2,53.69,Fair
0.16,-86.27,-65.11,-19.5,4.76,-96.9,61.83,51.0,0,33.88,Poor
0.289,-95.67,-78.65,-17.3,-3.07,-99.18,35.34,58.0,2,29.41,Poor
0.083,-81.81,-66.36,-17.52,1.83,-90.27,60.73,52.0,4,33.95,Poor
0.197,-88.3,-64.89,-19.5,9.92,-105.83,31.35,29.0,2,41.82,Fair
0.23,-93.61,-79.13,-13.85,-0.88,-99.37,32.56,34.0,3,39.53,Fair
0.027,-77.63,-59.17,-19.5,21.04,-103.83,41.6,51.0,4,56.19,Good
0.394,-86.23,-70.35,-16.35,10.99,-101.29,55.58,58.0,5,47.09,Fair
0.971,-105.86,-90.67,-13.79,-10.0,-99.96,56.93,45.0,2,21.54,Poor
0.074,-79.01,-58.79,-19.5,20.91,-104.39,25.01,44.0,2,57.47,Good
0.41,-88.52,-71.13,-17.04,-3.75,-90.29,74.25,65.0,3,30.1,Poor
0.492,-94.69,-75.48,-19.24,1.83,-102.96,34.1,42.0,1,36.25,Fair
0.245,-93.01,-81.77,-10.47,2.46,-101.69,46.08,46.0,2,39.55,Fair
0.543,-98.99,-79.48,-17.99,-5.92,-94.61,57.63,48.0,4,33.83,Poor
0.238,-94.9,-79.06,-16.99,6.88,-105.94,14.11,31.0,2,45.02,Fair
0.316,-90.5,-78.13,-12.73,5.63,-99.42,42.35,43.0,2,38.99,Fair
0.02,-68.18,-44.53,-19.5,21.88,-94.61,51.09,57.0,1,55.16,Good
0.53,-100.55,-80.75,-19.13,-2.51,-103.7,24.52,30.0,4,32.0,Poor
0.487,-101.94,-83.26,-19.5,-10.0,-92.79,53.29,47.0,5,29.36,Poor
0.02,-75.73,-53.98,-19.5,21.8,-102.5,54.85,54.0,4,51.32,Fair
0.207,-86.4,-67.66,-17.74,16.73,-107.64,25.39,34.0,0,54.79,Fair
1.739,-108.33,-92.73,-15.44,-10.0,-90.97,64.7,55.0,5,26.8,Poor
0.246,-90.98,-73.51,-17.29,10.97,-106.15,38.58,43.0,2,46.97,Fair
0.314,-97.25,-81.28,-17.34,-6.21,-93.02,57.61,50.0,0,28.27,Poor
1.083,-110.56,-94.06,-18.93,-8.67,-102.01,18.83,48.0,2,27.17,Poor
0.568,-95.26,-81.03,-14.54,2.52,-101.24,39.7,40.0,1,42.57,Fair
0.393,-95.73,-80.64,-16.71,-3.18,-97.03,46.59,36.0,1,31.28,Poor
0.719,-97.52,-76.84,-19.5,-10.0,-90.73,78.03,62.0,3,20.34,Poor
0.899,-104.63,-85.63,-18.52,-3.38,-107.87,5.11,28.0,1,28.54,Poor
0.275,-93.76,-77.26,-15.2,1.4,-101.65,52.82,70.0,0,39.57,Fair
0.29,-90.43,-75.51,-14.96,6.85,-98.31,37.67,33.0,0,41.15,Fair
0.22,-87.94,-71.16,-17.82,14.57,-105.76,23.86,36.0,1,52.46,Fair
1.531,-104.52,-91.57,-12.55,-4.22,-106.55,27.8,41.0,3,41.74,Fair
0.538,-99.81,-81.43,-17.09,-3.72,-103.03,48.44,48.0,3,18.63,Poor
0.039,-73.6,-52.77,-19.5,13.68,-95.43,61.05,49.0,4,52.09,Fair
0.894,-98.6,-73.5,-19.5,-2.78,-100.2,44.19,,7,32.38,Poor
0.295,-93.84,-79.15,-14.99,13.41,-107.79,12.6,25.0,3,56.43,Good
0.032,-76.44,-55.73,-19.5,14.82,-93.15,72.75,69.0,2,50.94,Fair
0.359,-89.76,-73.88,-18.3,10.55,-104.71,34.98,48.0,3,48.8,Fair
0.243,-94.36,-79.75,-14.86,5.86,-102.35,12.09,29.0,3,47.94,Fair
0.946,-101.01,-86.39,-12.99,-2.59,-101.17,39.05,46.0,6,40.89,Fair
0.103,-84.55,-66.12,-19.5,9.8,-97.99,36.73,50.0,0,48.13,Fair
0.788,-109.31,-94.1,-14.44,-9.07,-101.5,44.94,45.0,1,34.82,Poor
0.367,-90.8,-74.63,-15.27,-6.79,-89.42,50.0,60.0,1,28.38,Poor
0.025,-83.42,-66.74,-14.09,-3.03,-89.86,71.6,69.0,3,38.86,Fair
1.607,-116.06,-100.28,-17.65,-10.0,-97.03,32.64,43.0,6,17.61,Poor
0.323,-92.11,-76.55,-14.07,-10.0,-86.24,80.55,53.0,2,26.0,Poor
0.155,-85.74,-75.02,-10.24,9.89,-102.89,22.78,44.0,7,52.64,Fair
0.285,-95.68,-77.42,-18.19,-6.81,-97.87,44.94,48.0,2,25.39,Poor
0.878,-102.29,-84.08,-17.17,-7.97,-100.1,43.07,46.0,2,33.07,Poor
0.164,-98.46,-82.85,-15.77,-7.38,-98.03,44.28,39.0,1,30.58,Poor
0.096,-80.94,-61.85,-19.5,14.56,-101.34,43.3,40.0,2,47.95,Fair
0.062,-79.01,-56.82,-19.5,8.74,-94.11,56.68,56.0,2,39.0,Fair
0.159,-88.27,-70.2,-18.48,12.95,-104.11,37.72,58.0,3,50.39,Fair
0.681,-100.6,-78.61,-19.5,-10.0,-90.99,71.86,72.0,1,20.76,Poor
0.287,-91.22,-66.5,-19.5,6.23,-101.66,41.03,41.0,3,35.33,Fair
0.116,-85.49,-59.9,-19.5,5.84,-93.44,52.38,46.0,3,44.18,Fair
0.082,-89.86,-75.42,-11.56,9.32,-105.48,33.03,45.0,1,45.25,Fair
0.182,-80.47,-66.02,-14.11,18.69,-105.1,37.66,36.0,1,61.85,Good
1.265,-101.25,-84.58,-16.79,-3.85,-100.62,34.42,46.0,3,29.59,Poor
0.189,-94.72,-76.33,-19.42,12.16,-110.15,14.12,,1,49.19,Fair
1.995,-111.38,-88.62,-19.5,-8.58,-104.11,22.19,32.0,4,22.33,Poor
0.299,-94.48,-74.6,-19.5,2.19,-103.73,14.97,34.0,2,36.4,Fair
0.089,-78.75,-64.36,-13.69,15.24,-100.19,38.99,36.0,1,59.61,Good
0.998,-112.63,,-17.76,-10.0,-108.26,19.11,40.0,4,26.57,Poor
0.278,-94.9,-77.02,-18.23,-1.86,-98.39,55.35,52.0,0,34.03,Poor
0.557,-105.97,-92.44,-14.26,-10.0,-98.07,38.87,44.0,0,27.65,Poor
1.853,-110.5,-92.46,-14.62,-10.0,-97.83,45.71,54.0,3,29.22,Poor
0.023,-73.55,-59.12,-15.78,19.41,-98.45,51.24,45.0,0,62.73,Good
0.046,-77.08,-64.03,-14.27,8.46,-89.44,73.2,88.0,0,47.39,Fair
0.574,-101.61,-86.45,-14.23,-5.14,-104.04,39.5,51.0,2,25.23,Poor
0.149,-90.52,-71.29,-19.5,6.07,-100.47,27.3,35.0,0,48.32,Fair
0.092,-80.86,-61.65,-18.97,19.24,-104.93,11.42,27.0,1,52.52,Fair
0.02,-68.63,-50.34,-17.35,26.82,-98.88,56.33,54.0,1,68.83,Good
0.02,-68.24,-47.26,-19.32,30.0,-103.43,24.39,25.0,2,75.48,Excellent
0.67,-101.24,-80.59,-19.5,-5.15,-100.41,43.94,44.0,3,22.27,Poor
0.065,-82.67,,-19.5,4.91,-95.44,44.71,44.0,3,42.05,Fair
0.284,-93.57,-75.37,-17.49,-10.0,-88.05,65.76,61.0,2,19.21,Poor
0.419,-94.46,-76.07,-19.5,4.2,-99.55,61.49,68.0,1,36.94,Fair
0.252,-100.76,,-18.96,-5.41,-99.82,38.47,47.0,2,29.64,Poor
0.02,-68.87,-57.39,-9.68,17.3,-90.2,82.22,69.0,2,61.38,Good
0.689,-99.54,-78.13,-19.5,-5.31,-100.76,47.56,45.0,4,29.19,Poor
0.02,-70.2,-51.0,-19.5,29.92,-104.93,31.84,41.0,2,62.27,Good
0.646,-100.81,-86.46,-14.31,0.3,-106.62,16.99,27.0,1,41.47,Fair
1.007,-114.33,-92.05,-19.5,-10.0,-93.42,75.11,64.0,2,12.85,Poor
0.255,-93.93,-77.7,-15.37,4.41,-102.06,19.47,31.0,0,41.23,Fair
0.345,-87.63,-69.95,-18.07,7.13,-101.07,26.61,35.0,1,47.39,Fair
0.292,-93.28,-72.21,-19.5,11.73,-109.34,6.34,24.0,2,46.24,Fair
0.222,-92.19,-73.53,-16.97,-8.07,-92.46,68.59,62.0,1,20.9,Poor
0.983,-103.79,-81.78,-19.5,-3.51,-103.94,29.05,28.0,0,27.27,Poor
1.01,-102.67,-85.73,-16.18,-2.39,-105.57,22.23,26.0,2,38.48,Fair
0.184,-86.71,-63.64,-19.5,17.82,-107.22,18.83,29.0,0,47.59,Fair
0.43,-97.6,-81.93,-15.6,5.04,-105.27,36.79,45.0,3,38.59,Fair
1.177,-103.72,-81.77,-19.5,-6.09,-100.93,30.12,32.0,2,27.06,Poor
1.472,-100.66,-89.45,-11.32,3.25,-110.2,15.72,33.0,1,39.28,Fair
0.32,-90.11,-75.41,-13.36,6.5,-102.17,31.04,28.0,0,46.72,Fair
0.271,-83.34,-64.45,-18.84,13.81,-103.87,31.23,41.0,3,51.9,Fair
0.147,-90.03,-73.23,-17.11,4.43,-100.07,22.07,32.0,1,43.95,Fair
1.436,-100.44,-82.67,-17.82,-7.81,-100.63,30.15,46.0,1,31.21,Poor
0.069,-84.11,-65.98,-18.19,20.61,-107.45,17.39,43.0,0,55.25,Good
0.39,-94.43,-80.01,-16.07,1.9,-101.88,31.05,35.0,4,43.87,Fair
0.149,-84.62,-69.96,-13.18,14.21,-107.49,29.38,37.0,2,52.78,Fair
0.147,-89.46,-70.76,-18.95,3.44,-98.72,51.6,53.0,0,38.79,Fair
0.234,-91.06,-75.05,-16.33,5.2,-102.66,38.02,39.0,2,38.22,Fair
3.024,-109.97,-87.95,-19.5,-10.0,-95.47,45.5,48.0,4,15.51,Poor
0.025,-75.29,-57.86,-17.83,23.1,-100.12,49.96,53.0,0,62.17,Good
0.389,-89.14,-68.98,-18.56,6.33,-104.35,26.38,30.0,3,39.99,Fair
0.039,-81.53,-62.2,-16.2,13.07,-101.03,26.06,35.0,2,48.8,Fair
0.076,-73.92,,-17.76,22.2,-99.92,46.0,49.0,3,61.51,Good
0.261,-88.35,-76.29,-12.91,-0.52,-95.56,55.93,45.0,1,35.61,Fair
0.321,-94.53,-72.97,-19.5,8.3,-106.28,4.56,19.0,1,39.05,Fair
0.135,-88.27,-73.2,-14.48,6.55,-101.7,36.0,30.0,3,46.83,Fair
0.171,-90.75,-73.96,-16.71,13.25,-106.03,23.43,45.0,3,50.53,Fair
0.041,-77.0,-59.45,-17.28,16.21,-95.39,49.55,52.0,0,54.65,Fair
0.163,-88.47,-70.62,-18.56,8.21,-101.69,32.72,43.0,2,46.88,Fair
1.529,-102.67,-81.79,-19.5,-0.8,-107.64,11.57,27.0,2,27.97,Poor
1.303,-98.43,-80.41,-15.8,6.23,-108.57,3.97,26.0,6,55.44,Good
0.184,-88.52,-70.9,-17.35,7.47,-98.37,48.63,44.0,3,39.97,Fair
0.381,-99.02,-77.96,-19.5,,-96.75,81.21,64.0,2,26.27,Poor
1.082,-106.87,-87.07,-19.5,-10.0,-94.86,69.86,56.0,0,14.83,Poor
0.02,-71.18,-55.38,-15.23,23.56,-102.58,25.96,27.0,2,68.43,Good
0.749,-105.62,-91.06,-13.39,-10.0,-98.04,67.03,48.0,0,28.24,Poor
1.334,-111.22,-95.69,-15.63,-10.0,-94.84,62.05,,3,16.42,Poor
0.043,-68.5,-50.65,-17.44,27.57,-97.58,33.77,46.0,3,61.14,Good
0.079,-80.88,-66.62,-13.75,10.11,-92.37,68.97,57.0,3,47.76,Fair
1.457,-110.61,-92.34,-16.98,-2.55,-108.46,16.96,33.0,2,41.34,Fair
0.347,-91.57,-73.95,-17.2,6.43,-102.66,27.04,37.0,2,43.34,Fair
0.02,-75.16,-64.79,-10.29,27.25,-108.25,31.56,33.0,1,66.85,Good
0.134,-90.99,-77.21,-14.78,2.1,-97.47,51.14,49.0,1,38.2,Fair
0.269,-95.84,-86.5,-12.07,0.37,-99.29,22.02,,2,47.99,Fair
0.531,-91.9,-74.94,-15.95,2.17,-99.48,35.61,,1,42.92,Fair
0.594,-100.51,-79.29,-19.5,-6.96,-98.08,49.0,45.0,4,31.74,Poor
2.424,-121.46,-109.13,-10.48,-10.0,-94.7,59.81,63.0,2,23.08,Poor
0.153,-82.88,-68.85,-13.71,3.6,-88.46,70.98,55.0,3,41.59,Fair
0.348,-96.07,-78.57,-19.5,5.03,-106.05,28.34,37.0,1,41.07,Fair
0.343,-102.13,-87.32,-14.1,-5.85,-102.17,32.93,41.0,4,31.25,Poor
0.234,-92.69,-77.9,-15.37,4.29,-102.54,21.51,28.0,0,44.02,Fair
0.083,-80.44,-60.82,-19.5,14.84,-100.15,65.54,56.0,1,46.64,Fair
1.707,-107.03,-90.52,-16.72,-10.0,-98.14,39.56,35.0,2,23.33,Poor
0.864,-95.54,-82.0,-13.91,-6.28,-94.18,66.05,58.0,0,30.02,Poor
0.31,-97.28,-85.54,-11.97,1.11,-104.96,20.98,25.0,2,47.92,Fair
0.416,-96.22,-71.59,-19.5,-6.38,-95.64,59.31,51.0,2,23.85,Poor
0.116,-88.16,-66.78,-19.5,2.42,-94.75,41.21,59.0,1,35.38,Fair
0.353,-101.15,-84.51,-16.93,-0.59,-104.49,24.78,38.0,1,36.06,Fair
0.534,-95.03,-76.77,-15.47,1.86,-102.94,15.49,24.0,3,41.96,Fair
0.326,-92.43,-75.9,-17.47,5.87,-102.89,35.13,44.0,0,42.19,Fair
2.085,-109.25,-89.72,-19.5,-9.11,-108.72,21.5,43.0,1,21.37,Poor
0.425,-94.89,-79.45,-15.22,0.14,-99.75,29.65,34.0,3,39.89,Fair
0.209,-93.17,-76.8,-16.25,0.27,-96.8,51.59,52.0,0,33.98,Poor
0.666,-104.5,-85.13,-18.89,-5.26,-106.36,23.55,37.0,3,23.1,Poor
0.084,-82.45,-60.09,-19.5,12.72,-102.01,48.36,61.0,1,44.98,Fair
0.218,-86.18,-65.96,-19.5,-0.48,-90.5,52.98,50.0,0,26.71,Poor
0.192,-83.27,-61.57,-19.5,13.03,-101.96,34.29,27.0,2,42.32,Fair
0.254,-88.96,-71.9,-17.11,3.9,-100.72,31.86,47.0,5,40.0,Fair
0.685,-100.61,-84.48,-16.61,0.89,-107.17,19.83,29.0,1,41.9,Fair
0.298,-92.43,-80.25,-12.86,7.15,-104.46,20.61,28.0,3,52.6,Fair
0.711,-101.0,-82.79,-18.29,-10.0,-92.96,50.56,74.0,3,19.46,Poor
0.387,-99.87,-80.73,-17.61,-6.92,-98.25,49.64,44.0,2,22.02,Poor
0.188,-89.45,-72.35,-18.35,0.91,-94.08,65.47,54.0,2,26.11,Poor
0.747,-106.82,-91.15,-13.88,-10.0,-98.12,27.53,49.0,2,27.63,Poor
0.122,-86.33,-64.6,-19.5,19.37,-109.4,25.62,34.0,1,50.2,Fair
0.114,-78.7,-58.8,-19.5,18.14,-103.99,34.28,45.0,0,51.39,Fair
0.316,-90.73,-68.79,-19.5,5.35,-100.76,38.33,54.0,2,40.51,Fair
0.136,-90.43,-75.29,-14.66,13.2,-104.36,27.3,27.0,1,56.45,Good
0.02,-70.73,-54.86,-15.05,23.5,-99.49,37.24,36.0,3,64.34,Good
0.47,-100.8,-79.19,-19.5,,-94.46,62.27,49.0,4,17.51,Poor
0.322,-94.43,-76.58,-15.75,2.18,-105.15,25.94,38.0,1,36.01,Fair
0.265,-88.35,-72.05,-15.49,4.56,-95.91,45.87,53.0,4,45.55,Fair
1.535,-105.11,-88.61,-16.92,-10.0,-97.28,58.72,50.0,4,21.4,Poor
0.381,-85.71,-67.74,-17.87,-0.09,-88.75,77.37,81.0,0,34.28,Poor
0.896,-98.29,-77.28,-19.5,-3.0,-98.77,50.92,47.0,1,33.96,Poor
0.068,-79.91,-62.39,-18.66,25.66,-105.68,16.1,25.0,3,55.41,Good
0.379,-92.89,-72.51,-19.5,0.16,-97.04,34.1,36.0,1,33.3,Poor
0.911,-104.01,-84.61,-19.5,-4.95,-103.72,30.15,53.0,0,34.98,Poor
0.394,-100.44,-85.07,-15.11,-10.0,-94.59,49.62,49.0,6,24.78,Poor
0.57,-93.9,-78.54,-14.46,-4.62,-97.96,59.38,58.0,1,33.96,Poor
0.209,-86.42,-69.77,-16.0,4.97,-94.92,66.61,57.0,1,34.2,Poor
0.044,-77.96,-63.97,-15.24,23.41,-106.65,15.93,23.0,0,66.95,Good
0.276,-91.74,-75.28,-16.59,6.38,-101.71,35.25,44.0,4,39.54,Fair
0.226,-86.15,-63.61,-19.5,10.06,-103.5,15.46,30.0,2,47.88,Fair
0.908,-99.79,-81.88,-18.98,-6.74,-98.31,39.6,38.0,4,26.66,Poor
0.126,-91.92,-76.22,-16.92,3.65,-101.54,15.61,26.0,1,44.01,Fair
1.531,-106.73,-82.99,-19.5,-10.0,-90.27,73.68,57.0,3,13.57,Poor
1.428,-107.77,-92.56,-16.16,-10.0,-83.91,80.54,70.0,1,15.26,Poor
0.128,-81.76,-66.65,-17.31,21.35,-104.1,10.55,28.0,1,67.07,Good
0.193,-85.61,-63.92,-19.5,15.88,-105.29,17.13,36.0,3,56.71,Good
1.017,-98.88,-78.89,-19.5,-5.04,-99.59,25.76,41.0,3,26.13,Poor
1.53,-112.17,-94.56,-18.34,-10.0,-101.08,32.25,30.0,3,21.4,Poor
0.264,-95.59,-75.1,-19.5,-5.79,-96.3,49.49,63.0,0,26.22,Poor
0.174,-84.41,-65.51,-18.69,14.64,-102.77,29.51,44.0,0,38.97,Fair
0.336,-96.92,-82.48,-13.09,6.53,-108.51,7.94,26.0,3,55.96,Good
0.524,-104.49,-93.68,-11.44,-2.97,-108.86,11.73,31.0,2,52.86,Fair
0.144,-85.08,-68.79,-16.83,22.77,-109.63,8.2,24.0,3,67.05,Good
0.6,-101.77,-80.51,-19.5,-4.85,-104.03,34.49,37.0,1,27.58,Poor
0.024,-64.75,-48.04,-16.43,30.0,-97.8,48.83,44.0,2,74.07,Good
0.023,-70.33,-50.95,-17.93,28.58,-105.04,32.53,40.0,3,67.07,Good
0.22,-90.24,-71.68,-19.5,4.47,-100.27,38.45,54.0,0,39.48,Fair
0.196,-91.38,-78.46,-12.33,,-105.0,22.59,33.0,2,56.05,Good
0.171,-82.33,-65.55,-15.84,17.23,-106.46,29.06,39.0,1,52.58,Fair
0.304,-92.25,-73.17,-18.61,6.12,-100.48,28.3,35.0,1,45.14,Fair
0.174,-90.5,-74.86,-15.04,-5.69,-91.84,70.26,56.0,2,37.26,Fair
0.096,-86.92,-70.01,-17.64,4.32,-95.84,59.17,68.0,3,37.74,Fair
0.167,-88.78,-69.61,-19.5,15.24,-107.17,20.31,36.0,3,56.46,Good
1.658,-112.31,-94.09,-16.36,-10.0,-107.66,9.94,27.0,5,31.71,Poor
0.238,-87.46,-66.32,-19.5,12.61,-104.61,16.8,30.0,2,45.37,Fair
0.265,-99.72,-80.57,-19.33,4.04,-107.42,9.89,21.0,2,39.15,Fair
0.387,-96.33,-81.2,-14.82,-2.69,-99.55,38.77,45.0,2,33.39,Poor
1.843,-106.87,-90.31,-16.38,-10.0,-92.18,54.96,51.0,5,24.73,Poor
0.124,-84.6,-66.54,-17.06,13.61,-105.13,36.72,37.0,1,48.42,Fair
0.515,-101.11,-79.1,-19.5,2.17,-105.71,47.51,49.0,1,34.64,Poor
0.566,-96.44,-79.86,-18.31,-4.16,-97.28,58.98,53.0,1,27.37,Poor
0.421,-100.04,-87.24,-13.54,-7.36,-100.75,59.73,67.0,2,32.38,Poor
0.042,-76.71,-57.38,-19.5,21.83,-106.72,19.44,35.0,0,64.99,Good
0.508,-95.53,,-16.22,5.76,-107.83,14.54,16.0,0,36.87,Fair
0.03,-71.92,-57.78,-14.31,24.27,-100.75,5.17,26.0,4,70.82,Good
0.408,-98.93,-80.88,-19.21,-3.59,-104.09,23.1,37.0,3,33.19,Poor
0.605,-94.87,-73.95,-19.5,9.44,-105.67,45.05,38.0,1,39.88,Fair
0.107,-84.29,-68.01,-15.2,8.05,-96.63,65.66,71.0,5,49.71,Fair
0.829,-99.41,-79.92,-18.95,-5.67,-99.2,30.86,32.0,3,25.51,Poor
0.02,-64.33,-44.28,-19.5,24.8,-93.68,54.74,47.0,1,61.51,Good
0.836,-97.98,-77.6,-19.14,-6.72,-96.78,51.67,53.0,0,31.47,Poor
0.278,-88.42,-72.61,-16.01,8.24,-102.13,33.72,39.0,0,48.47,Fair
0.11,-84.17,-69.53,-14.2,7.57,-96.64,44.37,47.0,1,45.88,Fair
0.065,-77.17,-62.12,-16.0,17.08,-99.58,22.41,36.0,1,56.69,Good
1.379,-105.94,,-19.5,-4.27,-108.3,33.32,47.0,5,27.01,Poor
0.034,-79.71,-59.7,-19.5,23.63,-108.12,17.4,,1,57.45,Good
0.1,-82.87,-67.74,-13.3,17.26,-105.94,24.55,20.0,2,57.85,Good
0.192,-88.7,-64.3,-19.5,17.92,-109.13,8.2,22.0,3,50.15,Fair
0.436,-94.47,-79.7,-13.6,-0.08,-101.58,23.9,20.0,4,38.68,Fair
0.354,-95.52,-74.52,-19.5,-4.97,-97.19,67.71,49.0,1,21.93,Poor
0.06,-82.81,-60.25,-19.5,13.35,-100.17,58.77,44.0,1,44.36,Fair
0.154,-85.18,-66.85,-18.5,9.74,-101.33,45.2,46.0,2,48.21,Fair
0.123,-91.1,-75.41,-14.84,-6.58,-90.82,79.38,62.0,2,28.48,Poor
0.108,-78.92,-63.16,-14.49,19.92,-104.13,16.75,33.0,2,64.68,Good
0.238,-92.5,-75.29,-17.36,2.97,-100.88,35.93,39.0,2,39.63,Fair
0.548,-97.81,-76.56,-19.5,-6.19,-98.35,30.96,37.0,0,22.91,Poor
0.11,-82.7,-68.3,-13.79,8.81,-96.94,21.65,26.0,1,50.14,Fair
0.206,-87.94,-75.45,-11.69,14.72,-104.16,20.35,45.0,0,56.62,Good
0.223,-96.65,-77.56,-18.57,-6.26,-98.12,35.16,47.0,2,25.35,Poor
1.687,-105.25,-85.51,-19.5,-4.84,-103.24,20.7,27.0,3,30.85,Poor
1.392,-105.67,-81.76,-19.5,-9.02,-99.39,44.11,51.0,4,21.71,Poor
0.725,-103.75,-89.9,-15.71,-10.0,-91.3,78.82,67.0,1,22.73,Poor
0.124,-88.97,-71.37,-17.94,-5.87,-89.19,76.89,69.0,3,27.7,Poor
0.032,-75.63,-54.14,-19.5,12.47,-92.85,69.08,56.0,1,47.92,Fair
0.172,-93.93,-75.57,-17.49,11.46,-109.6,3.38,21.0,2,50.13,Fair
0.14,-80.07,-62.66,-17.29,18.28,-106.08,23.15,26.0,2,57.41,Good
0.317,-88.11,-67.74,-18.98,8.33,-101.32,13.71,32.0,0,52.41,Fair
0.677,-98.81,-82.61,-15.8,-10.0,-95.29,56.33,48.0,0,22.68,Poor
0.879,-103.79,-83.23,-19.02,-10.0,-99.61,44.17,44.0,1,20.84,Poor
0.839,-103.27,-89.03,-13.41,-10.0,-97.68,37.65,42.0,3,28.28,Poor
0.201,-87.06,-73.62,-13.1,7.9,-95.83,46.36,43.0,3,54.18,Fair
0.523,-91.36,-74.18,-18.12,2.17,-102.17,36.71,34.0,7,31.89,Poor
0.169,-90.88,-80.57,-11.89,2.12,-98.9,59.58,57.0,2,42.8,Fair
0.028,-77.8,-59.55,-18.64,26.69,-109.4,7.54,30.0,1,69.54,Good
0.544,-92.54,-79.74,-12.99,0.59,-97.95,64.41,75.0,4,45.26,Fair
0.02,-77.59,-58.75,-19.1,19.34,-101.75,19.29,23.0,1,51.86,Fair
0.237,-95.56,-77.0,-17.87,8.47,-107.29,36.96,46.0,2,41.32,Fair
0.18,-90.13,-72.34,-16.47,2.76,-99.74,41.44,45.0,0,42.14,Fair
0.532,-104.78,-85.47,-17.74,-10.0,-99.28,46.8,53.0,1,21.63,Poor
0.654,-95.88,-77.26,-19.5,11.1,-108.81,7.88,23.0,4,46.38,Fair
0.163,-84.88,-67.76,-16.77,11.93,-100.41,27.75,46.0,2,54.93,Fair
0.751,-103.83,-80.33,-19.5,-3.46,-107.24,7.1,25.0,1,29.81,Poor
0.157,-82.83,-63.65,-19.5,24.09,-112.2,11.02,26.0,1,59.76,Good
0.266,-86.73,-66.42,-19.5,5.38,-99.66,25.15,26.0,3,40.94,Fair
0.584,-99.8,-78.58,-19.5,-3.36,-103.49,38.01,40.0,2,31.0,Poor
0.531,-100.33,-80.32,-19.5,-4.74,-102.79,45.77,47.0,3,26.92,Poor
1.967,-100.84,-76.65,-19.5,-6.33,-100.25,36.82,33.0,2,29.68,Poor
0.115,-82.39,-63.89,-17.96,26.02,-115.0,7.44,25.0,1,58.7,Good
0.489,-96.77,-78.79,-18.36,-10.0,-91.75,58.92,47.0,4,28.53,Poor
0.423,-91.1,-75.05,-17.27,7.04,-105.39,40.0,35.0,3,45.51,Fair
1.11,-103.71,-86.47,-18.75,-10.0,-98.52,49.55,45.0,2,18.16,Poor
0.077,-83.81,-68.0,-16.19,12.31,-103.16,33.75,34.0,2,46.4,Fair
0.627,-99.64,-79.61,-19.5,-8.81,-93.28,55.57,42.0,1,22.41,Poor
0.378,-91.42,-76.15,-16.33,4.73,-103.52,16.2,32.0,1,42.31,Fair
0.145,-95.23,-77.0,-18.76,-1.37,-99.43,56.16,44.0,4,23.91,Poor
0.289,-94.41,-74.74,-19.5,-6.3,-93.48,50.69,50.0,2,21.79,Poor
0.183,-83.75,-65.3,-17.36,18.31,-108.87,20.19,38.0,1,51.86,Fair
0.39,-97.88,-82.57,-15.56,1.43,-104.2,25.85,29.0,1,37.38,Fair
0.989,-97.73,-77.63,-19.5,-10.0,-90.6,76.37,52.0,2,23.42,Poor
0.379,-89.94,-72.19,-14.89,5.0,-97.59,41.71,42.0,1,46.51,Fair
0.45,-97.34,-87.95,-10.59,-10.0,-88.42,73.24,68.0,3,26.22,Poor
0.329,-96.65,-81.6,-14.36,-0.19,-100.1,40.84,32.0,2,43.02,Fair
0.024,-72.98,-50.78,-19.5,18.58,-95.06,78.39,64.0,3,59.41,Good
0.119,-74.95,-52.49,-19.5,10.52,-91.43,81.63,68.0,3,41.77,Fair
0.305,-86.21,-66.63,-19.5,5.73,-94.56,77.21,56.0,2,32.3,Poor
0.167,-88.01,-67.66,-19.5,3.28,-93.83,64.56,57.0,4,32.92,Poor
0.09,-85.64,-69.97,-16.69,13.54,-102.92,32.26,41.0,2,47.33,Fair
0.316,-93.54,-76.32,-16.28,0.64,-99.32,24.6,,2,39.07,Fair
0.175,-87.96,-66.25,-19.5,8.95,-103.55,14.11,26.0,1,52.82,Fair
0.134,-91.6,-72.32,-19.24,4.27,-101.66,11.81,26.0,3,45.05,Fair
0.281,-92.67,-74.48,-17.02,5.68,-104.93,11.8,20.0,0,53.23,Fair
0.064,-75.02,-57.58,-16.06,21.45,-100.18,37.59,39.0,2,63.37,Good
1.182,-112.66,-91.14,-19.5,-10.0,-98.42,44.59,46.0,4,12.94,Poor
0.91,-99.89,-78.52,-19.5,0.58,-105.11,26.39,,4,25.96,Poor
0.553,-93.38,-73.43,-19.5,6.49,-105.06,26.73,48.0,5,41.32,Fair
0.051,-80.48,-62.28,-19.5,24.5,-108.34,11.06,23.0,0,60.83,Good
0.673,-93.8,-76.87,-15.77,8.87,-102.14,12.21,32.0,2,48.71,Fair
0.743,-104.19,-84.11,-19.5,-10.0,-92.48,79.86,74.0,0,15.87,Poor
0.657,-98.6,,-14.24,-2.87,-101.12,27.32,47.0,1,38.14,Fair
0.054,-80.11,-64.79,-15.37,22.39,-109.31,18.37,36.0,3,62.52,Good
0.465,-98.59,-84.94,-13.14,2.37,-103.81,27.14,40.0,3,44.91,Fair
0.809,-104.64,-82.93,-19.5,-2.97,-106.54,14.89,32.0,1,32.44,Poor
0.388,-92.99,-77.16,-14.84,-2.5,-98.87,41.25,34.0,2,35.76,Fair
0.468,-94.02,-74.81,-18.34,-0.8,-99.77,34.46,44.0,1,30.37,Poor
0.276,-93.1,-75.48,-18.24,1.75,-99.68,47.49,52.0,3,34.45,Poor
0.339,-100.06,-73.36,-19.5,-3.6,-101.86,23.4,32.0,4,32.2,Poor
0.02,-68.83,-49.51,-18.89,27.9,-102.16,41.96,59.0,3,65.9,Good
0.458,-95.56,-83.14,-14.27,5.89,-106.37,22.43,31.0,2,54.35,Fair
0.038,-76.74,-55.21,-19.5,13.11,-91.93,79.18,82.0,1,47.24,Fair
0.257,-84.76,-67.92,-16.93,-1.32,-88.18,91.07,81.0,2,32.26,Poor
0.156,-94.16,-76.77,-18.01,1.98,-100.63,44.41,45.0,3,40.73,Fair
0.355,-103.89,-87.91,-15.74,-3.91,-105.45,32.6,37.0,3,34.48,Poor
0.064,-83.24,-64.65,-19.5,10.11,-99.19,35.79,39.0,3,50.11,Fair
0.529,-95.65,-77.1,-18.65,10.99,-110.71,9.14,30.0,2,46.21,Fair
0.713,-105.3,-89.24,-17.84,-10.0,-90.93,66.2,51.0,2,18.52,Poor
0.08,-86.12,-69.65,-16.99,3.55,-95.95,46.49,52.0,0,35.33,Fair
0.05,-74.27,-55.97,-18.42,11.75,-92.37,88.91,61.0,1,48.21,Fair
0.071,-79.27,-68.3,-12.02,21.99,-104.43,16.03,38.0,3,67.14,Good
0.943,-102.0,-88.32,-13.35,-5.79,-104.52,22.32,37.0,0,34.42,Poor
0.338,-91.48,-68.47,-19.5,3.66,-97.92,60.91,63.0,0,40.57,Fair
0.283,-94.78,-75.8,-18.32,-3.03,-99.66,45.27,44.0,3,24.08,Poor
0.051,-79.8,-63.37,-18.49,,-93.03,61.13,46.0,3,40.69,Fair
0.472,-94.26,-81.34,-12.12,2.54,-104.08,9.32,29.0,5,48.88,Fair
0.911,-108.58,-90.75,-16.95,-10.0,-98.83,56.14,63.0,1,22.38,Poor
0.793,-110.56,-89.61,-19.5,-10.0,-98.93,34.07,44.0,4,23.35,Poor
0.443,-98.67,-72.76,-19.5,4.38,-106.38,18.78,41.0,1,39.36,Fair
0.035,-71.46,-47.78,-19.5,21.07,-97.5,73.5,65.0,1,51.31,Fair
0.054,-77.73,-62.39,-15.78,7.28,-90.76,46.63,45.0,1,39.89,Fair
0.023,-68.09,-51.57,-16.26,17.39,-92.08,46.76,52.0,0,55.75,Good
0.134,-94.67,-81.08,-14.36,0.36,-96.09,61.76,59.0,1,38.55,Fair
0.066,-79.21,-63.73,-16.56,21.33,-105.67,14.14,27.0,4,61.57,Good
0.136,-84.09,-66.73,-17.97,6.32,-98.04,28.43,32.0,2,41.45,Fair
0.219,-96.24,-79.35,-15.97,1.83,-108.01,17.69,31.0,1,41.45,Fair
1.289,-102.76,-78.6,-19.5,-8.57,-103.55,16.17,22.0,3,22.82,Poor
0.424,-97.02,-82.96,-13.21,-9.11,-96.75,37.91,42.0,3,30.69,Poor
0.811,-89.9,-72.04,-18.94,-6.81,-87.88,69.47,53.0,3,33.36,Poor
0.558,-107.65,-95.84,-9.87,-10.0,-102.88,27.88,37.0,2,35.42,Fair
0.054,-73.28,-54.29,-17.58,11.44,-91.92,97.56,80.0,1,42.83,Fair
0.599,-101.14,-87.17,-12.21,-10.0,-93.3,45.5,49.0,3,33.78,Poor
0.145,-93.74,-72.43,-19.5,-0.95,-96.61,59.24,52.0,1,30.16,Poor
0.459,-99.36,-82.23,-16.83,6.8,-110.66,15.84,28.0,1,46.23,Fair
0.188,-88.4,-74.61,-14.57,17.81,-109.55,13.64,30.0,1,55.19,Good
2.728,-108.57,-96.88,-12.54,-9.4,-105.27,55.1,52.0,5,29.17,Poor
0.138,-79.95,-64.89,-14.53,17.57,-104.17,21.71,46.0,0,60.78,Good
0.147,-81.73,-63.02,-19.1,14.94,-101.49,39.8,38.0,0,53.23,Fair
1.201,-109.46,-90.2,-19.05,-10.0,-94.82,63.07,55.0,0,18.53,Poor
0.02,-65.92,-49.42,-16.64,26.61,-99.92,36.06,46.0,4,67.13,Good
0.537,-97.05,-76.27,-19.5,2.17,-105.33,31.27,40.0,0,35.35,Fair
0.581,-101.92,-87.33,-13.79,-1.76,-101.38,34.37,40.0,2,34.58,Poor
0.815,-103.08,-93.86,-7.69,-8.9,-99.34,49.48,56.0,2,40.41,Fair
1.65,-111.19,-92.35,-17.04,-10.0,-100.94,16.92,28.0,6,26.57,Poor
1.671,-108.32,-86.45,-19.5,-7.56,-105.0,28.56,41.0,3,27.83,Poor
0.03,-76.85,-54.95,-19.5,30.0,-115.88,11.32,26.0,2,65.65,Good
0.776,-105.92,-91.82,-15.35,-10.0,-91.72,47.01,51.0,1,24.03,Poor
0.468,-95.5,-79.14,-16.45,-10.0,-91.79,55.18,62.0,1,28.46,Poor
0.469,-94.93,-74.76,-17.69,-9.8,-90.81,65.85,63.0,1,25.18,Poor
0.062,-80.71,-64.59,-16.31,10.99,-99.98,30.16,38.0,3,46.93,Fair
0.473,-92.04,-73.72,-17.41,-2.12,-91.88,68.67,56.0,1,30.59,Poor
1.82,-110.25,-94.4,-16.24,-10.0,-99.86,52.9,79.0,4,23.77,Poor
1.093,-105.99,-91.26,-15.11,-10.0,-97.14,44.2,46.0,1,34.09,Poor
0.26,-89.7,-74.39,-16.62,14.28,-109.13,23.86,31.0,2,52.2,Fair
0.02,-70.97,-50.11,-19.5,30.0,-106.79,22.08,33.0,1,68.95,Good
0.202,-89.83,-71.79,-18.64,5.47,-101.28,52.32,47.0,0,41.7,Fair
0.788,-112.02,-90.21,-19.5,-10.0,-102.4,54.36,42.0,1,19.7,Poor
0.544,-98.66,-79.1,-18.34,2.27,-105.87,22.83,24.0,1,37.88,Fair
0.277,-100.18,-77.36,-19.5,-10.0,-94.55,76.36,52.0,4,16.22,Poor
0.026,-77.35,-56.9,-19.5,18.75,-100.11,26.99,31.0,0,54.49,Fair
0.251,-97.35,-77.07,-19.5,-5.01,-99.74,36.31,45.0,1,28.84,Poor
0.285,-97.29,-79.66,-17.6,5.06,-108.66,14.18,31.0,2,39.27,Fair
1.187,-107.7,-80.67,-19.5,-10.0,-97.16,58.95,49.0,3,26.13,Poor
0.461,-99.24,-80.9,-18.63,-3.25,-100.89,16.49,30.0,3,27.09,Poor
0.168,-85.9,-73.82,-10.49,9.09,-102.04,46.69,50.0,0,46.38,Fair
0.335,-93.64,-74.84,-18.7,-3.49,-96.46,73.02,70.0,1,22.41,Poor
0.031,-81.64,-66.59,-15.67,13.88,-103.35,21.35,32.0,1,66.02,Good
1.618,-107.85,-86.8,-19.5,-10.0,-93.79,63.57,58.0,5,22.5,Poor
0.201,-88.83,-68.65,-19.5,4.02,-98.29,40.89,42.0,2,35.86,Fair
0.292,-94.66,-77.24,-16.06,9.89,-109.69,18.01,25.0,1,50.76,Fair
0.198,-90.2,,-13.9,4.85,-99.41,48.58,42.0,1,42.01,Fair
0.516,-97.51,-79.07,-19.25,-1.44,-101.6,50.35,62.0,1,29.08,Poor
0.488,-94.74,-78.66,-14.37,3.1,-104.3,8.48,,1,47.17,Fair
0.565,-105.36,-85.0,-19.5,-6.87,-104.76,32.93,38.0,2,21.29,Poor
0.14,-87.99,-68.32,-18.82,14.67,-108.44,10.03,38.0,1,52.99,Fair
0.171,-82.66,-55.85,-19.5,20.1,-106.06,9.39,24.0,1,56.31,Good
0.06,-74.07,-57.41,-15.49,12.36,-92.18,64.0,51.0,2,53.31,Fair
0.48,-94.23,-77.14,-15.28,12.43,-109.14,19.22,25.0,3,56.4,Good
0.02,-68.3,-50.76,-16.28,24.34,-98.18,29.06,40.0,0,71.2,Good
0.41,-89.65,,-17.2,13.38,-107.06,12.73,21.0,3,56.14,Good
0.917,-95.59,-74.5,-19.5,-7.56,-95.3,55.61,43.0,5,25.91,Poor
0.997,-104.5,-87.33,-18.19,0.02,-109.37,14.95,25.0,4,32.86,Poor
0.268,-96.48,-72.56,-19.5,-2.74,-96.84,48.44,65.0,0,27.05,Poor
0.277,-93.95,-74.21,-19.5,-3.02,-97.33,56.06,48.0,3,24.44,Poor
0.036,-62.99,-46.44,-17.58,30.0,-106.11,13.92,27.0,1,71.61,Good
0.5,-104.27,-88.5,-15.91,-8.19,-100.7,53.69,59.0,2,29.34,Poor
0.775,-103.68,-82.55,-19.5,2.65,-110.72,14.89,33.0,1,32.01,Poor
0.126,-91.74,-73.66,-18.39,4.79,-100.38,54.72,65.0,3,38.11,Fair
0.246,-91.36,-73.33,-17.97,-1.73,-96.19,50.06,41.0,3,30.85,Poor
0.821,-107.11,-90.91,-15.05,-10.0,-95.64,53.19,59.0,3,28.52,Poor
0.943,-103.94,-86.12,-18.06,-10.0,-94.67,38.48,39.0,5,24.26,Poor
0.125,-93.83,-77.75,-15.98,-2.36,-97.42,36.55,37.0,0,40.33,Fair
0.36,-92.68,-70.59,-19.5,1.89,-101.58,41.98,39.0,1,41.3,Fair
0.096,-78.86,-58.71,-19.5,19.29,-103.32,16.45,41.0,5,53.79,Fair
0.048,-79.4,-61.93,-17.48,15.2,-96.11,52.89,58.0,0,52.93,Fair
1.089,-105.29,-87.86,-19.5,-9.9,-101.9,56.24,57.0,1,14.84,Poor
0.773,-102.43,-84.15,-19.5,-6.34,-100.65,34.84,44.0,2,26.9,Poor
0.642,-99.44,-81.46,-16.7,-3.88,-99.99,39.93,38.0,2,34.53,Poor
0.022,-71.57,-56.44,-13.47,20.41,-101.48,34.81,40.0,2,59.95,Good
0.835,-99.37,-87.08,-13.84,-5.47,-101.06,35.35,41.0,1,29.64,Poor
0.259,-87.38,-71.77,-16.25,11.84,-104.92,19.01,38.0,2,52.38,Fair
0.189,-92.81,-75.2,-16.02,3.84,-101.12,46.36,46.0,1,34.77,Poor
0.356,-96.29,-80.5,-15.6,2.07,-103.68,13.61,28.0,3,35.05,Fair
0.043,-73.28,-52.83,-19.5,29.0,-102.84,49.11,50.0,1,58.97,Good
0.636,-105.77,-88.46,-16.42,-7.31,-105.56,21.77,36.0,4,34.5,Poor
0.393,-103.79,-80.17,-19.5,-7.19,-99.9,29.98,29.0,4,32.67,Poor
0.093,-82.55,-66.24,-16.15,2.25,-87.09,84.06,92.0,0,42.11,Fair
0.094,-81.55,-63.13,-19.5,16.98,-101.46,31.29,26.0,3,51.95,Fair
0.092,-86.23,-69.09,-17.03,13.55,-103.8,37.94,32.0,3,53.28,Fair
0.026,-75.07,-55.75,-18.22,25.45,-106.34,15.29,33.0,3,57.99,Good
0.399,-99.08,-77.88,-19.5,-10.0,-90.57,69.74,58.0,4,19.17,Poor
0.826,-105.81,-85.99,-19.5,-1.52,-107.5,12.0,30.0,3,33.34,Poor
0.02,-67.67,-55.76,-11.33,26.57,-97.89,54.83,58.0,0,68.46,Good
0.023,-76.18,-56.68,-18.86,17.14,-95.9,55.38,44.0,1,48.29,Fair
0.383,-96.74,-81.77,-15.42,-9.94,-93.33,73.98,63.0,4,29.87,Poor
0.77,-105.37,-88.3,-15.4,-10.0,-94.27,55.87,57.0,4,26.41,Poor
0.178,-94.88,-74.81,-19.5,-3.6,-99.19,48.55,52.0,1,31.78,Poor
0.194,-86.3,-71.66,-14.24,10.34,-101.45,29.15,36.0,2,51.38,Fair
0.408,-98.32,-76.85,-19.5,4.83,-108.46,13.44,25.0,3,40.64,Fair
0.144,-86.49,-69.55,-17.26,15.17,-107.53,10.98,27.0,2,53.08,Fair
0.02,-76.48,-51.96,-19.5,19.07,-102.02,36.55,43.0,0,60.01,Good
0.598,-102.52,-84.31,-16.65,-1.39,-102.59,32.88,40.0,0,42.62,Fair
0.442,-93.91,-70.79,-19.5,9.87,-107.76,6.22,18.0,3,50.71,Fair
0.391,-85.52,-63.93,-19.5,3.94,-93.76,50.95,50.0,3,42.89,Fair
0.609,-107.61,-91.45,-15.71,-4.39,-105.12,15.25,22.0,4,38.45,Fair
0.506,-98.91,-84.81,-15.31,-10.0,-95.88,49.33,50.0,1,28.04,Poor
0.104,-82.75,-64.41,-17.76,19.87,-104.4,29.34,52.0,1,59.08,Good
0.196,-92.33,-76.08,-16.53,15.2,-109.73,10.97,30.0,0,49.65,Fair
0.061,-76.4,-53.66,-19.5,29.13,-109.53,21.46,37.0,0,58.92,Good
0.063,-83.54,-66.28,-15.24,8.23,-96.23,46.61,50.0,0,45.98,Fair
0.507,-97.51,-80.41,-16.02,-10.0,-93.41,59.77,49.0,2,21.58,Poor
0.88,-104.99,-91.18,-13.07,-4.13,-109.9,12.48,29.0,2,38.09,Fair
1.48,-102.54,-83.28,-19.5,2.44,-110.35,7.13,22.0,1,37.42,Fair
0.445,-99.7,-85.22,-15.34,-10.0,-87.28,66.58,54.0,2,19.51,Poor
0.092,-84.74,-65.41,-19.11,13.46,-100.83,17.76,41.0,1,45.06,Fair
0.05,-74.41,-54.67,-19.5,17.75,-98.41,44.7,57.0,1,45.96,Fair
0.754,-105.67,-89.92,-15.92,-4.18,-104.1,33.68,36.0,3,36.11,Fair
0.389,-95.55,-74.68,-19.5,0.21,-100.19,48.45,48.0,1,24.16,Poor
0.433,-104.05,-86.87,-18.07,-7.77,-103.42,23.21,32.0,1,27.11,Poor
0.684,-105.07,-91.48,-14.16,-10.0,-95.22,59.05,57.0,2,27.7,Poor
0.547,-97.24,-74.61,-19.5,1.28,-102.12,15.31,38.0,3,21.79,Poor
0.809,-106.14,-90.91,-15.51,-8.57,-104.01,18.45,16.0,2,29.16,Poor
0.026,-74.82,-55.3,-19.5,17.28,-95.72,27.42,40.0,0,57.76,Good
0.619,-97.88,-78.6,-19.5,1.66,-107.18,34.06,35.0,0,31.68,Poor
0.856,-104.98,-85.81,-18.24,-2.39,-106.14,17.46,23.0,4,32.53,Poor
0.152,-84.38,-65.27,-18.65,6.79,-98.54,28.98,34.0,4,47.09,Fair
0.46,-96.42,-81.33,-17.09,3.74,-103.52,36.59,43.0,1,39.23,Fair
0.17,-86.9,-63.83,-19.5,-4.56,-89.06,68.03,58.0,0,29.68,Poor
1.426,-102.13,-81.26,-19.5,-10.0,-97.86,29.17,35.0,3,23.25,Poor
0.02,-69.17,-49.74,-19.11,29.05,-101.82,30.65,43.0,3,63.56,Good
0.39,-89.69,-75.69,-12.83,2.95,-101.38,17.78,35.0,4,53.11,Fair
0.082,-78.73,-63.67,-14.63,22.73,-103.72,15.8,25.0,2,64.17,Good
0.561,-101.08,-81.11,-19.5,3.75,-109.18,22.96,27.0,2,39.65,Fair
0.087,-77.72,-65.73,-10.6,25.29,-106.02,11.35,29.0,2,73.96,Good
0.121,-84.66,-65.64,-17.88,3.87,-94.11,60.21,60.0,1,33.84,Poor
0.307,-95.35,-81.34,-13.76,2.36,-103.31,53.6,38.0,3,38.12,Fair
1.108,-103.79,-88.39,-14.13,-10.0,-95.71,58.38,54.0,0,28.89,Poor
0.107,-80.22,-66.46,-11.96,10.13,-95.24,62.04,53.0,1,51.42,Fair
0.07,-79.22,-60.48,-19.03,11.62,-98.78,31.33,36.0,3,51.1,Fair
0.64,-92.85,-71.5,-19.5,-1.66,-97.24,51.9,51.0,2,34.94,Poor
0.312,-89.58,-70.53,-19.5,-10.0,-85.55,91.85,58.0,2,22.17,Poor
1.093,-102.68,-83.31,-18.45,-4.63,-103.85,40.03,49.0,2,20.94,Poor
0.071,-85.29,-66.79,-18.86,16.69,-104.02,34.67,39.0,2,45.89,Fair
0.467,-98.13,-78.08,-18.68,-9.62,-91.69,69.13,71.0,4,26.13,Poor
0.119,-85.32,-65.92,-19.5,9.78,-100.15,37.06,35.0,0,42.94,Fair
0.077,-79.02,-69.17,-9.72,18.85,-100.93,40.97,42.0,2,63.76,Good
0.518,-95.75,-75.03,-19.5,2.06,-103.05,29.47,34.0,0,32.53,Poor
0.405,-95.5,-75.09,-19.5,-4.34,-98.27,33.61,41.0,2,31.28,Poor
0.633,-99.55,-82.64,-16.23,4.29,-111.5,5.94,24.0,3,39.64,Fair
0.167,-85.61,-73.53,-12.2,13.66,-104.15,28.87,35.0,1,57.61,Good
0.267,-96.01,-77.28,-18.62,-8.26,-91.25,53.93,52.0,4,25.51,Poor
0.234,-84.64,-65.66,-19.5,11.03,-102.49,33.42,37.0,3,49.41,Fair
1.863,-117.6,-100.92,-16.83,-10.0,-105.18,21.29,32.0,2,24.15,Poor
0.156,-82.07,-63.51,-19.26,20.27,-107.26,16.65,38.0,2,48.95,Fair
0.157,-88.16,-66.95,-19.5,0.38,-92.47,56.18,54.0,2,35.06,Fair
0.197,-85.92,-60.73,-19.5,12.16,-99.34,34.14,45.0,3,45.41,Fair
0.374,-94.03,-75.59,-18.8,-4.23,-95.43,31.32,41.0,3,33.18,Poor
0.131,-85.02,-66.02,-19.24,-0.9,-89.92,83.9,79.0,3,30.67,Poor
1.111,-102.7,-87.18,-14.57,-10.0,-97.64,42.36,52.0,7,32.66,Poor
0.139,-83.68,-67.19,-16.85,7.02,-94.96,56.83,61.0,0,44.67,Fair
1.018,-105.48,-87.88,-15.56,-10.0,-96.23,41.42,46.0,1,25.37,Poor
0.049,-73.87,-52.33,-19.5,25.97,-105.42,36.23,37.0,1,60.53,Good
0.481,-102.0,-81.54,-19.5,-1.29,-107.67,23.45,33.0,2,28.77,Poor
1.069,-104.61,-80.82,-19.5,-6.81,-104.51,42.55,52.0,2,24.24,Poor
0.083,-79.16,-65.63,-13.49,11.07,-98.19,43.07,33.0,0,55.75,Good
1.554,-103.85,-89.82,-15.73,-9.29,-100.55,38.44,50.0,3,25.57,Poor
0.271,-90.86,-69.55,-19.5,-2.33,-94.63,65.17,58.0,1,24.54,Poor
1.311,-107.93,-85.59,-19.5,-10.0,-90.33,75.86,55.0,2,14.51,Poor
0.508,-94.55,-76.45,-18.64,2.8,-102.85,25.13,28.0,3,38.76,Fair
0.162,-90.9,-86.29,-4.96,-2.81,-93.12,64.42,63.0,2,47.9,Fair
0.094,-76.54,-60.77,-15.75,13.72,-98.25,39.26,43.0,1,51.53,Fair
0.163,-88.63,-69.62,-18.35,-0.1,-95.82,57.27,51.0,2,32.63,Poor
0.044,-83.21,-67.91,-14.29,15.89,-103.21,34.82,28.0,1,48.26,Fair
0.07,-85.79,-67.24,-19.5,18.55,-109.06,5.07,21.0,1,47.43,Fair
0.05,-77.93,-54.24,-19.5,16.18,-99.3,38.06,39.0,2,56.68,Good
0.247,-91.34,-69.07,-19.5,-4.7,-93.21,61.66,61.0,1,31.69,Poor
0.714,-93.21,-72.79,-19.5,9.91,-107.03,20.34,27.0,4,43.06,Fair
0.069,-85.01,-67.2,-18.41,14.44,-100.94,41.38,47.0,1,51.1,Fair
0.063,-79.94,-63.43,-15.31,20.82,-107.4,16.79,30.0,3,63.35,Good
0.464,-101.59,-81.31,-19.48,-4.08,-102.04,28.75,32.0,1,25.38,Poor
0.099,-85.96,-67.88,-16.64,13.79,-102.38,36.75,57.0,1,50.41,Fair
0.046,-70.75,-52.57,-17.16,27.92,-100.74,30.02,46.0,0,66.7,Good
0.082,-86.94,-73.6,-13.18,8.98,-103.47,32.54,44.0,2,53.11,Fair
1.158,-102.93,-87.08,-15.33,-7.68,-102.72,46.31,49.0,2,31.91,Poor
0.775,-100.23,-79.97,-19.5,-10.0,-83.89,85.75,74.0,3,15.72,Poor
0.197,-90.02,-75.32,-16.99,6.66,-100.81,43.93,44.0,1,43.97,Fair
0.48,-95.56,-76.77,-19.31,4.3,-104.38,17.05,31.0,3,36.06,Fair
0.347,-99.47,-80.23,-19.5,1.47,-104.84,25.95,46.0,4,29.41,Poor
0.509,-91.52,-72.11,-17.39,2.93,-98.11,51.51,59.0,1,45.65,Fair
0.517,-90.58,-70.9,-19.5,4.57,-99.64,41.95,43.0,1,37.64,Fair
0.446,-96.82,-76.93,-19.5,0.94,-100.75,28.17,39.0,3,40.18,Fair
0.139,-77.24,-61.12,-15.3,22.34,-102.5,45.56,,2,57.43,Good
0.02,-72.04,-58.44,-12.17,21.16,-95.1,33.15,31.0,1,60.97,Good
0.274,-91.17,-75.79,-17.36,4.75,-98.32,47.29,38.0,1,42.43,Fair
0.997,-98.26,,-18.23,-5.15,-96.66,43.95,57.0,2,23.7,Poor
0.379,-97.44,-83.04,-13.66,-4.54,-95.34,65.18,45.0,4,24.82,Poor
0.804,-107.64,-92.76,-14.6,-10.0,-90.84,69.66,65.0,6,27.0,Poor
2.152,-117.11,-102.25,-15.67,-10.0,-106.91,15.58,28.0,4,37.92,Fair
0.08,-73.97,-61.51,-11.56,22.85,-102.77,28.17,36.0,3,68.93,Good
0.53,-100.61,-86.05,-15.02,-10.0,-92.47,57.41,46.0,0,26.58,Poor
0.505,-98.82,-77.82,-19.5,11.48,-114.21,3.64,27.0,1,49.14,Fair
1.759,-113.36,-97.51,-15.74,-10.0,-102.97,31.0,35.0,1,27.72,Poor
1.908,-105.82,-93.07,-11.72,-0.65,-109.02,15.14,23.0,1,46.89,Fair
0.522,-101.5,-85.04,-16.52,-6.28,-98.93,31.96,20.0,1,36.36,Fair
0.126,-88.02,-68.48,-17.54,5.28,-99.41,43.93,48.0,3,42.24,Fair
0.721,-99.97,-87.47,-10.86,-3.76,-100.78,18.99,33.0,2,44.63,Fair
0.051,-82.57,-61.71,-19.5,2.71,-91.55,47.35,51.0,1,36.76,Fair
0.683,-101.41,-87.74,-13.85,-2.71,-102.97,44.05,50.0,1,39.41,Fair
1.085,-99.1,-82.29,-16.62,1.89,-102.57,48.23,41.0,0,32.97,Poor
0.217,-89.06,-72.29,-16.36,16.52,-109.63,15.99,26.0,5,54.52,Fair
0.448,-96.53,-80.21,-16.51,-6.17,-97.02,49.2,48.0,4,33.55,Poor
0.253,-91.24,-73.43,-16.54,4.56,-98.09,38.53,48.0,1,36.19,Fair
0.259,-93.86,-73.52,-19.5,13.73,-112.14,30.12,43.0,2,39.62,Fair
0.167,-80.53,-62.66,-19.28,11.15,-93.12,57.36,49.0,1,49.28,Fair
0.646,-103.47,-87.29,-16.64,-10.0,-95.94,36.27,41.0,6,24.52,Poor
1.238,-105.02,-85.65,-19.5,-7.14,-103.57,21.44,34.0,3,24.02,Poor
1.272,-105.63,-87.01,-19.5,-3.8,-105.46,42.35,47.0,3,25.25,Poor
0.086,-78.8,-62.81,-16.28,19.24,-104.01,16.54,26.0,4,62.82,Good
0.935,-99.01,-80.88,-19.25,9.08,-108.76,10.93,31.0,3,46.23,Fair
0.602,-99.73,-83.99,-13.51,-2.85,-106.17,24.43,43.0,0,38.13,Fair
0.131,-85.26,-69.86,-15.79,-5.54,-87.28,84.92,65.0,1,29.63,Poor
0.031,-72.88,-52.46,-19.5,,-105.77,3.22,22.0,3,55.88,Good
0.14,-96.1,-76.76,-17.94,-3.88,-99.09,53.47,59.0,1,36.1,Fair
1.095,-111.15,-90.84,-19.5,-10.0,-97.63,45.34,45.0,3,20.99,Poor
0.451,-99.53,-79.62,-19.5,-4.94,-100.76,14.89,32.0,2,36.54,Fair
0.575,-101.45,-86.11,-16.92,-9.31,-99.73,38.63,36.0,1,22.38,Poor
0.134,-91.39,-70.39,-19.5,12.17,-107.64,31.89,34.0,2,40.89,Fair
0.572,-96.16,-79.06,-16.41,-4.05,-94.95,43.31,44.0,2,29.83,Poor
0.02,-70.44,-49.65,-19.5,27.28,-99.08,42.27,42.0,1,68.89,Good
0.212,-91.42,-73.79,-18.24,2.77,-99.76,38.96,37.0,1,35.81,Fair
0.443,-101.98,-83.04,-17.04,-10.0,-97.67,35.19,45.0,2,30.24,Poor
0.071,-81.33,-62.3,-18.49,15.47,-103.38,16.11,25.0,1,49.89,Fair
0.779,-112.35,-91.91,-19.5,-10.0,-100.15,38.51,51.0,4,21.54,Poor
0.121,-86.35,-73.25,-13.95,13.61,-104.01,11.96,32.0,2,55.4,Good
0.475,-97.31,-84.04,-12.69,-7.47,-93.47,56.85,51.0,2,25.97,Poor
0.234,-90.45,-70.43,-19.42,-4.78,-90.98,87.53,50.0,2,23.92,Poor
0.408,-102.49,-83.42,-19.39,-3.16,-103.56,27.51,41.0,2,33.32,Poor
0.051,-77.45,-61.77,-16.46,15.36,-96.93,30.52,36.0,2,55.11,Good
0.02,-74.61,-55.52,-19.5,27.39,-107.79,22.87,30.0,1,58.71,Good
1.081,-107.94,-94.16,-13.89,-10.0,-89.98,60.9,57.0,4,19.8,Poor
0.141,-84.2,-56.41,-19.5,6.02,-96.2,44.54,38.0,1,39.22,Fair
0.771,-93.69,-71.76,-19.5,-5.12,-94.07,68.67,71.0,2,24.96,Poor
3.303,-114.17,-94.31,-19.5,-10.0,-101.02,42.84,49.0,5,20.75,Poor
0.107,-87.93,-69.7,-19.38,11.96,-102.09,42.72,41.0,0,42.73,Fair
0.139,-86.15,-70.0,-17.52,3.06,-95.74,50.16,47.0,1,39.71,Fair
0.489,-94.05,-79.98,-12.61,-4.29,-94.85,52.6,52.0,8,41.13,Fair
1.514,-105.13,-87.47,-18.99,-3.3,-109.2,16.18,27.0,3,27.0,Poor
1.114,-93.97,-78.55,-15.5,2.07,-102.99,39.33,48.0,1,36.19,Fair
0.315,-96.84,-81.25,-15.83,3.87,-106.04,3.54,24.0,1,49.37,Fair
0.713,-100.07,-86.32,-12.77,-4.25,-102.86,14.38,28.0,1,41.32,Fair
0.066,-74.28,-55.53,-18.7,10.88,-93.66,61.02,65.0,1,42.19,Fair
1.706,-102.7,-85.83,-16.09,-10.0,-92.37,74.17,62.0,7,25.94,Poor
1.5,-115.33,-95.72,-19.5,-10.0,-107.32,22.03,32.0,0,23.25,Poor
0.08,-82.23,-62.86,-19.5,13.25,-100.88,41.86,38.0,2,46.74,Fair
0.16,-82.21,-63.52,-19.5,16.62,-105.36,15.65,40.0,2,56.79,Good
0.047,-66.15,-40.17,-19.5,24.18,-96.97,55.45,44.0,1,58.95,Good
0.143,-84.33,-63.86,-19.48,20.46,-108.72,17.47,27.0,4,52.08,Fair
0.762,-103.12,-88.9,-15.37,-1.39,-105.15,19.61,37.0,6,34.07,Poor
0.214,-94.68,-75.31,-18.93,-9.84,-89.59,83.39,81.0,1,16.6,Poor
0.042,-67.72,-49.89,-17.89,15.2,-91.14,56.87,58.0,1,55.24,Good
0.189,-86.64,-72.66,-13.76,18.82,-110.25,8.57,21.0,4,59.61,Good
1.793,-112.47,-98.73,-12.79,-10.0,-107.78,10.35,17.0,5,29.6,Poor
0.447,-97.84,-78.48,-19.5,-3.99,-100.06,50.12,45.0,3,30.94,Poor
0.242,-90.48,-70.38,-19.5,4.81,-101.27,37.56,46.0,2,37.51,Fair
0.082,-80.2,-65.34,-15.59,18.39,-104.93,24.64,31.0,1,51.66,Fair
1.927,-113.3,-92.39,-19.5,-10.0,-99.5,37.17,37.0,4,17.26,Poor
0.774,-104.24,-85.39,-19.5,0.84,-109.84,7.19,24.0,1,34.79,Poor
0.149,-94.12,-72.53,-19.5,1.21,-99.29,38.33,35.0,3,31.68,Poor
0.033,-70.39,-49.12,-19.5,11.21,-87.35,79.16,60.0,2,41.12,Fair
0.026,-74.07,-56.54,-17.01,27.3,-110.29,5.53,21.0,2,73.52,Good
0.058,-77.51,-54.6,-19.5,15.32,-99.88,44.79,60.0,5,44.93,Fair
0.391,-90.18,-75.55,-14.54,-0.88,-92.54,83.8,79.0,3,33.02,Poor
1.189,-104.63,-79.46,-19.5,-10.0,-97.62,47.76,61.0,5,20.35,Poor
0.309,-94.28,-78.92,-17.35,-0.05,-98.53,43.4,52.0,1,29.52,Poor
0.833,-101.65,-83.79,-18.4,-10.0,-94.84,75.17,67.0,2,17.91,Poor
0.266,-92.27,-75.97,-17.56,-2.13,-95.87,50.1,44.0,3,29.76,Poor
0.555,-93.91,-77.04,-17.03,7.8,-106.0,21.79,32.0,1,52.84,Fair
0.592,-98.22,-71.45,-19.5,0.09,-102.84,42.49,45.0,1,37.05,Fair
0.086,-84.97,-68.36,-15.94,8.36,-96.49,51.05,50.0,2,44.42,Fair
0.202,-85.95,-65.39,-19.5,10.74,-101.62,33.27,45.0,6,50.53,Fair
0.456,-92.28,-74.99,-16.09,3.54,-100.97,30.5,37.0,2,40.19,Fair
0.033,-79.98,-59.17,-19.5,23.19,-109.49,11.52,23.0,0,61.95,Good
0.202,-84.02,-67.65,-15.66,19.51,-105.03,28.73,32.0,0,56.49,Good
0.344,-93.31,-74.54,-17.11,3.43,-102.29,28.77,42.0,4,39.82,Fair
2.511,-110.87,-90.98,-19.5,-10.0,-97.65,62.09,61.0,4,12.64,Poor
0.29,-89.24,-73.4,-18.06,1.34,-91.21,60.31,64.0,1,36.8,Fair
0.762,-103.92,-77.64,-19.5,-10.0,-96.83,30.44,32.0,1,28.54,Poor
0.255,-88.33,-68.29,-19.5,17.68,-111.81,20.84,32.0,1,50.64,Fair
0.716,-102.62,-85.3,-19.5,-7.56,-103.75,13.48,26.0,3,27.94,Poor
0.407,-102.12,-86.21,-15.36,0.51,-108.59,18.16,33.0,2,45.49,Fair
0.98,-107.82,-89.55,-18.76,-10.0,-97.28,44.13,45.0,3,18.85,Poor
0.238,-89.31,-74.95,-13.03,12.03,-102.83,34.05,41.0,3,56.22,Good
0.417,-100.21,-76.86,-19.5,-10.0,-95.76,50.5,48.0,4,31.48,Poor
0.447,-90.59,-71.3,-19.06,7.27,-102.7,33.68,39.0,3,37.23,Fair
0.243,-86.99,-69.26,-18.87,8.02,-99.42,42.94,44.0,2,50.45,Fair
0.07,-75.71,-54.57,-19.5,30.0,-113.22,8.99,20.0,1,68.56,Good
0.044,-76.6,-60.77,-16.89,12.1,-94.2,31.88,45.0,3,51.88,Fair
0.02,-69.41,-54.88,-15.08,30.0,-108.06,22.32,36.0,0,75.34,Excellent
0.931,-108.16,-90.55,-16.85,-9.73,-105.44,22.73,24.0,2,27.48,Poor
0.121,-81.77,-63.39,-16.91,11.32,-97.65,37.69,45.0,0,49.44,Fair
0.107,-83.14,-63.55,-19.18,-6.91,-85.2,74.06,72.0,2,27.67,Poor
0.599,-97.3,-83.73,-13.24,-10.0,-91.43,53.44,57.0,1,31.1,Poor
0.174,-82.09,-65.45,-16.53,20.84,-108.12,32.79,42.0,1,55.47,Good
0.317,-96.48,-87.73,-8.94,-4.99,-97.0,40.98,44.0,1,43.3,Fair
0.08,-82.65,-68.2,-14.65,6.01,-92.66,64.78,63.0,2,47.74,Fair
1.446,-105.9,-85.75,-18.81,-10.0,-101.96,23.39,27.0,4,20.45,Poor
0.858,-106.43,-85.54,-19.5,-10.0,-99.08,52.44,54.0,1,30.31,Poor
0.897,-103.82,-89.24,-14.74,-5.38,-99.91,33.39,,3,36.5,Fair
0.235,-89.49,-72.46,-15.89,-1.41,-90.24,70.03,67.0,4,32.09,Poor
0.647,-101.53,-83.45,-17.93,-6.05,-96.39,50.71,42.0,3,23.99,Poor
0.07,-75.78,-54.54,-19.5,12.9,-91.87,57.38,49.0,1,53.1,Fair
0.02,-76.49,-53.9,-19.5,,-101.46,39.16,47.0,6,60.77,Good
0.02,-65.95,-47.49,-18.49,25.1,-95.6,49.92,61.0,2,62.52,Good
0.398,-93.36,-76.15,-17.13,5.2,-104.62,27.5,32.0,3,46.94,Fair
0.273,-95.04,-81.38,-12.26,-0.62,-104.63,17.73,15.0,1,45.9,Fair
0.328,-98.05,-79.73,-17.53,2.7,-103.7,31.2,40.0,1,40.18,Fair
0.02,-78.77,-54.54,-19.5,8.94,-93.77,62.92,51.0,0,42.85,Fair
0.247,-95.08,-73.21,-19.5,1.27,-104.56,9.29,25.0,1,30.05,Poor
0.57,-94.94,-76.42,-16.73,-0.4,-98.35,45.04,41.0,1,26.3,Poor
0.263,-92.66,-73.75,-16.48,1.2,-104.1,37.72,54.0,0,43.51,Fair
0.593,-94.82,-78.89,-17.43,3.64,-105.38,23.94,39.0,2,42.14,Fair
0.119,-88.09,-71.16,-17.88,5.3,-96.76,42.28,36.0,0,44.61,Fair
0.755,-98.74,-80.3,-19.36,0.46,-103.53,20.37,31.0,2,42.11,Fair
0.4,-98.92,-80.47,-16.37,-5.74,-100.53,30.18,42.0,1,33.47,Poor
0.107,-88.49,-67.46,-19.5,11.22,-102.76,49.93,48.0,2,49.79,Fair
0.122,-86.2,-65.31,-19.5,21.6,-110.32,11.95,29.0,1,55.77,Good
0.445,-99.65,-80.09,-19.5,-10.0,-92.26,51.71,48.0,4,16.97,Poor
0.797,-108.21,-93.21,-15.27,-9.12,-102.37,11.75,32.0,3,32.66,Poor
0.242,-92.43,-77.32,-15.84,-6.38,-94.48,54.96,51.0,2,30.9,Poor
0.134,-86.21,-70.87,-15.83,9.41,-99.95,27.26,26.0,2,52.23,Fair
0.908,-98.1,-79.39,-18.0,9.47,-111.02,17.19,29.0,4,45.26,Fair
0.498,-94.21,-82.29,-12.37,1.41,-97.53,43.6,48.0,0,49.19,Fair
0.267,-87.7,-69.72,-17.44,24.75,-114.46,9.56,22.0,5,58.33,Good
0.301,-90.72,-68.5,-19.5,-1.23,-91.1,60.21,57.0,3,30.41,Poor
0.103,-82.99,-62.99,-19.5,5.14,-96.99,40.34,37.0,3,44.03,Fair
0.444,-101.87,-84.93,-17.88,-0.72,-107.58,20.62,33.0,2,35.81,Fair
0.2,-89.46,,-15.81,5.17,-102.43,33.02,42.0,0,41.33,Fair
2.446,-109.39,-88.97,-19.5,-10.0,-102.94,16.29,36.0,3,24.74,Poor
0.294,-87.58,-68.66,-19.5,2.7,-95.57,63.3,58.0,3,38.38,Fair
0.299,-90.81,-73.55,-15.59,9.85,-104.99,35.18,40.0,1,51.81,Fair
0.375,-90.55,-74.32,-15.94,-7.68,-90.67,51.35,42.0,3,34.25,Poor
1.119,-109.11,-90.88,-18.84,-10.0,-87.48,77.96,74.0,1,11.74,Poor
0.726,-102.54,-85.45,-18.68,-10.0,-91.82,66.23,55.0,3,16.94,Poor
0.27,-90.94,-70.59,-18.97,-6.33,-87.0,87.74,64.0,1,27.41,Poor
0.571,-94.5,-72.78,-19.5,2.35,-102.31,23.44,31.0,2,41.71,Fair
0.397,-96.58,-82.68,-13.74,0.01,-100.81,38.17,52.0,0,31.93,Poor
0.305,-94.05,-79.72,-13.38,7.9,-102.63,31.59,40.0,4,40.08,Fair
0.096,-81.0,-58.95,-19.5,7.2,-92.82,67.79,49.0,3,37.99,Fair
0.281,-97.5,-79.0,-19.5,-10.0,-87.74,77.3,71.0,1,24.57,Poor
0.127,-79.71,-65.11,-15.42,7.8,-89.25,84.4,71.0,1,47.58,Fair
1.108,-108.42,-87.47,-19.5,-10.0,-94.16,59.31,57.0,5,12.24,Poor
0.184,-97.01,-77.99,-17.87,-0.36,-101.25,31.29,33.0,2,38.88,Fair
1.369,-106.69,-82.08,-19.5,-9.81,-101.47,35.01,35.0,5,18.55,Poor
0.343,-87.93,-70.64,-18.25,7.91,-101.76,36.87,62.0,7,49.32,Fair
0.449,-94.72,-73.4,-19.5,5.31,-106.06,15.93,30.0,1,38.35,Fair
0.352,-91.96,-78.31,-14.16,0.86,-97.97,27.66,30.0,3,43.26,Fair
0.062,-79.87,-57.68,-19.5,0.2,-84.82,96.62,73.0,2,26.74,Poor
0.212,-91.18,-70.35,-19.5,,-89.17,58.2,64.0,2,24.56,Poor
0.047,-83.8,-60.99,-19.5,15.12,-101.97,25.05,41.0,2,51.47,Fair
0.439,-105.91,-84.57,-19.5,-2.29,-105.39,36.98,40.0,0,23.62,Poor
0.266,-91.76,-74.06,-16.81,2.39,-99.64,40.41,40.0,0,41.26,Fair
0.677,-95.38,-80.89,-14.94,9.05,-106.27,26.2,33.0,3,48.47,Fair
0.112,-83.69,-67.5,-17.25,8.36,-97.02,33.19,39.0,1,45.61,Fair
0.081,-79.77,-67.06,-13.19,21.92,-108.32,19.12,22.0,1,69.22,Good
0.235,-85.11,-69.87,-16.04,8.43,-97.87,48.14,53.0,3,44.16,Fair
1.175,-104.09,-84.82,-19.5,-6.43,-102.15,50.47,50.0,0,22.24,Poor
0.558,-99.43,-81.58,-18.1,-10.0,-90.94,72.09,60.0,0,18.64,Poor
0.244,-95.07,-77.74,-17.75,2.34,-101.77,28.36,31.0,0,38.55,Fair
0.328,-86.25,-70.63,-14.13,5.26,-95.89,41.67,37.0,4,44.92,Fair
0.04,-74.06,-61.38,-12.49,23.69,-102.6,21.23,38.0,1,69.88,Good
1.877,-113.25,-94.7,-19.5,-10.0,-95.83,64.0,64.0,6,18.59,Poor
0.494,-102.58,-83.44,-19.5,-10.0,-90.07,53.02,47.0,1,25.25,Poor
0.151,-82.64,-67.61,-15.21,19.4,-107.16,13.43,26.0,3,58.91,Good
0.397,-100.14,-83.74,-17.94,5.55,-107.71,39.84,37.0,3,36.76,Fair
0.052,-71.1,-48.47,-19.5,28.4,-101.72,37.32,32.0,0,66.89,Good
1.519,-118.67,-97.19,-19.5,-10.0,-92.93,63.2,80.0,4,12.51,Poor
0.086,-77.14,-63.6,-12.85,12.64,-93.15,62.29,53.0,0,51.38,Fair
0.47,-95.51,-77.76,-15.81,-5.62,-95.54,43.11,46.0,1,34.39,Poor
0.127,-85.65,-63.29,-19.5,9.36,-99.18,55.32,64.0,1,36.69,Fair
0.569,-99.82,-82.47,-16.89,-6.78,-103.13,18.51,40.0,0,42.08,Fair
0.675,-93.03,-75.84,-17.28,1.3,-101.05,39.49,37.0,1,36.99,Fair
0.504,-95.23,-73.95,-19.5,13.0,-113.41,13.44,22.0,0,46.71,Fair
0.429,-100.28,-79.32,-19.5,-4.48,-101.6,27.5,35.0,1,19.42,Poor
1.003,-110.91,-90.11,-18.96,-10.0,-102.35,41.43,29.0,1,15.95,Poor
0.037,-74.85,-57.64,-19.4,24.41,-104.8,22.01,26.0,0,57.32,Good
0.181,-89.2,-69.21,-19.5,1.58,-94.97,56.95,60.0,3,31.16,Poor
0.128,-92.32,-69.84,-19.5,-3.29,-96.92,80.86,69.0,1,21.51,Poor
1.991,-110.21,-92.36,-18.01,-10.0,-99.14,29.76,40.0,4,21.66,Poor
0.222,-93.26,-76.47,-14.62,12.54,-109.16,11.89,32.0,0,51.22,Fair
0.594,-99.45,-77.76,-19.5,-10.0,-97.33,57.3,,1,20.97,Poor
0.519,-95.42,-71.29,-19.5,6.87,-106.02,11.84,34.0,0,50.27,Fair
0.107,-78.72,-54.37,-19.5,25.74,-107.27,46.57,49.0,0,58.5,Good
0.123,-82.23,-65.35,-17.56,11.4,-99.07,31.6,42.0,0,46.43,Fair
0.149,-90.39,-73.21,-15.0,13.97,-108.71,6.21,19.0,3,57.21,Good
0.238,-90.1,-75.19,-16.61,-1.36,-93.15,47.63,39.0,1,37.18,Fair
0.12,-85.41,-67.06,-19.5,13.21,-101.15,39.41,46.0,1,48.61,Fair
0.02,-75.77,-61.0,-12.57,20.3,-99.22,66.72,72.0,1,59.92,Good
0.952,-101.99,-85.57,-16.7,-0.8,-105.49,34.07,47.0,2,38.46,Fair
1.516,-100.2,-80.09,-19.15,1.96,-103.87,25.76,33.0,1,38.59,Fair
0.188,-89.4,-70.23,-19.5,12.42,-105.79,29.87,40.0,2,43.48,Fair
0.186,-95.81,-83.24,-11.37,4.82,-107.47,31.68,47.0,2,51.78,Fair
0.02,-70.32,,-19.5,30.0,-104.82,18.88,31.0,3,77.5,Excellent
0.513,-103.08,-88.34,-16.04,3.31,-107.7,15.57,19.0,0,35.7,Fair
0.785,-98.46,-83.34,-16.14,-7.99,-97.33,58.17,45.0,1,25.72,Poor
0.071,-79.09,-64.81,-12.75,24.27,-105.21,32.65,43.0,4,72.02,Good
0.078,-82.67,-66.65,-15.71,7.67,-96.47,47.34,43.0,2,48.11,Fair
0.702,-102.27,-86.96,-16.64,3.5,-111.55,2.74,20.0,1,38.94,Fair
0.431,-97.56,-82.18,-15.11,8.5,-108.09,24.19,27.0,4,46.49,Fair
0.021,-70.68,-60.07,-11.73,24.32,-99.1,40.7,39.0,0,63.37,Good
0.438,-99.95,-81.56,-18.0,0.85,-107.92,15.57,29.0,1,35.75,Fair
0.166,-94.02,-75.32,-18.65,-7.61,-90.45,86.27,79.0,0,25.95,Poor
0.207,-85.81,-61.07,-19.5,20.96,-108.72,5.51,27.0,3,57.07,Good
0.661,-101.96,-82.5,-19.5,-5.76,-103.23,20.12,32.0,0,30.63,Poor
0.75,-100.84,-84.33,-16.95,-10.0,-94.66,71.71,62.0,0,14.68,Poor
0.23,-90.14,-75.74,-13.82,8.71,-106.7,12.97,27.0,1,53.9,Fair
1.323,-105.15,-87.44,-18.63,-2.66,-107.18,6.11,22.0,0,31.47,Poor
0.235,-96.14,-76.8,-19.5,-8.95,-91.87,57.95,59.0,0,24.34,Poor
0.665,-107.17,-90.68,-15.27,-10.0,-97.55,50.05,52.0,4,25.67,Poor
0.298,-95.86,-77.67,-16.53,5.5,-106.62,23.09,26.0,1,36.04,Fair
1.025,-102.64,-78.95,-19.5,2.98,-107.94,16.39,31.0,1,37.38,Fair
1.073,-107.53,-90.68,-15.8,-10.0,-83.92,80.92,76.0,4,23.48,Poor
0.041,-77.92,-65.58,-11.68,20.26,-100.86,28.26,33.0,4,68.54,Good
1.24,-97.37,-76.75,-19.5,-2.86,-102.96,26.7,37.0,1,40.1,Fair
0.786,-109.3,-90.36,-19.5,-10.0,-101.15,36.0,44.0,1,27.76,Poor
0.705,-104.0,-91.12,-14.14,-8.6,-99.03,57.62,36.0,1,27.55,Poor
0.101,-76.58,-57.3,-17.86,21.13,-102.87,28.8,36.0,2,61.09,Good
0.736,-101.53,-86.52,-16.34,-2.73,-102.1,33.83,45.0,2,36.79,Fair
0.854,-105.46,-86.14,-19.5,-10.0,-98.92,52.03,48.0,6,24.57,Poor
0.154,-83.11,-59.39,-19.5,,-104.69,29.53,32.0,5,48.97,Fair
1.369,-106.51,-89.04,-17.98,-10.0,-96.93,43.3,45.0,3,21.27,Poor
0.023,-73.0,-51.75,-19.5,23.62,-103.57,35.03,47.0,0,56.59,Good
0.073,-80.63,-66.31,-15.32,19.97,-101.72,61.74,57.0,0,51.05,Fair
0.347,-97.47,-84.02,-12.3,3.72,-103.56,23.82,28.0,0,45.41,Fair
0.386,-99.82,-75.77,-19.5,4.13,-111.17,2.54,13.0,2,40.21,Fair
0.466,-97.84,-78.92,-17.31,-0.61,-100.22,34.78,39.0,1,39.47,Fair
0.02,-74.49,-54.58,-19.29,14.32,-91.81,81.39,80.0,1,44.19,Fair
1.453,-107.21,-85.75,-19.5,-7.86,-106.06,24.98,46.0,4,29.78,Poor
0.021,-69.24,-52.82,-16.52,23.13,-95.03,59.31,56.0,2,58.92,Good
0.069,-77.55,-57.07,-19.5,17.77,-99.7,37.22,32.0,0,57.69,Good
0.02,-65.93,-45.91,-18.88,30.0,-103.78,19.01,40.0,2,72.29,Good
0.377,-97.16,-83.05,-16.03,1.56,-105.19,24.87,42.0,3,32.3,Poor
1.211,-103.68,-81.14,-19.5,-10.0,-94.97,62.42,54.0,3,18.76,Poor
0.493,-95.91,-73.99,-19.5,-6.29,-95.23,34.91,31.0,2,31.65,Poor
0.778,-100.52,-86.37,-12.35,0.03,-107.96,9.53,24.0,5,45.4,Fair
0.02,-72.36,-53.76,-17.78,27.95,-103.27,10.5,23.0,0,65.59,Good
0.351,-99.05,-81.75,-18.55,3.22,-106.2,21.74,40.0,2,32.53,Poor
0.277,-90.87,-68.62,-19.5,-4.97,-95.28,51.53,43.0,0,22.07,Poor
0.311,-100.71,-86.94,-13.05,-10.0,-96.87,36.18,50.0,4,30.47,Poor
0.034,-75.89,-47.08,-19.5,16.03,-98.63,28.66,28.0,3,49.72,Fair
0.519,-108.54,-91.06,-17.49,-6.95,-108.36,28.85,35.0,1,24.84,Poor
0.315,-99.33,-79.12,-19.5,-10.0,-95.91,34.74,32.0,4,24.81,Poor
0.652,-103.81,-81.64,-19.5,-8.81,-102.13,37.18,46.0,1,20.11,Poor
0.299,-89.15,-71.74,-18.84,10.19,-103.38,32.43,37.0,5,51.44,Fair
0.073,-78.61,-60.95,-17.05,22.94,-103.86,30.01,44.0,0,50.06,Fair
0.47,-99.68,-83.19,-15.98,-10.0,-92.35,45.28,65.0,4,26.88,Poor
0.085,-79.79,-64.44,-18.71,5.08,-93.26,69.55,59.0,0,33.25,Poor
0.926,-99.8,-80.98,-17.75,-0.26,-106.68,15.04,36.0,3,38.31,Fair
0.427,-97.28,-79.68,-17.08,-0.19,-103.32,25.95,37.0,0,36.87,Fair
0.077,-87.38,-70.9,-16.0,5.84,-101.46,32.26,36.0,3,44.99,Fair
1.476,-108.22,-91.57,-16.33,-10.0,-98.97,36.88,46.0,4,28.56,Poor
0.329,-94.76,-75.03,-19.5,9.29,-106.63,22.42,42.0,1,41.45,Fair
0.034,-79.83,-64.22,-16.15,19.28,-105.59,13.81,21.0,3,60.38,Good
0.444,-95.49,-78.23,-16.4,2.23,-103.64,39.67,44.0,6,39.44,Fair
0.131,-85.32,-64.62,-19.5,14.11,-104.0,35.34,45.0,1,46.71,Fair
0.733,-99.53,-80.79,-17.82,-1.48,-103.3,24.87,36.0,3,27.14,Poor
0.766,-100.58,-85.73,-16.82,-10.0,-97.18,43.13,48.0,5,21.8,Poor
1.737,-105.88,-87.95,-19.2,-10.0,-82.05,88.49,72.0,3,21.38,Poor
0.314,-94.67,-75.36,-16.27,-2.53,-98.9,56.77,65.0,0,32.69,Poor
0.273,-91.95,-70.98,-19.5,2.68,-98.39,33.41,37.0,7,34.17,Poor
0.63,-101.59,-85.86,-15.31,-3.81,-99.47,56.6,57.0,2,21.2,Poor
0.064,-82.59,-66.26,-15.7,19.66,-108.92,17.64,35.0,1,66.24,Good
0.356,-89.71,-73.79,-15.75,15.38,-107.8,9.42,26.0,3,53.73,Fair
0.356,-103.22,-87.16,-15.92,-10.0,-98.8,31.28,33.0,2,21.76,Poor
0.042,-73.2,-53.98,-19.03,19.29,-94.35,61.2,50.0,3,57.41,Good
0.244,-94.25,-74.47,-19.45,-0.45,-100.05,35.72,38.0,0,31.0,Poor
0.864,-105.74,-84.58,-19.5,-10.0,-95.79,46.62,57.0,1,15.54,Poor
0.873,-101.78,-84.05,-17.12,-5.89,-102.63,26.86,30.0,3,29.88,Poor
0.047,-83.59,-69.8,-13.05,10.89,-99.27,28.28,37.0,1,58.05,Good
0.043,-80.09,-60.08,-19.5,10.6,-98.33,42.63,37.0,2,42.07,Fair
0.137,-90.2,-71.73,-19.5,-1.72,-92.68,38.69,47.0,3,34.21,Poor
0.935,-104.31,-86.13,-19.5,-5.0,-103.48,26.45,42.0,4,24.25,Poor
0.062,-83.22,-69.07,-13.94,14.19,-105.11,12.79,28.0,1,57.36,Good
0.573,-92.77,-75.36,-18.53,-2.94,-92.48,74.4,50.0,1,23.12,Poor
0.048,-70.62,-56.2,-13.78,28.23,-102.61,43.21,54.0,1,73.3,Good
0.439,-104.96,-85.51,-19.5,0.17,-109.24,27.18,39.0,0,36.58,Fair
0.198,-87.8,-71.09,-18.04,14.11,-107.77,37.78,37.0,0,49.34,Fair
0.7,-97.48,-81.04,-16.07,,-101.45,36.19,41.0,1,29.75,Poor
0.12,-83.47,-70.08,-12.46,15.36,-101.94,9.83,17.0,2,64.43,Good
0.459,-99.88,-78.8,-19.5,-6.97,-97.51,38.75,36.0,5,24.01,Poor
0.121,-86.7,-69.48,-16.39,15.22,-107.55,5.26,20.0,2,52.38,Fair
0.563,-102.01,-83.75,-18.75,-10.0,-94.23,67.59,68.0,1,18.94,Poor
0.931,-105.07,-89.28,-15.88,-10.0,-104.82,6.06,,5,30.28,Poor
0.061,-84.69,-71.64,-14.45,4.92,-98.02,38.23,38.0,1,45.28,Fair
0.906,-103.62,-87.21,-16.83,2.76,-110.51,16.19,30.0,2,29.83,Poor
0.405,-102.19,-85.3,-15.95,-10.0,-84.2,92.35,76.0,4,12.64,Poor
0.061,-80.67,-61.79,-18.86,14.1,-100.87,44.05,41.0,1,42.53,Fair
0.251,-97.02,-80.09,-16.37,-8.13,-95.99,54.37,43.0,1,31.61,Poor
0.079,-81.23,-65.38,-17.15,16.24,-103.26,40.29,56.0,2,61.26,Good
0.542,-101.42,-87.93,-15.35,-10.0,-95.02,36.22,35.0,2,27.44,Poor
0.64,-98.98,-80.83,-18.41,-10.0,-94.11,76.72,74.0,5,21.62,Poor
0.05,-73.88,-58.27,-16.28,10.43,-90.16,67.65,73.0,0,46.56,Fair
0.317,-87.7,-65.74,-19.5,1.73,-93.18,52.41,53.0,2,37.01,Fair
0.758,-111.72,-93.27,-18.07,-10.0,-102.51,23.99,37.0,1,24.22,Poor
1.238,-109.2,-89.51,-18.99,-10.0,-98.51,42.29,47.0,3,20.97,Poor
0.324,-95.46,-78.2,-17.81,4.23,-106.44,22.44,40.0,0,42.36,Fair
1.351,-104.78,-86.17,-18.24,-5.96,-104.17,25.34,27.0,7,26.85,Poor
0.345,-101.39,-86.06,-15.85,-4.5,-103.85,38.22,42.0,3,33.54,Poor
0.226,-95.03,-80.57,-14.79,-0.85,-99.03,37.44,39.0,0,44.73,Fair
0.848,-102.06,-84.01,-17.4,-2.9,-101.44,28.58,36.0,7,30.9,Poor
0.306,-93.39,-73.68,-19.5,-1.63,-96.54,62.04,53.0,0,29.22,Poor
0.287,-91.69,-79.52,-11.08,4.84,-96.88,49.37,51.0,3,51.5,Fair
0.303,-91.89,-75.39,-18.33,3.08,-100.88,35.15,44.0,1,43.03,Fair
0.844,-101.18,-77.66,-19.5,3.21,-107.58,19.15,25.0,6,30.2,Poor
0.803,-101.33,-81.89,-17.66,-8.94,-93.92,64.44,55.0,5,25.66,Poor
0.233,-91.14,-68.53,-19.5,-8.13,-85.28,71.13,62.0,0,24.18,Poor
0.182,-86.61,-70.51,-16.66,3.06,-95.53,63.98,56.0,3,34.63,Poor
0.305,-102.66,-86.04,-16.5,-1.81,-103.56,44.44,45.0,2,28.87,Poor
0.383,-89.5,-68.6,-19.5,7.83,-101.1,49.63,45.0,4,41.7,Fair
0.123,-94.65,-74.78,-19.5,-9.92,-90.2,81.08,46.0,1,18.95,Poor
0.711,-105.36,-87.65,-16.96,-4.59,-103.89,18.24,36.0,2,31.62,Poor
0.3,-94.48,-80.26,-14.51,-0.85,-99.16,55.16,47.0,1,47.58,Fair
0.183,-86.6,-65.13,-19.5,11.79,-105.56,13.95,31.0,0,47.93,Fair
0.051,-90.27,-64.74,-19.5,4.32,-99.11,48.63,50.0,0,40.62,Fair
0.123,-85.97,-72.68,-13.89,11.1,-102.31,33.07,36.0,0,48.28,Fair
1.342,-103.39,-81.18,-19.5,-0.76,-111.22,15.99,25.0,2,35.69,Fair
0.164,-84.36,-67.77,-15.12,14.93,-104.94,23.67,36.0,0,55.7,Good
0.083,-85.3,-68.3,-17.31,11.11,-102.08,45.49,49.0,1,51.78,Fair
0.278,-94.11,-75.3,-18.3,-10.0,-91.91,70.27,71.0,3,18.27,Poor
0.165,-90.87,-76.49,-15.28,4.36,-100.44,38.61,46.0,1,34.16,Poor
0.02,-72.02,-54.13,-16.95,15.94,-93.15,42.35,43.0,3,56.02,Good
0.176,-93.07,-79.9,-12.73,-4.5,-95.35,66.26,,0,32.47,Poor
0.353,-98.55,-79.12,-18.22,-4.38,-98.48,34.65,38.0,1,29.71,Poor
0.361,-93.44,-68.74,-19.5,-7.98,-88.36,85.45,65.0,0,13.73,Poor
0.198,-89.47,-73.39,-16.3,2.73,-91.68,59.57,66.0,2,39.69,Fair
0.267,-90.59,-73.1,-15.58,-5.07,-94.33,38.07,36.0,1,30.8,Poor
1.515,-106.76,-89.12,-15.88,-7.42,-102.8,30.9,38.0,4,24.97,Poor
0.213,-87.8,-66.84,-19.5,13.0,-105.29,23.66,32.0,4,44.49,Fair
0.134,-83.12,,-19.5,19.22,-103.94,23.51,33.0,1,52.89,Fair
0.126,-93.01,-72.25,-19.5,14.95,-114.03,10.91,28.0,2,45.97,Fair
0.275,-96.25,-79.77,-17.0,-8.36,-95.43,57.08,54.0,2,28.29,Poor
0.641,-101.08,-81.78,-18.75,-3.58,-106.06,28.35,38.0,3,31.27,Poor
0.104,-84.5,-76.6,-7.31,6.0,-97.92,54.76,45.0,2,58.87,Good
0.556,-101.6,-81.59,-19.5,-2.24,-104.47,27.94,,3,34.34,Poor
0.02,-66.8,-52.45,-15.09,14.27,-89.21,73.56,76.0,1,56.15,Good
0.244,-83.87,-66.86,-17.76,8.45,-96.58,53.34,47.0,5,52.48,Fair
0.673,-99.83,-79.59,-19.5,3.68,-109.6,7.16,19.0,3,35.79,Fair
0.186,-89.1,-75.71,-13.23,5.57,-99.5,49.01,61.0,0,51.32,Fair
0.373,-92.07,-70.8,-19.5,6.07,-104.13,29.02,34.0,2,34.98,Poor
0.103,-91.82,-74.2,-19.09,3.81,-99.19,24.77,33.0,0,37.99,Fair
0.61,-99.6,-77.24,-19.5,6.47,-106.06,22.54,35.0,2,48.06,Fair
0.024,-68.1,-52.81,-16.65,14.24,-90.52,65.66,61.0,1,51.02,Fair
0.861,-105.29,-92.73,-12.74,-6.85,-100.12,45.53,44.0,1,25.44,Poor
0.099,-88.94,-71.03,-18.7,4.22,-99.93,79.81,71.0,0,32.27,Poor
0.934,-104.16,-84.39,-18.7,-3.42,-111.42,22.5,42.0,2,29.53,Poor
0.196,-90.11,-70.1,-19.28,9.38,-102.97,37.63,38.0,1,42.91,Fair
0.577,-102.88,-88.28,-14.94,-10.0,-88.33,75.03,73.0,1,24.31,Poor
0.173,-80.43,-67.3,-11.68,21.22,-106.75,18.04,31.0,0,66.42,Good
1.064,-106.46,-89.4,-15.94,-10.0,-97.68,61.48,47.0,2,23.18,Poor
0.061,-84.45,,-19.5,7.23,-97.33,53.74,50.0,2,34.95,Poor
0.088,-83.41,-64.01,-19.08,1.67,-93.19,59.92,54.0,0,34.96,Poor
0.306,-90.1,-67.39,-19.5,17.45,-111.19,6.51,,1,50.07,Fair
0.038,-75.86,-58.98,-17.46,6.15,-90.46,77.59,62.0,1,40.13,Fair
0.098,-81.98,-69.52,-13.57,12.59,-99.85,50.93,45.0,1,56.51,Good
1.295,-109.74,-88.15,-19.5,-10.0,-96.44,39.06,55.0,5,26.7,Poor
1.688,-102.6,-84.01,-17.95,-10.0,-83.6,82.39,78.0,0,20.58,Poor
0.212,-88.34,-69.49,-19.27,11.96,-105.77,11.27,23.0,1,54.87,Fair
1.155,-101.07,-80.77,-19.5,-7.35,-97.46,61.63,53.0,3,19.52,Poor
0.354,-93.55,-71.76,-19.5,4.04,-101.71,40.87,51.0,3,36.72,Fair
0.141,-83.77,-65.84,-18.59,9.53,-99.17,45.48,44.0,1,49.1,Fair
0.545,-102.24,-80.71,-19.5,9.39,-115.08,3.21,20.0,3,45.18,Fair
0.484,-99.68,-80.02,-19.5,-10.0,-86.61,83.16,,4,15.83,Poor
2.035,-104.79,-88.75,-15.78,2.65,-112.12,16.88,23.0,3,45.07,Fair
0.139,-80.66,-63.36,-18.26,21.04,-109.57,23.58,33.0,2,62.51,Good
0.502,-102.61,-82.76,-19.5,2.69,-110.84,6.97,31.0,2,35.61,Fair
0.024,-70.97,-55.1,-17.62,30.0,-110.19,14.49,35.0,3,73.09,Good
0.054,-80.58,-59.92,-19.5,14.55,-99.2,32.18,32.0,0,51.76,Fair
0.02,-73.23,-54.76,-19.5,21.39,-99.79,41.01,51.0,0,56.75,Good
3.386,-113.46,-94.31,-19.5,-10.0,-93.63,64.67,59.0,4,19.71,Poor
0.729,-96.71,-74.39,-19.5,-4.47,-98.26,39.47,54.0,2,29.1,Poor
0.695,-99.05,-79.98,-19.5,-10.0,-92.72,43.51,57.0,3,24.17,Poor
0.321,-95.43,-77.21,-17.99,4.95,-107.96,18.39,40.0,2,30.28,Poor
0.161,-86.11,-68.35,-17.04,5.82,-97.27,51.82,52.0,2,49.39,Fair
0.074,-82.92,-65.32,-17.63,12.33,-103.38,15.25,23.0,4,55.52,Good
0.151,-85.97,-67.04,-18.97,18.58,-108.07,22.7,28.0,1,62.1,Good
0.212,-84.99,-62.9,-19.5,6.48,-97.89,40.66,54.0,2,46.96,Fair
0.635,-108.38,-92.22,-16.36,-10.0,-96.41,67.46,61.0,3,18.52,Poor
0.349,-91.7,-75.76,-14.63,5.94,-100.61,35.71,38.0,3,44.07,Fair
0.036,-81.59,-59.73,-19.5,11.48,-99.05,43.25,39.0,0,41.36,Fair
0.02,-65.53,-49.23,-16.86,30.0,-105.15,22.96,39.0,3,73.73,Good
0.049,-80.45,-61.81,-19.5,17.45,-106.06,28.12,30.0,2,54.78,Fair
0.238,-96.43,-80.21,-14.18,-4.35,-98.25,37.86,34.0,1,34.69,Poor
1.218,-102.94,-89.98,-13.86,-8.12,-101.67,25.86,32.0,1,36.88,Fair
0.457,-95.75,,-18.94,8.34,-107.77,21.07,43.0,3,40.67,Fair
0.728,-105.26,-83.91,-19.5,-10.0,-92.49,56.1,,1,19.09,Poor
0.283,-98.07,-80.25,-17.15,-0.11,-98.47,41.13,37.0,1,27.22,Poor
0.202,-90.9,-77.34,-11.51,5.89,-99.03,32.76,39.0,0,40.13,Fair
0.052,-83.24,-64.91,-19.02,8.03,-97.44,62.88,53.0,0,33.62,Poor
0.939,-107.71,-91.98,-17.29,-8.34,-105.24,26.22,31.0,3,24.67,Poor
0.688,-100.3,-90.16,-11.63,-1.79,-100.8,45.61,53.0,1,40.27,Fair
0.083,-86.33,-68.57,-16.03,9.77,-101.37,19.26,36.0,1,48.7,Fair
0.323,-92.51,-72.95,-19.5,-3.21,-94.41,62.1,65.0,2,30.89,Poor
0.301,-87.63,-66.1,-19.5,2.75,-99.29,53.82,59.0,3,30.46,Poor
0.441,-97.51,-74.24,-19.5,-10.0,-94.51,69.46,61.0,1,22.77,Poor
1.315,-105.86,-85.91,-18.94,-10.0,-99.11,62.0,61.0,1,19.09,Poor
0.39,-87.77,-66.97,-19.5,12.19,-104.13,9.45,27.0,3,54.21,Fair
0.35,-99.65,-85.5,-14.29,-10.0,-92.76,50.15,54.0,3,26.01,Poor
0.023,-66.92,-44.06,-19.5,30.0,-107.71,29.4,35.0,2,65.53,Good
0.029,-69.33,-47.53,-19.5,22.52,-94.88,63.73,45.0,1,61.24,Good
0.093,-80.08,-63.18,-16.22,8.77,-93.22,74.11,83.0,2,44.52,Fair
0.02,-65.28,-45.23,-19.5,30.0,-108.71,17.93,31.0,1,66.6,Good
0.612,-98.63,-78.88,-19.5,-1.09,-103.14,24.52,41.0,0,33.03,Poor
0.578,-101.59,-79.18,-19.5,-10.0,-88.34,65.44,46.0,0,12.38,Poor
0.066,-76.12,-58.57,-17.79,14.74,-96.81,48.47,53.0,3,48.72,Fair
0.814,-97.69,-81.93,-17.18,-10.0,-81.1,63.62,72.0,4,24.46,Poor
0.076,-77.27,,-15.34,26.17,-106.82,7.41,27.0,1,74.75,Good
0.161,-88.03,-67.34,-19.5,3.73,-94.71,60.93,50.0,1,29.85,Poor
0.129,-89.13,-76.89,-12.26,-2.56,-90.29,88.28,76.0,2,41.58,Fair
0.21,-89.7,-80.69,-9.96,-3.02,-88.83,68.71,59.0,2,34.84,Poor
0.132,-82.73,-62.04,-19.5,10.45,-98.93,46.89,49.0,1,47.83,Fair
0.302,-89.53,,-18.69,7.87,-99.32,35.17,40.0,1,46.04,Fair
0.235,-93.19,-75.14,-18.33,2.57,-101.65,35.55,36.0,1,34.84,Poor
1.94,-108.5,-94.41,-13.37,-10.0,-102.51,21.93,31.0,1,36.59,Fair
0.026,-77.83,-64.96,-11.22,28.46,-111.98,15.48,33.0,4,79.01,Excellent
0.069,-76.96,,-16.96,13.84,-96.18,41.73,52.0,0,48.85,Fair
0.024,-75.24,-56.15,-19.5,24.9,-102.68,20.6,38.0,1,55.21,Good
0.442,-93.79,-77.55,-17.22,7.61,-108.62,15.74,34.0,0,46.39,Fair
0.025,-76.97,-56.27,-19.5,10.33,-91.41,70.17,,2,46.09,Fair
0.815,-98.11,-82.97,-14.67,-9.82,-93.49,69.32,53.0,3,25.28,Poor
0.323,-92.92,-76.48,-14.28,4.9,-102.36,55.58,52.0,1,45.64,Fair
0.337,-97.7,-77.59,-19.5,1.3,-106.41,32.95,45.0,4,39.65,Fair
0.371,-92.65,-75.78,-16.93,3.98,-102.88,35.38,48.0,1,38.73,Fair
0.084,-84.98,-67.96,-16.32,12.5,-98.47,56.04,54.0,2,36.12,Fair
0.099,-81.01,-64.94,-15.7,15.16,-104.94,16.01,27.0,3,63.05,Good
0.173,-89.9,-74.38,-15.12,-2.52,-93.45,52.79,58.0,0,28.39,Poor
0.405,-103.06,-83.99,-17.19,-10.0,-96.99,57.6,56.0,2,19.37,Poor
0.106,-88.53,-69.08,-18.6,8.63,-102.14,37.62,49.0,1,39.58,Fair
0.056,-80.79,-62.1,-17.78,21.15,-108.89,21.53,31.0,0,58.08,Good
1.58,-102.5,-86.35,-16.99,-9.05,-99.23,42.55,50.0,3,22.8,Poor
0.02,-66.84,-49.44,-16.66,24.04,-96.75,45.34,47.0,1,68.52,Good
0.73,-94.79,-72.0,-19.5,7.77,-108.54,15.63,33.0,3,42.58,Fair
0.698,-94.28,-80.54,-13.72,-2.29,-99.14,38.84,39.0,3,47.35,Fair
0.159,-90.21,-66.55,-19.5,8.84,-106.47,4.32,21.0,1,44.79,Fair
0.066,-81.22,-62.92,-18.44,8.99,-95.7,83.8,69.0,2,34.57,Poor
0.071,-82.77,-65.31,-16.87,12.56,-99.27,33.32,40.0,2,52.88,Fair
0.538,-101.32,-80.46,-19.5,-8.65,-99.68,54.38,53.0,4,27.3,Poor
0.463,-104.7,-92.9,-12.94,-10.0,-96.81,43.79,43.0,2,25.9,Poor
0.687,-100.81,-78.67,-19.5,-10.0,-90.04,59.51,56.0,0,25.8,Poor
1.248,-111.07,-87.5,-19.5,-9.79,-107.14,30.51,34.0,3,17.6,Poor
0.53,-98.64,-77.37,-19.02,-1.66,-103.28,29.58,24.0,1,32.45,Poor
0.076,-73.29,-61.6,-11.27,16.16,-94.89,57.33,,3,61.88,Good
0.126,-88.08,-67.79,-19.5,0.19,-94.29,48.55,53.0,2,34.16,Poor
0.831,-101.62,-78.68,-19.5,-9.79,-96.48,65.29,47.0,4,21.26,Poor
0.106,-80.94,-58.31,-19.5,18.48,-100.72,42.1,50.0,2,51.79,Fair
0.034,-73.73,-59.95,-12.23,28.84,-107.74,22.07,34.0,0,73.57,Good
0.547,-97.6,-76.55,-19.5,-3.41,-98.63,38.68,49.0,1,29.7,Poor
0.232,-92.79,-69.4,-19.5,14.18,-111.48,25.78,42.0,0,43.31,Fair
1.137,-106.05,-87.96,-16.25,-10.0,-89.82,69.14,73.0,3,21.95,Poor
0.473,-101.35,-87.71,-13.21,-0.67,-103.41,19.07,24.0,2,38.03,Fair
0.043,-73.41,-52.93,-19.29,30.0,-106.38,22.29,37.0,3,70.37,Good
1.329,-113.44,-92.28,-19.5,-10.0,-100.55,43.05,52.0,1,21.5,Poor
0.135,-82.76,-65.18,-16.88,17.35,-106.85,13.05,29.0,3,55.14,Good
0.185,-95.01,-80.58,-13.85,,-93.03,85.41,69.0,1,29.75,Poor
0.232,-87.48,-66.54,-19.5,9.46,-103.69,25.04,33.0,0,38.84,Fair
0.024,-73.26,-57.56,-15.06,21.6,-98.89,44.29,52.0,1,56.37,Good
0.309,-98.75,-79.56,-19.17,-0.73,-103.81,35.89,42.0,2,37.5,Fair
0.059,-77.28,-54.6,-19.5,10.1,-92.11,53.6,44.0,3,49.15,Fair
0.231,-87.58,-74.56,-13.24,18.61,-110.46,18.47,32.0,3,62.51,Good
0.194,-91.57,-70.85,-19.5,5.5,-102.6,36.59,44.0,1,38.7,Fair
0.667,-97.61,-80.23,-16.18,-10.0,-86.41,70.17,60.0,4,21.63,Poor
0.731,-110.44,-92.98,-18.72,-10.0,-100.35,55.14,41.0,2,15.58,Poor
0.075,-86.89,-67.35,-19.5,8.51,-102.56,18.94,31.0,0,48.26,Fair
0.205,-85.13,-69.44,-15.4,9.49,-97.03,56.87,47.0,2,40.56,Fair
0.21,-91.39,-76.92,-17.29,5.71,-100.05,28.69,47.0,3,38.97,Fair
0.074,-88.94,-76.29,-13.52,6.78,-102.85,29.1,46.0,1,50.79,Fair
0.721,-103.96,-82.27,-19.37,-10.0,-92.34,62.4,56.0,2,14.93,Poor
0.553,-102.56,-85.68,-16.24,-2.62,-105.74,17.73,30.0,2,37.09,Fair
0.095,-84.31,-64.6,-19.14,13.33,-101.72,32.47,30.0,1,42.11,Fair
0.206,-91.78,-75.24,-15.51,4.9,-100.28,39.74,50.0,3,46.78,Fair
0.05,-77.49,-62.98,-14.1,22.45,-103.56,23.82,34.0,3,60.72,Good
0.445,-97.27,-77.31,-18.69,-0.36,-101.17,38.5,39.0,2,34.42,Poor
0.058,-74.01,-55.03,-18.63,21.89,-100.23,37.51,50.0,0,56.07,Good
1.919,-107.97,-90.68,-18.23,-6.53,-105.9,28.2,38.0,3,29.58,Poor
0.683,-98.87,-79.96,-17.56,-1.55,-101.53,48.54,46.0,2,19.99,Poor
0.223,-86.33,-71.21,-16.02,1.6,-91.77,84.98,74.0,0,31.91,Poor
0.389,-97.37,-76.19,-19.5,-7.49,-93.56,51.65,48.0,2,22.63,Poor
1.09,-109.81,-87.93,-19.5,-10.0,-96.49,54.71,50.0,2,19.01,Poor
0.363,-90.4,-70.13,-19.5,-3.98,-92.92,77.26,58.0,6,26.13,Poor
0.086,-82.28,-65.39,-17.77,8.58,-96.07,43.59,41.0,1,48.21,Fair
0.214,-90.1,-71.92,-18.32,2.87,-102.03,40.81,51.0,0,39.17,Fair
0.834,-104.96,-82.26,-19.5,1.02,-112.37,13.9,24.0,5,40.1,Fair
0.465,-99.84,-77.99,-19.5,-10.0,-93.26,65.13,68.0,2,24.83,Poor
0.473,-94.14,-70.15,-19.5,3.78,-105.48,23.75,27.0,3,40.3,Fair
0.907,-99.23,-83.57,-16.69,4.35,-108.88,16.82,31.0,1,43.86,Fair
1.01,-100.96,-85.57,-15.05,-10.0,-89.76,68.72,60.0,1,21.94,Poor
1.135,-101.94,-83.54,-18.65,-10.0,-96.44,42.6,37.0,2,28.89,Poor
0.045,-74.95,-55.73,-18.46,10.17,-88.69,85.21,84.0,1,33.04,Poor
0.353,-94.47,-76.89,-16.78,4.47,-104.82,42.49,64.0,3,39.41,Fair
0.607,-100.38,-83.55,-16.71,9.04,-111.13,1.86,22.0,4,46.3,Fair
0.636,-95.25,-73.45,-18.61,-0.07,-99.58,36.54,56.0,1,38.87,Fair
0.42,-97.98,-80.25,-16.95,0.3,-106.36,10.92,25.0,6,47.47,Fair
0.082,-80.91,-66.56,-13.55,16.28,-103.29,19.28,24.0,2,57.54,Good
0.718,-104.36,-89.66,-15.85,-7.82,-97.88,51.54,43.0,1,20.02,Poor
0.573,-101.82,-83.07,-19.5,-5.0,-103.88,32.4,46.0,1,38.72,Fair
0.041,-77.31,-50.3,-19.5,25.28,-107.0,8.29,26.0,0,64.52,Good
0.28,-96.2,-81.13,-15.57,-3.43,-97.42,47.27,47.0,0,35.07,Fair
0.086,-79.6,-62.54,-15.66,16.31,-100.48,39.55,42.0,3,60.95,Good
0.185,-94.79,-69.58,-19.5,-5.51,-91.21,55.17,49.0,4,26.27,Poor
0.02,-70.05,-53.5,-18.13,23.94,-99.34,43.79,42.0,1,62.96,Good
0.23,-90.75,-71.38,-19.5,2.72,-96.64,64.98,66.0,3,30.31,Poor
0.359,-102.37,-78.75,-19.5,0.92,-110.9,15.1,30.0,2,31.08,Poor
0.435,-98.55,-83.41,-14.57,-6.7,-95.69,62.63,65.0,2,27.83,Poor
0.49,-96.8,-79.73,-16.38,7.9,-111.02,18.05,32.0,3,45.95,Fair
0.814,-100.51,-83.97,-16.97,-10.0,-95.32,51.56,49.0,6,23.04,Poor
0.109,-85.66,-72.21,-15.37,4.91,-96.54,65.08,53.0,2,34.22,Poor
0.058,-76.68,-53.97,-19.5,14.01,-91.75,68.1,66.0,2,48.77,Fair
0.858,-103.12,-86.88,-17.09,-10.0,-90.0,76.68,78.0,0,16.94,Poor
0.077,-81.75,-66.38,-16.5,2.99,-91.17,56.44,63.0,0,40.39,Fair
1.656,-107.38,-90.71,-17.06,-4.8,-105.95,17.12,30.0,2,32.06,Poor
0.832,-98.7,-77.92,-19.5,-7.24,-95.47,38.26,40.0,1,27.94,Poor
0.313,-96.63,-78.29,-18.02,1.38,-99.54,58.02,52.0,1,33.67,Poor
1.794,-111.03,-95.4,-16.8,-10.0,-96.98,59.46,58.0,4,19.52,Poor
0.046,-80.14,-60.91,-19.5,21.33,-108.28,8.8,28.0,2,41.45,Fair
0.162,-89.6,-69.16,-19.5,11.82,-104.37,10.78,32.0,0,51.56,Fair
0.458,-91.52,-73.59,-17.69,-0.96,-95.62,28.73,,2,29.55,Poor
0.194,-87.5,-70.21,-17.37,13.6,-107.12,37.58,40.0,0,56.09,Good
1.186,-110.02,-88.97,-19.5,-10.0,-87.25,60.27,57.0,2,15.67,Poor
0.031,-76.38,-58.92,-18.33,8.24,-90.53,70.94,74.0,1,49.46,Fair
0.359,-93.63,-70.8,-19.5,-1.59,-99.65,39.71,39.0,3,30.91,Poor
0.402,-99.74,-84.01,-16.49,6.12,-103.99,25.88,24.0,0,38.16,Fair
0.476,-100.47,-84.81,-14.95,-4.11,-102.12,42.96,43.0,0,35.76,Fair
0.133,-81.15,-65.87,-13.86,6.98,-93.53,71.02,,2,50.16,Fair
0.204,-92.69,-75.41,-17.08,-6.78,-91.99,77.46,73.0,1,25.91,Poor
0.835,-98.63,-80.62,-19.15,-2.85,-101.99,44.9,43.0,2,28.8,Poor
0.098,-78.85,-64.83,-13.24,9.79,-93.31,58.26,48.0,2,52.08,Fair
0.789,-104.89,-86.6,-17.86,-10.0,-100.46,44.32,56.0,2,20.73,Poor
0.372,-99.0,-79.3,-19.5,-10.0,-91.09,71.25,58.0,0,17.42,Poor
0.646,-101.33,-87.72,-12.99,-5.9,-102.3,22.93,38.0,1,37.07,Fair
0.563,-103.38,-86.94,-15.46,-5.68,-100.67,28.84,,2,34.42,Poor
0.105,-83.99,-64.29,-17.92,12.71,-102.31,31.34,28.0,3,45.88,Fair
0.379,-96.41,-81.68,-15.89,-3.78,-100.15,44.57,42.0,0,35.5,Fair
0.91,-101.75,-84.7,-17.74,-9.24,-99.02,32.8,37.0,3,24.55,Poor
0.255,-86.56,-65.3,-19.5,7.04,-99.33,33.77,34.0,1,34.43,Poor
1.53,-104.43,-81.04,-19.5,-9.84,-94.4,66.57,58.0,4,13.65,Poor
0.271,-90.73,-71.41,-18.46,5.48,-102.39,50.28,54.0,1,33.69,Poor
0.069,-88.81,-71.31,-19.02,17.47,-112.86,13.94,31.0,1,51.55,Fair
0.222,-89.19,-72.7,-15.97,-5.41,-88.73,66.33,63.0,2,29.64,Poor
1.364,-99.81,-79.08,-19.5,-4.0,-101.35,32.15,47.0,2,17.25,Poor
0.173,-100.87,-79.47,-19.5,-7.61,-98.99,57.19,64.0,1,26.02,Poor
0.912,-100.45,-85.92,-14.71,-5.92,-101.07,57.69,57.0,1,29.47,Poor
0.959,-104.28,-83.55,-18.4,-10.0,-97.73,34.47,40.0,0,29.34,Poor
0.194,-93.2,-77.02,-16.66,-2.27,-98.37,48.71,42.0,2,41.14,Fair
0.039,-72.86,-57.44,-16.56,12.18,-90.17,65.0,53.0,0,47.15,Fair
0.58,-92.45,-74.91,-17.93,-2.95,-91.73,76.65,64.0,1,30.56,Poor
0.168,-85.46,-64.48,-19.5,-0.67,-91.8,47.06,48.0,1,40.36,Fair
0.687,-102.24,-83.31,-17.58,-10.0,-95.57,43.9,54.0,3,22.58,Poor
0.263,-96.21,-77.36,-18.18,-9.93,-93.32,82.32,85.0,2,26.86,Poor
0.299,-92.96,-73.9,-18.47,-6.03,-95.88,38.0,43.0,1,30.16,Poor
0.677,-97.13,-77.73,-19.5,3.22,-105.88,30.67,47.0,0,36.73,Fair
0.217,-92.31,-74.65,-17.11,0.59,-98.66,40.65,35.0,5,49.48,Fair
0.263,-93.61,-73.71,-19.5,-5.5,-91.78,62.65,58.0,0,19.0,Poor
0.212,-79.29,-63.27,-14.79,8.31,-95.82,62.05,67.0,3,45.11,Fair
0.206,-86.01,-66.05,-19.5,18.83,-105.09,35.17,33.0,2,48.8,Fair
0.336,-89.95,-69.38,-19.5,5.78,-97.92,67.32,69.0,5,37.96,Fair
0.744,-107.29,-87.19,-18.86,-10.0,-95.17,62.75,49.0,2,14.92,Poor
0.202,-92.98,-72.73,-19.01,3.24,-99.29,34.21,33.0,3,35.59,Fair
0.334,-94.21,-74.82,-19.5,,-90.33,72.93,58.0,3,23.55,Poor
0.5,-102.0,-80.48,-19.5,-10.0,-93.39,64.5,43.0,3,18.48,Poor
0.141,-80.66,-69.48,-11.8,6.85,-96.02,55.85,50.0,0,46.9,Fair
0.146,-81.72,-61.16,-19.5,,-100.22,38.44,40.0,3,48.03,Fair
1.219,-107.86,-83.94,-19.5,-10.0,-100.43,52.62,38.0,0,12.47,Poor
0.579,-92.13,-75.99,-15.4,5.57,-99.41,18.28,32.0,3,49.25,Fair
0.387,-95.8,-80.0,-15.14,-0.14,-100.34,28.52,39.0,1,45.67,Fair
0.469,-87.09,-65.23,-19.5,15.42,-104.72,9.6,31.0,3,53.39,Fair
0.02,-69.87,-54.65,-14.78,25.92,-102.29,37.56,54.0,2,73.87,Good
0.433,-94.45,-78.45,-17.3,2.37,-103.37,28.33,39.0,4,38.42,Fair
0.321,-88.55,,-19.01,14.5,-106.66,17.68,27.0,0,54.01,Fair
0.355,-89.92,-74.32,-16.41,4.4,-100.61,36.41,48.0,1,37.95,Fair
0.2,-88.04,-67.41,-19.5,-8.75,-87.7,75.75,71.0,3,30.56,Poor
0.038,-76.44,-60.81,-14.27,22.19,-102.34,24.7,33.0,2,66.05,Good
0.097,-81.74,-62.66,-18.17,17.98,-104.12,45.35,47.0,1,52.68,Fair
1.355,-109.91,-91.06,-19.24,-10.0,-99.73,31.09,33.0,3,26.19,Poor
0.236,-90.9,-67.91,-19.5,,-114.82,7.71,16.0,2,52.88,Fair
0.283,-97.5,-76.0,-19.5,-10.0,-93.7,64.52,59.0,1,23.8,Poor
0.024,-79.21,-62.8,-16.44,20.54,-105.13,23.46,33.0,2,65.67,Good
0.02,-70.24,-56.04,-13.15,21.74,-96.24,63.5,60.0,1,60.89,Good
0.568,-94.06,-73.54,-19.5,11.14,-111.42,19.97,27.0,1,47.7,Fair
0.348,-91.14,-75.1,-16.33,5.63,-101.42,36.37,43.0,0,40.08,Fair
0.32,-94.45,-77.46,-17.18,-2.85,-97.32,53.42,45.0,2,26.36,Poor
0.125,-79.04,-64.22,-15.61,21.47,-106.63,25.36,28.0,0,62.55,Good
0.614,-102.06,-82.02,-18.86,-7.28,-101.13,35.76,42.0,2,30.7,Poor
0.083,-90.15,-74.09,-16.84,7.67,-100.58,44.06,43.0,0,38.49,Fair
0.095,-92.35,-74.46,-18.72,-5.72,-92.28,67.49,70.0,4,26.16,Poor
0.278,-97.63,-79.69,-19.5,-4.39,-96.05,53.4,55.0,4,26.88,Poor
0.152,-84.41,-65.86,-18.44,6.38,-93.69,62.88,61.0,1,39.08,Fair
0.128,-88.75,-68.76,-19.5,-0.59,-95.62,43.41,42.0,0,32.39,Poor
0.466,-95.55,-78.28,-18.79,3.84,-107.48,33.43,,1,38.45,Fair
0.474,-90.94,-75.17,-14.44,-0.93,-96.43,60.51,67.0,1,36.39,Fair
0.783,-106.29,-93.87,-13.47,-10.0,-99.46,52.43,57.0,4,37.76,Fair
0.243,-89.85,-71.54,-17.55,-0.11,-94.87,60.33,65.0,0,30.14,Poor
0.034,-72.76,-55.23,-17.5,25.65,-104.77,7.94,26.0,2,61.32,Good
0.144,-90.66,-74.79,-15.72,9.25,-104.8,3.62,,4,52.49,Fair
1.761,-103.5,-85.31,-16.58,-7.74,-97.88,57.11,70.0,2,21.85,Poor
0.408,-97.39,-76.82,-19.27,-10.0,-88.46,84.31,78.0,2,20.58,Poor
0.557,-100.46,-79.13,-19.5,-10.0,-85.78,82.67,62.0,5,19.54,Poor
0.02,-62.0,-48.6,-12.52,30.0,-109.4,19.8,26.0,2,80.34,Excellent
0.329,-92.27,-75.35,-16.14,8.09,-105.49,43.88,65.0,3,45.17,Fair
0.02,-66.74,-45.86,-19.5,29.54,-103.32,21.27,39.0,0,63.45,Good
0.379,-90.18,-67.39,-19.5,-3.48,-92.64,61.27,56.0,4,25.58,Poor
1.141,-107.75,-92.21,-17.43,-9.68,-104.0,31.11,40.0,5,27.8,Poor
1.555,-102.84,-80.71,-19.5,-10.0,-89.68,69.54,51.0,3,13.14,Poor
0.35,-96.91,-82.96,-14.0,-3.14,-98.8,28.67,44.0,1,35.91,Fair
0.276,-95.02,-73.58,-19.5,-5.36,-95.43,57.45,51.0,1,24.11,Poor
1.305,-107.41,-90.25,-18.0,-10.0,-102.05,29.3,35.0,0,21.57,Poor
0.504,-100.55,-77.86,-19.5,-1.3,-104.1,34.65,41.0,3,31.02,Poor
0.03,-70.59,-53.99,-16.99,20.28,-94.2,52.72,51.0,4,61.84,Good
0.282,-91.97,-74.9,-14.85,-7.12,-91.6,70.31,73.0,2,26.84,Poor
0.124,-87.88,-70.28,-15.61,4.21,-98.31,28.04,34.0,3,43.52,Fair
0.286,-90.45,-77.06,-12.39,10.02,-105.17,32.52,37.0,1,51.05,Fair
0.274,-93.87,-81.16,-11.04,2.35,-101.19,32.81,38.0,1,40.25,Fair
0.393,-97.22,-77.68,-19.24,-10.0,-90.71,66.88,58.0,1,17.01,Poor
0.199,-89.81,-68.84,-19.5,4.06,-99.4,27.83,35.0,1,45.31,Fair
0.081,-80.4,-60.57,-19.33,18.99,-102.74,32.78,35.0,1,53.24,Fair
0.315,-92.44,-78.2,-14.53,1.61,-101.4,38.47,40.0,2,41.06,Fair
0.798,-103.5,,-19.5,-6.87,-101.5,30.15,47.0,1,27.1,Poor
0.491,-94.45,-79.42,-14.57,-0.14,-96.22,43.29,38.0,1,39.91,Fair
0.186,-90.32,-71.1,-19.36,0.45,-97.95,53.17,45.0,0,37.97,Fair
1.234,-108.45,-87.06,-19.5,-10.0,-101.91,38.43,43.0,0,23.41,Poor
1.095,-110.67,-91.56,-19.5,-10.0,-97.14,40.31,45.0,2,18.04,Poor
0.106,-80.63,-58.23,-19.5,11.29,-97.36,51.45,45.0,3,54.27,Fair
0.02,-70.39,-52.84,-16.8,28.15,-103.35,42.69,46.0,2,68.64,Good
0.608,-98.86,-81.51,-18.45,-10.0,-89.54,81.6,57.0,2,19.24,Poor
0.791,-97.79,-79.59,-17.08,-5.36,-98.79,48.05,49.0,0,25.22,Poor
1.547,-109.71,-95.73,-13.39,-10.0,-96.82,39.2,37.0,4,38.58,Fair
0.993,-109.44,-92.65,-16.79,-10.0,-95.88,65.67,63.0,1,10.18,Poor
0.413,-96.06,-79.0,-15.87,3.76,-105.18,14.4,31.0,1,42.96,Fair
0.34,-93.42,-76.27,-17.72,0.97,-99.58,39.74,37.0,1,42.41,Fair
0.02,-71.5,-52.69,-17.51,27.17,-104.1,22.39,34.0,4,67.44,Good
0.127,-80.28,-66.72,-15.67,,-99.62,22.28,31.0,0,53.99,Fair
0.277,-102.82,-88.26,-14.99,-10.0,-89.87,58.91,64.0,1,26.32,Poor
0.446,-92.52,-71.12,-19.5,-4.3,-95.84,48.2,49.0,2,34.13,Poor
0.367,-92.14,-80.17,-12.45,-9.01,-88.55,87.6,86.0,2,35.71,Fair
0.611,-97.9,-78.06,-19.5,-2.56,-100.94,33.14,43.0,1,28.15,Poor
0.148,-100.79,-83.91,-16.01,-7.65,-96.97,43.18,37.0,1,31.13,Poor
0.375,-90.36,-71.88,-17.16,11.73,-104.41,19.47,41.0,1,51.96,Fair
0.042,-80.68,-58.0,-19.5,20.28,-105.37,13.61,24.0,0,53.47,Fair
0.24,-93.68,-76.07,-17.8,8.7,-109.46,19.89,34.0,2,47.58,Fair
0.624,-100.6,-80.73,-18.33,-9.14,-95.89,44.47,29.0,1,29.85,Poor
0.532,-96.9,-78.73,-18.17,-7.13,-96.08,33.21,38.0,3,32.77,Poor
2.102,-107.9,-90.23,-17.87,-6.48,-103.94,16.99,34.0,1,30.87,Poor
0.147,-83.81,-66.5,-18.51,11.69,-99.0,41.3,42.0,4,46.63,Fair
0.31,-90.6,-70.5,-19.5,-7.78,-90.11,36.95,28.0,3,24.66,Poor
0.18,-88.14,-72.33,-14.72,4.61,-99.54,53.0,,0,45.79,Fair
0.261,-90.72,-76.11,-14.39,3.89,-97.41,35.01,38.0,0,45.43,Fair
0.875,-107.21,-88.99,-18.01,-9.07,-103.38,34.45,40.0,2,27.48,Poor
0.519,-101.32,-82.74,-17.75,-9.54,-95.07,42.32,51.0,1,22.28,Poor
0.963,-100.1,-87.58,-11.88,-5.86,-99.77,60.28,55.0,4,33.89,Poor
0.102,-80.94,-62.97,-19.5,4.13,-91.97,54.54,47.0,1,39.11,Fair
0.93,-100.48,-86.16,-14.45,-8.07,-100.02,33.81,38.0,1,32.85,Poor
0.028,-75.22,-55.34,-17.35,24.07,-103.09,34.83,40.0,0,67.8,Good
0.988,-100.26,-87.67,-12.28,,-102.22,43.95,57.0,3,40.76,Fair
0.18,-93.78,-70.0,-19.5,0.92,-98.26,34.05,40.0,2,36.69,Fair
0.17,-84.35,-67.36,-18.23,9.29,-97.83,18.15,30.0,0,48.87,Fair
0.323,-95.25,-79.85,-16.85,1.5,-106.12,12.16,28.0,4,45.32,Fair
1.271,-99.35,-82.2,-17.59,4.78,-107.1,15.24,22.0,2,46.99,Fair
0.022,-77.33,-57.66,-19.5,14.37,-97.57,38.36,41.0,3,46.0,Fair
0.195,-82.81,-62.14,-19.5,13.86,-103.41,58.21,51.0,4,48.82,Fair
0.874,-104.28,-87.11,-18.24,-10.0,-94.4,41.92,41.0,1,24.56,Poor
0.227,-92.67,-78.99,-14.18,-3.64,-93.25,59.47,63.0,2,37.17,Fair
0.1,-83.3,-68.94,-14.52,4.33,-95.14,46.01,37.0,1,51.65,Fair
0.249,-94.74,-75.88,-19.5,-6.4,-92.78,60.2,52.0,4,31.42,Poor
0.219,-91.14,-70.18,-19.5,2.3,-97.15,41.09,40.0,1,38.14,Fair
1.112,-107.88,-86.52,-19.5,-10.0,-99.99,44.48,40.0,2,23.05,Poor
0.646,-103.02,-84.52,-16.96,-7.5,-101.89,43.37,41.0,3,23.33,Poor
0.317,-92.09,-71.19,-19.5,14.73,-111.44,13.72,30.0,2,49.8,Fair
2.004,-113.65,-89.91,-19.5,-10.0,-88.79,75.82,52.0,5,17.27,Poor
0.282,-96.1,-74.53,-19.5,3.92,-104.55,36.98,42.0,1,41.89,Fair
0.027,-78.43,-57.67,-19.5,11.42,-97.09,41.77,49.0,3,49.51,Fair
0.137,-88.81,-73.23,-14.92,-6.94,-89.73,80.28,60.0,2,31.57,Poor
0.258,-87.01,-66.12,-19.5,5.54,-97.87,67.42,78.0,0,36.75,Fair
0.077,-85.2,-65.82,-19.5,3.88,-93.23,77.7,63.0,3,27.48,Poor
1.327,-109.39,-89.44,-19.5,-10.0,-88.44,61.89,68.0,8,18.31,Poor
0.655,-99.57,-77.78,-19.5,-9.35,-96.19,45.91,54.0,3,26.54,Poor
0.141,-88.5,-69.43,-18.89,20.92,-114.3,5.74,20.0,0,59.71,Good
0.402,-87.2,-69.5,-18.77,,-95.83,58.04,47.0,2,34.63,Poor
0.575,-99.86,-85.07,-15.59,-10.0,-92.74,71.67,58.0,1,27.89,Poor
1.276,-104.78,-87.67,-16.53,-3.12,-105.02,24.96,42.0,5,31.58,Poor
0.96,-99.88,-81.24,-17.31,1.19,-107.46,38.75,40.0,4,38.83,Fair
0.326,-90.59,-71.75,-17.0,7.86,-103.72,17.84,28.0,0,46.78,Fair
0.671,-99.61,-80.88,-17.85,-5.14,-100.67,28.5,37.0,1,23.45,Poor
0.372,-96.07,-75.19,-19.5,3.59,-108.62,16.54,32.0,1,41.55,Fair
0.362,-87.1,-66.51,-19.5,20.02,-113.53,24.91,40.0,2,54.22,Fair
0.055,-79.34,-61.52,-18.02,14.71,-104.02,23.73,26.0,0,50.36,Fair
0.061,-81.57,-66.11,-16.05,3.19,-90.98,53.26,53.0,2,41.37,Fair
0.339,-97.22,-78.07,-18.7,4.6,-109.19,4.6,27.0,3,43.83,Fair
0.141,-93.95,-69.21,-19.5,-1.67,-97.94,61.35,57.0,1,24.25,Poor
0.02,-67.16,-48.19,-19.27,27.53,-97.19,33.53,33.0,3,65.61,Good
0.577,-108.64,-91.52,-16.76,-10.0,-87.11,70.46,62.0,2,19.29,Poor
0.02,-70.47,-50.86,-18.93,24.71,-99.94,46.97,49.0,0,56.64,Good
0.407,-97.03,-77.25,-19.5,-6.33,-94.6,53.35,53.0,3,27.72,Poor
0.349,-85.91,-66.16,-19.5,11.3,-99.84,41.63,54.0,3,41.83,Fair
1.561,-115.2,-93.08,-19.5,-10.0,-88.78,83.33,72.0,3,15.85,Poor
0.298,-97.12,-77.96,-17.6,-5.9,-97.28,53.59,42.0,4,30.6,Poor
0.03,-74.25,-52.27,-19.5,26.12,-105.27,31.79,39.0,0,58.09,Good
0.361,-95.96,-77.27,-18.17,3.16,-105.72,31.47,24.0,2,30.03,Poor
0.828,-104.57,-82.03,-19.5,-10.0,-101.38,46.8,61.0,5,23.9,Poor
2.592,-112.6,-90.98,-19.5,-10.0,-100.85,38.24,40.0,5,22.26,Poor
0.253,-97.14,-76.38,-19.5,-10.0,-92.54,60.72,54.0,1,22.03,Poor
0.174,-87.42,-67.05,-18.93,2.62,-94.57,40.3,42.0,1,41.55,Fair
1.067,-113.86,-88.95,-19.5,-10.0,-100.13,36.4,,4,18.39,Poor
0.096,-83.79,-62.57,-19.5,7.85,-98.94,54.08,66.0,1,37.54,Fair
0.43,-99.09,-83.64,-16.18,-5.4,-99.0,49.32,45.0,2,34.16,Poor
0.234,-87.36,-68.63,-17.91,7.14,-98.39,30.72,33.0,2,39.8,Fair
0.02,-63.42,-46.22,-17.05,26.52,-93.75,43.04,47.0,2,65.2,Good
0.192,-91.03,-66.84,-19.5,,-109.28,17.42,17.0,4,47.04,Fair
0.139,-81.34,-59.59,-19.5,7.92,-94.29,72.79,49.0,3,39.04,Fair
0.521,-99.62,-75.53,-19.5,-7.66,-100.58,37.6,44.0,1,35.06,Fair
1.337,-110.4,-94.68,-14.57,-10.0,-94.57,38.72,41.0,2,26.01,Poor
0.14,-80.03,-58.72,-19.5,21.23,-105.39,7.32,26.0,3,61.7,Good
0.751,-99.44,-85.53,-14.96,-2.98,-104.6,22.67,38.0,3,36.5,Fair
0.026,-72.49,-59.27,-15.54,25.17,-98.85,35.72,46.0,1,64.88,Good
0.348,-92.1,-75.29,-16.38,6.93,-99.59,29.17,27.0,2,38.12,Fair
0.033,-73.51,-50.98,-19.5,13.84,-92.92,75.77,75.0,1,46.36,Fair
1.223,-106.04,-91.01,-14.53,-10.0,-100.86,41.51,44.0,2,31.32,Poor
0.654,-105.63,-87.68,-18.83,-10.0,-99.67,32.3,42.0,4,27.61,Poor
0.483,-98.77,-77.21,-19.5,-1.4,-105.0,29.11,31.0,2,32.67,Poor
0.782,-99.38,-78.84,-18.98,-5.37,-99.43,33.86,41.0,2,24.91,Poor
0.469,-97.94,-73.29,-19.5,1.87,-101.23,22.49,36.0,3,40.28,Fair
1.562,-104.27,-86.26,-18.63,-5.0,-106.04,19.58,35.0,3,34.84,Poor
0.563,-97.49,-80.82,-18.75,7.37,-106.2,19.41,29.0,1,36.5,Fair
1.164,-108.84,-94.12,-15.23,-10.0,-93.03,73.79,61.0,4,23.52,Poor
0.328,-99.61,-82.71,-17.65,-4.55,-101.74,21.99,25.0,2,34.69,Poor
0.056,-79.75,-65.06,-15.44,6.49,-91.24,58.83,74.0,1,50.24,Fair
0.338,-96.7,-84.09,-13.13,0.19,-102.16,28.46,37.0,2,47.38,Fair
0.061,-78.51,-54.62,-19.5,26.29,-110.37,8.36,,1,71.13,Good
0.404,-99.02,-80.87,-19.42,-6.12,-95.47,64.78,61.0,5,29.09,Poor
0.296,-95.93,-70.15,-19.5,4.17,-104.85,16.44,29.0,2,41.94,Fair
0.438,-92.65,-77.16,-15.49,9.66,-110.85,22.81,29.0,2,39.51,Fair
0.02,-69.85,-53.14,-16.45,30.0,-107.8,29.15,38.0,1,68.74,Good
0.098,-86.68,-71.01,-15.6,3.62,-94.44,67.71,46.0,1,36.68,Fair
0.304,-93.62,-77.54,-15.85,1.17,-102.59,12.1,26.0,1,45.01,Fair
1.353,-101.11,-80.49,-18.77,-0.75,-108.84,11.71,27.0,2,24.97,Poor
0.218,-89.62,-69.92,-19.5,,-107.89,30.61,31.0,0,51.57,Fair
0.249,-89.57,-68.94,-19.5,10.37,-103.13,20.72,30.0,2,47.32,Fair
0.564,-102.06,-80.03,-19.5,-10.0,-89.72,62.03,44.0,1,17.6,Poor
0.417,-92.31,-70.99,-19.5,2.32,-101.69,32.72,43.0,1,38.94,Fair
0.16,-78.85,-63.88,-14.61,20.9,-104.64,32.12,39.0,0,63.81,Good
0.238,-94.74,-78.31,-18.28,5.28,-105.86,23.59,30.0,2,40.69,Fair
0.11,-89.67,-71.31,-18.55,1.62,-96.42,67.49,58.0,1,41.27,Fair
1.522,-106.95,-77.77,-19.5,,-86.55,60.6,49.0,4,18.01,Poor
0.063,-76.62,-56.3,-19.5,26.73,-107.1,22.69,32.0,2,61.49,Good
0.209,-90.82,-72.5,-16.68,13.31,-107.51,7.39,28.0,0,46.79,Fair
0.02,-74.66,-54.64,-19.5,23.29,-102.43,34.44,44.0,0,62.31,Good
0.113,-85.56,-69.37,-15.09,2.99,-92.69,55.69,53.0,0,37.69,Fair
0.682,-98.3,-79.51,-18.64,-5.73,-97.26,52.11,36.0,2,26.04,Poor
0.101,-85.81,-64.94,-19.5,10.73,-99.98,48.11,52.0,3,43.49,Fair
0.038,-73.29,-55.38,-18.46,5.96,-89.54,58.28,60.0,1,48.47,Fair
0.289,-88.6,-72.87,-16.69,0.14,-91.59,83.55,69.0,4,38.19,Fair
0.02,-69.48,-51.72,-19.5,28.56,-99.52,36.32,43.0,1,64.4,Good
0.04,-76.34,-59.3,-16.0,,-106.89,17.84,33.0,0,67.78,Good
0.742,-98.1,-84.17,-11.94,-0.39,-101.94,39.46,58.0,2,43.2,Fair
0.664,-103.88,-87.6,-14.8,-10.0,-96.99,67.16,65.0,4,28.55,Poor
1.11,-108.73,-94.91,-13.92,-4.18,-106.09,22.5,30.0,2,30.14,Poor
0.867,-103.84,-89.55,-14.14,-8.26,-102.11,29.16,34.0,2,30.71,Poor
0.517,-100.26,-85.68,-13.88,3.75,-109.34,16.8,26.0,1,40.69,Fair
0.024,-75.24,-54.38,-19.07,18.26,-99.47,31.36,44.0,1,52.82,Fair
0.687,-93.43,-70.97,-19.5,-2.52,-93.84,62.48,61.0,3,28.74,Poor
0.84,-93.81,-80.42,-15.22,-0.69,-96.96,66.47,46.0,2,29.36,Poor
0.722,-102.6,-79.86,-19.5,-10.0,-90.19,77.09,79.0,1,17.2,Poor
0.32,-93.75,-79.13,-16.18,,-107.79,3.68,36.0,1,49.14,Fair
0.119,-86.36,-66.12,-18.76,6.56,-96.96,46.42,50.0,2,34.11,Poor
0.84,-98.06,-79.29,-18.99,-6.93,-98.23,47.7,,5,17.64,Poor
0.584,-94.13,-74.22,-19.5,3.68,-100.46,30.17,29.0,4,35.96,Fair
1.778,-116.11,-101.61,-15.76,-10.0,-109.84,6.99,22.0,2,26.97,Poor
0.076,-79.84,-67.28,-12.97,14.53,-97.37,56.11,58.0,0,52.66,Fair
0.115,-90.52,-74.93,-14.83,-7.6,-92.94,75.09,50.0,1,30.3,Poor
0.107,-77.64,-58.36,-19.5,27.1,-109.59,13.09,32.0,2,62.08,Good
0.708,-99.25,-75.38,-19.5,-4.54,-101.49,34.54,47.0,4,27.52,Poor
0.093,-86.77,-71.86,-15.31,13.46,-102.48,18.21,29.0,0,66.57,Good
0.031,-75.08,-57.38,-18.37,8.64,-91.54,88.46,82.0,1,43.21,Fair
2.945,-114.54,-98.79,-16.04,-10.0,-96.42,25.63,28.0,6,20.95,Poor
0.02,-68.34,-50.4,-18.5,30.0,-103.72,41.84,52.0,2,64.0,Good
0.811,-98.03,-85.82,-12.01,-7.84,-101.91,27.44,34.0,4,43.6,Fair
0.205,-94.85,-72.36,-19.5,-8.49,-92.21,53.37,33.0,0,28.39,Poor
0.829,-95.03,-76.96,-17.43,-10.0,-91.27,45.32,34.0,1,21.91,Poor
0.364,-88.82,-68.07,-19.5,17.18,-106.82,3.87,16.0,0,52.69,Fair
1.044,-107.88,-90.58,-18.41,-10.0,-98.89,33.08,34.0,1,26.5,Poor
1.173,-105.1,-86.53,-18.64,-7.4,-103.16,30.13,47.0,2,28.48,Poor
0.02,-63.6,-42.21,-19.5,30.0,-104.51,12.51,28.0,0,68.83,Good
0.035,-70.26,-51.87,-18.1,22.24,-96.66,52.88,54.0,3,63.2,Good
0.13,-87.67,-69.17,-17.85,16.37,-104.73,23.69,24.0,0,49.37,Fair
0.498,-94.7,-79.09,-15.28,7.04,-106.28,16.67,23.0,1,49.5,Fair
0.986,-91.9,-75.5,-17.08,9.98,-106.91,12.42,21.0,1,45.05,Fair
0.277,-92.47,-77.51,-16.0,1.03,-96.93,48.45,42.0,1,35.47,Fair
0.42,-99.02,-83.24,-15.83,-2.68,-103.17,46.18,43.0,4,34.95,Poor
0.094,-82.86,-61.11,-19.5,-4.54,-87.24,77.3,90.0,0,29.08,Poor
0.736,-100.36,-76.93,-19.5,-8.97,-95.0,59.92,65.0,1,23.29,Poor
1.54,-109.85,-95.59,-13.67,-10.0,-104.12,37.54,41.0,5,28.89,Poor
0.141,-85.26,-66.08,-19.02,2.89,-93.36,60.75,42.0,3,40.34,Fair
0.307,-98.8,-81.75,-18.22,-1.7,-100.89,24.46,40.0,3,40.07,Fair
0.041,-79.03,-56.84,-19.5,22.39,-105.11,32.96,42.0,1,61.35,Good
0.369,-92.32,-73.92,-18.77,0.67,-96.88,43.79,52.0,2,32.93,Poor
0.314,-101.0,-83.02,-17.42,-2.21,-104.75,28.01,,2,32.95,Poor
0.07,-77.44,-61.67,-16.12,7.12,-93.8,64.39,52.0,2,45.5,Fair
0.263,-100.47,-87.06,-14.48,-1.83,-104.45,20.91,36.0,1,34.05,Poor
0.183,-96.22,-75.94,-19.5,-5.98,-96.3,57.34,51.0,3,22.3,Poor
0.332,-96.44,-77.39,-19.5,10.91,-108.6,10.98,22.0,2,50.79,Fair
0.396,-94.84,-75.71,-19.5,-9.28,-89.63,77.21,72.0,3,24.39,Poor
0.02,-65.14,-48.94,-17.86,30.0,-104.75,36.87,44.0,3,61.69,Good
0.644,-99.96,-82.4,-16.47,-10.0,-93.03,72.04,51.0,2,22.7,Poor
0.562,-99.99,-79.62,-19.5,-8.14,-98.32,69.51,60.0,3,19.84,Poor
0.205,-87.97,-67.02,-19.5,10.39,-101.09,43.85,45.0,0,39.93,Fair
0.024,-75.61,-61.14,-14.33,28.48,-109.59,14.56,31.0,3,77.72,Excellent
0.633,-99.48,-83.38,-18.08,-10.0,-94.47,69.75,66.0,3,12.45,Poor
1.397,-111.71,-97.88,-14.93,-10.0,-95.68,57.44,55.0,6,23.67,Poor
0.124,-85.58,-66.98,-19.5,12.34,-102.55,23.72,27.0,1,45.84,Fair
0.176,-89.47,-68.82,-19.5,3.2,-95.73,35.1,46.0,2,30.42,Poor
0.091,-86.53,-69.37,-17.15,4.51,-98.31,43.62,42.0,4,43.13,Fair
0.387,-95.12,-79.11,-16.33,8.63,-112.5,9.02,22.0,0,45.37,Fair
0.076,-81.06,-64.07,-17.3,14.99,-99.62,49.49,37.0,1,53.71,Fair
0.198,-85.28,-60.36,-19.5,7.16,-103.05,39.39,40.0,2,40.99,Fair
0.537,-105.04,-83.47,-19.5,-6.75,-102.12,47.31,45.0,1,33.78,Poor
0.37,-95.68,-75.49,-19.5,-5.53,-96.3,40.26,40.0,2,36.75,Fair
0.22,-93.92,-74.96,-19.5,-0.95,-96.94,48.87,47.0,2,30.78,Poor
0.245,-88.35,-70.39,-17.53,3.0,-95.77,51.09,49.0,2,40.86,Fair
0.372,-92.41,-77.13,-15.11,9.16,-105.95,34.07,50.0,3,45.47,Fair
0.02,-68.41,-53.6,-15.47,29.61,-103.29,23.76,34.0,2,78.16,Excellent
0.037,-78.36,-62.07,-16.84,12.78,-95.57,49.18,44.0,0,47.01,Fair
0.959,-100.1,-84.96,-15.95,-1.32,-102.9,26.87,36.0,4,43.91,Fair
0.036,-81.6,-65.42,-17.46,21.45,-105.8,21.43,37.0,1,65.02,Good
0.552,-105.8,-88.1,-18.27,-10.0,-100.63,21.54,30.0,2,18.08,Poor
1.137,-110.22,-92.3,-17.9,-10.0,-91.21,61.51,59.0,2,17.88,Poor
0.142,-87.24,-71.1,-16.28,17.03,-109.46,3.85,23.0,1,51.29,Fair
0.208,-87.71,-68.23,-18.41,2.79,-94.48,58.65,43.0,1,39.68,Fair
0.379,-107.49,-90.06,-16.91,-8.71,-102.66,30.83,35.0,3,31.14,Poor
0.961,-98.37,-79.72,-18.94,4.57,-108.06,26.85,32.0,1,37.55,Fair
1.281,-105.63,-89.86,-15.67,-10.0,-99.57,54.59,43.0,2,19.31,Poor
0.605,-105.93,-85.85,-19.5,-5.95,-104.57,35.72,36.0,2,26.93,Poor
0.041,-76.01,-59.62,-17.79,15.55,-94.72,51.62,51.0,2,47.72,Fair
0.498,-93.59,-70.76,-19.5,1.56,-101.91,46.32,50.0,3,30.15,Poor
0.238,-89.16,-71.83,-17.03,-0.29,-93.82,70.36,82.0,3,34.38,Poor
0.286,-88.77,-71.05,-17.09,4.15,-97.64,46.14,48.0,1,39.23,Fair
0.023,-76.95,-57.17,-19.5,,-100.9,44.16,42.0,3,53.0,Fair
0.095,-85.34,-64.9,-19.5,12.53,-103.32,16.73,29.0,1,44.72,Fair
0.703,-104.66,-83.9,-19.5,-10.0,-99.78,42.4,40.0,3,21.39,Poor
0.272,-85.86,-62.53,-19.5,11.74,-104.1,36.67,45.0,1,49.78,Fair
0.162,-85.66,-65.68,-19.5,-3.61,-89.53,64.05,60.0,2,29.44,Poor
0.218,-79.42,-61.62,-19.5,19.84,-106.15,6.27,17.0,2,56.27,Good
0.867,-104.64,-88.23,-15.87,-10.0,-95.33,51.03,49.0,2,25.72,Poor
0.622,-102.79,-85.19,-16.66,,-102.06,30.0,44.0,2,31.85,Poor
0.143,-87.74,-65.29,-19.5,2.13,-94.06,61.57,54.0,3,35.6,Fair
0.056,-73.64,-59.8,-14.85,26.23,-103.28,25.72,35.0,1,69.32,Good
0.131,-87.85,-72.31,-15.3,0.04,-94.41,71.24,64.0,1,38.92,Fair
1.141,-104.65,-87.31,-19.5,-10.0,-96.82,59.92,54.0,2,12.63,Poor
0.392,-95.5,-80.0,-15.32,-2.7,-95.72,57.18,47.0,0,22.79,Poor
0.343,-94.58,-77.8,-15.61,10.85,-106.4,13.82,30.0,3,57.08,Good
0.408,-98.85,-75.43,-19.5,-10.0,-96.23,44.67,44.0,2,33.77,Poor
0.205,-90.83,-73.72,-18.86,10.07,-104.89,28.51,44.0,1,41.53,Fair
0.741,-102.12,-82.89,-19.5,-10.0,-87.49,63.07,50.0,2,20.28,Poor
0.333,-94.52,-81.49,-12.21,0.14,-98.73,36.8,43.0,1,39.81,Fair
0.056,-75.32,-60.63,-16.01,17.93,-97.01,50.05,52.0,2,52.74,Fair
0.062,-72.97,-52.17,-19.39,24.43,-105.4,23.5,33.0,2,64.37,Good
0.346,-98.18,-75.17,-19.5,-2.32,-100.15,48.86,64.0,3,30.29,Poor
1.241,-107.45,-88.79,-17.06,-7.19,-104.83,15.71,26.0,1,21.57,Poor
0.166,-91.75,-74.67,-16.21,-1.63,-97.44,52.35,45.0,1,35.02,Fair
0.917,-102.5,-83.02,-19.1,,-91.87,71.32,71.0,5,17.04,Poor
0.65,-102.42,-92.22,-9.88,-10.0,-95.32,55.87,60.0,3,30.9,Poor
0.128,-85.26,-66.58,-16.97,,-94.52,71.11,67.0,1,38.44,Fair
0.02,-66.03,-51.17,-16.4,25.52,-94.65,62.43,51.0,5,59.51,Good
0.048,-87.97,-67.58,-19.5,-1.26,-88.35,78.78,64.0,5,28.68,Poor
0.587,-97.42,-85.99,-11.31,-0.4,-102.87,22.57,38.0,4,43.64,Fair
0.1,-85.95,-69.83,-15.9,21.14,-110.5,6.21,29.0,0,61.84,Good
0.209,-88.6,-70.72,-18.66,10.54,-101.22,30.57,40.0,3,48.15,Fair
0.313,-97.54,-81.82,-15.37,-2.11,-98.95,43.35,,3,43.65,Fair
0.582,-94.52,-77.65,-15.35,-5.8,-95.43,53.58,48.0,1,29.48,Poor
0.054,-75.17,-54.45,-19.5,28.33,-108.88,10.78,21.0,1,62.75,Good
0.235,-89.17,-71.25,-18.48,-5.87,-87.97,83.52,59.0,0,30.71,Poor
0.299,-90.36,-75.15,-14.45,7.45,-102.32,33.37,39.0,0,48.49,Fair
0.35,-97.89,-77.07,-19.36,6.07,-108.56,8.41,22.0,1,41.49,Fair
0.768,-104.19,-85.44,-19.5,-10.0,-92.63,52.05,71.0,1,19.14,Poor
0.085,-79.66,-60.78,-19.5,14.73,-97.51,48.74,37.0,1,51.04,Fair
0.742,-104.49,-89.17,-16.18,2.12,-108.17,10.31,29.0,4,39.39,Fair
0.531,-92.74,-82.38,-10.76,5.25,-101.02,18.94,34.0,1,54.83,Fair
0.365,-96.57,-81.29,-14.42,-8.21,-89.9,82.59,82.0,2,25.42,Poor
0.541,-96.67,-81.7,-13.75,-9.08,-92.92,57.85,55.0,1,29.52,Poor
0.239,-83.21,-67.05,-18.67,7.79,-96.36,44.41,53.0,6,50.03,Fair
0.067,-83.48,-68.0,-14.38,7.6,-97.04,54.71,44.0,5,47.5,Fair
0.493,-97.6,-79.26,-18.52,-2.79,-101.52,48.86,45.0,1,31.96,Poor
0.335,-90.3,-69.66,-19.5,-7.14,-89.45,64.39,55.0,2,25.05,Poor
0.459,-93.45,-72.22,-19.5,8.01,-104.35,24.49,34.0,1,44.86,Fair
0.186,-90.73,-70.22,-19.5,7.82,-103.11,15.22,27.0,0,42.21,Fair
1.068,-106.65,-91.34,-14.85,-3.47,-107.89,11.62,23.0,4,36.64,Fair
0.398,-96.96,-78.78,-16.9,6.31,-107.05,11.87,24.0,1,41.28,Fair
0.04,-70.5,-47.81,-19.5,30.0,-110.48,8.66,30.0,3,73.19,Good
0.269,-93.74,-80.49,-14.6,-0.34,-97.11,67.79,49.0,1,34.12,Poor
0.635,-99.76,-77.72,-19.5,-10.0,-89.81,55.65,53.0,6,22.8,Poor
0.711,-102.76,-87.75,-16.08,-10.0,-93.49,48.2,55.0,1,16.61,Poor
0.307,-90.95,-72.07,-18.24,-1.3,-95.41,55.26,55.0,2,26.71,Poor
1.013,-103.5,-84.26,-19.5,-10.0,-89.46,63.07,73.0,2,21.44,Poor
0.14,-91.01,-72.44,-17.91,6.06,-103.04,44.62,,1,34.77,Poor
0.238,-95.44,-70.75,-19.5,-10.0,-86.85,67.57,75.0,0,23.85,Poor
1.03,-112.26,-95.16,-17.84,-10.0,-95.78,71.65,65.0,1,19.12,Poor
1.02,-107.5,-94.42,-12.69,-10.0,-99.89,39.75,43.0,3,30.7,Poor
0.521,-95.18,-76.11,-17.49,-8.58,-91.54,52.42,50.0,2,23.05,Poor
0.881,-97.62,-80.13,-18.86,-5.01,-99.19,47.1,54.0,1,26.67,Poor
0.042,-73.89,-54.23,-19.26,28.31,-105.72,26.13,50.0,2,64.1,Good
0.901,-100.89,-80.24,-19.5,-7.59,-99.03,40.22,41.0,0,26.92,Poor
0.174,-89.36,-71.47,-18.28,5.81,-99.05,27.76,32.0,3,40.7,Fair
0.088,-79.93,-60.62,-17.68,1.04,-89.27,77.66,57.0,3,38.05,Fair
0.123,-84.73,-66.3,-19.5,9.94,-97.13,47.97,39.0,1,41.45,Fair
0.244,-84.55,-61.17,-19.5,21.19,-109.28,26.59,39.0,3,53.34,Fair
0.13,-86.75,-69.86,-19.02,13.87,-104.9,30.28,36.0,1,50.44,Fair
0.174,-83.48,-67.55,-15.76,10.79,-99.31,46.68,38.0,1,46.14,Fair
0.065,-76.93,-56.29,-19.5,20.52,-103.9,31.03,,1,58.16,Good
0.158,-85.09,-69.88,-15.2,11.95,-103.88,37.02,36.0,2,52.67,Fair
0.382,-103.71,-84.54,-19.23,-0.9,-104.87,23.2,38.0,5,30.38,Poor
0.262,-88.7,-71.2,-17.66,9.71,-102.05,33.48,45.0,3,48.77,Fair
0.192,-90.2,-72.51,-17.15,-0.59,-95.6,69.38,73.0,2,27.05,Poor
0.617,-101.6,-76.29,-19.5,-5.28,-100.94,23.82,39.0,3,31.13,Poor
1.008,-110.01,-88.31,-18.37,-7.05,-107.58,14.25,22.0,2,23.72,Poor
0.636,-100.11,-79.04,-19.5,-10.0,-86.68,89.31,74.0,1,16.1,Poor
0.182,-89.09,-69.5,-19.5,13.22,-102.02,34.97,27.0,0,43.02,Fair
0.614,-104.99,-89.06,-15.42,-9.62,-97.48,45.16,48.0,4,22.72,Poor
0.074,-87.42,-68.63,-19.27,13.76,-107.0,33.05,39.0,4,44.93,Fair
0.063,-78.15,-58.4,-19.39,19.31,-103.25,33.49,43.0,1,46.24,Fair
0.191,-86.17,-67.57,-16.03,15.94,-105.97,34.33,35.0,2,55.25,Good
0.742,-100.66,-82.37,-18.04,1.53,-107.17,19.02,39.0,1,42.71,Fair
0.127,-81.56,-64.75,-17.87,14.57,-99.16,59.24,60.0,1,48.78,Fair
0.029,-74.0,-55.18,-18.25,12.73,-93.61,60.62,56.0,2,46.85,Fair
0.064,-80.42,-63.99,-16.15,17.95,-100.74,27.82,38.0,0,60.53,Good
0.881,-106.57,-86.46,-19.2,-10.0,-101.29,24.08,47.0,2,28.18,Poor
0.452,-103.36,-91.41,-13.55,-10.0,-94.23,68.11,59.0,2,22.49,Poor
0.131,-79.02,-56.94,-19.5,13.22,-93.4,65.25,65.0,1,45.45,Fair
0.365,-90.74,-76.67,-14.89,1.84,-100.41,40.89,49.0,2,46.53,Fair
0.337,-100.16,-85.36,-13.86,7.05,-109.86,17.74,41.0,3,48.79,Fair
0.479,-97.01,-77.78,-19.5,-5.93,-95.97,38.83,42.0,2,23.25,Poor
0.119,-86.02,-66.4,-18.5,12.26,-104.11,44.94,36.0,3,45.19,Fair
0.899,-104.18,-79.95,-19.5,-10.0,-97.47,65.57,60.0,1,19.03,Poor
0.167,-90.12,-71.23,-19.04,4.7,-97.58,64.9,61.0,0,41.66,Fair
0.533,-97.03,-79.15,-16.75,-5.01,-97.86,40.37,45.0,1,32.33,Poor
0.02,-67.17,-48.6,-19.5,30.0,-102.49,48.59,59.0,1,65.74,Good
0.21,-88.87,-66.1,-19.5,10.95,-103.56,28.08,43.0,1,42.31,Fair
0.195,-90.33,-65.06,-19.5,1.16,-95.12,48.5,43.0,1,30.15,Poor
0.353,-95.61,-78.16,-18.38,2.51,-101.81,37.17,50.0,3,38.73,Fair
0.034,-71.13,-51.5,-19.25,29.87,-107.12,25.89,36.0,1,70.0,Good
0.703,-99.09,-81.32,-17.06,-5.37,-101.73,40.23,39.0,3,34.68,Poor
0.111,-84.66,-66.94,-17.6,10.53,-103.69,42.54,34.0,2,41.96,Fair
0.509,-98.29,-74.65,-19.5,-10.0,-94.62,74.31,71.0,3,13.68,Poor
0.732,-99.92,-84.69,-14.89,-2.71,-100.7,25.87,43.0,1,43.24,Fair
0.371,-97.29,-86.3,-10.91,-9.4,-98.69,45.01,43.0,1,32.25,Poor
0.608,-96.4,-77.45,-18.73,-4.25,-97.44,40.44,39.0,0,33.5,Poor
0.488,-102.09,-80.49,-19.5,-9.73,-98.44,40.73,40.0,1,17.53,Poor
0.198,-91.61,-72.95,-18.95,3.22,-102.08,14.99,26.0,1,42.11,Fair
0.745,-99.01,-79.5,-17.36,4.65,-108.4,17.54,23.0,5,40.96,Fair
0.157,-92.51,-72.25,-19.5,3.82,-101.84,44.12,51.0,1,36.84,Fair
0.381,-101.93,-83.6,-18.26,-2.36,-105.29,30.32,45.0,2,30.26,Poor
0.616,-99.55,-79.88,-19.33,-10.0,-92.32,70.02,63.0,3,24.35,Poor
0.214,-97.45,-77.83,-18.61,-10.0,-89.71,60.2,61.0,2,21.42,Poor
0.162,-93.45,-81.33,-12.37,4.36,-101.25,49.01,44.0,1,42.0,Fair
0.277,-89.85,-71.5,-18.06,-0.57,-94.1,60.84,59.0,1,34.27,Poor
0.767,-102.52,-89.24,-12.74,-4.98,-105.48,17.13,28.0,1,37.26,Fair
1.196,-100.42,-82.54,-17.62,0.68,-108.94,11.53,25.0,5,40.48,Fair
0.354,-99.83,-83.32,-17.05,2.35,-103.15,37.54,47.0,0,37.15,Fair
0.487,-98.15,-77.05,-19.5,-0.62,-103.25,37.05,47.0,3,26.13,Poor
1.051,-102.84,-84.11,-19.5,6.35,-114.41,20.91,40.0,2,37.56,Fair
0.047,-82.25,-62.83,-19.5,12.57,-98.32,51.99,52.0,3,39.34,Fair
0.119,-81.44,-64.02,-16.99,1.48,-86.64,79.82,58.0,1,36.76,Fair
0.555,-96.86,-75.71,-19.5,2.28,-103.55,31.97,38.0,0,38.1,Fair
0.781,-108.3,-95.09,-12.62,-10.0,-101.66,46.79,56.0,2,29.82,Poor
0.875,-103.0,-87.69,-16.42,6.64,-113.47,12.17,26.0,1,42.36,Fair
0.241,-90.14,-68.29,-19.5,-4.38,-91.96,55.0,50.0,1,32.61,Poor
0.042,-79.05,-62.36,-16.57,10.54,-95.96,45.92,56.0,2,47.53,Fair
0.259,-98.22,-86.66,-12.29,-0.45,-103.29,22.43,33.0,0,42.37,Fair
0.118,-84.4,-62.04,-19.5,21.2,-110.34,26.16,29.0,0,59.48,Good
0.155,-79.01,-57.78,-19.5,17.46,-101.28,22.24,25.0,3,56.63,Good
0.666,-102.03,-81.9,-19.5,-9.37,-97.73,49.03,57.0,1,28.57,Poor
0.035,-68.93,-50.65,-17.05,28.64,-105.09,33.12,,1,67.29,Good
0.791,-104.98,-82.0,-19.5,-10.0,-97.36,78.78,61.0,4,17.18,Poor
0.251,-91.17,-69.39,-19.5,-1.66,-94.83,38.73,47.0,2,33.9,Poor
0.408,-93.15,-70.5,-19.5,-1.31,-95.58,47.63,40.0,1,38.34,Fair
0.042,-76.76,-56.67,-19.5,27.31,-107.01,15.37,31.0,0,64.98,Good
0.185,-90.59,-72.22,-19.22,10.4,-104.76,47.59,52.0,1,36.67,Fair
0.042,-73.82,-57.02,-16.21,16.49,-98.19,57.07,61.0,2,60.42,Good
1.466,-99.76,-85.57,-14.79,3.97,-109.01,16.78,30.0,3,37.96,Fair
0.741,-100.2,-80.7,-19.5,-0.34,-103.67,25.27,25.0,3,32.63,Poor
0.277,-94.94,-75.19,-19.09,-5.51,-95.46,54.91,45.0,2,27.9,Poor
0.114,-85.96,-69.01,-17.63,7.79,-96.15,51.43,56.0,1,46.45,Fair
1.219,-95.65,-75.81,-19.07,5.15,-103.2,19.15,34.0,1,44.51,Fair
0.19,-89.09,-72.08,-16.34,5.43,-99.49,37.77,40.0,0,42.42,Fair
0.079,-84.44,-63.84,-19.5,4.98,-97.04,31.99,32.0,3,41.35,Fair
0.373,-100.03,-84.68,-15.85,-10.0,-95.38,53.89,48.0,3,33.23,Poor
1.295,-113.56,-98.72,-14.36,-10.0,-104.27,13.3,26.0,4,35.68,Fair
0.02,-68.99,-51.71,-16.22,19.11,-92.46,46.54,48.0,0,63.1,Good
0.122,-83.21,-62.72,-19.5,1.72,-91.36,67.89,68.0,1,34.22,Poor
1.255,-107.56,-93.04,-13.3,-7.46,-105.15,26.65,28.0,1,35.0,Fair
0.084,-82.69,-61.54,-19.5,12.69,-101.04,29.31,40.0,0,52.71,Fair
0.054,-83.5,-70.43,-13.08,8.48,-96.63,62.01,56.0,2,56.7,Good
0.38,-95.09,-77.83,-16.14,1.84,-100.79,46.19,33.0,1,30.86,Poor
0.891,-101.08,-87.32,-12.79,-10.0,-93.12,57.57,53.0,4,25.1,Poor
0.292,-95.47,-85.3,-10.86,,-113.24,10.13,31.0,1,58.63,Good
2.347,-104.65,,-19.5,-8.62,-99.2,45.74,47.0,3,21.18,Poor
0.512,-101.54,-84.08,-18.8,-10.0,-97.81,44.48,45.0,1,25.0,Poor
0.035,-73.9,-60.09,-13.57,26.41,-103.55,20.93,36.0,1,75.23,Excellent
2.222,-107.55,-91.1,-17.36,-3.86,-108.36,6.04,24.0,1,29.99,Poor
0.236,-91.8,-72.47,-19.5,1.19,-99.72,49.9,55.0,2,37.0,Fair
0.152,-88.47,-71.58,-16.36,-4.36,-87.54,67.99,64.0,0,27.55,Poor
0.367,-101.04,-83.64,-16.36,-8.37,-96.27,57.57,58.0,2,28.95,Poor
0.163,-82.88,-66.08,-16.6,15.13,-107.0,18.34,34.0,1,55.59,Good
0.041,-77.08,-60.83,-17.6,12.65,-93.87,50.54,58.0,2,57.09,Good
0.02,-68.29,-52.08,-17.6,30.0,-102.09,45.98,47.0,3,63.62,Good
0.269,-89.93,-73.8,-16.14,8.23,-104.71,21.49,29.0,1,45.7,Fair
0.816,-104.76,-89.02,-15.01,-9.54,-99.71,56.68,50.0,2,21.68,Poor
0.382,-96.46,-81.51,-13.93,0.98,-107.37,23.0,36.0,4,45.27,Fair
3.213,-108.8,,-16.87,-8.6,-104.2,26.7,38.0,6,33.75,Poor
0.152,-92.17,-76.09,-16.7,,-106.37,11.28,30.0,0,48.45,Fair
0.148,-78.96,-64.17,-13.85,4.47,-89.79,70.43,55.0,2,43.54,Fair
0.078,-84.97,-64.67,-19.5,4.06,-92.35,82.38,72.0,1,29.65,Poor
0.081,-86.96,-65.26,-19.5,3.44,-95.74,37.5,48.0,3,38.47,Fair
0.151,-87.11,-69.11,-16.58,4.69,-97.28,51.4,51.0,5,44.34,Fair
0.708,-92.18,-73.99,-18.2,9.21,-104.31,27.82,40.0,6,43.09,Fair
1.063,-112.18,-96.26,-15.65,-10.0,-95.38,47.17,42.0,2,24.67,Poor
1.662,-108.98,-87.78,-19.5,-10.0,-89.71,75.42,75.0,2,13.69,Poor
0.119,-83.68,-60.46,-19.5,7.73,-95.9,62.47,47.0,5,37.42,Fair
0.959,-103.51,-86.0,-18.36,-7.57,-100.1,35.44,50.0,2,25.9,Poor
0.179,-87.58,-71.14,-18.77,13.42,-104.9,21.2,31.0,2,35.62,Fair
0.054,-81.66,-62.64,-18.91,11.57,-101.34,37.69,42.0,3,47.98,Fair
0.918,-105.67,-87.28,-17.62,-0.85,-112.16,10.56,25.0,3,27.85,Poor
0.455,-97.77,-81.27,-15.51,-0.23,-103.99,29.5,29.0,2,39.66,Fair
0.081,-86.8,-67.38,-19.12,0.73,-93.95,55.13,51.0,0,29.82,Poor
0.253,-92.27,-71.45,-19.5,-3.61,-93.04,61.57,57.0,2,22.8,Poor
0.152,-89.27,-73.63,-16.97,9.7,-103.46,19.3,32.0,3,47.74,Fair
0.601,-101.47,-75.84,-19.5,-7.67,-100.92,37.99,52.0,1,26.78,Poor
0.272,-91.44,-78.03,-14.33,,-94.79,45.59,51.0,1,52.45,Fair
2.041,-117.48,-102.04,-15.08,-10.0,-97.14,52.1,39.0,0,23.84,Poor
0.025,-73.33,-54.63,-18.2,23.66,-103.35,34.5,41.0,0,72.25,Good
0.197,-80.68,-55.94,-19.5,5.16,-87.28,82.61,52.0,2,36.86,Fair
0.296,-97.8,-81.48,-14.91,3.94,-106.65,8.2,24.0,1,43.61,Fair
0.315,-88.84,-74.04,-16.29,2.11,-91.44,73.48,66.0,3,36.31,Fair
0.171,-88.49,-68.84,-19.5,2.59,-95.35,33.34,42.0,2,32.42,Poor
0.588,-101.81,-84.56,-16.87,-4.04,-99.92,10.35,26.0,2,41.33,Fair
0.935,-108.71,-88.71,-18.29,-10.0,-100.23,31.41,28.0,3,24.66,Poor
1.257,-105.43,-87.64,-17.71,-4.78,-108.17,5.04,25.0,3,32.59,Poor
0.736,-95.53,-80.11,-13.38,9.3,-107.88,13.73,26.0,2,51.94,Fair
0.855,-104.21,-79.16,-19.5,-9.44,-97.32,51.98,50.0,3,24.54,Poor
0.36,-95.47,-86.33,-10.12,-4.31,-94.4,51.83,53.0,2,37.07,Fair
0.787,-97.88,-74.42,-19.5,8.32,-110.23,9.48,24.0,2,36.57,Fair
0.163,-86.92,-66.12,-19.5,1.86,-95.21,64.24,,1,29.64,Poor
0.229,-97.51,-81.75,-15.36,-0.87,-98.77,46.19,49.0,2,34.9,Poor
0.172,-88.34,-64.72,-19.5,-1.42,-93.44,77.05,63.0,3,26.1,Poor
0.283,-87.03,-73.15,-11.08,23.94,-112.47,11.09,28.0,2,72.46,Good
0.151,-87.8,-66.78,-19.5,24.17,-116.35,5.85,19.0,1,63.4,Good
1.467,-118.3,-106.55,-12.19,-10.0,-102.31,34.75,41.0,3,27.27,Poor
0.169,-87.05,-72.49,-14.33,9.74,-101.94,38.52,45.0,1,48.81,Fair
0.046,-78.32,-63.76,-14.15,8.69,-89.63,77.58,49.0,4,44.1,Fair
0.337,-101.89,-86.14,-14.9,1.27,-107.94,26.53,41.0,1,33.58,Poor
0.026,-79.49,-61.46,-17.72,21.4,-102.58,48.62,55.0,0,43.72,Fair
0.053,-74.7,-59.18,-15.17,12.51,-92.09,62.72,52.0,1,54.61,Fair
0.111,-87.95,-76.06,-13.39,11.53,-107.19,17.23,26.0,2,51.32,Fair
0.281,-96.63,-77.24,-19.5,-0.73,-100.01,39.69,46.0,2,35.91,Fair
0.256,-92.33,-74.18,-18.02,-2.82,-93.35,50.42,40.0,3,30.93,Poor
0.724,-103.78,-84.55,-18.13,-1.39,-107.66,27.24,36.0,3,31.75,Poor
0.605,-99.25,-80.74,-18.77,-8.17,-94.72,54.94,52.0,0,23.23,Poor
0.25,-92.81,-71.94,-19.5,-2.83,-97.47,55.12,67.0,0,28.23,Poor
0.183,-94.08,-76.31,-17.73,13.64,-109.65,12.05,25.0,0,56.57,Good
0.171,-90.77,-69.73,-19.5,-2.44,-95.75,53.06,34.0,0,35.78,Fair
0.669,-98.75,-83.08,-16.18,-5.13,-95.88,53.73,56.0,2,28.12,Poor
0.024,-71.81,-55.97,-16.75,24.98,-101.21,24.42,44.0,1,70.42,Good
0.02,-70.77,-48.64,-19.5,30.0,-104.45,24.44,31.0,2,71.49,Good
0.714,-93.34,-71.27,-19.5,8.98,-106.03,26.28,44.0,2,41.27,Fair
0.292,-90.41,-70.69,-19.5,7.29,-102.69,47.15,40.0,1,41.86,Fair
0.063,-76.73,-61.4,-14.88,8.98,-93.02,81.2,62.0,1,38.55,Fair
0.121,-86.38,-71.29,-15.04,0.94,-95.79,66.19,60.0,1,37.6,Fair
1.213,-104.8,-82.82,-19.5,-10.0,-97.54,69.99,74.0,5,15.72,Poor
0.883,-104.65,-82.84,-19.5,-7.91,-101.03,48.15,47.0,2,27.47,Poor
0.557,-95.82,-78.01,-17.98,-5.02,-96.22,53.31,53.0,4,26.56,Poor
0.296,-93.9,-68.88,-19.5,3.36,-104.4,40.23,56.0,0,42.59,Fair
0.331,-93.52,-74.15,-19.5,-10.0,-86.42,79.14,66.0,2,17.06,Poor
1.664,-107.79,-93.11,-17.34,-10.0,-92.26,61.15,,1,20.45,Poor
1.519,-107.71,-90.53,-15.62,-10.0,-97.57,49.26,,2,25.09,Poor
0.109,-73.08,,-17.77,28.75,-103.04,10.19,22.0,1,65.01,Good
0.75,-104.18,-85.92,-16.6,-10.0,-99.89,56.61,50.0,3,25.7,Poor
0.099,-86.69,-64.94,-19.5,16.47,-108.52,15.22,30.0,0,47.63,Fair
0.108,-81.98,-66.85,-15.41,22.04,-104.19,43.84,49.0,0,55.91,Good
0.507,-100.5,-86.5,-13.84,3.46,-107.02,20.07,39.0,0,42.25,Fair
0.234,-92.57,-72.77,-19.5,5.9,-105.13,22.82,,1,42.62,Fair
1.207,-109.98,-93.51,-16.78,-10.0,-102.85,28.27,34.0,2,25.05,Poor
0.042,-74.69,-49.42,-19.5,10.2,-89.43,61.9,54.0,2,37.11,Fair
0.322,-92.18,-71.35,-18.41,-10.0,-88.32,88.95,63.0,3,31.37,Poor
1.128,-106.32,-89.89,-15.6,-8.06,-100.69,29.33,33.0,1,32.79,Poor
1.055,-101.61,-79.98,-19.5,0.5,-106.42,19.0,39.0,2,30.15,Poor
0.077,-89.23,-69.04,-19.5,5.99,-95.95,49.94,43.0,0,44.0,Fair
0.206,-93.13,,-19.19,11.39,-109.6,8.44,27.0,2,48.21,Fair
0.434,-97.46,-79.82,-16.89,2.84,-102.73,36.79,47.0,4,32.13,Poor
0.078,-86.66,-67.4,-19.5,-7.63,-83.23,89.47,65.0,3,24.49,Poor
1.549,-114.8,-103.11,-12.57,-10.0,-98.84,35.49,34.0,1,26.75,Poor
1.108,-106.13,-84.18,-19.5,-10.0,-95.36,57.48,59.0,4,20.73,Poor
0.082,-79.63,-71.93,-8.5,5.85,-90.16,60.81,58.0,4,57.48,Good
0.058,-74.31,-57.63,-16.55,17.57,-98.6,49.57,47.0,4,57.07,Good
0.04,-78.48,-65.27,-12.02,18.8,-103.16,22.51,33.0,2,60.34,Good
1.081,-101.75,-85.25,-15.5,-0.7,-108.74,10.6,33.0,1,42.2,Fair
0.097,-81.26,-63.49,-17.17,13.3,-98.93,51.28,,2,47.17,Fair
0.242,-86.85,-72.44,-15.02,1.76,-92.48,74.48,62.0,1,26.78,Poor
0.268,-94.0,-84.32,-9.33,5.48,-105.33,12.14,23.0,4,56.84,Good
0.411,-103.5,-84.88,-18.05,-9.67,-99.21,82.89,68.0,3,15.39,Poor
0.033,-74.47,,-19.5,21.42,-100.33,48.0,55.0,0,56.49,Good
0.116,-89.4,-72.45,-16.96,-6.12,-88.55,56.34,64.0,0,29.77,Poor
1.206,-108.53,-87.65,-19.5,-10.0,-103.08,5.28,21.0,7,33.57,Poor
1.076,-105.85,-83.33,-19.5,-10.0,-99.11,56.25,55.0,2,19.42,Poor
0.684,-102.07,-89.77,-13.53,-4.04,-105.08,27.23,36.0,1,38.33,Fair
0.02,-69.88,-53.25,-15.88,14.16,-89.47,63.19,66.0,3,49.24,Fair
0.178,-86.25,-72.08,-13.85,3.83,-93.01,73.5,67.0,4,37.23,Fair
0.445,-98.46,-82.88,-15.84,-10.0,-92.0,58.8,42.0,1,23.57,Poor
0.145,-85.69,-62.59,-19.5,6.64,-94.21,53.84,39.0,1,42.16,Fair
1.082,-104.63,-85.96,-19.5,-7.89,-101.52,32.04,43.0,4,20.1,Poor
0.452,-93.38,-73.02,-19.5,1.29,-102.94,32.99,40.0,1,34.35,Poor
0.034,-75.53,-57.66,-19.08,12.23,-95.9,41.12,37.0,0,49.24,Fair
1.079,-104.98,-90.61,-13.56,0.72,-108.62,16.22,24.0,4,46.35,Fair
1.424,-108.57,-88.54,-19.06,-7.79,-104.89,20.72,36.0,3,23.23,Poor
0.036,-76.11,-54.35,-19.5,17.08,-96.22,52.27,54.0,1,51.76,Fair
0.342,-97.84,-78.89,-19.32,0.06,-105.03,20.19,29.0,0,37.64,Fair
0.163,-91.81,-72.34,-18.07,6.17,-102.64,19.25,36.0,5,39.87,Fair
0.225,-87.96,-73.67,-15.61,4.72,-99.05,42.24,41.0,3,39.85,Fair
0.089,-87.43,-67.31,-19.5,1.84,-94.31,62.6,,2,35.32,Fair
0.388,-97.08,-75.04,-19.5,-4.17,-97.47,48.06,44.0,3,26.64,Poor
1.426,-103.03,-83.82,-19.01,0.27,-103.89,33.69,42.0,4,31.21,Poor
0.315,-95.4,-82.79,-12.99,2.38,-103.1,27.64,39.0,2,44.55,Fair
0.039,-72.72,-49.81,-19.5,22.32,-100.8,46.18,54.0,1,56.55,Good
0.435,-99.16,-84.0,-15.93,4.32,-106.89,37.56,30.0,3,40.41,Fair
0.187,-93.69,-74.53,-17.6,0.55,-98.98,32.61,37.0,0,38.47,Fair
0.872,-109.2,-88.34,-19.5,-10.0,-93.56,65.72,50.0,1,16.57,Poor
0.257,-86.97,-65.73,-19.5,2.16,-93.97,66.1,52.0,1,31.81,Poor
0.096,-88.32,-75.72,-12.18,6.96,-100.12,29.34,30.0,0,48.93,Fair
0.095,-80.7,-62.34,-18.29,10.94,-95.07,74.64,70.0,0,40.38,Fair
0.659,-104.39,-86.24,-17.42,-10.0,-89.94,77.14,66.0,5,22.4,Poor
0.139,-81.65,-59.33,-19.5,-0.52,-86.91,77.08,60.0,6,39.42,Fair
0.656,-91.52,-72.15,-19.5,-0.1,-95.34,35.86,42.0,5,35.71,Fair
0.104,-91.15,-68.8,-19.5,-3.51,-93.17,73.74,69.0,0,30.44,Poor
0.175,-93.23,-73.61,-18.48,3.26,-100.82,38.8,39.0,3,35.14,Fair
0.282,-89.94,-72.16,-17.57,6.74,-98.77,42.97,35.0,0,41.82,Fair
1.291,-104.17,-85.59,-17.66,-10.0,-95.26,72.76,68.0,1,23.72,Poor
1.208,-102.54,-79.97,-19.5,-5.46,-103.43,20.14,32.0,2,21.03,Poor
0.104,-86.74,-72.63,-14.85,4.58,-97.95,43.51,49.0,0,43.11,Fair
0.2,-82.1,-61.38,-19.15,17.27,-103.54,24.14,40.0,1,53.27,Fair
0.073,-80.89,-64.77,-15.09,3.93,-90.27,67.11,62.0,4,39.72,Fair
0.321,-99.02,-83.55,-13.45,-2.99,-99.9,49.13,39.0,1,29.51,Poor
0.278,-93.92,-72.85,-19.29,-5.16,-96.66,61.04,62.0,0,29.79,Poor
1.04,-109.16,-93.81,-17.35,-10.0,-84.08,78.5,75.0,1,16.85,Poor
1.197,-99.2,-80.07,-19.4,5.89,-107.13,21.58,,1,40.34,Fair
0.218,-93.44,-76.91,-17.13,0.87,-100.75,36.87,44.0,0,35.99,Fair
0.305,-91.73,-80.8,-11.46,-1.69,-94.26,49.29,40.0,1,43.06,Fair
1.02,-106.06,-86.63,-19.5,-10.0,-102.27,18.25,21.0,6,27.89,Poor
0.74,-103.85,-85.47,-19.24,-10.0,-97.54,36.41,42.0,2,22.63,Poor
0.02,-78.09,-65.82,-12.44,21.04,-103.61,24.02,35.0,0,60.91,Good
0.174,-86.45,-70.54,-15.66,2.43,-92.73,70.93,54.0,1,38.51,Fair
0.247,-86.67,-74.1,-12.57,6.05,-95.44,66.04,58.0,0,45.26,Fair
0.117,-89.13,-68.94,-19.41,6.31,-102.36,31.78,35.0,1,49.48,Fair
0.1,-90.28,-68.12,-19.5,7.47,-99.45,31.87,37.0,2,43.75,Fair
0.02,-67.23,-46.68,-19.5,29.98,-103.33,24.92,37.0,3,68.31,Good
0.464,-103.93,-82.97,-19.5,-10.0,-96.22,60.86,57.0,2,21.51,Poor
0.137,-81.92,,-16.32,14.67,-100.16,35.44,38.0,2,48.18,Fair
0.024,-75.64,-56.0,-17.6,18.48,-100.62,49.11,33.0,1,59.41,Good
0.118,-89.94,-71.96,-17.01,1.91,-95.2,56.93,56.0,2,34.87,Poor
0.729,-100.27,-81.71,-19.5,-8.77,-95.96,69.25,66.0,1,17.58,Poor
0.858,-106.83,-85.96,-19.5,-10.0,-101.61,29.69,43.0,1,24.72,Poor
0.297,-96.31,-74.78,-19.5,-4.37,-99.47,38.58,50.0,2,25.91,Poor
0.242,-90.3,-73.47,-17.81,6.77,-101.02,26.72,26.0,1,42.5,Fair
1.715,-118.4,-104.63,-15.09,-10.0,-96.98,41.63,38.0,1,21.93,Poor
0.101,-77.58,-60.14,-17.75,19.24,-99.96,41.72,42.0,1,57.41,Good
0.109,-84.66,-67.32,-18.33,13.62,-100.75,33.75,29.0,3,51.24,Fair
0.155,-93.05,-74.2,-19.5,4.98,-103.03,32.53,35.0,1,34.55,Poor
0.085,-86.79,-66.29,-19.5,12.66,-106.05,16.99,40.0,3,50.0,Fair
0.215,-86.71,-74.45,-12.56,11.47,-101.78,34.11,43.0,1,56.25,Good
1.088,-102.33,-86.35,-16.93,-7.17,-102.73,31.02,28.0,4,36.77,Fair
0.43,-91.14,-76.03,-16.48,,-105.54,4.53,22.0,1,51.26,Fair
0.239,-94.33,-72.58,-19.5,,-93.86,55.0,51.0,1,28.35,Poor
1.226,-104.59,-87.22,-17.76,-1.05,-111.27,9.7,28.0,5,34.76,Poor
0.022,-69.66,-53.2,-17.34,20.43,-95.83,59.64,53.0,1,61.99,Good
0.106,-81.83,-62.21,-19.5,4.7,-93.69,52.47,44.0,1,32.88,Poor
0.376,-91.01,-74.79,-16.3,-0.38,-97.78,60.88,53.0,1,36.97,Fair
0.43,-99.56,-81.61,-16.95,-10.0,-96.15,66.9,72.0,2,21.87,Poor
0.02,-70.9,-47.46,-19.5,24.27,-100.04,25.95,41.0,0,61.27,Good
0.232,-93.79,-70.43,-19.5,2.21,-103.7,12.96,29.0,1,31.29,Poor
0.471,-97.7,-80.92,-16.2,-7.93,-97.21,48.06,52.0,1,32.23,Poor
0.539,-95.85,-78.4,-16.8,-1.15,-97.27,63.48,52.0,1,32.69,Poor
0.457,-103.84,-87.7,-17.19,-6.86,-103.57,30.94,37.0,3,20.27,Poor
0.174,-84.42,-72.2,-12.42,14.53,-105.4,40.01,40.0,2,57.95,Good
0.044,-81.66,-60.55,-19.5,12.29,-95.52,44.42,42.0,1,37.77,Fair
0.251,-93.25,-67.98,-19.5,4.27,-102.8,22.22,26.0,1,37.25,Fair
0.062,-75.01,-58.34,-16.48,26.14,-106.15,11.47,27.0,1,66.92,Good
1.327,-105.15,-89.6,-14.96,-10.0,-97.94,58.42,53.0,2,22.99,Poor
0.29,-91.92,-74.74,-15.83,3.23,-101.18,40.83,43.0,4,34.59,Poor
0.172,-93.47,-75.22,-18.74,1.82,-99.88,34.21,43.0,2,28.15,Poor
0.654,-104.5,-89.91,-13.71,-9.33,-100.17,46.47,54.0,2,31.31,Poor
0.31,-90.09,-73.47,-15.73,,-97.6,30.6,36.0,3,40.99,Fair
0.167,-90.86,-69.82,-19.5,17.76,-111.88,3.75,18.0,2,45.32,Fair
0.752,-103.52,-85.13,-19.5,-10.0,-94.58,61.72,60.0,1,16.35,Poor
0.908,-99.32,-77.51,-19.5,-0.73,-105.33,14.61,24.0,1,29.04,Poor
0.503,-102.25,-83.15,-19.13,-10.0,-90.34,87.67,70.0,0,16.76,Poor
0.022,-70.02,-55.29,-13.02,13.06,-88.25,73.22,83.0,3,59.6,Good
0.376,-95.35,-79.08,-15.53,4.64,-104.11,27.1,34.0,3,44.28,Fair
0.648,-100.26,-81.52,-19.46,-7.01,-100.74,29.26,43.0,4,26.68,Poor
0.066,-82.6,-67.97,-14.44,11.99,-100.92,28.5,31.0,1,56.02,Good
0.117,-87.75,-73.5,-15.41,18.67,-110.57,19.21,27.0,2,59.19,Good
0.964,-108.0,-93.58,-14.05,,-98.24,42.7,41.0,0,26.68,Poor
0.02,-68.51,-48.97,-18.34,29.56,-105.71,35.45,33.0,4,70.71,Good
0.629,-102.66,-85.75,-16.07,-10.0,-94.83,56.32,54.0,2,24.94,Poor
0.289,-89.37,-67.82,-19.5,15.96,-108.15,7.07,22.0,2,51.09,Fair
0.266,-93.44,-78.13,-15.27,5.04,-104.11,40.27,48.0,1,46.89,Fair
0.02,-74.68,-64.05,-9.86,30.0,-110.52,8.16,27.0,2,80.78,Excellent
0.77,-102.69,-85.09,-18.78,-10.0,-90.71,51.46,57.0,8,23.55,Poor
0.201,-91.74,-68.8,-19.5,4.52,-97.12,47.25,49.0,0,37.4,Fair
0.35,-90.87,-72.77,-18.95,2.09,-98.23,31.48,30.0,0,40.24,Fair
0.509,-99.63,-85.74,-12.7,-10.0,-90.9,82.0,79.0,3,23.16,Poor
0.546,-99.86,-86.73,-11.81,1.16,-103.57,28.17,42.0,2,47.5,Fair
1.405,-101.32,-79.72,-19.5,-6.02,-101.13,43.28,41.0,2,25.19,Poor
0.341,-92.65,-77.07,-16.71,5.26,-105.25,19.0,27.0,1,40.77,Fair
0.23,-84.61,-61.98,-19.5,9.15,-99.39,57.48,48.0,0,42.32,Fair
1.383,-101.78,-81.82,-19.5,-6.48,-100.42,29.22,31.0,2,21.04,Poor
0.462,-100.87,-85.18,-16.66,-10.0,-95.29,52.42,45.0,1,27.08,Poor
0.159,-84.14,-62.64,-19.5,13.9,-100.6,40.04,52.0,2,45.95,Fair
0.061,-73.72,-58.5,-14.8,20.23,-101.48,36.92,45.0,4,62.13,Good
0.832,-96.28,-82.62,-13.14,-1.74,-99.33,43.72,47.0,0,38.39,Fair
0.202,-86.21,-70.81,-14.91,10.17,-101.19,37.15,,1,51.8,Fair
0.486,-93.88,-73.58,-19.5,-9.83,-87.7,78.43,53.0,4,17.59,Poor
0.286,-94.38,-72.97,-19.5,2.97,-100.28,17.19,28.0,1,43.08,Fair
0.1,-87.42,-70.61,-19.27,17.05,-107.85,16.12,30.0,4,50.52,Fair
0.414,-97.77,-85.38,-12.33,-7.65,-93.51,47.74,55.0,4,33.2,Poor
0.028,-79.96,-66.63,-13.71,15.84,-102.11,33.64,41.0,0,59.68,Good
0.24,-86.27,-71.47,-15.22,11.91,-104.81,42.66,35.0,1,41.75,Fair
0.356,-96.19,-82.07,-15.17,4.1,-104.72,13.01,19.0,3,44.68,Fair
0.258,-87.09,-68.3,-19.14,9.68,-103.22,35.59,47.0,2,39.27,Fair
0.621,-104.81,,-19.5,-10.0,-95.78,54.03,53.0,2,22.9,Poor
0.792,-97.65,-77.27,-19.5,2.71,-108.25,32.63,46.0,4,36.2,Fair
0.664,-102.43,-87.82,-14.81,-5.87,-99.18,44.54,47.0,3,27.06,Poor
0.02,-75.58,-59.66,-16.49,15.98,-97.33,30.63,41.0,2,58.56,Good
0.097,-77.33,-60.82,-15.77,16.1,-96.28,66.09,60.0,2,56.22,Good
0.346,-90.38,-71.21,-19.35,5.24,-99.5,39.25,44.0,2,35.43,Fair
1.229,-104.95,-82.24,-19.5,-3.43,-105.58,12.2,26.0,4,24.94,Poor
0.811,-102.05,-85.45,-17.2,-7.53,-101.08,39.79,39.0,3,29.03,Poor
0.832,-100.65,-78.04,-19.5,-7.0,-99.82,31.81,39.0,2,27.37,Poor
0.163,-87.5,-63.18,-19.5,0.64,-96.11,50.07,44.0,1,33.25,Poor
0.253,-95.25,-78.3,-17.07,2.21,-101.01,45.82,55.0,1,43.11,Fair
0.286,-94.81,-77.94,-17.14,9.2,-106.79,28.59,38.0,1,40.52,Fair
0.077,-74.0,-57.09,-17.17,22.62,-100.38,48.72,53.0,0,57.36,Good
0.02,-59.76,-41.57,-17.53,30.0,-104.75,33.91,39.0,2,73.09,Good
1.321,-100.17,-83.25,-15.84,-1.21,-106.22,11.78,33.0,6,40.02,Fair
0.124,-84.02,-63.37,-19.5,5.73,-93.61,53.66,54.0,2,44.97,Fair
0.123,-87.25,-73.9,-14.69,11.91,-101.09,32.67,57.0,0,48.72,Fair
0.039,-79.27,-62.88,-15.96,21.42,-104.56,20.47,42.0,0,60.18,Good
1.187,-108.43,-89.44,-19.41,-10.0,-97.42,26.66,37.0,1,27.47,Poor
0.39,-98.06,-77.45,-19.5,6.91,-112.12,15.56,31.0,1,40.28,Fair
0.495,-89.3,-64.72,-19.5,9.43,-101.17,37.11,37.0,2,42.35,Fair
1.092,-97.54,-83.41,-13.55,1.46,-103.64,13.14,34.0,4,42.29,Fair
0.191,-86.67,-70.63,-16.7,17.34,-108.2,8.02,24.0,0,54.89,Fair
0.437,-100.68,,-9.69,-9.27,-94.02,63.33,53.0,1,28.66,Poor
0.02,-66.87,-52.2,-15.11,,-105.38,26.31,35.0,3,75.46,Excellent
0.093,-84.42,-71.73,-12.69,10.67,-98.72,33.97,35.0,0,58.94,Good
0.801,-110.69,-94.26,-15.49,,-96.46,59.69,51.0,2,20.25,Poor
0.655,-99.19,-81.88,-18.16,-2.18,-103.24,15.07,26.0,2,37.5,Fair
0.194,-93.18,-73.77,-18.51,-3.47,-96.09,37.34,47.0,0,36.9,Fair
0.213,-93.83,-76.73,-15.96,-2.19,-98.26,51.49,48.0,1,32.97,Poor
0.343,-95.74,-76.33,-19.5,-3.91,-97.95,55.88,47.0,1,33.98,Poor
0.02,-72.44,-54.1,-18.28,24.59,-102.8,39.14,30.0,3,67.92,Good
0.124,-86.09,-71.19,-14.15,4.89,-94.37,54.73,59.0,1,40.52,Fair
0.105,-84.84,-71.9,-12.7,20.87,-106.79,5.68,17.0,0,66.47,Good
0.13,-93.83,-74.08,-19.5,-4.53,-94.06,60.2,60.0,1,31.41,Poor
0.738,-95.29,-72.35,-19.5,1.44,-102.02,36.24,41.0,2,31.12,Poor
0.148,-91.38,-65.77,-19.5,4.17,-95.8,48.9,61.0,2,34.03,Poor
0.096,-87.52,-66.71,-19.5,11.89,-102.2,16.93,41.0,1,50.33,Fair
0.316,-95.33,-72.96,-19.5,10.49,-110.25,29.23,55.0,0,48.24,Fair
0.903,-103.56,-84.17,-17.83,-10.0,-96.6,32.39,45.0,1,20.54,Poor
0.124,-80.12,-61.22,-19.38,21.5,-106.81,27.5,28.0,2,63.56,Good
0.037,-74.47,-56.14,-18.9,23.31,-104.3,16.7,29.0,0,63.01,Good
0.198,-87.72,-70.04,-18.71,8.96,-100.19,28.81,49.0,2,44.18,Fair
0.62,-98.76,-78.94,-19.5,-2.32,-102.08,29.39,44.0,1,35.43,Fair
0.36,-94.22,-77.79,-16.84,5.65,-104.58,23.13,42.0,2,46.35,Fair
0.764,-100.43,,-17.11,-1.73,-102.95,37.5,37.0,3,36.83,Fair
1.444,-114.93,-100.46,-14.56,-10.0,-100.35,33.65,44.0,1,26.72,Poor
0.708,-102.01,-82.59,-19.5,-10.0,-89.54,73.82,46.0,1,16.15,Poor
0.417,-91.77,-76.64,-14.49,-1.23,-94.7,58.83,48.0,2,38.98,Fair
0.306,-77.97,-59.87,-17.31,23.64,-107.71,30.18,44.0,3,60.72,Good
0.02,-75.26,-55.76,-18.59,22.99,-104.69,13.07,25.0,1,58.66,Good
1.87,-107.75,-87.99,-19.5,-10.0,-103.25,28.71,33.0,3,19.52,Poor
0.218,-93.08,-72.76,-19.5,-5.15,-95.76,57.98,64.0,0,26.59,Poor
0.074,-73.35,-55.99,-17.7,22.97,-101.02,34.21,52.0,1,61.14,Good
0.494,-103.31,-83.86,-18.32,-10.0,-97.49,51.05,55.0,3,21.64,Poor
0.151,-85.11,-68.57,-16.63,21.93,-108.55,23.53,,1,59.93,Good
0.397,-101.62,-89.53,-12.45,-0.55,-105.93,21.57,32.0,5,40.73,Fair
0.398,-97.29,-77.7,-19.33,3.4,-103.47,23.95,,1,36.76,Fair
0.266,-92.65,-73.76,-17.78,4.94,-99.41,51.41,47.0,0,38.82,Fair
0.814,-97.94,-76.9,-19.5,,-102.04,19.7,28.0,3,28.24,Poor
0.139,-91.2,-73.28,-18.83,-5.62,-89.6,65.27,56.0,1,32.95,Poor
0.268,-89.94,-76.75,-12.77,-5.72,-87.85,69.28,72.0,2,38.8,Fair
0.347,-94.76,-77.04,-18.68,1.22,-97.77,32.17,57.0,0,31.24,Poor
0.49,-96.74,-76.08,-19.5,0.74,-99.53,59.79,51.0,4,26.34,Poor
0.69,-96.95,-77.52,-19.5,-8.34,-97.32,49.9,49.0,1,13.71,Poor
0.226,-96.25,-78.69,-18.36,-6.15,-100.15,28.57,32.0,5,35.19,Fair
0.467,-94.17,-81.16,-11.16,-0.77,-97.85,45.65,52.0,3,41.03,Fair
0.073,-83.71,-68.79,-13.54,-3.93,-83.93,84.44,73.0,2,38.71,Fair
1.214,-101.31,-81.88,-19.5,-3.96,-103.49,49.16,45.0,1,23.27,Poor
0.217,-89.44,,-13.3,-2.41,-92.02,63.7,52.0,1,30.41,Poor
0.588,-100.25,-83.2,-17.13,-1.57,-102.48,44.08,40.0,1,28.17,Poor
0.02,-72.8,-54.69,-17.12,27.48,-104.16,19.51,38.0,0,66.53,Good
0.103,-81.08,-59.63,-19.5,24.93,-111.17,27.01,33.0,0,56.6,Good
0.3,-88.54,-68.7,-19.5,1.47,-95.32,51.65,60.0,1,30.68,Poor
0.948,-105.67,-84.78,-19.5,-10.0,-85.27,73.89,75.0,1,14.58,Poor
0.337,-99.11,-80.21,-19.49,-8.05,-94.64,55.82,55.0,2,25.67,Poor
1.196,-102.78,-87.32,-16.1,-8.4,-98.02,41.46,52.0,1,26.39,Poor
0.298,-99.29,-83.14,-14.42,0.79,-102.42,34.98,43.0,1,40.35,Fair
0.303,-98.89,-83.69,-14.58,-10.0,-95.52,46.1,50.0,1,25.16,Poor
0.057,-83.58,-63.81,-19.39,8.81,-99.97,32.81,40.0,1,43.54,Fair
0.73,-102.94,-87.03,-15.57,-7.27,-102.86,30.08,41.0,2,33.91,Poor
0.128,-91.53,-74.71,-17.08,13.1,-109.89,3.24,23.0,2,56.71,Good
1.034,-112.06,,-18.45,-10.0,-97.79,38.66,40.0,1,27.16,Poor
1.088,-109.28,-86.36,-19.5,-10.0,-101.65,36.02,48.0,3,13.78,Poor
1.292,-103.66,-83.69,-19.5,-10.0,-90.21,62.32,58.0,3,19.27,Poor
0.331,-99.5,-83.81,-17.07,,-100.07,43.78,35.0,4,26.48,Poor
0.509,-99.51,-81.05,-18.33,-2.82,-103.62,26.11,33.0,0,29.92,Poor
0.678,-92.85,-69.9,-19.5,4.26,-101.59,26.66,30.0,2,47.19,Fair
0.063,-80.35,-60.5,-19.5,1.96,-87.66,82.68,65.0,2,30.68,Poor
0.413,-94.98,-81.77,-12.34,-3.71,-96.22,54.43,53.0,1,38.04,Fair
0.02,-74.23,-58.97,-17.19,20.79,-101.41,35.17,47.0,0,62.0,Good
0.31,-85.19,-70.17,-15.73,5.83,-93.25,50.31,47.0,2,45.58,Fair
0.076,-83.86,-61.54,-19.5,15.45,-104.29,40.66,56.0,1,45.81,Fair
0.091,-84.18,-62.41,-19.5,2.51,-91.34,58.98,54.0,4,34.06,Poor
0.204,-84.98,-68.86,-16.27,17.94,-109.34,25.83,37.0,1,56.88,Good
0.255,-92.89,-76.83,-14.58,-5.6,-93.41,60.0,55.0,0,34.11,Poor
0.439,-96.68,-78.55,-17.7,-10.0,-92.47,73.68,75.0,1,19.67,Poor
0.035,-76.21,-57.98,-18.27,20.63,-103.28,34.84,29.0,0,58.62,Good
0.315,-95.1,-79.99,-14.08,-2.64,-98.65,18.16,24.0,3,41.88,Fair
0.091,-81.77,-64.52,-16.72,11.22,-97.0,63.49,70.0,1,39.25,Fair
0.384,-93.5,-79.86,-14.12,2.88,-103.9,37.01,43.0,2,44.1,Fair
0.457,-99.78,,-19.5,-5.47,-101.99,41.24,54.0,1,29.6,Poor
0.366,-98.36,-85.64,-11.93,-7.94,-95.55,37.81,47.0,2,39.12,Fair
0.603,-102.06,-89.38,-12.76,-9.98,-96.8,49.73,46.0,0,35.53,Fair
0.184,-94.95,-75.64,-19.5,-5.93,-95.52,57.5,58.0,2,23.59,Poor
0.652,-106.66,-92.37,-15.35,-10.0,-92.02,81.91,70.0,0,15.78,Poor
0.255,-90.98,-74.48,-16.54,16.82,-111.65,13.75,24.0,2,59.8,Good
0.298,-89.76,-71.57,-16.96,9.51,-102.82,36.07,45.0,3,46.13,Fair
0.47,-93.98,-73.95,-19.5,9.87,-106.69,16.45,38.0,0,44.77,Fair
0.02,-79.97,-62.64,-16.73,11.31,-97.11,54.97,53.0,0,44.91,Fair
0.478,-98.58,-75.24,-19.5,-1.71,-104.15,22.6,33.0,3,36.93,Fair
0.434,-101.17,-83.17,-17.66,-0.03,-104.42,17.74,25.0,2,30.99,Poor
0.167,-87.92,,-19.5,7.73,-99.55,53.55,,1,39.4,Fair
0.04,-78.0,,-18.02,15.6,-98.74,42.39,44.0,1,52.85,Fair
0.043,-74.48,-50.09,-19.5,22.8,-102.42,38.47,39.0,1,60.66,Good
1.155,-105.34,-84.16,-19.5,-10.0,-95.7,59.93,56.0,6,23.05,Poor
0.526,-106.02,-87.89,-17.35,-6.77,-104.26,4.88,15.0,2,28.2,Poor
0.061,-83.74,-63.85,-19.5,22.13,-109.21,19.8,20.0,1,58.69,Good
0.199,-89.98,-72.76,-17.26,2.6,-102.61,13.82,23.0,0,48.65,Fair
0.404,-95.79,-78.6,-15.75,-10.0,-89.83,67.48,77.0,2,22.92,Poor
0.812,-107.83,-93.74,-14.58,-10.0,-99.41,61.64,61.0,4,31.19,Poor
0.02,-76.63,-61.05,-15.57,20.71,-102.74,38.3,33.0,1,54.47,Fair
0.122,-85.54,-61.36,-19.5,7.45,-97.72,55.14,72.0,3,40.74,Fair
0.992,-109.56,-95.17,-15.34,-10.0,-98.48,60.2,52.0,1,23.31,Poor
0.02,-77.12,-61.09,-14.4,,-105.73,12.35,30.0,2,69.8,Good
0.101,-85.97,-68.25,-16.64,6.26,-97.43,58.04,60.0,0,43.72,Fair
1.438,-109.11,-91.29,-16.96,-10.0,-106.71,34.93,37.0,3,27.01,Poor
0.428,-100.16,-81.0,-18.56,-2.56,-100.06,41.15,30.0,1,30.08,Poor
0.137,-89.58,-72.99,-17.23,1.55,-95.16,62.41,49.0,1,32.77,Poor
0.031,-74.1,-54.77,-18.2,21.26,-100.75,41.5,49.0,1,54.01,Fair
0.02,-73.33,-51.9,-19.5,21.28,-99.72,58.66,56.0,3,56.02,Good
0.126,-85.81,-64.01,-19.5,1.95,-92.08,64.72,53.0,0,35.81,Fair
0.96,-105.17,-87.98,-17.72,-7.25,-104.2,33.42,48.0,2,34.25,Poor
0.242,-91.04,-71.21,-19.5,1.76,-96.41,53.76,49.0,0,34.6,Poor
0.573,-95.67,-81.11,-13.03,-6.71,-94.57,49.89,44.0,1,35.02,Fair
1.127,-101.69,-85.85,-14.48,,-92.99,74.66,58.0,3,28.85,Poor
0.236,-86.34,-71.86,-12.76,2.86,-94.58,43.08,51.0,0,46.12,Fair
0.096,-80.34,-62.48,-17.76,20.76,-109.15,14.29,24.0,2,59.57,Good
0.328,-93.38,-77.96,-16.43,-8.24,-90.12,51.7,55.0,2,29.64,Poor
1.074,-106.36,-92.92,-13.68,-9.31,-102.5,39.64,48.0,1,31.67,Poor
0.734,-102.88,-86.04,-16.72,-4.82,-104.5,27.41,39.0,2,34.06,Poor
0.031,-77.52,-64.7,-13.32,16.5,-97.9,40.47,47.0,2,55.83,Good
0.531,-98.5,-76.51,-19.5,3.35,-110.14,3.78,19.0,3,38.2,Fair
0.382,-92.87,-76.54,-16.5,3.54,-103.85,17.39,31.0,2,37.79,Fair
1.071,-107.51,-86.55,-19.5,-10.0,-92.89,72.26,71.0,2,21.71,Poor
0.059,-79.68,-63.16,-17.16,15.57,-100.71,35.25,43.0,2,54.4,Fair
0.344,-97.46,-83.04,-14.35,6.08,-106.15,17.22,31.0,1,43.53,Fair
0.952,-102.75,-81.22,-19.5,,-101.96,21.63,29.0,2,26.47,Poor
0.237,-93.75,-75.48,-18.57,8.97,-107.74,24.51,33.0,3,39.36,Fair
0.296,-96.41,-72.75,-19.5,-0.59,-101.64,36.06,37.0,1,34.59,Poor
0.033,-77.32,-60.72,-18.01,20.45,-104.72,19.55,31.0,1,64.14,Good
0.147,-85.37,-68.71,-16.66,6.21,-96.36,44.05,37.0,1,44.39,Fair
0.177,-89.37,-68.36,-18.93,14.82,-110.64,14.67,35.0,2,51.72,Fair
1.306,-108.04,-87.01,-19.5,-10.0,-86.34,83.64,70.0,2,10.15,Poor
0.149,-86.5,-68.04,-18.88,-1.86,-90.46,75.3,66.0,3,26.23,Poor
0.278,-94.57,-66.56,-19.5,3.35,-103.11,41.32,50.0,2,40.71,Fair
0.501,-93.5,-76.34,-17.91,0.5,-97.59,42.71,49.0,1,39.17,Fair
0.08,-86.03,-71.83,-15.67,13.6,-105.13,25.25,32.0,2,55.98,Good
0.3,-94.32,-79.32,-13.93,-10.0,-91.24,49.65,51.0,1,23.2,Poor
0.604,-105.25,-88.07,-17.04,-1.19,-109.7,3.51,13.0,0,31.46,Poor
0.907,-104.55,-82.0,-19.5,-10.0,-90.87,60.19,44.0,3,21.3,Poor
0.443,-103.66,-86.22,-18.05,-9.04,-99.18,24.5,38.0,2,27.32,Poor
0.498,-94.97,-72.27,-19.5,6.59,-104.23,32.27,34.0,1,38.74,Fair
0.061,-76.75,,-18.58,19.82,-104.17,19.61,38.0,1,58.54,Good
1.312,-103.23,-81.98,-19.5,-10.0,-98.29,24.02,35.0,5,25.55,Poor
0.064,-80.14,-60.98,-19.5,10.7,-97.52,26.84,38.0,2,47.96,Fair
0.671,-104.06,-84.92,-18.84,-8.99,-101.05,44.69,41.0,3,20.05,Poor
0.138,-90.09,-69.83,-18.28,3.11,-97.55,35.71,,1,40.38,Fair
1.22,-99.62,-83.32,-16.56,-9.97,-93.53,63.41,55.0,3,25.07,Poor
0.573,-93.43,-77.1,-17.66,-3.16,-94.97,70.66,57.0,4,29.68,Poor
0.631,-99.52,-80.47,-18.98,-3.99,-100.57,48.24,58.0,3,32.95,Poor
0.111,-87.07,-63.24,-19.5,15.63,-102.26,18.1,32.0,2,53.43,Fair
0.263,-86.97,-73.59,-13.61,5.88,-101.65,16.95,22.0,0,50.67,Fair
0.433,-99.52,-87.61,-13.05,-3.36,-101.27,16.87,35.0,0,40.28,Fair
0.661,-99.51,-82.3,-16.51,,-97.69,47.55,59.0,5,29.76,Poor
0.049,-72.64,-51.55,-19.43,12.91,-90.79,78.02,70.0,1,38.25,Fair
1.476,-110.73,-92.58,-19.5,-10.0,-97.2,46.5,55.0,2,18.14,Poor
0.994,-100.64,-86.15,-12.94,0.38,-104.36,38.26,36.0,2,39.16,Fair
0.142,-85.01,-66.78,-17.14,,-98.03,47.59,42.0,1,42.92,Fair
0.779,-102.0,-89.19,-13.23,-10.0,-98.16,27.95,41.0,2,32.92,Poor
0.329,-98.34,-78.45,-19.5,-2.38,-100.43,36.92,35.0,2,24.41,Poor
0.279,-95.83,-78.76,-17.25,-8.94,-92.44,58.13,50.0,3,24.34,Poor
0.17,-87.5,-69.74,-17.97,5.94,-99.0,36.97,53.0,1,45.47,Fair
0.391,-101.57,-82.29,-19.5,1.89,-107.03,28.5,42.0,3,31.57,Poor
0.589,-98.89,-80.28,-19.5,-7.84,-100.45,29.77,42.0,0,25.49,Poor
0.238,-89.41,-73.03,-15.52,-0.98,-91.53,66.34,63.0,3,39.78,Fair
0.446,-93.07,-71.97,-19.5,3.85,-104.64,18.07,39.0,3,29.68,Poor
0.541,-104.27,-83.88,-19.5,-10.0,-97.97,45.88,55.0,3,23.66,Poor
0.559,-93.7,-81.02,-12.18,6.51,-103.81,20.22,22.0,1,46.62,Fair
0.024,-65.18,-47.87,-16.14,30.0,-106.86,21.09,26.0,0,75.41,Excellent
0.884,-101.3,-86.54,-16.05,-0.84,-104.47,30.47,38.0,0,30.52,Poor
0.276,-97.0,-82.8,-16.32,2.79,-104.82,34.41,39.0,2,43.03,Fair
0.137,-88.11,-68.5,-19.18,13.28,-107.28,16.88,,4,53.16,Fair
0.125,-86.17,-69.42,-17.63,15.36,-105.7,26.11,35.0,1,50.26,Fair
0.297,-92.4,-74.83,-19.29,4.62,-98.53,54.38,68.0,2,38.97,Fair
0.98,-103.75,-87.76,-16.14,-10.0,-96.29,54.04,53.0,7,21.41,Poor
0.214,-89.52,-70.41,-18.32,12.97,-105.89,27.77,37.0,1,43.75,Fair
0.623,-100.27,-80.24,-18.42,-5.93,-96.66,31.2,32.0,3,29.0,Poor
0.046,-76.35,-51.84,-19.5,17.96,-98.81,57.9,71.0,2,45.97,Fair
0.291,-95.15,-77.69,-19.5,-3.7,-94.86,60.72,49.0,2,34.22,Poor
2.155,-112.03,-98.37,-14.82,-10.0,-95.52,47.37,52.0,4,17.31,Poor
0.662,-102.74,-86.25,-16.07,-10.0,-93.78,61.07,66.0,2,25.65,Poor
0.106,-76.95,-56.41,-19.4,22.93,-106.35,18.51,24.0,1,61.09,Good
0.313,-88.09,-72.41,-17.19,4.2,-99.88,37.19,35.0,3,37.17,Fair
0.12,-83.42,-69.86,-12.16,9.83,-98.48,32.23,35.0,1,51.31,Fair
0.237,-86.23,-70.49,-14.26,7.7,-99.21,42.34,50.0,3,44.91,Fair
0.682,-97.49,-81.09,-18.26,-2.11,-99.72,40.56,48.0,1,35.87,Fair
0.664,-99.73,-84.98,-14.7,-1.76,-101.78,8.29,17.0,2,45.14,Fair
0.117,-91.42,-72.77,-19.11,6.95,-101.64,5.16,16.0,1,46.15,Fair
1.149,-106.26,-88.5,-18.1,-10.0,-94.1,62.42,70.0,3,27.14,Poor
0.404,-97.49,-77.12,-18.87,-3.97,-93.71,54.37,57.0,1,27.17,Poor
0.215,-95.22,-78.56,-15.3,-2.03,-96.66,48.32,40.0,1,38.31,Fair
0.314,-99.9,-80.23,-19.5,-10.0,-94.18,58.44,59.0,2,23.16,Poor
0.418,-94.47,-77.95,-17.22,-4.22,-92.05,65.83,66.0,2,24.26,Poor
0.369,-94.07,-79.46,-13.4,-9.29,-90.84,67.95,56.0,2,26.49,Poor
0.3,-98.24,-81.87,-15.55,2.25,-102.73,42.5,45.0,1,41.42,Fair
0.316,-97.02,-83.87,-12.93,-6.33,-95.41,62.95,65.0,1,31.96,Poor
0.087,-78.28,,-19.5,21.67,-103.89,32.43,28.0,0,53.17,Fair
0.754,-105.07,-86.64,-19.09,-10.0,-97.32,53.8,51.0,0,26.31,Poor
0.351,-94.25,-78.64,-15.18,-0.89,-100.2,34.73,34.0,1,41.66,Fair
0.063,-80.91,-64.05,-18.35,15.08,-100.13,33.31,47.0,0,53.82,Fair
0.654,-98.3,-87.65,-11.36,-4.13,-96.68,62.08,69.0,2,39.61,Fair
1.213,-109.11,-86.8,-19.5,-7.52,-106.06,23.44,37.0,5,19.66,Poor
1.324,-106.09,-84.08,-19.5,-5.36,-104.36,28.58,49.0,3,33.4,Poor
0.207,-89.7,-71.37,-18.24,15.95,-109.92,18.55,32.0,1,53.27,Fair
0.066,-79.54,-60.58,-18.38,20.87,-103.48,36.3,32.0,1,61.75,Good
0.329,-94.05,-79.85,-15.6,-1.15,-98.97,44.4,47.0,0,36.12,Fair
0.054,-77.39,-62.98,-12.29,27.08,-108.46,8.79,21.0,1,69.12,Good
1.223,-96.99,-84.08,-13.19,-2.4,-99.47,49.49,42.0,3,32.58,Poor
0.091,-73.06,-55.54,-17.19,16.54,-91.99,54.58,53.0,2,56.41,Good
0.131,-88.98,-67.79,-19.5,6.83,-102.83,16.27,47.0,0,42.66,Fair
0.235,-100.73,-83.88,-16.89,-9.41,-97.45,47.27,51.0,1,21.02,Poor
0.217,-88.4,,-19.25,-0.43,-91.19,51.17,52.0,0,36.91,Fair
0.712,-100.32,-79.39,-19.5,-1.18,-107.95,44.49,50.0,0,32.61,Poor
0.274,-88.55,-75.42,-13.25,6.91,-99.79,54.59,50.0,2,40.32,Fair
0.084,-81.48,-57.94,-19.5,28.01,-112.03,16.48,17.0,1,62.5,Good
0.14,-86.74,-65.27,-19.5,9.78,-101.16,29.11,33.0,2,43.62,Fair
0.32,-89.62,-70.08,-19.5,-4.93,-91.56,73.26,56.0,4,24.7,Poor
0.072,-76.17,-55.39,-19.5,13.34,-94.93,48.89,47.0,1,50.25,Fair
0.426,-102.15,-81.23,-19.5,-10.0,-89.18,97.61,56.0,3,8.72,Poor
0.375,-98.78,-79.9,-19.15,-7.89,-98.56,38.31,50.0,3,24.72,Poor
0.564,-99.47,-77.18,-19.5,-1.91,-104.07,20.77,32.0,2,32.57,Poor
1.249,-105.55,-88.9,-16.11,-8.58,-104.02,25.51,29.0,1,31.77,Poor
1.095,-105.7,-86.31,-18.88,-8.45,-100.89,38.3,52.0,0,25.16,Poor
1.314,-104.64,-82.68,-19.5,-1.79,-108.69,10.43,20.0,4,32.53,Poor
0.126,-82.11,-72.19,-8.43,13.26,-101.98,57.26,62.0,3,57.49,Good
0.063,-73.3,-53.98,-18.96,29.87,-104.83,21.33,27.0,1,68.1,Good
0.162,-85.93,-65.75,-19.5,12.31,-101.27,27.75,30.0,5,40.24,Fair
1.015,-107.54,-94.67,-15.16,-10.0,-90.8,45.55,43.0,3,16.87,Poor
1.61,-108.73,-89.89,-19.5,-10.0,-94.83,43.49,47.0,2,16.99,Poor
0.883,-103.23,-87.61,-14.69,-7.14,-101.84,37.41,41.0,2,28.77,Poor
0.052,-76.5,-57.31,-19.5,22.8,-105.96,5.77,27.0,2,60.42,Good
1.326,-104.9,-87.19,-16.78,-10.0,-91.5,57.95,43.0,1,21.81,Poor
0.248,-83.71,-68.55,-15.66,5.58,-97.04,34.66,45.0,3,43.51,Fair
0.02,-72.29,-50.96,-19.5,22.8,-100.56,38.25,53.0,2,61.67,Good
0.263,-90.89,-74.14,-16.59,11.41,-105.71,21.81,31.0,1,51.59,Fair
0.021,-61.52,-42.71,-18.95,27.0,-94.88,54.96,58.0,3,58.95,Good
0.353,-97.33,,-19.5,2.63,-100.46,46.04,56.0,6,30.79,Poor
0.186,-88.86,-73.61,-14.65,3.8,-97.43,51.87,42.0,1,39.87,Fair
0.289,-97.02,-78.99,-17.78,-9.03,-94.01,65.18,64.0,1,22.66,Poor
0.427,-96.31,-79.79,-16.38,-1.93,-98.43,52.95,36.0,3,29.24,Poor
0.914,-106.35,-89.17,-18.09,-9.28,-103.04,15.45,21.0,3,16.95,Poor
0.488,-93.6,-69.13,-19.5,8.75,-108.95,11.2,17.0,0,47.07,Fair
0.256,-91.61,-72.24,-19.5,0.69,-94.27,52.29,43.0,2,30.25,Poor
0.77,-105.49,-86.54,-19.36,-10.0,-94.25,71.61,53.0,2,20.73,Poor
1.062,-101.17,-81.6,-18.6,-5.24,-103.43,20.3,24.0,1,35.66,Fair
0.057,-78.61,-59.32,-19.5,23.55,-105.33,40.75,51.0,1,56.41,Good
0.342,-90.88,-78.36,-10.58,1.83,-95.76,59.51,60.0,2,40.57,Fair
0.151,-92.21,-67.32,-19.5,4.12,-103.7,22.55,35.0,2,37.6,Fair
0.022,-69.64,-56.04,-12.26,17.49,-93.38,50.88,54.0,3,63.77,Good
0.497,-94.85,-71.65,-19.5,0.69,-102.08,42.13,51.0,1,26.12,Poor
0.894,-104.73,-84.87,-19.5,-5.71,-106.99,15.57,31.0,1,34.15,Poor
0.08,-87.21,-68.67,-19.37,4.36,-95.48,53.31,49.0,1,35.83,Fair
0.753,-101.71,-84.63,-19.35,-2.9,-103.42,13.16,25.0,1,35.08,Fair
0.864,-97.83,-72.01,-19.5,3.2,-104.44,21.16,27.0,1,38.3,Fair
1.106,-100.38,-80.56,-19.5,-5.79,-97.76,53.26,49.0,0,18.18,Poor
0.139,-88.62,-70.57,-18.96,10.7,-106.67,19.09,28.0,2,46.13,Fair
1.054,-109.6,-93.21,-17.25,-10.0,-100.04,56.14,63.0,2,21.07,Poor
0.174,-90.58,-74.55,-16.57,4.61,-101.47,45.65,42.0,1,39.66,Fair
0.362,-97.06,-78.91,-18.27,-10.0,-90.84,59.02,62.0,2,25.84,Poor
0.023,-69.93,-54.73,-16.11,24.08,-97.37,61.95,58.0,0,61.59,Good
0.02,-70.94,-50.9,-18.16,18.45,-94.67,53.94,53.0,1,50.9,Fair
0.573,-102.2,-86.13,-16.04,-1.73,-102.06,48.46,52.0,5,35.68,Fair
0.265,-88.07,-67.05,-19.5,16.24,-109.64,18.87,22.0,2,50.42,Fair
0.133,-86.0,-65.05,-19.09,16.18,-106.8,6.39,21.0,3,50.39,Fair
0.095,-81.91,-64.07,-17.55,18.45,-101.95,34.04,36.0,2,52.63,Fair
0.499,-104.88,-85.14,-19.17,-10.0,-94.82,63.88,64.0,5,22.93,Poor
0.02,-80.14,-60.25,-18.38,19.53,-109.45,17.42,25.0,1,55.17,Good
0.738,-107.12,-93.51,-11.39,-10.0,-97.08,42.39,49.0,1,30.84,Poor
0.037,-77.55,-54.36,-19.5,24.01,-105.53,19.18,42.0,1,54.95,Fair
0.096,-81.4,-64.17,-18.83,13.96,-99.32,36.84,36.0,1,50.4,Fair
0.22,-100.24,-80.16,-19.5,0.45,-105.68,20.52,30.0,3,32.62,Poor
0.298,-87.16,-66.99,-18.8,6.71,-100.08,31.19,35.0,2,43.3,Fair
0.197,-89.27,-78.73,-11.86,2.06,-94.67,52.87,45.0,1,48.7,Fair
0.174,-83.42,-67.39,-16.61,12.73,-100.23,24.69,32.0,2,44.68,Fair
1.495,-111.04,-90.52,-19.5,-10.0,-98.22,55.9,61.0,4,18.02,Poor
0.462,-95.29,-77.1,-15.45,4.14,-101.32,36.73,41.0,0,41.79,Fair
0.02,-70.1,-50.04,-17.8,19.34,-95.17,67.36,62.0,2,59.99,Good
0.253,-88.83,,-19.07,4.06,-98.54,43.66,47.0,2,34.68,Poor
0.936,-104.37,-82.68,-19.5,-10.0,-96.97,53.13,51.0,0,16.09,Poor
0.161,-86.32,-67.98,-16.66,7.22,-97.44,43.83,54.0,2,57.95,Good
0.045,-72.79,-50.52,-19.5,26.66,-102.58,40.93,44.0,0,63.9,Good
0.639,-102.73,-87.67,-16.67,-10.0,-98.07,55.78,48.0,2,19.61,Poor
0.419,-95.5,-77.88,-18.04,1.84,-100.64,34.99,49.0,1,42.19,Fair
0.38,-103.17,-86.95,-16.76,-7.67,-101.51,38.95,39.0,2,29.55,Poor
0.025,-69.42,-50.25,-18.47,27.42,-103.77,25.19,30.0,1,66.98,Good
0.068,-72.97,-55.81,-14.93,18.37,-96.99,49.08,57.0,1,62.21,Good
0.438,-101.84,-84.52,-17.7,1.71,-107.82,10.44,47.0,2,41.03,Fair
0.105,-84.86,-68.97,-17.26,-3.53,-85.76,74.4,78.0,1,30.27,Poor
0.316,-90.49,-73.87,-16.4,8.08,-102.02,52.54,63.0,0,41.76,Fair
0.354,-94.88,-76.92,-16.56,6.55,-106.93,26.59,42.0,5,51.12,Fair
0.15,-86.92,-74.98,-12.65,15.75,-106.51,10.85,28.0,1,54.51,Fair
1.334,-108.07,-96.98,-10.24,-10.0,-90.14,74.71,82.0,2,30.12,Poor
0.832,-104.12,-85.94,-18.45,4.04,-110.47,12.48,26.0,2,43.12,Fair
0.577,-99.58,-89.89,-10.23,-10.0,-93.3,73.59,55.0,3,25.25,Poor
0.037,-75.32,-57.9,-17.63,22.73,-101.81,30.66,33.0,3,62.65,Good
0.05,-82.96,-66.09,-17.43,14.79,-103.18,15.86,31.0,3,56.43,Good
0.305,-93.99,-74.37,-19.5,,-102.09,28.74,36.0,2,35.14,Fair
0.079,-75.77,-59.79,-14.96,24.03,-106.05,19.92,23.0,0,62.11,Good
1.723,-110.41,-87.7,-19.5,-10.0,-104.92,31.78,40.0,4,12.9,Poor
0.078,-86.86,-66.32,-19.5,5.88,-98.5,66.15,58.0,0,38.35,Fair
0.301,-94.2,-80.74,-12.35,17.24,-113.04,17.0,,4,54.87,Fair
0.204,-93.08,-75.94,-16.57,9.02,-105.75,27.16,28.0,0,46.41,Fair
0.459,-102.61,-80.03,-19.5,-9.16,-100.07,73.91,53.0,3,14.6,Poor
0.062,-79.45,-63.55,-14.88,9.48,-91.78,74.25,65.0,1,49.23,Fair
0.253,-94.94,-77.1,-16.29,-0.24,-97.92,35.17,37.0,4,33.93,Poor
0.145,-89.76,-67.55,-19.5,3.97,-99.97,29.9,38.0,2,35.87,Fair
0.984,-103.26,-86.88,-18.68,3.71,-109.79,11.5,29.0,2,39.19,Fair
0.02,-76.58,-55.21,-19.5,30.0,-108.86,17.39,41.0,1,66.26,Good
1.103,-111.82,-96.55,-14.06,-10.0,-93.44,49.91,47.0,4,13.73,Poor
0.805,-99.45,-90.11,-8.86,-1.47,-106.92,15.3,30.0,1,46.6,Fair
0.159,-95.8,-74.12,-19.5,4.36,-102.62,31.92,42.0,0,46.07,Fair
0.701,-104.83,-85.51,-18.78,-10.0,-92.95,73.65,84.0,1,21.11,Poor
0.02,-77.64,-58.13,-18.53,19.59,-105.43,18.46,18.0,1,62.35,Good
1.533,-109.66,-94.94,-15.8,-10.0,-95.87,65.97,62.0,1,21.56,Poor
0.337,-92.85,-77.89,-14.76,8.27,-106.81,13.17,28.0,2,47.45,Fair
0.163,-87.83,-66.38,-19.5,3.6,-93.04,74.25,67.0,1,34.44,Poor
0.203,-80.61,-61.88,-19.5,17.6,-100.15,50.66,52.0,2,55.99,Good
0.031,-69.73,-52.09,-17.4,17.8,-92.87,70.85,58.0,2,50.25,Fair
2.044,-113.94,-95.28,-19.5,-10.0,-94.7,43.86,39.0,2,14.58,Poor
0.02,-75.23,-52.71,-19.5,28.42,-110.3,10.19,24.0,3,64.95,Good
0.479,-86.79,-66.62,-19.5,12.69,-102.23,45.16,50.0,3,45.26,Fair
0.263,-88.19,-71.61,-16.29,6.73,-101.34,51.77,71.0,4,38.96,Fair
1.338,-104.18,-90.39,-13.94,-3.37,-105.05,24.9,41.0,3,35.46,Fair
0.127,-85.85,-66.08,-18.44,6.5,-96.22,41.66,44.0,1,43.59,Fair
0.342,-93.61,-78.38,-14.71,-1.44,-94.19,67.45,50.0,3,31.44,Poor
0.296,-99.39,-84.94,-15.85,-10.0,-97.39,15.4,35.0,2,31.49,Poor
0.546,-98.13,-76.19,-19.5,-4.93,-96.54,62.0,61.0,0,22.46,Poor
0.032,-74.0,-53.39,-19.5,26.27,-106.96,20.75,36.0,0,72.21,Good
0.097,-87.44,-68.28,-18.18,8.69,-98.75,77.88,77.0,0,38.1,Fair
0.109,-86.96,-72.67,-17.26,12.11,-107.04,12.09,27.0,0,48.42,Fair
0.603,-93.56,-70.19,-19.5,-0.52,-99.72,27.33,27.0,0,29.73,Poor
0.094,-84.09,-63.0,-19.5,7.53,-96.49,57.87,46.0,2,42.28,Fair
0.383,-87.41,-70.32,-16.87,15.8,-106.89,9.82,19.0,2,54.77,Fair
0.109,-91.8,-75.34,-18.12,-1.1,-97.24,49.1,51.0,2,27.87,Poor
0.89,-105.09,-86.85,-17.6,-0.88,-107.84,24.58,38.0,2,35.96,Fair
1.283,-112.36,-95.79,-17.33,-10.0,-98.67,34.41,40.0,3,26.12,Poor
0.329,-99.2,-74.57,-19.5,-2.86,-102.15,64.12,50.0,0,16.87,Poor
0.195,-93.18,-76.33,-16.71,-1.69,-98.48,32.98,41.0,1,39.05,Fair
0.12,-84.39,-69.6,-16.56,,-100.02,40.86,38.0,3,44.01,Fair
0.023,-70.53,,-19.5,26.57,-99.25,43.4,50.0,0,57.26,Good
0.141,-89.74,-73.45,-15.97,18.85,-108.99,15.83,35.0,1,54.63,Fair
0.478,-106.52,-86.16,-19.5,-6.59,-102.66,29.71,47.0,2,27.62,Poor
0.343,-88.83,-68.8,-19.5,-2.49,-93.88,62.36,72.0,1,25.64,Poor
1.297,-107.41,-89.59,-17.07,-10.0,-100.47,50.62,54.0,3,19.6,Poor
0.227,-95.63,-80.55,-13.38,1.04,-103.43,36.56,49.0,1,36.43,Fair
0.533,-97.45,-79.59,-19.0,7.48,-107.45,22.57,33.0,2,42.56,Fair
0.302,-92.82,-78.33,-15.34,-0.74,-97.95,27.3,36.0,1,44.85,Fair
0.323,-95.51,-77.58,-16.83,10.34,-108.87,16.46,31.0,1,47.31,Fair
0.14,-86.41,-66.09,-19.5,3.77,-94.9,46.61,41.0,2,45.29,Fair
0.273,-97.38,-74.22,-19.5,-1.14,-98.82,36.62,45.0,1,28.37,Poor
0.286,-90.13,-75.39,-14.31,-9.76,-85.97,78.92,61.0,1,30.26,Poor
0.552,-102.84,-85.59,-15.46,-10.0,-89.36,80.24,66.0,3,14.15,Poor
1.271,-108.51,-92.09,-16.46,-10.0,-97.0,46.36,53.0,3,22.34,Poor
0.18,-86.55,-67.73,-19.5,11.1,-103.74,38.44,38.0,1,44.61,Fair
0.02,-65.63,-52.19,-13.24,30.0,-103.55,21.38,30.0,1,69.89,Good
0.309,-87.47,-72.26,-15.6,15.27,-104.43,4.95,23.0,3,54.52,Fair
0.354,-90.78,-77.85,-13.42,0.44,-95.52,66.29,60.0,0,40.65,Fair
0.083,-83.78,-70.1,-13.83,12.59,-101.49,28.81,30.0,2,57.35,Good
0.643,-106.34,-90.32,-15.54,-10.0,-92.62,55.72,56.0,1,26.67,Poor
1.888,-103.9,-80.89,-19.5,-4.95,-104.23,25.32,36.0,6,35.18,Fair
1.312,-100.88,-81.84,-18.02,-10.0,-94.28,54.97,58.0,7,24.3,Poor
0.099,-86.67,-68.47,-17.16,4.76,-94.86,64.16,50.0,3,38.44,Fair
0.937,-99.76,-77.72,-19.5,,-99.73,45.43,46.0,8,27.78,Poor
0.549,-100.13,-80.98,-17.09,-4.58,-102.21,43.35,43.0,3,32.7,Poor
0.272,-86.72,-67.29,-19.5,-0.82,-91.8,54.49,49.0,0,24.07,Poor
0.35,-96.97,-80.39,-16.61,-9.24,-95.11,55.17,59.0,3,30.65,Poor
0.853,-94.71,-78.62,-15.26,10.3,-108.44,14.94,27.0,3,48.86,Fair
0.294,-90.26,-76.2,-15.19,3.67,-95.88,54.37,68.0,5,37.73,Fair
0.21,-83.3,-67.11,-14.64,14.95,-105.3,16.56,35.0,3,58.85,Good
0.306,-95.59,-78.44,-16.68,-1.35,-99.35,50.65,48.0,1,30.09,Poor
0.389,-94.21,-75.18,-18.8,0.63,-99.87,34.58,42.0,1,35.36,Fair
0.094,-87.46,-69.57,-18.54,-1.37,-93.91,61.54,51.0,0,34.94,Poor
1.04,-100.98,-84.07,-16.19,-1.32,-102.08,32.05,47.0,4,37.2,Fair
0.505,-94.48,-79.22,-12.79,-1.78,-95.87,49.42,51.0,0,37.19,Fair
0.451,-87.52,-68.33,-19.5,1.9,-97.18,36.68,45.0,5,46.34,Fair
0.047,-75.73,-59.22,-15.42,18.75,-98.37,38.97,39.0,0,57.75,Good
0.417,-93.53,-74.47,-18.13,1.22,-97.96,46.59,43.0,2,39.36,Fair
0.058,-81.3,-69.04,-12.33,15.2,-102.1,49.62,42.0,3,48.39,Fair
0.037,-73.4,-54.39,-16.93,23.29,-103.22,25.95,35.0,1,64.58,Good
0.337,-96.1,-75.86,-19.5,5.33,-105.7,36.07,44.0,4,37.88,Fair
0.232,-90.88,-71.02,-19.5,5.14,-101.16,22.19,32.0,2,44.31,Fair
0.4,-95.36,-77.95,-16.94,1.27,-102.15,22.63,40.0,0,42.84,Fair
0.042,-78.09,-57.34,-19.5,9.68,-93.79,68.84,65.0,0,42.13,Fair
0.254,-91.87,-77.69,-14.56,4.98,-102.78,18.89,39.0,1,52.81,Fair
0.086,-84.34,-66.6,-16.99,19.12,-109.15,15.65,27.0,1,52.88,Fair
1.958,-111.36,-93.94,-18.02,-7.03,-107.3,23.76,41.0,5,20.86,Poor
0.371,-91.1,-69.99,-19.5,-4.2,-91.51,70.75,58.0,4,22.17,Poor
0.523,-97.69,-85.75,-11.47,0.12,-100.62,45.55,51.0,0,40.11,Fair
0.177,-87.63,-72.8,-14.99,4.15,-98.76,47.12,50.0,4,39.14,Fair
0.045,-83.04,-59.8,-19.5,,-86.22,76.36,56.0,4,37.02,Fair
1.676,-106.8,-96.09,-11.47,-10.0,-101.04,19.4,26.0,1,35.16,Fair
0.152,-85.56,-65.11,-19.5,4.49,-94.83,65.68,57.0,0,35.36,Fair
0.248,-93.52,-77.62,-15.64,4.94,-102.4,38.33,42.0,3,50.62,Fair
0.472,-89.16,-70.4,-19.33,19.84,-113.66,14.66,37.0,1,47.19,Fair
0.02,-79.6,-57.36,-19.5,17.63,-99.87,7.62,25.0,1,55.17,Good
0.748,-98.35,-79.47,-17.96,3.11,-105.35,53.75,47.0,7,33.37,Poor
0.346,-91.96,-69.65,-19.5,8.41,-105.08,18.88,34.0,3,41.14,Fair
0.147,-85.22,-68.7,-16.66,15.16,-106.41,25.72,35.0,0,47.3,Fair
0.029,-72.73,-55.81,-14.26,21.32,-97.28,40.95,48.0,2,63.68,Good
0.08,-79.95,-59.58,-19.5,21.73,-109.71,3.98,22.0,2,54.78,Fair
1.014,-100.66,-83.98,-18.89,-0.75,-101.88,32.36,44.0,1,35.83,Fair
0.521,-101.26,-81.47,-19.21,0.85,-109.34,6.43,21.0,2,37.08,Fair
0.129,-85.11,-63.56,-19.5,20.09,-108.05,11.43,27.0,3,54.02,Fair
0.031,-74.71,-54.1,-19.5,26.2,-103.12,23.15,42.0,2,63.12,Good
0.528,-102.84,-89.58,-12.52,0.67,-107.26,15.25,35.0,1,36.43,Fair
0.382,-92.8,-75.83,-16.59,8.64,-107.67,4.86,21.0,1,47.66,Fair
0.233,-93.65,-74.81,-16.75,8.57,-103.63,17.95,29.0,1,39.13,Fair
0.203,-96.2,-78.93,-16.48,-1.38,-98.68,57.99,61.0,3,30.62,Poor
0.11,-87.06,-68.82,-17.58,2.5,-94.99,41.14,41.0,4,46.62,Fair
0.498,-101.16,-82.28,-18.21,-5.14,-100.23,41.07,52.0,3,18.82,Poor
1.588,-103.91,-87.49,-16.97,-10.0,-97.25,51.65,42.0,1,17.38,Poor
0.087,-82.27,-64.85,-16.6,9.1,-97.35,69.77,83.0,3,38.12,Fair
0.409,-90.73,-76.27,-13.77,1.88,-99.36,43.37,37.0,1,40.29,Fair
0.248,-94.6,-78.04,-17.22,-5.03,-94.0,75.6,72.0,1,26.3,Poor
0.266,-89.04,-75.62,-14.14,0.63,-95.36,47.98,50.0,6,37.11,Fair
0.132,-75.12,-56.77,-17.82,21.86,-103.2,27.23,38.0,3,59.83,Good
0.785,-100.48,-83.06,-16.46,-6.64,-96.43,64.09,62.0,2,30.6,Poor
0.299,-90.09,-74.84,-16.28,5.85,-100.73,35.38,41.0,0,38.12,Fair
0.353,-92.2,-68.84,-19.5,7.61,-101.45,27.15,39.0,3,43.3,Fair
0.164,-94.02,-76.75,-18.25,,-112.67,17.13,44.0,2,41.67,Fair
0.09,-80.87,-62.01,-19.5,,-90.47,77.64,70.0,0,40.09,Fair
0.04,-75.12,-59.03,-16.99,21.86,-100.94,57.43,54.0,2,56.94,Good
0.563,-100.07,-83.32,-16.87,-9.38,-96.26,51.63,59.0,3,27.45,Poor
0.098,-87.48,-68.5,-19.5,11.94,-99.1,32.23,44.0,2,46.93,Fair
0.527,-95.68,-78.68,-17.13,-3.0,-101.03,31.57,,1,32.71,Poor
0.223,-94.88,-76.87,-19.03,-0.92,-97.58,49.2,46.0,1,36.61,Fair
0.242,-83.17,-62.75,-19.5,2.65,-92.09,60.58,50.0,1,36.58,Fair
0.285,-92.67,-76.22,-17.63,5.95,-101.34,37.84,35.0,1,46.39,Fair
0.206,-95.22,-81.22,-14.04,-8.21,-95.21,44.63,43.0,0,28.86,Poor
0.048,-79.81,-66.39,-13.89,17.3,-102.32,22.95,26.0,1,55.13,Good
0.167,-89.61,-67.29,-19.5,11.91,-102.0,20.9,36.0,0,48.16,Fair
0.49,-88.18,-67.39,-19.5,12.42,-106.33,33.52,41.0,3,38.8,Fair
0.493,-101.42,-81.45,-17.87,-7.26,-99.23,38.61,31.0,1,29.19,Poor
0.152,-88.14,-71.45,-17.44,-1.81,-89.3,70.44,67.0,0,32.89,Poor
0.277,-95.04,-81.04,-14.05,2.13,-103.45,24.66,32.0,1,48.88,Fair
0.097,-81.8,-64.65,-16.27,9.45,-95.65,32.94,44.0,1,52.44,Fair
0.106,-86.7,-68.98,-18.26,-4.28,-88.95,79.83,60.0,4,24.73,Poor
0.02,-75.0,-60.4,-15.49,28.7,-107.41,16.92,35.0,3,69.67,Good
1.022,-104.98,-91.39,-14.28,-10.0,-96.09,56.12,57.0,2,22.79,Poor
0.106,-85.82,,-12.54,10.66,-101.44,10.94,22.0,0,60.82,Good
0.116,-87.75,-67.77,-19.5,-1.98,-91.52,53.66,46.0,3,32.46,Poor
0.148,-89.59,-75.21,-11.94,7.47,-101.64,45.18,46.0,2,42.88,Fair
0.061,-75.16,-56.23,-18.57,21.84,-103.54,36.48,44.0,1,62.01,Good
0.459,-98.53,-81.72,-17.54,-10.0,-89.63,63.35,58.0,3,28.27,Poor
0.035,-79.7,-59.93,-18.75,18.1,-106.42,15.07,31.0,1,64.67,Good
0.065,-82.22,-63.21,-19.29,10.6,-99.65,38.53,47.0,0,50.59,Fair
0.466,-97.16,-79.86,-16.38,-9.98,-93.86,63.44,67.0,3,20.05,Poor
0.187,-94.82,-76.43,-18.31,4.28,-104.35,16.59,28.0,1,40.83,Fair
0.554,-92.38,-74.71,-17.03,-0.15,-95.76,49.52,48.0,1,34.54,Poor
0.367,-91.84,-75.69,-16.83,0.38,-98.87,51.16,64.0,0,29.77,Poor
0.133,-80.83,-59.89,-19.5,4.18,-91.16,66.19,52.0,1,36.44,Fair
0.473,-95.96,-79.23,-17.4,0.08,-100.16,32.78,,4,39.02,Fair
0.056,-87.43,-69.7,-17.33,-5.3,-86.83,60.09,60.0,1,30.34,Poor
0.346,-88.66,-74.91,-12.33,7.45,-100.74,26.43,41.0,3,58.23,Good
0.259,-95.74,-76.92,-18.09,1.04,-99.98,23.17,30.0,4,34.77,Poor
0.14,-90.13,-73.96,-15.29,2.35,-98.63,47.72,46.0,3,43.91,Fair
0.417,-95.8,-79.23,-15.36,-1.34,-98.8,29.71,41.0,1,38.96,Fair
0.923,-97.8,-82.32,-14.24,-7.63,-95.96,38.01,42.0,1,21.67,Poor
3.068,-109.53,-91.9,-18.37,-10.0,-89.05,81.08,64.0,9,11.01,Poor
0.421,-92.88,-80.9,-11.34,-1.39,-92.98,57.49,55.0,4,44.92,Fair
0.233,-92.65,-72.6,-19.5,10.15,-110.08,0.9,22.0,3,50.33,Fair
0.115,-86.59,-68.7,-18.48,11.43,-107.21,32.5,39.0,0,46.72,Fair
0.134,-85.21,-68.61,-16.28,5.85,-94.5,52.22,53.0,0,46.83,Fair
0.294,-93.91,-80.56,-13.72,7.57,-106.36,8.21,37.0,0,50.94,Fair
0.206,-86.76,-67.46,-18.53,-0.46,-94.25,46.56,38.0,3,33.92,Poor
1.103,-101.54,-85.44,-14.07,-10.0,-95.3,57.14,46.0,2,25.32,Poor
0.207,-87.98,-66.07,-19.5,12.13,-101.49,30.41,50.0,2,47.0,Fair
0.21,-100.61,-81.15,-19.5,-4.52,-100.54,35.87,37.0,1,30.81,Poor
0.218,-90.28,-67.68,-19.5,12.46,-106.95,40.96,42.0,1,43.75,Fair
0.815,-102.67,-84.26,-19.25,-4.15,-101.84,32.59,36.0,5,26.24,Poor
0.473,-96.85,-75.62,-19.5,-7.91,-93.52,55.36,51.0,3,20.5,Poor
0.429,-99.68,-80.29,-18.92,-10.0,-94.89,59.09,47.0,2,18.8,Poor
0.183,-94.6,-77.95,-13.96,1.95,-99.75,37.34,45.0,1,37.77,Fair
0.766,-99.85,-81.29,-18.03,-10.0,-93.72,52.24,57.0,1,18.5,Poor
0.02,-71.87,-56.37,-15.88,27.35,-106.3,12.98,25.0,0,77.75,Excellent
0.921,-100.99,-76.79,-19.5,-0.63,-104.68,17.76,21.0,1,28.09,Poor
0.324,-96.91,-79.21,-18.05,5.24,-105.32,34.74,38.0,0,44.29,Fair
0.229,-85.55,-67.48,-17.4,15.49,-108.65,12.98,22.0,1,53.49,Fair
0.309,-89.83,-70.66,-19.5,9.69,-100.57,22.01,31.0,1,42.04,Fair
0.495,-96.73,-81.99,-14.07,-10.0,-91.15,67.55,48.0,2,26.86,Poor
0.02,-71.3,-49.33,-19.5,26.78,-104.49,9.02,24.0,1,66.31,Good
0.924,-99.91,-84.98,-14.37,-7.36,-99.81,21.91,40.0,2,34.17,Poor
0.266,-90.97,-76.73,-14.5,11.28,-102.08,29.37,29.0,0,49.5,Fair
0.189,-88.62,-71.12,-16.83,9.26,-103.04,37.5,30.0,6,51.06,Fair
0.067,-76.47,-62.31,-14.69,20.11,-99.79,47.26,45.0,1,57.94,Good
0.26,-86.64,-63.96,-19.5,11.24,-103.17,31.57,46.0,1,48.46,Fair
0.309,-98.83,-81.52,-17.25,1.36,-105.76,15.09,32.0,3,40.7,Fair
0.233,-95.57,-87.24,-8.27,1.67,-106.06,25.33,38.0,2,54.84,Fair
0.511,-101.3,-82.7,-18.54,3.12,-107.1,21.76,40.0,2,35.53,Fair
0.246,-97.86,-78.2,-19.5,-7.93,-93.53,46.09,47.0,2,28.1,Poor
1.465,-107.57,-90.84,-16.4,-9.57,-100.7,27.69,44.0,2,23.62,Poor
0.412,-93.91,-79.98,-13.9,-4.4,-95.55,38.84,52.0,0,38.59,Fair
0.741,-101.5,-83.81,-17.31,-10.0,-99.66,51.79,42.0,6,25.75,Poor
0.052,-80.64,-64.09,-16.69,12.37,-98.14,37.95,39.0,0,44.0,Fair
0.228,-86.68,-71.61,-12.91,5.89,-96.83,31.23,39.0,2,51.7,Fair
0.185,-88.82,-74.01,-14.75,6.29,-102.85,30.7,33.0,1,44.38,Fair
0.379,-94.23,-75.76,-17.6,5.85,-106.54,20.39,33.0,5,45.01,Fair
0.888,-98.36,-77.66,-18.98,-6.68,-91.87,65.09,78.0,4,28.28,Poor
0.037,-76.02,-56.64,-18.58,11.94,-94.67,53.06,55.0,2,43.26,Fair
0.034,-66.62,-53.8,-12.55,22.46,-93.31,65.67,78.0,4,69.61,Good
0.855,-104.44,-84.59,-18.07,-0.14,-106.89,6.72,20.0,2,36.4,Fair
0.108,-76.73,-56.42,-19.5,10.06,-94.65,37.56,48.0,1,44.05,Fair
0.497,-101.85,-79.67,-19.5,-10.0,-92.88,61.77,57.0,2,22.99,Poor
0.352,-92.89,-77.74,-16.1,0.18,-96.07,34.29,44.0,2,42.59,Fair
0.805,-104.7,-86.87,-17.55,-10.0,-97.02,60.51,60.0,4,32.39,Poor
0.06,-75.25,-55.54,-19.5,19.88,-97.93,67.67,66.0,1,55.07,Good
0.063,-81.98,-65.56,-18.06,13.67,-99.07,39.92,48.0,0,44.75,Fair
0.366,-94.13,-74.48,-19.5,-4.59,-94.82,46.51,58.0,2,32.66,Poor
1.317,-109.0,-91.07,-16.33,-4.65,-107.75,20.51,33.0,1,36.72,Fair
0.241,-87.94,-72.48,-16.35,12.88,-105.31,20.94,38.0,1,51.3,Fair
0.178,-91.69,-75.97,-15.85,5.79,-101.41,14.62,39.0,1,56.15,Good
0.42,-89.75,-68.0,-19.5,7.93,-102.83,12.44,24.0,4,42.58,Fair
1.2,-109.57,-94.56,-13.75,-10.0,-101.04,37.94,44.0,4,26.07,Poor
0.816,-107.63,-93.13,-15.97,-10.0,-100.75,30.66,33.0,2,24.54,Poor
2.43,-107.91,-88.88,-19.5,-10.0,-95.58,45.38,42.0,4,21.7,Poor
0.02,-72.81,-54.9,-14.48,14.89,-91.78,66.55,74.0,2,53.67,Fair
0.054,-78.82,-64.75,-12.62,4.31,-90.22,58.81,46.0,2,46.21,Fair
0.423,-97.84,-81.4,-17.3,0.49,-100.85,42.62,45.0,1,39.33,Fair
0.773,-107.03,-91.48,-14.34,-10.0,-103.64,18.45,26.0,2,30.72,Poor
0.151,-87.95,-71.88,-16.36,6.31,-97.02,40.65,48.0,1,43.89,Fair
0.123,-80.81,-55.24,-19.5,17.55,-106.65,27.82,,0,50.7,Fair
0.696,-96.85,,-18.11,6.96,-107.55,20.51,,2,49.88,Fair
0.026,-71.74,-56.38,-15.46,17.3,-92.97,66.13,66.0,0,54.77,Fair
0.207,-85.93,-61.87,-19.5,2.41,-91.46,58.95,67.0,2,31.65,Poor
0.317,-98.29,-77.63,-19.5,-5.38,-96.39,47.43,39.0,0,24.61,Poor
0.37,-96.68,-76.51,-19.5,9.87,-109.44,6.93,22.0,3,45.59,Fair
0.587,-97.8,-82.3,-15.2,-4.85,-98.73,45.4,53.0,0,30.61,Poor
0.197,-90.46,-68.89,-19.5,-0.59,-92.61,53.36,53.0,3,37.64,Fair
0.427,-97.61,-77.16,-19.5,-6.79,-91.45,66.92,54.0,4,20.14,Poor
0.396,-100.78,-82.34,-17.71,-5.43,-98.2,42.04,43.0,2,25.24,Poor
0.357,-103.4,-90.55,-14.76,-3.67,-105.3,17.54,33.0,1,39.72,Fair
0.46,-94.01,-76.07,-19.5,0.65,-101.73,33.66,50.0,2,35.18,Fair
0.135,-85.71,-62.52,-19.5,8.13,-102.76,32.69,37.0,0,41.55,Fair
0.04,-72.61,-53.94,-17.47,14.79,-93.38,52.31,56.0,2,50.47,Fair
0.057,-81.04,-64.17,-17.27,6.27,-95.34,62.91,50.0,3,42.95,Fair
0.114,-88.1,-70.79,-18.3,-6.09,-89.46,65.44,73.0,1,30.7,Poor
0.312,-93.89,-76.37,-19.5,9.32,-105.38,29.1,47.0,1,38.47,Fair
0.826,-98.93,-83.33,-15.53,-5.58,-100.05,44.91,51.0,2,29.25,Poor
0.544,-99.65,-81.77,-19.39,-10.0,-90.16,42.01,43.0,1,26.7,Poor
0.7,-97.71,-75.38,-19.5,-10.0,-92.56,55.07,58.0,2,22.96,Poor
0.195,-93.85,-71.86,-19.5,1.57,-99.06,56.96,43.0,2,32.81,Poor
0.233,-92.04,-76.31,-17.82,5.82,-105.13,7.31,35.0,1,47.72,Fair
0.225,-91.37,-69.54,-19.5,-2.27,-97.41,36.47,56.0,1,34.86,Poor
0.096,-78.82,-58.53,-18.39,11.05,-95.21,49.45,54.0,2,45.72,Fair
0.028,-72.54,-52.64,-17.66,28.35,-108.5,7.18,21.0,2,75.46,Excellent
0.402,-89.13,,-17.68,17.62,-109.82,8.82,18.0,2,52.6,Fair
2.038,-115.58,-100.37,-16.22,-10.0,-97.29,36.32,,1,26.52,Poor
0.082,-81.88,-65.09,-14.91,12.85,-102.87,28.2,29.0,0,51.72,Fair
0.022,-70.33,-49.83,-19.5,26.84,-104.42,36.42,44.0,1,61.38,Good
0.68,-98.19,-83.81,-15.44,-4.02,-98.99,48.57,40.0,2,41.04,Fair
0.131,-89.67,-74.79,-15.3,18.29,-109.26,19.93,32.0,3,58.52,Good
0.796,-95.3,-76.38,-18.17,12.57,-109.72,11.04,26.0,2,50.4,Fair
0.548,-98.74,-83.1,-16.44,-10.0,-90.05,67.91,,1,18.45,Poor
1.311,-110.71,-90.23,-19.5,-10.0,-98.37,46.24,33.0,3,23.05,Poor
0.237,-91.58,-75.84,-16.53,-2.8,-93.1,51.72,,2,31.27,Poor
0.488,-99.04,-80.31,-17.18,2.64,-105.63,27.09,32.0,1,36.37,Fair
0.281,-81.88,-62.9,-18.47,14.48,-101.02,50.75,50.0,3,48.31,Fair
0.448,-92.85,-76.29,-17.13,-4.69,-91.67,65.89,60.0,1,32.85,Poor
0.269,-92.42,-75.14,-18.12,,-101.15,47.77,45.0,1,41.02,Fair
0.094,-84.01,-68.05,-15.09,12.19,-98.09,55.34,33.0,2,55.92,Good
0.319,-90.3,-72.36,-17.37,4.49,-100.86,42.79,47.0,1,39.23,Fair
0.338,-90.62,-75.5,-15.76,-3.16,-97.94,43.93,41.0,1,36.89,Fair
0.749,-113.14,-95.82,-18.1,-10.0,-104.57,36.32,35.0,2,23.4,Poor
0.598,-96.98,-76.74,-19.5,-6.67,-100.21,35.69,37.0,3,30.47,Poor
0.491,-97.72,-83.13,-14.49,-10.0,-85.85,80.58,71.0,2,22.48,Poor
0.054,-84.08,-67.54,-16.15,12.55,-99.79,43.89,47.0,2,51.12,Fair
0.574,-95.67,-76.12,-19.5,5.27,-104.54,27.32,29.0,1,41.9,Fair
0.312,-84.93,-73.16,-12.41,18.04,-106.24,7.99,27.0,0,61.07,Good
1.01,-101.87,-78.3,-19.5,-10.0,-101.12,34.08,,3,26.27,Poor
1.136,-100.71,-79.58,-19.5,-4.55,-103.3,25.16,29.0,1,35.61,Fair
0.026,-65.26,-51.87,-13.29,30.0,-104.88,8.31,27.0,1,69.25,Good
0.773,-105.1,-93.41,-12.92,-10.0,-86.52,88.23,77.0,2,27.77,Poor
0.02,-77.87,-59.79,-18.81,24.06,-102.0,34.58,51.0,0,60.51,Good
0.206,-87.69,-73.05,-14.32,14.99,-108.05,13.92,27.0,2,58.83,Good
0.352,-95.94,-75.05,-19.5,4.39,-105.87,5.17,27.0,3,38.74,Fair
0.072,-86.78,-67.6,-18.73,15.28,-105.95,24.74,22.0,2,60.62,Good
0.617,-100.14,-81.77,-19.13,-8.73,-94.95,54.76,57.0,0,23.16,Poor
0.02,-67.53,-51.24,-15.87,30.0,-105.94,12.76,28.0,1,68.79,Good
0.083,-83.09,-60.29,-19.5,11.91,-99.21,45.9,52.0,1,45.65,Fair
0.391,-99.02,-78.76,-19.5,-6.71,-96.38,76.48,57.0,1,22.09,Poor
0.564,-99.93,-80.12,-19.5,-7.93,-97.12,35.22,40.0,3,26.14,Poor
1.118,-105.06,-83.45,-19.5,-1.08,-109.97,25.14,41.0,3,26.87,Poor
0.55,-106.54,-91.6,-12.86,-4.57,-107.75,36.89,48.0,5,35.37,Fair
0.501,-98.59,-76.74,-19.18,-5.21,-98.39,38.28,40.0,1,26.6,Poor
0.226,-96.48,-79.28,-17.66,-9.4,-93.52,56.73,62.0,2,29.09,Poor
0.02,-67.81,-48.8,-17.54,30.0,-110.5,8.0,20.0,2,72.38,Good
0.058,-85.6,-68.07,-16.89,9.71,-100.41,20.31,34.0,3,47.77,Fair
0.344,-90.71,-78.34,-13.67,9.87,-109.07,16.69,26.0,1,55.14,Good
0.506,-99.74,-78.86,-19.5,-0.8,-99.97,29.01,38.0,2,29.5,Poor
0.243,-93.93,-81.4,-11.43,-9.6,-89.74,69.7,57.0,3,22.76,Poor
0.59,-98.26,,-15.01,-1.96,-100.39,31.97,37.0,2,41.64,Fair
0.332,-97.91,-81.27,-15.58,-9.37,-93.3,49.52,58.0,2,23.43,Poor
0.035,-73.93,-61.79,-12.26,26.79,-107.38,19.75,37.0,4,68.87,Good
0.096,-86.66,-71.96,-15.08,10.8,-102.23,36.69,45.0,0,48.33,Fair
0.825,-104.56,-85.83,-19.29,-10.0,-100.12,45.08,49.0,2,21.52,Poor
0.581,-97.67,-80.71,-18.39,-5.95,-95.35,43.14,46.0,3,32.98,Poor
1.013,-108.68,-91.47,-15.45,-10.0,-100.51,36.58,43.0,1,24.61,Poor
0.056,-84.22,-68.96,-16.45,8.78,-97.65,56.95,67.0,0,44.94,Fair
2.082,-109.38,-91.24,-16.75,-5.09,-110.69,13.62,22.0,4,29.23,Poor
0.106,-84.67,-67.65,-16.2,14.84,-100.69,58.03,60.0,2,49.61,Fair
0.02,-69.77,-56.69,-12.94,26.81,-101.16,19.58,30.0,3,76.14,Excellent
2.682,-111.26,-93.87,-16.36,-10.0,-101.84,26.04,39.0,5,27.55,Poor
0.148,-87.26,-72.99,-13.86,-10.0,-84.7,82.25,74.0,3,31.63,Poor
0.496,-95.5,-74.81,-19.5,3.29,-101.88,28.81,39.0,1,41.31,Fair
0.087,-82.55,-65.72,-17.15,19.4,-104.38,23.52,41.0,3,58.85,Good
0.391,-103.89,-78.32,-19.5,-1.11,-107.29,5.34,31.0,2,42.42,Fair
1.055,-111.46,-90.56,-19.5,-10.0,-103.65,2.4,27.0,2,24.78,Poor
0.174,-81.13,-63.52,-19.5,18.1,-104.3,30.16,35.0,0,53.02,Fair
0.499,-97.98,-78.24,-19.09,3.28,-105.14,16.41,33.0,3,39.68,Fair
0.094,-79.72,-67.99,-11.88,29.15,-110.72,10.64,32.0,1,75.02,Excellent
0.441,-98.29,-77.41,-19.5,0.92,-103.75,47.48,42.0,1,30.11,Poor
0.185,-89.6,-74.06,-16.59,-4.27,-91.8,67.72,66.0,1,36.54,Fair
0.107,-86.46,-68.19,-18.82,7.96,-100.6,31.73,39.0,1,34.77,Poor
0.169,-78.75,-62.93,-14.78,6.09,-86.65,92.45,79.0,1,35.88,Fair
0.089,-82.04,-65.9,-16.32,20.59,-104.75,25.39,39.0,3,57.95,Good
1.045,-106.53,-89.07,-18.23,-10.0,-95.68,46.03,50.0,2,20.8,Poor
0.228,-97.79,-79.56,-19.5,-10.0,-92.18,72.98,63.0,2,20.86,Poor
0.127,-78.22,-60.31,-16.58,14.76,-99.71,35.87,52.0,0,55.33,Good
0.268,-93.24,-75.25,-17.74,-2.14,-97.68,27.91,38.0,1,38.96,Fair
0.174,-85.88,-72.76,-12.59,9.44,-97.57,41.28,41.0,1,55.36,Good
0.614,-96.35,-71.36,-19.5,-10.0,-93.21,54.15,50.0,1,27.87,Poor
1.597,-109.92,-91.22,-19.5,-10.0,-101.01,31.87,50.0,4,15.82,Poor
0.259,-89.62,-70.31,-19.5,15.92,-110.42,22.23,27.0,0,48.47,Fair
0.888,-105.4,-88.42,-17.92,-10.0,-101.07,23.27,29.0,3,23.47,Poor
0.375,-99.48,-84.1,-15.57,-10.0,-92.43,61.52,51.0,0,23.78,Poor
0.077,-77.18,-58.73,-19.5,17.77,-98.41,45.42,39.0,2,53.06,Fair
0.528,-99.1,-80.23,-19.5,-7.64,-95.34,70.89,71.0,0,18.0,Poor
0.324,-92.17,-70.26,-19.5,-2.39,-99.79,29.15,38.0,0,34.88,Poor
0.473,-95.88,-71.64,-19.5,-1.46,-100.0,39.34,54.0,1,34.49,Poor
0.992,-101.39,-78.96,-19.5,-9.84,-95.74,60.09,58.0,2,21.29,Poor
0.261,-98.6,-85.9,-12.09,4.31,-106.71,13.02,30.0,0,46.34,Fair
1.041,-106.7,-90.08,-15.58,-10.0,-100.63,51.67,52.0,5,22.75,Poor
0.625,-101.23,-82.22,-17.89,-2.46,-103.11,22.67,36.0,2,29.51,Poor
0.302,-96.95,-80.15,-16.3,5.77,-103.85,27.72,40.0,1,41.97,Fair
0.416,-94.69,-76.82,-18.46,2.32,-104.41,19.45,24.0,0,34.77,Poor
0.177,-84.27,-72.71,-12.09,11.78,-99.75,51.72,58.0,3,57.52,Good
1.85,-103.97,-83.22,-19.5,-10.0,-92.05,50.51,48.0,2,24.45,Poor
0.495,-99.27,-86.9,-11.48,-10.0,-90.78,75.05,62.0,3,30.44,Poor
0.02,-69.35,-56.07,-14.41,26.22,-97.3,55.33,53.0,1,70.61,Good
0.178,-87.27,-72.32,-13.96,3.34,-94.97,77.59,56.0,3,39.37,Fair
0.439,-94.39,-76.68,-19.3,-5.97,-93.98,61.38,52.0,0,23.12,Poor
0.026,-76.17,-63.04,-13.13,21.45,-103.56,26.82,39.0,0,64.78,Good
0.02,-63.16,-48.34,-15.92,30.0,-100.43,15.67,33.0,2,70.08,Good
0.269,-88.92,-67.48,-19.5,12.77,-108.41,11.17,18.0,0,50.01,Fair
0.182,-85.44,-67.78,-17.22,8.07,-102.19,25.75,31.0,3,52.42,Fair
0.26,-87.5,-68.2,-19.5,6.86,-98.9,50.27,49.0,2,41.67,Fair
0.137,-84.67,-70.38,-13.25,18.1,-106.4,20.1,26.0,2,56.92,Good
0.081,-86.38,-68.55,-18.13,-0.95,-91.79,56.26,39.0,1,33.14,Poor
0.526,-98.99,-81.4,-18.84,-4.59,-97.59,51.3,53.0,5,36.67,Fair
0.325,-100.87,-85.26,-17.01,-10.0,-98.81,51.57,43.0,3,30.03,Poor
0.101,-82.47,-64.62,-17.2,12.52,-102.37,31.94,37.0,2,51.83,Fair
0.173,-89.5,-77.18,-12.94,4.68,-100.88,51.29,53.0,1,47.72,Fair
0.403,-96.29,-76.98,-19.48,3.73,-104.0,31.14,43.0,2,37.63,Fair
0.034,-70.0,-53.2,-16.25,28.58,-103.49,11.0,28.0,1,66.62,Good
0.072,-83.07,-65.84,-19.03,22.9,-109.74,4.31,30.0,3,59.64,Good
0.034,-75.95,-55.39,-19.5,14.43,-96.71,35.71,47.0,2,57.1,Good
0.753,-101.46,-82.16,-18.84,1.02,-106.04,12.03,25.0,1,40.67,Fair
0.628,-107.34,-90.29,-17.19,-10.0,-89.18,64.02,54.0,2,17.35,Poor
0.63,-101.06,-86.41,-14.28,-6.48,-98.12,46.44,54.0,3,28.53,Poor
0.567,-109.03,-87.04,-19.5,-10.0,-99.65,21.19,36.0,2,21.0,Poor
0.498,-100.31,-86.33,-13.71,-1.97,-105.77,22.56,43.0,1,35.08,Fair
0.292,-89.91,-70.02,-19.17,-8.98,-87.92,64.41,52.0,4,22.3,Poor
0.463,-95.53,-82.33,-14.9,-2.95,-97.77,39.69,38.0,1,37.92,Fair
0.02,-72.82,-52.07,-19.24,12.42,-89.91,89.86,74.0,2,45.61,Fair
0.437,-96.67,-75.64,-19.03,-4.49,-97.93,77.94,70.0,2,28.86,Poor
0.677,-104.93,-92.66,-13.17,-7.17,-104.23,23.39,36.0,7,31.39,Poor
0.312,-93.93,-74.58,-19.05,-7.84,-93.2,74.5,74.0,2,19.83,Poor
0.199,-78.3,-59.2,-19.12,9.58,-92.21,51.99,56.0,0,50.06,Fair
0.146,-79.98,-59.87,-19.16,6.47,-95.94,47.61,50.0,1,41.4,Fair
0.463,-97.12,-78.03,-19.19,5.05,-105.97,19.79,33.0,4,32.54,Poor
0.531,-97.88,-82.77,-14.27,-0.45,-100.16,40.0,45.0,4,32.61,Poor
0.921,-107.22,-89.87,-18.56,-10.0,-96.4,51.61,57.0,1,17.9,Poor
0.189,-92.76,-69.77,-19.5,5.74,-101.73,15.87,23.0,2,41.11,Fair
0.661,-98.97,-84.29,-16.1,-10.0,-94.25,58.76,48.0,4,29.83,Poor
0.371,-97.51,-78.54,-18.86,-2.63,-102.88,27.68,26.0,1,30.86,Poor
0.965,-100.08,-78.63,-19.5,1.65,-108.63,5.92,24.0,1,44.06,Fair
0.338,-88.32,-73.29,-15.74,2.69,-97.06,39.21,37.0,4,41.66,Fair
0.328,-93.02,-79.27,-13.52,-4.68,-90.69,78.53,60.0,1,34.48,Poor
0.388,-95.39,-81.19,-15.58,2.38,-104.6,10.96,25.0,2,46.29,Fair
0.623,-106.62,,-17.62,-8.98,-100.39,39.68,48.0,2,18.4,Poor
1.505,-104.56,-90.39,-13.88,-7.0,-102.11,36.25,37.0,3,24.97,Poor
0.034,-79.55,-61.96,-17.29,24.46,-105.89,5.64,22.0,4,58.54,Good
0.025,-73.87,-51.76,-19.5,18.73,-96.06,62.64,55.0,5,44.3,Fair
1.248,-102.09,-84.25,-19.25,-9.92,-97.81,49.25,50.0,4,24.35,Poor
0.34,-90.53,-74.86,-13.96,2.27,-98.05,33.47,51.0,3,43.89,Fair
0.429,-98.54,-80.17,-19.5,-1.92,-102.24,25.37,34.0,2,32.29,Poor
0.296,-95.1,-77.31,-17.07,-8.67,-87.55,71.35,55.0,4,25.05,Poor
0.044,-79.91,-60.55,-19.5,12.16,-98.24,53.86,52.0,1,38.42,Fair
0.658,-105.16,-82.31,-19.5,-10.0,-101.63,26.36,37.0,2,23.5,Poor
0.619,-102.39,-83.19,-17.22,-10.0,-89.63,58.32,55.0,3,25.11,Poor
0.168,-95.01,-70.91,-19.5,0.52,-99.97,36.83,40.0,1,33.44,Poor
0.165,-85.65,-66.28,-19.11,10.12,-97.9,41.01,50.0,3,47.2,Fair
0.819,-100.69,-85.0,-14.65,-10.0,-90.74,60.17,67.0,2,28.71,Poor
0.034,-72.59,-47.72,-19.5,21.49,-103.17,12.21,23.0,0,59.3,Good
0.958,-107.46,-89.83,-18.98,,-94.67,42.71,39.0,3,21.07,Poor
0.133,-91.35,-76.52,-14.53,3.0,-100.5,46.32,53.0,1,38.42,Fair
0.405,-95.95,-70.97,-19.5,-7.39,-94.05,60.0,56.0,0,23.15,Poor
1.237,-105.6,-89.8,-14.68,-10.0,-99.12,35.67,39.0,1,34.59,Poor
0.51,-98.76,-83.08,-16.31,4.94,-106.85,14.07,26.0,4,46.34,Fair
0.241,-92.83,-76.48,-13.86,3.71,-100.71,49.02,60.0,0,43.96,Fair
0.526,-91.6,-73.11,-18.16,-2.14,-92.49,74.95,69.0,3,31.36,Poor
0.19,-87.9,-67.11,-19.5,19.23,-110.65,27.68,39.0,1,50.99,Fair
0.146,-79.47,-69.42,-10.23,17.28,-101.78,26.95,32.0,3,62.58,Good
2.569,-107.12,-86.34,-18.83,-5.5,-108.39,27.57,41.0,2,32.92,Poor
0.625,-93.12,-76.79,-16.1,-0.71,-96.43,61.21,57.0,5,42.97,Fair
0.466,-101.68,-84.92,-14.71,-5.5,-101.57,20.92,35.0,2,31.58,Poor
0.198,-87.58,-64.44,-19.5,13.72,-107.62,11.99,36.0,0,48.98,Fair
0.023,-73.22,-54.58,-18.24,12.29,-90.51,73.31,63.0,0,48.27,Fair
0.02,-77.1,-57.75,-19.5,13.48,-97.88,22.5,20.0,1,53.21,Fair
0.364,-89.25,-71.4,-17.72,9.01,-103.43,26.03,38.0,5,49.41,Fair
0.646,-101.39,-81.1,-19.5,-7.17,-96.31,48.37,55.0,2,31.29,Poor
0.347,-99.05,-76.19,-19.5,-8.37,-97.58,37.54,42.0,2,19.88,Poor
0.827,-104.02,-93.44,-8.31,0.09,-107.37,16.85,31.0,3,51.18,Fair
0.02,-73.63,-52.38,-19.5,15.34,-96.14,69.99,57.0,1,50.76,Fair
0.206,-93.08,-70.44,-19.5,-0.78,-99.45,30.77,37.0,1,34.96,Poor
0.122,-86.67,-67.16,-19.18,6.89,-97.12,43.03,41.0,2,43.92,Fair
0.267,-85.63,-69.67,-15.28,0.88,-95.05,64.82,58.0,1,34.72,Poor
0.034,-77.5,-62.96,-14.35,19.18,-105.31,29.02,37.0,3,58.97,Good
1.387,-100.21,-75.12,-19.5,-7.59,-94.32,50.65,49.0,3,18.68,Poor
0.114,-81.8,-66.51,-14.99,7.4,-93.24,62.67,51.0,1,43.88,Fair
1.15,-103.63,-81.08,-19.5,-10.0,-93.32,70.37,49.0,0,22.93,Poor
0.25,-88.99,-69.82,-19.25,6.73,-100.45,25.08,28.0,1,36.21,Fair
1.906,-109.55,-85.41,-19.5,-10.0,-100.08,44.78,50.0,7,16.65,Poor
0.363,-90.09,-73.04,-18.38,10.83,-103.38,50.64,50.0,5,43.39,Fair
1.202,-103.34,-90.16,-11.04,-1.69,-106.29,20.43,31.0,5,41.68,Fair
0.02,-77.1,-59.1,-17.81,18.9,-104.25,30.06,44.0,2,56.94,Good
0.621,-98.69,-85.15,-13.35,0.27,-103.69,29.83,30.0,3,43.4,Fair
1.05,-101.3,-75.27,-19.5,-1.72,-106.42,19.75,22.0,4,35.12,Fair
0.068,-81.9,-62.01,-19.5,19.38,-103.39,53.03,52.0,1,53.64,Fair
0.045,-76.84,-56.51,-18.68,13.23,-98.62,34.98,34.0,1,47.36,Fair
0.249,-94.4,,-18.66,7.72,-110.12,7.91,24.0,1,46.57,Fair
1.221,-111.25,-95.33,-16.06,-10.0,-105.37,41.87,40.0,4,21.35,Poor
0.352,-101.15,-83.55,-17.94,-10.0,-94.34,55.31,40.0,0,25.83,Poor
0.337,-100.74,-82.4,-17.08,-4.5,-101.97,62.79,61.0,0,29.63,Poor
0.068,-78.16,-54.33,-19.5,18.78,-101.32,41.46,47.0,1,46.01,Fair
0.02,-80.41,-65.88,-16.27,7.16,-94.25,44.03,54.0,1,40.66,Fair
0.748,-104.15,-88.34,-13.24,-6.18,-102.07,52.1,44.0,2,27.02,Poor
0.041,-79.58,-62.67,-17.02,5.34,-87.59,74.54,72.0,1,34.82,Poor
0.452,-98.25,-82.27,-14.87,-1.01,-103.78,29.16,26.0,2,39.2,Fair
1.107,-112.32,-98.7,-14.12,-10.0,-99.88,37.86,50.0,5,21.53,Poor
0.105,-82.92,-73.03,-8.16,3.18,-91.29,63.72,51.0,2,51.24,Fair
0.492,-102.96,-90.44,-10.56,-10.0,-99.35,55.41,47.0,4,27.3,Poor
0.037,-71.04,-49.74,-19.5,30.0,-111.7,6.4,30.0,0,68.66,Good
0.417,-98.9,-80.93,-19.5,5.76,-107.1,24.81,31.0,2,38.62,Fair
0.081,-82.61,-62.11,-19.5,,-109.56,10.55,24.0,3,57.86,Good
0.599,-99.55,-83.3,-15.37,-10.0,-90.74,80.2,83.0,0,26.36,Poor
0.161,-87.23,-69.52,-17.65,3.45,-97.02,72.96,55.0,1,35.15,Fair
0.28,-92.83,-69.99,-19.5,0.48,-101.86,29.75,42.0,2,41.2,Fair
0.412,-98.02,-75.36,-19.5,-3.53,-96.64,44.31,49.0,1,24.95,Poor
0.085,-81.27,-60.45,-19.5,13.49,-99.84,51.89,44.0,5,44.89,Fair
0.609,-97.84,-79.24,-18.74,3.97,-103.59,38.26,54.0,0,30.06,Poor
0.162,-91.32,-71.76,-19.5,9.07,-106.52,19.13,37.0,2,49.99,Fair
0.489,-96.09,-76.98,-19.5,-9.07,-90.83,73.06,54.0,2,18.69,Poor
0.078,-77.13,-59.64,-17.27,26.36,-109.36,5.43,25.0,1,60.14,Good
0.524,-95.58,-78.8,-16.73,-4.52,-97.05,28.94,42.0,2,31.67,Poor
0.062,-76.22,-54.85,-19.5,11.41,-93.6,56.32,41.0,0,44.46,Fair
0.249,-91.28,-77.17,-14.49,-10.0,-85.8,94.95,80.0,1,27.88,Poor
0.128,-89.94,-67.48,-19.5,16.05,-107.31,20.59,29.0,3,53.72,Fair
0.621,-103.11,-85.94,-17.18,-2.94,-102.66,31.77,39.0,2,30.05,Poor
0.137,-85.5,-71.44,-13.29,8.18,-99.64,43.42,34.0,1,49.75,Fair
0.961,-99.89,-83.53,-16.32,-10.0,-87.88,58.02,47.0,3,26.51,Poor
1.001,-92.87,-77.5,-16.55,4.16,-98.67,50.02,65.0,5,37.36,Fair
0.098,-80.02,-63.75,-14.91,9.9,-90.79,59.89,58.0,1,47.94,Fair
0.428,-101.33,-85.12,-14.67,-3.73,-106.13,27.76,46.0,2,35.68,Fair
0.041,-79.6,-63.5,-14.99,9.81,-94.84,55.77,51.0,1,45.51,Fair
0.224,-81.91,-64.84,-18.59,16.5,-100.33,25.08,44.0,0,51.24,Fair
0.562,-99.87,-82.07,-17.77,-10.0,-90.1,73.46,50.0,1,23.11,Poor
0.485,-97.54,-77.25,-19.5,-0.25,-101.21,30.2,34.0,1,30.84,Poor
0.441,-100.75,-83.49,-17.31,-3.22,-100.47,37.82,34.0,2,34.12,Poor
0.149,-81.29,-62.31,-18.55,14.54,-99.26,41.03,41.0,2,43.32,Fair
0.214,-88.63,-70.61,-18.6,-1.73,-92.7,71.69,65.0,2,34.55,Poor
0.049,-81.06,-61.44,-18.25,17.26,-103.11,38.72,47.0,3,54.91,Fair
0.571,-103.13,-84.99,-18.26,-7.47,-101.02,29.06,25.0,2,16.25,Poor
0.315,-92.78,-76.72,-15.57,7.42,-106.2,10.69,37.0,4,45.83,Fair
0.555,-98.73,-83.48,-14.69,1.31,-103.78,19.3,36.0,1,38.26,Fair
0.129,-82.94,-64.31,-18.03,9.19,-100.02,55.7,45.0,2,42.51,Fair
0.176,-86.8,-64.98,-19.5,3.33,-96.21,60.8,71.0,1,32.3,Poor
0.183,-90.36,-73.04,-17.49,5.25,-101.47,35.59,47.0,1,40.48,Fair
0.02,-72.62,-56.72,-16.75,24.74,-101.23,31.44,38.0,0,70.16,Good
0.188,-90.16,-72.92,-16.7,8.87,-105.13,38.05,40.0,1,48.24,Fair
0.732,-103.5,-87.19,-17.09,-0.97,-108.45,29.39,40.0,6,35.16,Fair
1.024,-104.74,-88.74,-17.19,-10.0,-88.74,73.31,80.0,4,19.25,Poor
0.329,-94.29,-80.63,-13.64,-6.64,-94.21,67.63,67.0,2,29.08,Poor
0.274,-96.36,-79.1,-17.4,1.87,-104.2,8.0,30.0,3,35.84,Fair
0.02,-67.92,-49.21,-19.5,27.04,-100.48,35.28,44.0,3,63.15,Good
0.951,-105.06,-90.3,-13.32,-10.0,-94.61,53.41,38.0,3,24.94,Poor
0.02,-73.81,-58.45,-14.19,20.89,-97.4,50.07,56.0,1,62.96,Good
1.303,-107.71,-92.56,-16.02,-10.0,-87.89,84.01,66.0,2,19.62,Poor
0.302,-92.67,-78.83,-14.46,1.7,-99.56,29.09,41.0,1,39.3,Fair
0.188,-89.21,-74.08,-15.41,7.28,-99.48,53.99,44.0,3,35.12,Fair
1.161,-103.62,-86.21,-15.97,-2.02,-109.47,17.9,35.0,0,38.19,Fair
0.02,-66.85,-52.88,-13.75,30.0,-103.81,24.62,39.0,0,76.9,Excellent
0.392,-90.67,-73.08,-15.97,12.19,-108.65,22.91,31.0,2,42.7,Fair
0.358,-93.97,-78.08,-15.12,0.97,-99.23,63.08,64.0,2,37.55,Fair
0.111,-89.29,-74.08,-15.45,14.05,-109.7,11.06,22.0,1,53.41,Fair
0.252,-93.14,-74.01,-17.81,-3.63,-96.24,43.67,49.0,1,38.42,Fair
0.475,-101.58,-85.5,-17.34,-6.49,-98.97,39.03,51.0,1,33.46,Poor
0.584,-92.56,-75.97,-17.1,-3.33,-92.28,42.92,46.0,1,36.1,Fair
0.02,-62.49,-40.6,-19.5,21.55,-90.22,70.62,62.0,1,63.97,Good
1.243,-103.3,-88.06,-13.63,-10.0,-84.12,86.02,60.0,4,20.29,Poor
0.081,-78.83,-56.13,-19.5,21.35,-106.43,16.36,22.0,0,61.1,Good
0.12,-84.63,-67.67,-16.25,10.65,-100.5,39.82,45.0,1,56.02,Good
0.138,-85.37,-70.78,-16.87,8.09,-98.59,24.57,28.0,3,48.91,Fair
0.02,-76.83,-60.5,-17.13,21.47,-100.74,41.04,41.0,4,51.34,Fair
0.059,-79.87,-61.67,-17.98,11.63,-96.61,49.7,56.0,1,54.33,Fair
1.932,-113.25,-91.49,-19.5,-10.0,-91.47,54.55,,6,18.8,Poor
0.17,-87.55,-67.16,-19.5,12.44,-101.13,31.43,39.0,1,48.15,Fair
0.055,-79.22,-61.03,-19.5,10.22,-93.02,52.16,65.0,1,43.24,Fair
0.051,-70.52,-48.74,-19.1,26.4,-101.01,59.31,57.0,0,60.23,Good
0.572,-95.5,-83.14,-10.73,-0.64,-99.76,53.03,51.0,2,38.69,Fair
0.868,-101.64,-82.89,-19.5,-1.97,-104.28,12.59,27.0,3,38.09,Fair
0.134,-87.65,-68.72,-19.5,9.27,-99.84,47.4,47.0,1,39.62,Fair
0.02,-63.74,-44.77,-19.21,30.0,-103.2,24.2,37.0,0,72.14,Good
0.114,-85.3,-72.13,-13.96,12.35,-101.38,36.59,46.0,1,54.74,Fair
0.026,-71.36,-56.41,-15.6,14.07,-93.3,74.92,64.0,2,57.2,Good
0.049,-77.83,-60.33,-16.42,20.9,-106.53,35.0,47.0,2,55.19,Good
0.254,-93.75,-72.41,-19.5,,-90.28,73.74,64.0,0,18.63,Poor
0.118,-85.33,-61.59,-19.5,17.56,-107.25,18.99,36.0,2,56.29,Good
0.327,-102.15,-86.15,-16.65,-10.0,-89.87,66.93,66.0,1,22.17,Poor
0.132,-92.64,-78.57,-12.77,4.6,-99.58,29.11,47.0,1,41.02,Fair
1.27,-104.68,-84.24,-19.5,-10.0,-98.07,52.3,57.0,5,21.01,Poor
1.064,-98.27,-72.43,-19.5,-5.26,-97.41,44.95,45.0,1,30.35,Poor
0.376,-94.14,-72.82,-19.5,0.68,-99.05,47.56,50.0,1,37.46,Fair
0.197,-92.81,-77.06,-16.35,10.53,-108.72,11.83,21.0,0,47.64,Fair
0.216,-96.5,-69.92,-19.5,0.15,-101.73,32.4,40.0,2,35.88,Fair
0.239,-88.46,-68.4,-19.5,15.57,-106.41,7.87,24.0,1,49.78,Fair
0.585,-101.63,-86.0,-17.32,-10.0,-96.26,44.52,42.0,1,29.47,Poor
0.27,-90.1,-66.3,-19.5,12.0,-107.19,20.83,34.0,3,44.85,Fair
0.874,-101.28,-85.89,-16.71,-0.89,-108.79,18.13,27.0,2,38.33,Fair
1.298,-104.36,-88.22,-15.96,-6.67,-101.64,37.67,49.0,3,29.44,Poor
0.184,-89.22,-69.04,-19.5,11.41,-108.72,15.07,32.0,4,43.59,Fair
0.37,-93.86,-75.93,-18.12,9.61,-108.95,16.31,25.0,1,46.14,Fair
0.045,-77.72,-59.61,-18.02,15.07,-100.1,42.17,36.0,1,53.86,Fair
0.101,-86.69,-68.57,-18.67,8.63,-99.02,54.37,49.0,0,31.01,Poor
0.24,-95.5,-74.15,-19.5,5.85,-104.38,22.6,36.0,3,38.38,Fair
0.104,-93.96,-82.93,-9.92,-3.94,-98.9,39.36,35.0,1,39.66,Fair
0.941,-104.21,-85.36,-19.5,1.54,-105.09,24.95,34.0,4,26.91,Poor
0.078,-75.82,-58.7,-16.93,20.72,-99.61,38.05,49.0,0,58.6,Good
0.274,-89.86,-74.11,-16.32,5.84,-103.33,23.92,44.0,2,48.69,Fair
0.419,-95.55,-79.82,-16.89,-10.0,-89.28,70.03,65.0,2,25.39,Poor
0.53,-101.43,-91.35,-10.23,0.77,-109.47,2.15,23.0,2,48.39,Fair
0.217,-86.79,-71.19,-15.45,4.4,-96.13,68.65,55.0,1,38.67,Fair
0.915,-103.72,-81.84,-19.5,-8.25,-100.76,47.04,56.0,2,19.17,Poor
0.378,-89.27,-68.78,-18.72,5.68,-100.71,16.47,32.0,2,45.4,Fair
0.261,-96.27,-78.85,-15.32,12.0,-112.3,5.13,15.0,1,51.93,Fair
0.031,-77.19,-63.42,-12.92,17.42,-98.68,58.07,55.0,6,50.56,Fair
0.281,-96.4,-75.93,-19.05,4.2,-105.6,46.94,44.0,4,39.39,Fair
0.774,-107.71,-85.78,-19.5,-10.0,-94.53,45.35,50.0,0,27.14,Poor
0.429,-100.42,-79.31,-19.5,-1.78,-103.83,24.24,37.0,1,23.25,Poor
0.803,-101.69,-86.6,-13.46,-10.0,-95.61,73.55,70.0,2,22.82,Poor
0.307,-96.61,-81.2,-16.22,13.02,-113.58,16.0,26.0,2,48.21,Fair
0.057,-94.65,-71.69,-19.5,-8.96,-94.75,64.15,55.0,1,24.1,Poor
0.02,-66.15,-51.78,-15.1,24.2,-94.58,65.08,72.0,1,58.37,Good
0.163,-95.01,-75.58,-19.12,-5.38,-95.92,36.69,33.0,3,36.25,Fair
0.539,-96.29,-83.62,-12.68,6.18,-107.28,10.81,26.0,0,51.23,Fair
0.703,-100.82,-83.73,-16.08,1.7,-105.79,27.8,43.0,2,37.43,Fair
0.158,-79.55,-59.79,-19.5,9.44,-95.3,55.25,34.0,2,49.23,Fair
0.308,-89.81,-71.9,-19.5,5.31,-99.81,50.93,50.0,1,36.85,Fair
0.246,-93.87,-74.3,-19.29,-0.6,-97.64,64.06,61.0,1,31.36,Poor
0.238,-94.37,-80.05,-13.92,-0.18,-95.47,65.99,60.0,1,37.47,Fair
0.118,-79.53,-63.99,-15.97,21.49,-105.1,39.21,43.0,2,65.4,Good
0.066,-86.42,-66.98,-19.5,1.13,-93.04,49.6,52.0,1,32.97,Poor
0.099,-83.2,-63.11,-19.5,6.56,-95.82,50.67,67.0,1,47.41,Fair
0.026,-73.03,-54.37,-18.22,28.43,-104.32,23.58,38.0,1,63.93,Good
0.099,-85.4,-64.56,-19.5,9.1,-98.91,43.35,43.0,3,43.25,Fair
0.02,-69.03,-56.0,-14.75,30.0,-103.97,28.29,30.0,2,75.08,Excellent
0.444,-96.21,-79.61,-18.32,0.55,-98.96,39.03,42.0,2,32.65,Poor
0.171,-86.89,-63.42,-19.5,-3.54,-87.5,77.57,77.0,0,25.66,Poor
1.628,-107.68,-85.83,-19.5,-10.0,-92.41,69.49,61.0,2,18.71,Poor
0.097,-82.14,-62.24,-19.5,7.4,-93.03,52.11,47.0,3,41.19,Fair
0.191,-89.29,-71.76,-18.4,,-99.56,39.96,56.0,1,43.45,Fair
0.199,-92.67,-71.57,-19.5,-3.19,-96.03,58.17,49.0,2,32.3,Poor
0.02,-70.43,-51.14,-19.35,28.53,-102.59,12.72,26.0,1,70.88,Good
0.822,-105.17,-91.72,-15.27,-2.46,-109.27,14.96,37.0,2,33.61,Poor
0.02,-73.57,-52.58,-19.5,22.51,-99.3,46.91,55.0,0,58.47,Good
1.267,-107.41,-92.01,-16.36,-10.0,-99.76,48.2,49.0,2,26.89,Poor
1.002,-104.5,-84.22,-19.5,-0.02,-107.42,5.09,17.0,1,30.48,Poor
0.345,-94.64,-81.49,-13.34,7.2,-105.34,19.6,31.0,3,47.24,Fair
0.353,-91.31,-68.52,-19.5,-8.89,-87.21,74.28,52.0,2,25.79,Poor
0.477,-99.59,-82.41,-14.78,-4.71,-100.66,25.34,25.0,1,37.7,Fair
0.22,-90.11,-75.44,-15.49,5.17,-102.15,31.87,49.0,1,42.05,Fair
0.469,-96.97,-81.03,-16.79,3.01,-103.57,7.34,26.0,0,45.57,Fair
0.021,-73.13,-56.14,-17.54,27.7,-107.25,16.7,,0,67.68,Good
0.025,-72.01,-54.02,-18.2,18.45,-91.8,82.95,58.0,0,55.79,Good
0.275,-88.81,-66.85,-19.5,0.51,-97.81,43.8,45.0,1,41.09,Fair
0.359,-94.38,-76.17,-17.23,10.57,-107.43,13.47,29.0,2,51.0,Fair
0.984,-102.97,-91.48,-11.69,-2.3,-105.19,14.54,29.0,4,40.05,Fair
0.05,-80.93,-66.62,-13.75,,-94.96,39.81,55.0,2,54.62,Fair
0.778,-93.96,-67.69,-19.5,7.95,-107.56,17.27,37.0,0,39.7,Fair
0.106,-87.19,-68.78,-17.79,,-97.51,55.56,58.0,2,37.28,Fair
0.225,-97.77,-76.92,-19.5,-4.01,-95.21,71.23,52.0,1,32.74,Poor
0.171,-85.29,-68.21,-16.94,5.33,-93.43,63.31,51.0,2,39.27,Fair
0.23,-91.73,-76.74,-16.13,-6.13,-90.15,52.56,48.0,2,34.14,Poor
0.073,-82.64,-66.09,-16.9,24.33,-108.86,20.14,38.0,2,64.2,Good
0.315,-96.18,-77.79,-18.03,3.97,-106.39,7.13,33.0,2,42.1,Fair
0.728,-93.77,-77.15,-14.55,-2.04,-100.61,40.02,44.0,2,38.42,Fair
0.262,-90.99,-67.23,-19.5,0.91,-100.8,38.74,45.0,2,44.39,Fair
0.304,-91.47,-75.32,-16.65,4.38,-98.66,55.51,48.0,2,45.97,Fair
0.85,-101.95,-87.11,-17.04,-8.74,-94.34,48.62,61.0,8,24.06,Poor
0.551,-97.76,-77.33,-18.41,-10.0,-84.43,80.12,68.0,3,20.78,Poor
0.303,-88.07,-67.28,-19.5,2.9,-96.57,51.83,,0,35.08,Fair
0.134,-87.62,-69.53,-19.48,6.92,-98.11,37.88,,1,37.61,Fair
0.973,-109.6,-93.41,-18.23,-7.62,-108.37,9.68,29.0,2,25.41,Poor
0.387,-92.31,-80.01,-12.76,10.25,-105.32,21.52,31.0,0,53.06,Fair
0.112,-83.11,-61.45,-19.5,15.09,-104.15,28.61,24.0,1,46.79,Fair
0.141,-86.62,-66.01,-19.5,11.41,-102.1,14.2,19.0,0,48.33,Fair
0.731,-99.41,-82.73,-16.54,2.68,-103.58,16.25,28.0,2,37.45,Fair
0.02,-72.06,-53.88,-17.93,21.24,-98.7,59.32,55.0,2,52.08,Fair
2.178,-110.68,-93.36,-18.36,-10.0,-104.66,18.99,32.0,3,19.38,Poor
0.063,-80.63,-57.74,-19.5,16.09,-99.88,38.87,40.0,3,50.84,Fair
0.715,-103.47,-88.58,-15.0,-8.19,-99.84,51.05,46.0,4,24.67,Poor
0.226,-86.36,-70.22,-18.1,9.39,-98.8,39.47,38.0,2,43.97,Fair
0.305,-99.36,-83.51,-16.56,-1.13,-104.72,23.57,45.0,3,33.86,Poor
0.957,-94.18,-75.25,-18.28,6.4,-106.96,15.02,27.0,0,42.42,Fair
0.24,-88.12,-69.95,-17.74,7.47,-100.03,31.94,37.0,2,48.38,Fair
0.347,-101.94,-83.34,-18.12,-2.86,-103.08,31.82,40.0,5,29.2,Poor
0.023,-72.41,-57.05,-13.83,14.07,-92.81,75.77,61.0,0,47.1,Fair
0.02,-71.12,-48.66,-19.5,22.12,-97.76,36.11,45.0,0,61.52,Good
0.126,-84.53,-67.89,-17.34,3.99,-95.38,40.71,40.0,1,35.32,Fair
0.514,-102.19,-80.62,-19.5,-9.52,-97.48,38.22,44.0,2,25.51,Poor
0.058,-79.31,-51.9,-19.5,6.59,-92.29,64.92,45.0,3,49.5,Fair
0.054,-79.35,-63.97,-15.24,22.86,-107.93,10.14,23.0,2,64.88,Good
0.238,-94.52,-75.5,-19.5,-3.67,-95.32,40.84,50.0,1,21.41,Poor
0.47,-100.96,-83.36,-19.5,-1.33,-100.08,37.64,38.0,3,29.89,Poor
0.56,-95.31,-71.22,-19.5,-2.23,-98.35,55.72,46.0,2,30.12,Poor
0.088,-89.82,-72.66,-18.99,14.32,-105.96,27.59,32.0,1,47.08,Fair
0.037,-73.76,-55.01,-19.5,9.11,-90.53,74.18,55.0,1,34.88,Poor
1.269,-102.89,-84.21,-18.58,-10.0,-90.12,71.04,60.0,2,14.97,Poor
0.136,-87.6,-69.9,-19.5,15.78,-108.51,11.51,32.0,2,57.68,Good
0.864,-102.53,-82.26,-19.5,,-105.46,11.65,25.0,1,36.45,Fair
0.896,-98.4,-80.12,-18.23,12.09,-110.7,6.83,26.0,4,56.42,Good
0.666,-103.31,-83.86,-19.33,-0.0,-106.74,25.06,31.0,1,26.81,Poor
0.083,-84.91,-66.27,-17.96,,-100.36,44.63,51.0,1,37.48,Fair
0.776,-103.79,-87.61,-15.1,-10.0,-93.26,59.99,50.0,3,22.77,Poor
0.66,-95.74,-78.55,-18.22,8.2,-109.44,16.82,27.0,3,48.41,Fair
0.409,-91.08,-71.41,-19.5,-5.54,-90.19,65.14,46.0,3,21.94,Poor
0.185,-94.98,-75.32,-19.5,7.61,-108.01,23.06,42.0,4,45.5,Fair
0.137,-82.77,-61.04,-19.5,7.4,-95.27,35.66,42.0,2,44.7,Fair
0.058,-76.21,-52.64,-19.5,7.47,-87.51,80.09,59.0,2,37.11,Fair
0.321,-87.94,-71.5,-17.07,11.73,-105.69,31.9,32.0,3,47.89,Fair
0.396,-94.44,-76.03,-16.27,-10.0,-87.05,79.09,82.0,0,26.41,Poor
0.2,-90.26,-72.84,-15.85,1.16,-97.22,41.5,37.0,2,41.42,Fair
0.29,-88.71,-74.03,-13.77,0.01,-92.82,75.46,66.0,1,39.92,Fair
0.203,-87.41,-67.72,-19.5,13.45,-105.01,10.55,24.0,3,49.68,Fair
0.461,-88.31,-67.98,-19.5,-6.76,-87.89,69.38,54.0,0,26.43,Poor
1.042,-100.53,-85.76,-14.62,-2.27,-106.05,29.84,37.0,1,35.69,Fair
0.081,-81.62,-64.74,-16.62,7.3,-93.93,59.81,63.0,1,37.58,Fair
0.216,-95.43,-78.85,-16.77,12.67,-110.88,12.84,26.0,1,43.98,Fair
0.068,-83.14,-69.67,-13.27,5.12,-92.66,49.73,54.0,3,40.21,Fair
0.441,-102.66,-84.77,-17.06,-3.8,-104.42,46.7,48.0,2,31.65,Poor
0.587,-100.25,-85.69,-15.79,5.39,-111.6,7.43,24.0,1,41.02,Fair
1.209,-101.95,-83.48,-19.37,-0.35,-104.33,30.52,33.0,6,37.25,Fair
0.147,-87.43,-68.62,-18.63,10.59,-101.55,14.48,31.0,5,44.91,Fair
1.35,-102.53,-83.35,-19.5,-10.0,-96.17,47.95,47.0,4,21.86,Poor
0.029,-72.31,-52.99,-19.5,15.81,-96.07,62.81,51.0,0,49.93,Fair
0.416,-98.01,-75.42,-19.5,-2.19,-97.32,45.41,41.0,0,37.48,Fair
0.026,-72.43,-56.85,-15.5,16.55,-95.43,55.78,47.0,2,55.28,Good
1.009,-102.2,-86.47,-14.82,-3.9,-99.89,37.12,59.0,1,30.56,Poor
0.34,-94.09,-74.12,-19.5,4.96,-103.67,36.68,55.0,3,46.68,Fair
0.498,-97.36,-79.76,-17.6,0.43,-104.38,35.86,41.0,1,29.3,Poor
0.802,-105.17,-83.79,-19.5,-7.66,-100.06,18.8,34.0,3,25.91,Poor
0.073,-83.15,-63.47,-19.5,8.76,-95.31,40.25,34.0,1,39.65,Fair
0.02,-61.41,-40.0,-18.99,26.6,-94.81,73.07,60.0,1,61.46,Good
0.95,-98.65,-80.92,-17.33,-1.37,-104.14,23.21,25.0,1,36.05,Fair
0.17,-94.57,-81.01,-12.45,-10.0,-89.24,65.43,50.0,1,24.34,Poor
0.062,-89.47,-70.45,-17.85,-0.13,-94.43,44.67,40.0,0,38.94,Fair
0.284,-92.8,-75.02,-17.59,-4.66,-96.44,45.54,53.0,1,33.07,Poor
0.41,-92.71,-73.11,-19.5,-8.21,-92.71,43.08,36.0,1,28.31,Poor
0.02,-72.52,-52.54,-18.84,16.09,-96.34,43.69,54.0,0,52.08,Fair
0.145,-83.18,-66.78,-16.15,8.76,-94.17,33.11,47.0,2,54.15,Fair
0.02,-70.21,-55.23,-15.83,20.15,-96.89,50.39,39.0,2,55.9,Good
0.245,-92.48,-74.92,-18.03,5.48,-102.73,32.21,39.0,1,40.82,Fair
1.015,-101.11,-90.25,-9.68,,-105.22,24.37,21.0,2,43.15,Fair
1.824,-111.35,-93.11,-17.51,-9.84,-105.08,29.48,45.0,2,23.6,Poor
0.456,-98.35,-81.57,-16.82,0.37,-100.82,47.79,57.0,3,37.75,Fair
0.079,-79.42,-58.83,-19.5,21.12,-104.43,46.56,51.0,0,56.67,Good
1.063,-104.67,-92.62,-12.01,-10.0,-88.02,61.47,54.0,4,28.22,Poor
0.327,-86.68,-68.66,-16.29,14.02,-101.61,40.01,41.0,3,56.28,Good
0.075,-78.85,-56.13,-19.5,12.51,-98.0,28.79,38.0,1,49.75,Fair
1.146,-102.68,-82.65,-19.5,-8.62,-99.84,44.14,46.0,1,16.06,Poor
0.637,-100.3,-79.36,-19.5,1.37,-105.8,20.86,29.0,1,34.48,Poor
0.592,-95.96,-76.94,-19.31,-4.52,-94.78,69.27,58.0,2,29.6,Poor
0.556,-100.2,-87.19,-13.08,0.55,-105.88,26.14,39.0,1,43.59,Fair
0.101,-83.01,-64.51,-17.5,18.42,-106.07,28.83,38.0,4,55.08,Good
0.107,-88.31,-69.08,-19.5,8.15,-98.93,40.23,47.0,2,35.8,Fair
0.525,-94.25,-79.49,-15.16,-0.04,-100.02,43.2,45.0,4,38.63,Fair
0.112,-83.87,-66.25,-19.5,2.23,-88.61,57.26,54.0,3,32.5,Poor
0.26,-84.4,-75.1,-8.67,7.24,-99.36,44.52,51.0,3,54.69,Fair
0.685,-91.16,-74.17,-18.34,6.21,-104.09,33.41,44.0,2,40.41,Fair
0.69,-97.73,-81.04,-16.44,-1.93,-99.21,30.41,42.0,1,36.55,Fair
0.272,-92.44,-70.23,-19.5,-1.82,-95.76,58.7,52.0,2,27.83,Poor
0.707,-104.79,-88.59,-15.69,-10.0,-95.51,45.31,47.0,2,32.86,Poor
0.821,-98.68,-81.48,-15.97,,-97.65,52.13,54.0,1,26.33,Poor
0.479,-96.78,-79.01,-16.38,-1.69,-96.08,54.89,48.0,1,34.42,Poor
0.117,-83.26,-67.03,-16.1,17.61,-108.23,27.37,,3,58.62,Good
0.144,-80.31,-60.15,-19.5,24.07,-107.94,15.91,33.0,3,66.42,Good
0.17,-91.97,-79.94,-10.17,-3.6,-94.15,64.54,60.0,2,38.99,Fair
0.056,-82.8,-61.39,-19.5,20.84,-109.17,6.86,34.0,2,50.03,Fair
0.144,-88.15,-70.18,-17.34,1.59,-94.58,58.04,56.0,3,32.38,Poor
0.106,-81.29,-59.38,-19.5,7.91,-95.01,59.41,60.0,0,44.61,Fair
0.273,-90.55,-80.79,-9.41,8.34,-101.12,32.81,40.0,4,55.8,Good
1.076,-108.23,-97.53,-13.41,-10.0,-97.9,41.64,55.0,6,34.72,Poor
0.05,-75.07,-57.94,-15.24,22.3,-101.3,38.31,45.0,0,63.31,Good
0.573,-103.99,-84.47,-18.66,-1.2,-109.34,5.44,27.0,2,36.86,Fair
0.523,-101.74,-85.4,-16.31,-3.09,-103.26,38.94,44.0,1,35.92,Fair
0.045,-77.77,-58.02,-19.5,18.62,-98.45,25.49,47.0,2,50.44,Fair
1.151,-107.44,-86.5,-19.5,-2.5,-108.7,32.7,31.0,3,33.2,Poor
0.378,-92.02,-72.02,-19.09,-5.59,-90.38,62.5,51.0,0,33.45,Poor
0.203,-89.07,-70.76,-18.33,0.6,-91.15,77.61,62.0,1,25.05,Poor
0.636,-93.02,-74.73,-19.5,-10.0,-87.45,66.02,54.0,1,28.48,Poor
0.134,-87.59,-71.43,-17.21,0.2,-92.09,52.92,48.0,2,37.99,Fair
0.532,-99.03,-81.19,-18.32,-7.91,-95.04,38.26,42.0,2,26.33,Poor
0.02,-65.6,-50.68,-14.47,30.0,-104.78,33.23,38.0,1,65.19,Good
0.823,-102.68,-87.04,-15.52,-1.53,-106.75,26.27,32.0,3,35.63,Fair
0.268,-86.6,-67.06,-19.5,13.6,-104.83,11.56,25.0,2,46.78,Fair
0.456,-95.03,,-19.1,7.14,-105.48,21.19,37.0,1,37.94,Fair
0.113,-94.51,-78.73,-15.99,2.09,-100.86,27.41,30.0,1,42.8,Fair
0.509,-93.44,-74.09,-19.5,10.26,-106.49,12.91,26.0,1,49.07,Fair
0.666,-96.83,-77.69,-19.5,,-106.58,23.33,18.0,1,33.21,Poor
0.288,-89.43,-72.07,-17.35,-4.59,-90.24,69.07,56.0,1,31.15,Poor
0.433,-104.39,-86.84,-17.29,-1.85,-108.31,16.29,24.0,1,33.36,Poor
0.274,-95.45,-76.2,-18.22,-1.56,-99.44,40.63,47.0,1,35.0,Poor
1.01,-106.45,-85.55,-19.5,-10.0,-94.08,79.74,69.0,4,17.58,Poor
0.31,-97.22,-78.62,-19.5,-6.07,-98.04,44.79,40.0,2,22.35,Poor
0.83,-95.42,-81.0,-13.23,-9.45,-91.59,54.75,64.0,2,25.65,Poor
0.727,-101.29,-83.96,-17.41,6.19,-112.06,13.67,26.0,1,35.86,Fair
0.238,-91.71,-74.93,-16.5,0.3,-97.09,44.34,28.0,0,35.83,Fair
0.118,-83.28,-68.44,-13.47,15.75,-103.04,36.69,49.0,0,61.08,Good
0.234,-89.16,-69.67,-19.5,-6.29,-89.16,70.47,74.0,3,26.09,Poor
0.787,-115.28,-95.55,-19.5,-10.0,-89.95,80.93,54.0,1,11.61,Poor
0.116,-87.97,-67.79,-19.5,4.96,-97.08,38.93,34.0,3,36.15,Fair
0.334,-100.16,-85.14,-14.97,-0.86,-102.17,40.42,42.0,0,37.39,Fair
0.738,-99.77,-81.3,-17.95,2.86,-105.34,18.1,41.0,1,34.35,Poor
0.196,-91.06,-73.08,-17.07,3.48,-96.58,58.68,48.0,1,32.74,Poor
0.463,-97.26,-78.34,-18.37,-3.72,-98.92,40.87,51.0,3,29.97,Poor
0.127,-94.45,-76.06,-16.87,-9.56,-91.02,72.3,60.0,3,23.46,Poor
0.052,-79.74,-61.78,-16.02,8.84,-96.16,31.44,36.0,4,51.55,Fair
0.712,-96.6,-79.0,-17.82,2.58,-105.19,6.2,29.0,2,44.99,Fair
0.047,-71.97,-50.65,-19.5,21.62,-95.88,53.51,45.0,2,54.08,Fair
0.142,-84.26,-68.85,-14.8,3.22,-93.91,45.75,39.0,2,51.62,Fair
0.869,-108.14,-90.65,-17.23,-9.86,-102.91,23.19,38.0,3,27.3,Poor
0.191,-84.65,-63.4,-19.5,6.73,-96.98,36.8,47.0,4,42.78,Fair
1.626,-105.33,-89.77,-12.39,-7.55,-101.66,28.14,32.0,1,30.7,Poor
1.754,-109.36,-93.64,-14.75,-9.41,-106.61,20.42,45.0,2,31.39,Poor
0.141,-95.12,-74.92,-19.5,-8.61,-92.52,59.88,55.0,2,22.2,Poor
0.02,-66.63,-52.9,-12.67,30.0,-105.97,19.85,43.0,3,72.86,Good
0.549,-101.18,-81.2,-19.5,2.07,-107.59,26.25,39.0,0,36.38,Fair
0.27,-91.27,-74.74,-15.31,13.03,-107.37,17.94,34.0,2,49.59,Fair
0.048,-77.49,-58.26,-18.91,17.06,-101.53,44.86,44.0,4,51.75,Fair
0.553,-92.72,-78.38,-15.24,0.75,-98.49,52.85,52.0,1,36.85,Fair
0.02,-70.95,-49.39,-19.5,21.58,-96.57,34.36,41.0,2,64.93,Good
0.919,-103.33,-88.99,-13.26,-9.02,-99.07,47.75,33.0,4,29.01,Poor
0.067,-74.36,-54.18,-19.41,14.31,-94.53,51.76,55.0,0,47.87,Fair
0.061,-82.52,-68.05,-15.3,10.83,-100.69,32.88,38.0,0,52.77,Fair
0.087,-79.63,-56.2,-19.5,17.88,-101.29,29.78,44.0,2,48.0,Fair
1.452,-108.04,-90.25,-17.75,-10.0,-101.75,31.81,31.0,5,26.78,Poor
0.532,-102.54,-78.69,-19.5,-4.44,-103.48,32.42,36.0,3,28.81,Poor
0.727,-101.24,-85.7,-15.0,-1.09,-102.57,20.13,26.0,2,36.98,Fair
0.228,-88.43,-71.76,-14.57,3.5,-98.01,46.72,46.0,1,35.37,Fair
0.184,-83.95,-62.32,-19.32,6.78,-94.72,45.45,64.0,0,36.41,Fair
0.12,-79.77,-66.05,-13.4,13.3,-102.85,34.04,,1,52.72,Fair
0.295,-94.6,-78.7,-16.27,-5.68,-92.03,61.59,64.0,0,32.11,Poor
0.361,-99.13,-79.64,-19.5,-10.0,-92.33,55.11,48.0,2,21.75,Poor
0.45,-98.35,-83.41,-15.35,-0.06,-100.79,52.73,54.0,3,36.65,Fair
0.134,-91.32,-71.75,-19.5,-0.79,-93.18,66.64,56.0,2,36.46,Fair
1.336,-107.39,-88.88,-18.46,-4.66,-108.26,8.96,31.0,2,28.07,Poor
0.084,-83.93,-70.47,-13.04,3.2,-95.31,50.59,49.0,1,40.1,Fair
1.517,-104.72,-83.81,-19.5,-3.47,-104.25,26.7,39.0,10,33.08,Poor
0.02,-79.27,-65.06,-14.44,16.5,-100.26,20.83,36.0,2,60.53,Good
0.295,-96.37,-76.05,-19.5,-7.46,-94.75,67.33,67.0,1,29.17,Poor
0.182,-92.17,-73.79,-19.47,7.18,-103.32,37.53,37.0,2,37.83,Fair
0.268,-87.86,-71.22,-16.95,17.27,-110.84,11.05,21.0,3,56.23,Good
0.38,-100.08,-85.4,-15.62,1.21,-107.3,17.71,29.0,0,49.16,Fair
0.257,-91.34,-72.35,-19.16,11.58,-106.91,20.74,33.0,5,48.38,Fair
0.241,-92.19,-76.81,-14.93,2.39,-99.84,37.55,54.0,4,48.01,Fair
0.594,-95.31,-73.69,-19.5,-4.01,-98.54,56.15,55.0,1,27.57,Poor
0.521,-95.97,-74.24,-19.5,-6.05,-94.12,69.51,74.0,5,27.33,Poor
0.806,-101.65,-78.73,-19.5,0.34,-106.15,6.0,21.0,1,36.66,Fair
0.129,-88.53,-69.68,-19.34,7.16,-100.85,29.93,,2,40.43,Fair
0.423,-103.96,-87.17,-16.73,,-104.69,24.48,33.0,0,32.13,Poor
0.396,-94.99,-77.88,-16.07,-3.44,-98.15,56.4,52.0,3,25.26,Poor
0.208,-88.27,-71.38,-15.97,8.87,-98.74,35.25,32.0,0,44.25,Fair
0.3,-99.86,-81.11,-17.58,,-100.93,65.32,69.0,5,20.44,Poor
0.169,-93.57,-74.26,-19.5,-5.44,-91.36,53.18,52.0,3,25.92,Poor
0.069,-79.87,-58.18,-19.5,18.18,-101.96,42.21,48.0,1,52.69,Fair
0.108,-83.41,-65.35,-17.49,15.89,-102.74,27.72,35.0,1,57.61,Good
0.05,-82.14,-68.35,-13.44,13.3,-99.42,24.13,37.0,0,65.25,Good
0.517,-100.58,-83.81,-16.38,-1.09,-104.98,35.68,41.0,3,34.99,Poor
0.486,-105.1,-82.44,-19.5,-7.66,-105.02,26.31,43.0,0,22.66,Poor
1.354,-101.13,-87.8,-14.57,-5.68,-105.29,23.89,37.0,3,32.5,Poor
0.589,-104.61,-84.39,-19.5,-5.49,-102.48,22.18,28.0,0,24.62,Poor
0.024,-69.81,-52.98,-16.49,23.44,-95.69,58.31,63.0,1,70.8,Good
0.97,-103.89,-88.54,-14.52,-10.0,-96.01,45.63,51.0,2,29.16,Poor
0.893,-97.87,-78.69,-19.5,-2.72,-101.3,47.76,42.0,3,31.99,Poor
0.264,-95.62,-72.94,-19.5,-6.48,-93.15,66.58,68.0,2,18.55,Poor
0.397,-95.75,-76.72,-18.1,-10.0,-86.8,90.72,66.0,1,18.36,Poor
1.68,-115.3,-98.09,-17.05,-10.0,-97.27,61.88,53.0,2,11.1,Poor
0.342,-102.46,-88.35,-13.91,-9.86,-97.94,45.05,55.0,2,28.72,Poor
1.061,-102.14,-84.43,-17.46,-10.0,-94.1,53.72,58.0,1,27.41,Poor
0.039,-83.18,-69.18,-13.67,11.31,-97.32,41.56,45.0,0,54.11,Fair
0.095,-84.6,-67.53,-17.67,13.01,-103.05,32.12,38.0,4,54.37,Fair
0.262,-88.34,-70.53,-17.67,18.56,-109.04,17.88,35.0,3,61.12,Good
0.396,-92.98,-82.06,-11.38,6.27,-105.82,35.38,36.0,2,48.03,Fair
0.762,-104.31,-82.15,-19.5,-7.59,-105.1,14.56,21.0,2,20.88,Poor
2.0,-116.38,-102.1,-13.91,-10.0,-105.31,14.89,27.0,3,27.79,Poor
0.222,-88.91,-71.47,-18.48,2.89,-96.66,53.4,55.0,1,41.59,Fair
0.022,-65.81,-46.21,-19.5,30.0,-103.97,16.64,34.0,1,67.47,Good
0.727,-103.89,-81.96,-19.5,-10.0,-92.89,78.06,,2,18.28,Poor
0.417,-99.64,-84.02,-14.7,-10.0,-95.7,89.55,71.0,2,31.74,Poor
0.1,-86.15,-75.68,-12.47,-1.25,-90.34,74.37,48.0,2,43.56,Fair
0.307,-91.49,,-19.5,-3.71,-95.44,41.02,52.0,2,28.36,Poor
0.61,-94.81,-80.56,-14.08,5.0,-103.09,52.61,55.0,1,44.11,Fair
0.662,-105.39,-86.31,-17.23,-7.5,-103.02,36.71,40.0,3,33.23,Poor
0.312,-99.89,-80.63,-18.51,-6.86,-96.0,42.51,42.0,4,27.67,Poor
0.164,-78.98,-70.74,-9.1,8.6,-96.03,17.97,39.0,3,65.34,Good
1.638,-109.0,-95.84,-13.14,-10.0,-92.76,78.13,68.0,7,28.82,Poor
0.49,-96.81,-80.19,-16.71,8.64,-108.27,18.36,37.0,0,46.71,Fair
0.236,-94.27,-84.02,-11.97,0.4,-98.45,33.73,41.0,2,45.52,Fair
0.148,-85.51,-71.52,-14.65,20.47,-109.24,28.94,41.0,1,57.88,Good
0.591,-95.61,-77.24,-19.5,-6.72,-93.16,67.57,54.0,1,20.53,Poor
0.125,-84.79,-67.06,-17.14,8.27,-97.86,32.54,39.0,2,42.54,Fair
0.085,-75.7,-56.8,-16.06,29.23,-105.49,22.02,32.0,1,71.89,Good
0.34,-95.95,-76.6,-19.5,-3.06,-98.07,32.54,42.0,0,32.11,Poor
0.154,-88.86,-75.91,-13.34,8.61,-100.92,36.02,42.0,3,41.83,Fair
0.446,-96.08,-81.94,-14.6,-0.17,-95.69,50.46,39.0,1,42.16,Fair
0.056,-77.33,-57.05,-19.5,29.01,-111.88,5.22,22.0,2,62.31,Good
0.479,-96.71,-74.14,-19.5,4.12,-107.07,15.0,,2,41.67,Fair
0.15,-92.71,-77.61,-13.85,-5.82,-92.24,67.26,61.0,3,31.05,Poor
0.02,-69.19,-50.42,-19.5,23.18,-95.73,46.16,45.0,2,58.42,Good
0.061,-81.36,-60.94,-19.5,,-96.43,54.84,52.0,1,45.19,Fair
1.221,-108.06,-89.35,-18.1,-10.0,-95.73,69.3,62.0,4,20.72,Poor
0.909,-103.05,-85.8,-16.63,-8.24,-101.49,28.11,29.0,0,30.65,Poor
0.12,-89.48,-73.4,-15.42,17.37,-109.94,16.35,29.0,1,46.36,Fair
0.678,-105.18,-81.22,-19.5,-7.63,-104.47,20.09,28.0,1,27.54,Poor
0.422,-106.99,-88.7,-18.15,-10.0,-95.56,55.88,65.0,2,26.8,Poor
1.592,-101.05,-81.89,-19.5,-10.0,-95.65,52.21,54.0,3,26.23,Poor
0.21,-88.28,-69.31,-18.89,10.49,-105.36,20.7,24.0,1,44.52,Fair
0.515,-98.72,-83.15,-14.26,,-90.72,65.0,62.0,0,29.91,Poor
0.03,-76.37,-58.21,-16.44,18.2,-100.33,28.0,46.0,1,58.98,Good
0.227,-102.67,-85.63,-17.86,-2.11,-106.32,2.3,13.0,0,40.87,Fair
1.494,-110.4,-93.43,-15.98,-10.0,-84.39,83.08,63.0,7,10.81,Poor
0.348,-92.0,-73.05,-17.78,-0.07,-99.61,38.71,40.0,1,41.8,Fair
0.153,-83.97,-68.72,-14.89,1.15,-94.44,57.71,57.0,0,39.74,Fair
0.058,-76.8,-62.41,-14.29,11.59,-92.88,38.28,47.0,3,53.92,Fair
0.547,-98.14,-78.64,-19.5,-0.99,-102.75,38.72,33.0,0,27.86,Poor
0.466,-92.17,-75.76,-15.24,5.66,-99.34,47.5,58.0,1,48.29,Fair
0.211,-91.83,-74.87,-17.6,-4.19,-91.41,63.52,63.0,1,32.87,Poor
1.357,-102.31,-90.1,-11.26,-10.0,-89.59,73.44,50.0,2,34.17,Poor
0.02,-71.98,-51.09,-19.5,24.75,-101.39,39.5,34.0,2,64.64,Good
0.163,-91.82,-72.24,-19.5,0.31,-100.36,28.51,30.0,4,35.06,Fair
1.143,-109.19,-89.06,-19.5,-4.31,-109.36,2.34,18.0,3,30.18,Poor
0.174,-93.13,-73.97,-19.5,-5.76,-94.69,49.03,41.0,1,22.63,Poor
0.131,-83.76,-70.31,-11.81,6.86,-93.78,61.76,63.0,4,48.58,Fair
0.344,-97.72,-79.04,-18.58,-2.9,-101.28,43.28,42.0,1,29.95,Poor
0.781,-106.0,-89.83,-15.12,-10.0,-94.73,64.82,78.0,1,23.89,Poor
0.049,-75.12,-60.01,-13.69,15.52,-92.28,49.82,54.0,0,55.71,Good
1.289,-104.9,-85.4,-19.5,-4.91,-104.13,32.53,41.0,2,26.98,Poor
0.713,-97.23,-74.25,-19.5,-0.29,-105.18,21.05,29.0,3,33.39,Poor
0.09,-81.13,-58.65,-19.5,10.56,-97.84,41.78,52.0,3,43.77,Fair
0.56,-101.99,-82.13,-18.35,-4.54,-104.87,37.6,40.0,1,27.72,Poor
0.219,-90.53,-72.62,-18.94,12.88,-106.12,9.4,16.0,1,46.71,Fair
0.232,-90.83,-73.48,-17.33,13.43,-107.35,51.66,43.0,2,38.62,Fair
0.688,-104.44,-89.16,-14.64,-4.27,-103.82,38.79,36.0,3,36.17,Fair
1.481,-111.84,-94.64,-16.32,-10.0,-96.47,50.43,38.0,1,19.2,Poor
0.061,-82.56,,-19.5,12.39,-101.34,30.69,37.0,1,41.32,Fair
0.246,-83.69,-60.22,-19.5,9.15,-96.11,50.39,50.0,2,46.49,Fair
0.295,-95.08,-79.53,-13.58,4.54,-104.9,22.56,32.0,4,49.57,Fair
0.212,-85.65,-73.64,-10.25,5.72,-98.73,40.2,43.0,1,50.85,Fair
0.203,-92.07,-75.66,-15.05,-2.98,-96.37,47.78,56.0,4,34.35,Poor
0.024,-68.46,-47.75,-18.81,20.94,-94.68,58.29,43.0,2,59.46,Good
0.521,-94.74,-70.52,-19.5,-4.01,-96.83,59.7,56.0,1,32.93,Poor
0.258,-88.45,-66.52,-19.5,10.73,-105.38,22.22,20.0,0,42.66,Fair
0.097,-82.32,-60.46,-19.5,16.38,-101.41,44.19,43.0,0,48.62,Fair
0.762,-96.14,-80.69,-14.93,-2.26,-97.78,57.54,50.0,1,30.73,Poor
0.73,-99.77,-84.23,-15.54,-3.01,-106.03,14.48,30.0,4,42.13,Fair
0.3,-86.71,-72.68,-13.4,7.12,-102.41,27.53,28.0,2,56.01,Good
0.16,-94.59,-78.59,-15.39,0.87,-100.27,33.17,32.0,1,34.63,Poor
0.457,-95.83,-75.09,-19.5,-4.81,-94.89,81.07,86.0,1,16.45,Poor
0.153,-86.61,-63.74,-19.5,9.02,-98.45,25.45,39.0,0,49.33,Fair
0.121,-89.48,-70.45,-19.5,7.36,-107.83,10.68,24.0,0,47.56,Fair
0.59,-97.11,-79.88,-16.6,6.82,-108.93,26.52,31.0,2,40.34,Fair
0.02,-76.4,-61.6,-14.03,24.29,-107.59,27.71,29.0,0,64.02,Good
0.045,-79.83,-62.17,-17.93,5.6,-90.42,72.78,52.0,1,48.49,Fair
0.02,-78.44,-59.83,-17.8,16.17,-101.64,24.1,32.0,0,59.71,Good
0.075,-75.35,-61.74,-13.92,30.0,-111.06,7.45,23.0,1,69.42,Good
0.032,-75.34,-54.58,-19.5,22.46,-101.98,20.83,31.0,0,54.79,Fair
2.463,-103.17,-86.44,-17.86,-10.0,-88.88,57.32,65.0,9,25.05,Poor
0.153,-84.56,-63.98,-19.5,15.17,-107.62,22.3,31.0,1,49.82,Fair
0.073,-79.56,-61.6,-18.91,26.11,-110.12,24.66,30.0,2,61.72,Good
0.124,-88.29,-69.4,-18.38,16.96,-110.09,9.55,25.0,0,47.68,Fair
1.238,-110.05,-94.15,-15.88,-10.0,-99.39,47.77,48.0,4,27.74,Poor
0.33,-92.32,-75.35,-16.8,-6.03,-93.35,59.19,66.0,4,29.48,Poor
0.204,-90.53,-70.6,-18.63,,-98.37,46.75,60.0,2,34.95,Poor
0.93,-108.74,-91.13,-15.48,-10.0,-100.35,16.87,29.0,2,28.73,Poor
0.226,-97.19,-82.51,-12.92,-3.55,-101.75,28.48,43.0,1,37.8,Fair
0.184,-93.16,-74.82,-19.5,9.19,-105.03,28.34,40.0,3,38.97,Fair
0.105,-77.18,-58.03,-18.3,11.03,-95.83,60.29,56.0,2,37.07,Fair
0.214,-81.78,-59.66,-19.5,15.59,-100.67,23.19,27.0,3,50.7,Fair
0.171,-87.91,-66.45,-19.5,7.57,-99.69,38.41,42.0,1,48.31,Fair
0.509,-97.56,-79.75,-18.68,-10.0,-86.42,75.61,51.0,1,16.62,Poor
0.154,-89.14,-72.79,-18.19,13.51,-109.79,9.68,25.0,1,59.59,Good
0.387,-99.52,-82.21,-16.41,-7.23,-98.37,35.99,36.0,2,30.6,Poor
0.031,-68.51,-52.08,-16.05,28.36,-101.29,31.83,45.0,3,65.63,Good
0.096,-76.2,-56.68,-19.5,,-98.12,55.67,50.0,1,42.03,Fair
0.235,-95.05,-73.92,-19.11,1.42,-100.07,37.81,41.0,2,34.36,Poor
1.244,-106.23,-84.51,-19.5,-10.0,-93.93,69.28,57.0,1,16.19,Poor
0.213,-92.41,-75.65,-14.91,6.69,-102.11,28.75,35.0,1,44.92,Fair
0.491,-99.52,-83.05,-16.99,-1.2,-103.03,38.38,39.0,2,32.29,Poor
0.133,-81.77,-65.03,-15.93,17.98,-103.47,21.24,35.0,1,56.71,Good
0.061,-85.11,-72.91,-12.84,23.42,-112.23,17.66,27.0,1,68.43,Good
0.027,-71.12,-56.73,-14.02,30.0,-106.72,14.87,22.0,2,75.71,Excellent
0.164,-85.44,-67.54,-17.95,23.34,-110.24,4.4,26.0,0,64.08,Good
0.077,-82.43,-63.3,-18.61,-1.0,-87.39,82.18,80.0,1,25.4,Poor
0.086,-79.22,-59.75,-18.16,7.5,-91.07,67.3,64.0,1,35.7,Fair
0.644,-99.6,-83.94,-16.53,-10.0,-94.56,56.97,36.0,3,24.75,Poor
0.02,-65.58,-49.05,-17.42,30.0,-102.49,28.35,38.0,3,71.8,Good
0.367,-101.41,-84.22,-16.25,-0.14,-106.95,26.97,42.0,1,36.25,Fair
0.215,-92.07,-75.22,-17.29,-3.14,-96.38,38.93,43.0,3,35.21,Fair
0.318,-94.36,-74.29,-19.42,0.61,-101.43,47.85,48.0,3,30.15,Poor
0.372,-106.13,-92.06,-13.25,-10.0,-93.78,48.4,55.0,3,24.73,Poor
0.169,-92.96,-78.41,-16.81,-10.0,-84.54,82.26,70.0,5,18.67,Poor
0.157,-91.25,-74.14,-16.67,-3.12,-93.58,53.55,55.0,1,33.26,Poor
0.595,-95.71,-81.81,-14.76,8.43,-107.95,4.09,20.0,1,51.61,Fair
0.923,-106.14,-93.84,-11.09,-10.0,-92.29,71.2,65.0,2,29.95,Poor
0.096,-87.03,-73.51,-14.06,8.57,-100.93,36.1,48.0,2,51.5,Fair
0.046,-74.21,-56.94,-16.84,27.3,-104.92,31.59,33.0,1,57.68,Good
1.026,-110.71,-90.81,-19.5,-10.0,-92.82,70.43,68.0,3,16.83,Poor
0.194,-98.08,-78.12,-19.5,-4.93,-101.71,22.0,30.0,2,34.19,Poor
0.361,-96.61,-73.85,-19.5,12.22,-110.16,15.95,24.0,2,48.58,Fair
0.201,-95.88,-77.57,-18.18,-2.25,-99.51,20.96,27.0,2,35.44,Fair
0.061,-85.42,-66.71,-18.92,1.9,-94.52,29.43,30.0,0,43.07,Fair
0.4,-93.78,-76.53,-16.37,-3.22,-95.26,53.08,66.0,1,26.65,Poor
0.335,-91.03,-73.63,-18.83,6.43,-102.9,17.68,33.0,2,39.87,Fair
0.102,-81.11,-56.87,-19.5,20.39,-106.98,8.39,25.0,1,54.31,Fair
0.271,-88.24,-69.46,-17.02,11.93,-106.45,21.32,29.0,3,45.95,Fair
0.717,-96.16,-77.12,-18.7,3.53,-105.3,16.14,18.0,3,38.7,Fair
0.402,-104.61,-90.05,-15.7,-10.0,-97.27,46.94,46.0,3,29.92,Poor
0.046,-75.62,-56.39,-19.5,22.87,-104.89,18.7,,3,50.32,Fair
0.357,-97.2,-77.23,-19.5,-7.57,-96.29,26.88,31.0,3,20.05,Poor
0.546,-101.75,-80.42,-19.5,-6.04,-101.04,12.58,23.0,2,41.23,Fair
0.708,-98.77,-78.88,-19.5,-0.75,-101.02,30.21,38.0,2,40.96,Fair
0.446,-103.93,-86.31,-16.35,1.73,-107.74,29.35,26.0,4,41.25,Fair
0.075,-88.57,-71.08,-17.6,5.13,-99.64,43.07,46.0,0,43.65,Fair
0.557,-96.4,-78.62,-18.94,-5.17,-95.63,54.21,53.0,3,29.64,Poor
0.509,-96.2,-77.88,-19.33,-8.83,-91.61,65.06,60.0,3,30.71,Poor
0.02,-69.9,-48.09,-19.5,20.68,-95.88,68.19,63.0,3,55.54,Good
0.239,-95.12,-73.9,-19.5,-1.54,-97.23,29.3,34.0,3,35.31,Fair
0.182,-86.28,-66.02,-19.5,13.01,-103.67,44.54,57.0,3,43.38,Fair
0.498,-95.24,-71.15,-19.5,-5.61,-96.66,57.65,46.0,0,28.99,Poor
0.11,-84.53,-74.5,-9.72,12.4,-101.37,29.08,34.0,1,51.84,Fair
0.402,-100.82,-84.2,-17.86,-2.28,-102.45,54.99,54.0,6,29.37,Poor
1.1,-106.54,-88.57,-19.03,-7.59,-103.76,45.83,53.0,3,25.03,Poor
0.719,-97.8,-81.82,-13.45,-9.01,-96.16,60.66,63.0,4,35.4,Fair
1.145,-99.87,-84.66,-14.11,-7.0,-95.96,53.84,70.0,1,24.08,Poor
1.728,-110.06,-97.21,-12.44,-10.0,-95.75,60.02,58.0,2,30.71,Poor
0.02,-71.44,-54.38,-18.23,27.58,-103.72,40.93,47.0,1,63.11,Good
0.439,-97.51,-76.83,-19.5,-3.64,-100.39,45.43,50.0,1,39.41,Fair
0.24,-90.53,-70.2,-19.5,-1.97,-94.76,60.26,46.0,2,25.97,Poor
0.884,-105.27,-89.52,-15.15,-10.0,-88.96,59.18,55.0,5,25.79,Poor
0.131,-97.96,-79.3,-17.42,0.99,-106.06,27.47,34.0,2,39.99,Fair
1.784,-104.26,-82.19,-19.5,-2.88,-104.78,22.97,40.0,3,36.97,Fair
0.428,-89.47,-76.03,-12.57,16.47,-111.28,7.96,28.0,3,65.05,Good
0.71,-103.49,-85.96,-15.78,-10.0,-93.51,70.64,55.0,1,28.98,Poor
0.04,-80.58,-61.72,-18.29,13.63,-98.59,42.92,44.0,3,43.05,Fair
0.091,-83.84,-65.81,-19.02,11.28,-100.37,56.01,64.0,2,47.01,Fair
0.639,-100.88,-80.32,-19.5,-10.0,-92.54,51.84,55.0,1,18.89,Poor
0.02,-66.46,-52.96,-13.86,28.37,-98.58,70.63,74.0,0,69.12,Good
0.764,-101.45,-86.47,-14.38,1.13,-109.33,11.48,27.0,1,44.79,Fair
0.02,-73.61,-53.57,-19.5,21.7,-100.19,37.07,44.0,4,59.06,Good
0.482,-102.95,-90.05,-10.51,-2.79,-104.63,30.72,43.0,2,41.01,Fair
0.204,-86.79,-66.36,-19.5,12.15,-103.39,12.36,25.0,4,49.82,Fair
0.425,-94.2,-74.85,-19.5,6.18,-103.81,27.89,34.0,2,38.85,Fair
0.536,-94.36,-74.13,-19.5,5.41,-105.55,11.24,27.0,1,39.22,Fair
0.189,-93.43,-76.84,-18.28,0.53,-94.67,42.19,50.0,0,33.22,Poor
0.051,-71.03,-51.51,-19.39,27.63,-102.56,30.84,35.0,1,64.04,Good
0.032,-81.47,-66.99,-16.09,24.47,-110.99,15.24,37.0,1,70.28,Good
0.4,-93.23,-76.47,-16.18,8.65,-104.84,25.23,36.0,2,43.47,Fair
0.331,-102.06,,-17.44,-4.0,-103.29,23.5,34.0,0,33.12,Poor
0.61,-102.88,-87.58,-15.31,-8.09,-100.38,41.79,47.0,1,21.64,Poor
0.321,-87.91,-69.25,-19.42,8.76,-101.94,36.74,42.0,2,46.56,Fair
0.247,-88.56,-74.0,-15.02,8.21,-101.76,32.69,32.0,1,43.91,Fair
0.228,-93.4,-74.59,-16.81,3.97,-102.49,17.87,38.0,3,36.61,Fair
0.02,-72.52,-49.29,-19.5,20.89,-99.39,29.32,37.0,0,62.57,Good
0.184,-88.94,-74.71,-14.0,4.39,-102.58,30.02,37.0,2,48.76,Fair
1.679,-106.45,-88.52,-18.96,-6.57,-104.66,13.31,36.0,4,29.09,Poor
0.931,-98.38,-85.23,-13.36,-5.51,-95.24,59.47,45.0,1,31.6,Poor
0.18,-90.97,-75.47,-18.08,4.65,-100.67,35.01,38.0,1,34.11,Poor
0.399,-102.48,-82.38,-19.5,-10.0,-89.03,63.74,60.0,2,23.69,Poor
0.846,-101.93,-85.22,-15.87,-0.21,-107.43,22.39,32.0,0,39.85,Fair
0.262,-94.23,,-19.5,0.35,-102.22,22.28,19.0,0,35.16,Fair
0.02,-75.65,-56.58,-18.11,24.45,-103.55,31.14,46.0,2,58.83,Good
0.035,-73.9,-56.09,-15.72,18.53,-97.39,42.07,47.0,2,60.64,Good
0.321,-95.02,-80.11,-14.49,-5.07,-93.07,55.26,46.0,4,35.88,Fair
1.57,-106.7,-86.64,-19.44,-10.0,-92.45,53.19,45.0,4,23.22,Poor
0.532,-102.11,-83.2,-18.72,-6.8,-100.62,32.76,41.0,4,27.68,Poor
0.033,-72.71,-59.29,-12.93,28.59,-102.35,28.64,40.0,0,76.42,Excellent
0.094,-88.87,-73.76,-14.65,7.59,-99.74,44.07,51.0,1,47.14,Fair
0.664,-103.77,-94.07,-11.31,0.99,-109.61,31.9,43.0,1,38.19,Fair
0.829,-103.35,-89.45,-13.26,-7.45,-97.05,43.56,43.0,2,32.49,Poor
0.433,-89.78,-72.72,-16.55,8.68,-101.02,31.56,50.0,5,45.37,Fair
0.465,-94.23,-79.4,-14.95,12.03,-108.12,18.18,26.0,3,50.79,Fair
0.02,-66.14,-50.63,-16.37,30.0,-104.01,12.02,22.0,1,71.65,Good
0.794,-96.33,-74.16,-19.5,-8.76,-93.27,66.68,67.0,2,24.45,Poor
0.699,-86.49,-65.4,-19.5,4.05,-93.63,53.88,59.0,0,43.46,Fair
0.135,-86.5,-70.58,-16.11,11.1,-101.96,37.66,53.0,2,55.57,Good
0.555,-93.22,-72.84,-19.5,7.54,-107.93,18.06,32.0,1,39.08,Fair
0.109,-80.77,-59.12,-19.5,20.24,-104.53,28.19,33.0,2,49.18,Fair
0.02,-66.46,-46.6,-19.5,30.0,-101.95,13.41,20.0,1,67.99,Good
0.101,-77.08,-58.18,-19.5,,-105.97,37.54,45.0,2,60.49,Good
0.089,-84.72,-63.42,-19.5,9.46,-99.98,46.01,33.0,1,43.6,Fair
0.185,-91.41,-71.1,-19.5,0.6,-98.28,46.67,48.0,0,31.71,Poor
0.244,-90.5,-76.14,-15.42,7.79,-105.58,13.33,20.0,1,45.75,Fair
0.32,-94.85,-77.42,-17.14,2.46,-98.42,43.22,48.0,0,46.28,Fair
0.291,-92.05,-75.7,-16.47,-2.96,-95.41,46.47,54.0,2,37.0,Fair
0.142,-80.86,,-19.5,14.38,-98.1,45.77,52.0,1,45.84,Fair
0.02,-72.36,-56.1,-16.34,21.1,-100.47,53.96,51.0,3,48.58,Fair
0.418,-97.67,-81.92,-14.0,2.72,-105.86,4.34,23.0,1,42.86,Fair
0.227,-90.45,-69.37,-19.5,5.44,-100.23,35.13,41.0,2,43.07,Fair
0.16,-89.03,-70.25,-17.6,12.83,-105.37,21.11,38.0,5,50.7,Fair
0.908,-110.82,-86.49,-19.5,-10.0,-98.74,19.61,25.0,0,31.64,Poor
0.618,-102.15,-86.74,-14.54,1.94,-107.9,20.48,34.0,4,43.7,Fair
0.878,-100.13,-83.68,-16.73,-5.42,-98.9,41.01,47.0,3,23.66,Poor
0.307,-88.03,-66.67,-19.5,3.03,-97.86,46.31,43.0,4,36.85,Fair
0.063,-84.76,-70.6,-12.22,22.98,-113.11,7.0,21.0,2,66.31,Good
0.536,-103.24,-81.28,-19.5,3.27,-111.16,8.96,30.0,2,42.44,Fair
0.104,-84.29,-69.91,-14.21,-0.66,-95.34,56.78,58.0,4,38.89,Fair
0.262,-100.7,-80.87,-19.5,4.75,-108.81,2.21,23.0,2,42.95,Fair
0.03,-75.68,-63.2,-13.85,22.28,-104.22,17.96,32.0,2,65.41,Good
0.785,-108.85,-90.72,-19.23,-10.0,-101.7,34.56,35.0,3,22.34,Poor
0.061,-74.31,-60.42,-13.53,18.22,-98.19,51.79,42.0,1,55.02,Good
1.05,-107.51,-83.73,-19.5,-10.0,-96.97,40.15,42.0,1,11.08,Poor
0.899,-96.47,-81.68,-14.93,6.32,-108.2,37.42,43.0,1,43.41,Fair
0.281,-88.55,-73.04,-15.84,3.54,-97.43,36.57,40.0,2,38.29,Fair
0.614,-102.36,-82.75,-18.69,-8.87,-96.9,63.76,61.0,0,18.62,Poor
0.435,-101.07,-84.88,-16.77,-6.81,-102.24,38.33,50.0,5,21.87,Poor
0.731,-102.07,-81.97,-19.5,-10.0,-98.67,44.59,44.0,3,24.75,Poor
0.254,-92.56,-76.7,-13.4,3.14,-100.2,41.98,38.0,1,41.3,Fair
0.693,-99.45,-83.81,-12.8,-9.45,-94.44,69.1,55.0,1,28.98,Poor
0.279,-96.06,-78.14,-16.74,-3.2,-98.2,31.64,52.0,1,36.85,Fair
1.273,-103.12,-88.77,-13.97,-10.0,-98.09,31.75,50.0,3,29.54,Poor
0.3,-92.5,-73.32,-17.78,-10.0,-82.66,77.56,55.0,2,21.41,Poor
0.279,-94.32,-73.69,-19.5,3.93,-102.46,24.59,39.0,2,42.39,Fair
0.692,-103.66,-84.0,-19.5,-0.97,-105.71,20.89,27.0,2,25.18,Poor
0.776,-102.54,-82.61,-19.5,-10.0,-93.88,61.7,,2,17.43,Poor
0.364,-98.51,-86.28,-13.76,-10.0,-91.89,49.43,60.0,0,31.56,Poor
0.089,-82.87,-66.25,-16.87,6.79,-95.59,54.81,56.0,0,43.66,Fair
0.284,-92.75,-75.43,-17.8,1.28,-98.0,54.34,53.0,1,33.29,Poor
1.55,-106.77,-84.4,-19.5,-10.0,-99.84,46.35,46.0,3,20.87,Poor
0.629,-92.93,-76.67,-15.97,7.05,-103.92,25.2,30.0,2,44.32,Fair
0.75,-102.04,-90.95,-12.56,-3.06,-104.51,26.28,29.0,0,36.73,Fair
0.02,-66.43,-51.44,-14.91,30.0,-104.46,28.91,42.0,0,78.86,Excellent
0.284,-92.17,-76.16,-13.36,8.27,-107.19,22.84,29.0,2,51.79,Fair
0.468,-98.38,-86.85,-10.58,-5.8,-96.53,44.72,43.0,4,37.1,Fair
0.797,-102.52,-81.62,-19.5,-6.07,-97.38,58.96,63.0,3,22.16,Poor
0.023,-71.74,-58.45,-14.5,16.92,-94.12,71.56,62.0,3,50.03,Fair
0.861,-101.59,-82.25,-19.21,-5.58,-100.76,34.43,35.0,0,35.13,Fair
0.358,-98.93,-84.21,-15.33,2.9,-103.39,13.56,32.0,1,40.82,Fair
0.099,-89.85,-67.33,-19.5,3.3,-97.32,53.1,50.0,2,39.31,Fair
0.172,-86.13,-68.96,-16.61,,-100.67,54.48,57.0,1,43.98,Fair
0.149,-83.93,-67.37,-17.63,17.13,-104.67,31.46,34.0,2,52.0,Fair
0.341,-91.69,-72.1,-19.42,-2.27,-94.67,50.19,48.0,1,27.42,Poor
0.024,-71.3,-56.32,-16.21,21.6,-101.62,50.95,57.0,3,52.68,Fair
0.078,-78.85,-59.12,-19.5,12.96,-98.32,55.42,51.0,1,46.24,Fair
0.754,-98.7,-82.15,-16.46,-7.46,-98.95,70.02,68.0,2,17.68,Poor
0.064,-77.11,-60.89,-16.04,15.39,-98.38,67.2,66.0,1,53.91,Fair
0.12,-89.07,-71.33,-17.12,11.86,-103.96,40.67,38.0,0,49.18,Fair
0.272,-97.1,-82.37,-14.59,-10.0,-91.84,69.51,55.0,3,21.47,Poor
0.328,-95.89,-78.46,-16.11,-4.04,-97.59,62.11,55.0,6,29.02,Poor
0.649,-100.33,-81.31,-18.8,2.64,-106.87,25.03,30.0,4,31.09,Poor
0.267,-93.53,-82.45,-9.45,4.6,-102.1,38.7,46.0,0,55.45,Good
0.702,-108.45,-87.17,-19.5,-10.0,-99.57,23.38,37.0,3,21.42,Poor
0.433,-89.87,-69.42,-19.5,4.03,-97.09,62.67,50.0,5,31.79,Poor
0.054,-79.91,-67.47,-11.9,9.47,-93.6,57.37,61.0,0,49.54,Fair
0.076,-81.09,-69.13,-13.0,7.12,-93.93,39.71,34.0,0,52.37,Fair
0.259,-87.31,-66.78,-19.5,10.04,-99.39,32.43,46.0,2,42.58,Fair
0.228,-100.56,-80.27,-19.5,2.11,-105.83,22.39,37.0,1,34.98,Poor
0.612,-101.8,-81.93,-19.5,1.55,-108.66,9.88,30.0,2,34.24,Poor
0.391,-97.42,-83.7,-12.92,-2.7,-103.04,22.03,35.0,2,44.89,Fair
0.221,-92.27,-68.79,-19.5,0.17,-95.74,46.48,43.0,0,29.77,Poor
0.084,-83.31,-67.57,-15.33,10.32,-97.99,59.25,69.0,2,41.51,Fair
0.116,-79.56,-60.84,-19.16,,-96.6,64.78,65.0,2,39.47,Fair
0.386,-93.05,-74.3,-18.31,-6.82,-96.12,46.09,49.0,3,28.79,Poor
0.248,-88.08,-65.31,-19.5,6.13,-100.13,45.09,28.0,2,31.78,Poor
0.326,-94.09,-75.72,-18.47,7.33,-106.33,14.46,25.0,1,45.12,Fair
0.084,-88.21,-68.96,-18.65,-0.34,-93.04,58.75,54.0,1,27.61,Poor
0.489,-106.13,-88.36,-18.19,-10.0,-90.46,76.57,76.0,1,22.37,Poor
0.861,-108.83,-94.42,-14.74,-10.0,-91.97,65.26,50.0,1,24.4,Poor
0.134,-85.18,-74.14,-11.81,7.34,-98.58,49.65,60.0,3,51.67,Fair
0.304,-93.57,-75.47,-18.61,-7.07,-94.18,46.04,38.0,1,28.09,Poor
1.67,-109.3,-95.54,-13.0,-10.0,-103.29,29.49,43.0,7,28.75,Poor
0.182,-90.74,-71.69,-19.5,-6.2,-94.84,55.48,62.0,3,31.42,Poor
0.407,-88.16,-69.72,-18.06,9.75,-102.63,31.85,46.0,3,42.75,Fair
0.043,-80.07,-61.7,-18.55,8.65,-93.74,54.09,53.0,0,43.2,Fair
0.419,-92.76,-77.92,-15.32,8.75,-106.01,23.09,36.0,1,48.52,Fair
0.042,-76.71,-55.6,-19.5,24.79,-104.79,17.49,39.0,0,63.95,Good
1.44,-107.42,-87.99,-19.5,-10.0,-93.24,75.25,69.0,3,14.42,Poor
0.566,-94.36,-79.91,-14.17,1.33,-102.21,36.47,47.0,0,44.48,Fair
0.698,-95.04,-70.84,-19.5,-0.22,-98.02,38.09,40.0,2,34.31,Poor
0.548,-99.75,-82.38,-18.13,-10.0,-96.92,55.41,52.0,1,26.74,Poor
0.401,-92.89,-78.89,-14.17,1.16,-101.42,34.69,32.0,0,42.36,Fair
0.269,-91.17,-75.45,-15.22,-9.03,-89.43,89.92,,0,34.45,Poor
0.88,-102.87,-89.39,-13.24,-7.25,-102.14,38.58,47.0,4,30.4,Poor
1.414,-106.2,-84.12,-19.5,-10.0,-99.4,13.96,23.0,1,27.35,Poor
0.311,-96.64,-75.4,-19.5,-0.91,-100.83,23.45,43.0,1,36.36,Fair
1.207,-106.86,-86.64,-19.5,-10.0,-104.18,22.18,31.0,5,28.28,Poor
0.394,-98.25,-78.6,-19.5,-2.42,-101.06,44.51,41.0,2,30.36,Poor
0.348,-91.25,-69.5,-19.5,10.05,-103.98,32.27,32.0,3,50.81,Fair
0.273,-93.13,-75.85,-18.56,5.02,-103.66,42.25,55.0,3,41.58,Fair
0.106,-89.75,-70.48,-19.5,3.86,-98.58,16.24,24.0,1,43.36,Fair
0.02,-73.34,-57.77,-16.58,29.56,-104.98,31.12,,1,62.93,Good
0.124,-98.76,-81.22,-16.71,6.59,-111.51,6.76,24.0,0,47.25,Fair
0.321,-96.13,-76.78,-18.57,-5.88,-95.44,57.76,64.0,3,25.79,Poor
0.215,-90.54,-81.79,-7.58,12.42,-107.55,31.35,41.0,0,61.86,Good
0.268,-93.13,-76.99,-16.08,-5.62,-89.29,83.98,59.0,3,23.23,Poor
1.775,-101.07,-82.57,-17.82,-6.29,-102.11,18.2,32.0,5,36.36,Fair
0.194,-87.5,-69.74,-17.84,9.86,-100.61,30.78,48.0,4,44.72,Fair
0.271,-90.56,-73.92,-18.97,5.41,-105.69,15.91,31.0,1,46.28,Fair
0.064,-86.9,-67.13,-19.16,-1.44,-92.18,81.07,63.0,0,25.95,Poor
0.022,-72.74,-56.86,-17.16,24.12,-104.58,29.85,45.0,1,72.08,Good
0.672,-102.51,-88.17,-15.2,-9.76,-98.02,54.74,57.0,1,18.91,Poor
0.381,-98.77,-77.22,-19.5,-10.0,-93.59,74.46,61.0,0,13.2,Poor
0.644,-103.38,-82.26,-19.5,-5.83,-101.94,46.38,45.0,4,20.29,Poor
0.073,-88.62,-72.42,-18.17,0.01,-94.15,69.35,64.0,4,29.48,Poor
0.382,-100.76,-82.97,-16.77,-5.45,-98.43,35.66,40.0,1,30.35,Poor
0.132,-82.96,-62.42,-19.5,16.67,-99.73,45.18,55.0,1,55.43,Good
0.116,-85.97,-67.84,-19.5,2.75,-93.52,62.13,67.0,4,33.08,Poor
0.02,-72.47,-52.88,-19.5,21.6,-95.67,49.76,53.0,1,54.34,Fair
0.063,-80.12,-60.7,-19.34,17.82,-103.35,11.3,25.0,0,59.21,Good
0.167,-83.81,-66.77,-16.58,18.79,-106.71,29.34,34.0,2,51.98,Fair
0.056,-79.09,-59.54,-19.05,6.97,-90.87,71.38,67.0,1,39.14,Fair
1.916,-107.49,-92.39,-14.41,-10.0,-100.48,38.39,44.0,0,20.89,Poor
0.166,-91.85,-72.66,-19.5,-0.99,-97.96,25.57,29.0,4,31.86,Poor
0.063,-82.58,-64.8,-16.57,14.0,-99.9,35.63,37.0,0,44.37,Fair
0.1,-82.66,-65.74,-16.01,15.08,-105.24,11.86,32.0,2,62.8,Good
0.399,-88.46,-74.2,-14.99,11.94,-105.78,16.05,36.0,1,55.2,Good
0.03,-68.05,-49.65,-18.48,30.0,-105.06,30.65,49.0,1,65.49,Good
0.893,-100.69,-82.58,-16.13,-7.79,-96.79,58.78,50.0,1,18.2,Poor
1.466,-106.72,-91.24,-15.16,-7.64,-101.04,33.02,47.0,2,30.69,Poor
0.128,-80.57,-67.37,-10.74,16.34,-99.16,27.68,38.0,4,68.21,Good
0.269,-89.45,-76.39,-15.43,16.18,-109.54,9.92,32.0,1,57.05,Good
0.02,-79.62,-62.38,-17.86,,-95.07,76.76,72.0,2,37.45,Fair
0.461,-101.5,-82.58,-19.5,-9.84,-100.35,41.99,38.0,3,18.99,Poor
0.24,-90.3,-66.75,-19.5,1.54,-97.48,46.36,61.0,5,34.21,Poor
0.142,-94.23,-76.37,-19.0,5.22,-104.04,27.75,39.0,1,40.87,Fair
0.104,-88.04,-74.91,-12.85,6.56,-98.23,41.31,43.0,1,45.91,Fair
0.478,-100.4,-83.02,-17.94,4.94,-105.26,7.63,22.0,2,39.43,Fair
0.242,-92.74,-70.99,-19.5,2.92,-99.15,50.95,47.0,0,33.61,Poor
0.089,-84.25,-68.29,-16.73,15.7,-104.83,26.66,34.0,5,60.8,Good
0.526,-99.59,-78.23,-19.5,-10.0,-95.58,49.7,42.0,6,20.34,Poor
0.375,-92.19,-73.67,-19.5,-3.93,-94.84,69.23,58.0,6,34.92,Poor
0.881,-103.97,-84.02,-19.07,-10.0,-96.51,36.12,43.0,3,20.44,Poor
0.056,-80.69,-57.12,-19.5,11.02,-98.28,37.54,49.0,0,45.43,Fair
0.693,-106.23,-93.74,-12.52,-10.0,-95.07,60.47,51.0,0,31.57,Poor
0.504,-93.96,-73.27,-19.5,-8.71,-93.68,60.43,54.0,1,24.43,Poor
0.055,-81.65,-63.93,-18.78,13.62,-103.75,18.61,33.0,2,56.82,Good
0.534,-102.92,-87.76,-17.07,-3.83,-103.17,12.17,20.0,1,31.99,Poor
0.262,-91.55,-73.85,-17.97,-2.7,-91.55,65.86,50.0,1,29.8,Poor
1.305,-109.39,-86.31,-19.5,-10.0,-101.38,31.58,33.0,1,20.31,Poor
0.069,-82.97,-60.97,-19.5,9.84,-98.85,42.95,53.0,1,49.69,Fair
0.463,-96.3,-84.3,-11.03,-10.0,-92.33,84.29,65.0,3,30.64,Poor
0.217,-92.06,-76.37,-14.72,1.28,-97.91,41.82,44.0,2,36.64,Fair
1.414,-97.77,-76.94,-19.5,-10.0,-91.61,70.89,57.0,2,16.77,Poor
0.18,-89.46,-71.53,-18.29,-3.0,-94.82,60.49,45.0,4,26.58,Poor
1.474,-104.9,-86.96,-16.61,-6.62,-104.18,26.8,35.0,1,31.04,Poor
1.043,-112.14,-98.84,-14.0,-10.0,-99.68,25.04,39.0,2,27.69,Poor
0.142,-90.54,-74.78,-16.28,10.81,-106.5,7.65,17.0,0,50.41,Fair
0.732,-105.65,-91.73,-12.97,-10.0,-101.89,29.17,36.0,2,36.08,Fair
2.442,-115.58,-102.54,-13.36,-10.0,-99.19,25.25,24.0,5,37.93,Fair
0.131,-84.75,-70.53,-15.2,16.2,-105.42,22.29,34.0,2,57.02,Good
0.258,-88.13,-72.92,-14.9,1.71,-95.11,53.1,53.0,2,37.48,Fair
0.33,-93.03,-77.31,-14.53,-10.0,-83.42,85.22,71.0,1,28.45,Poor
0.157,-88.89,-73.42,-15.04,10.85,-105.64,28.71,35.0,2,55.24,Good
0.02,-72.97,-51.91,-19.5,14.96,-96.81,59.61,52.0,0,54.05,Fair
0.112,-80.6,-65.32,-14.83,13.25,-98.01,35.1,30.0,0,54.39,Fair
0.149,-79.24,-56.96,-19.5,17.98,-102.82,34.38,38.0,1,50.32,Fair
0.264,-91.92,-75.37,-15.53,14.45,-107.37,35.61,42.0,2,50.4,Fair
0.084,-78.88,-59.56,-19.5,19.95,-105.06,31.34,42.0,1,58.6,Good
0.93,-102.0,-82.59,-19.33,7.74,-109.69,16.25,28.0,1,39.04,Fair
0.549,-95.79,-80.48,-15.83,5.54,-108.69,20.38,38.0,5,43.19,Fair
0.04,-80.93,-63.91,-17.09,15.2,-103.29,19.89,35.0,0,48.63,Fair
0.473,-99.46,-82.97,-14.84,-8.99,-94.5,55.47,58.0,3,30.66,Poor
0.477,-96.01,-76.89,-18.06,-0.54,-98.06,47.54,42.0,2,32.57,Poor
1.408,-102.13,-84.51,-19.27,-3.67,-101.71,35.61,47.0,3,23.58,Poor
0.02,-73.72,-57.96,-16.72,21.9,-97.96,39.14,37.0,1,57.88,Good
0.128,-94.36,-76.0,-18.85,-1.42,-97.2,44.04,37.0,1,35.47,Fair
1.183,-107.46,-88.44,-18.48,-10.0,-100.81,43.09,32.0,5,19.03,Poor
1.211,-101.63,-78.08,-19.5,-6.53,-99.49,64.9,53.0,2,16.7,Poor
0.574,-105.53,-87.32,-17.02,-10.0,-101.85,52.57,49.0,1,20.28,Poor
0.653,-105.02,-86.99,-17.23,-3.3,-107.29,22.62,32.0,4,29.9,Poor
0.043,-76.28,-56.99,-19.5,5.84,-88.58,65.99,67.0,0,41.55,Fair
0.325,-94.72,-79.57,-15.58,11.08,-110.69,6.45,28.0,0,49.71,Fair
0.119,-83.17,,-12.16,17.43,-104.62,34.0,46.0,1,55.37,Good
0.09,-88.09,-71.03,-16.3,11.58,-103.22,28.6,43.0,1,53.8,Fair
0.748,-102.79,-81.57,-19.5,2.32,-107.82,11.04,29.0,2,41.53,Fair
0.065,-75.65,-53.95,-19.05,16.18,-99.45,44.12,37.0,3,51.28,Fair
0.285,-97.89,-85.52,-12.17,5.3,-106.84,28.72,35.0,1,45.14,Fair
1.255,-100.08,-80.08,-19.34,0.57,-105.81,15.66,26.0,4,37.48,Fair
0.093,-87.69,-76.24,-9.84,11.84,-106.17,29.94,36.0,3,63.42,Good
1.717,-105.3,-85.93,-19.49,1.19,-111.16,11.74,28.0,1,31.36,Poor
2.324,-112.82,-93.62,-19.02,,-100.36,22.09,30.0,5,29.41,Poor
0.365,-99.85,-87.02,-14.15,-7.34,-96.68,57.83,41.0,1,25.88,Poor
0.084,-84.57,-63.57,-19.5,8.73,-101.9,28.73,36.0,2,47.76,Fair
0.171,-86.53,-63.3,-19.5,,-101.25,60.01,58.0,2,47.32,Fair
0.249,-91.97,-74.16,-17.56,-2.05,-93.28,62.79,59.0,0,24.67,Poor
0.167,-84.01,-65.59,-18.47,12.37,-102.67,29.51,41.0,4,47.53,Fair
0.148,-81.73,-59.3,-19.5,20.03,-108.29,10.2,26.0,5,64.78,Good
1.613,-112.89,-98.27,-14.58,-10.0,-108.86,19.04,24.0,4,24.64,Poor
0.075,-86.63,-71.94,-15.03,9.47,-102.92,32.86,51.0,0,42.61,Fair
0.595,-104.72,-89.24,-17.49,-3.64,-107.22,24.41,34.0,5,43.44,Fair
0.02,-74.04,-55.93,-18.25,24.93,-104.43,27.08,45.0,2,61.77,Good
0.408,-91.82,-73.72,-19.13,14.03,-111.32,19.13,27.0,2,55.88,Good
1.114,-102.71,-86.37,-16.84,2.82,-108.17,26.01,34.0,2,41.95,Fair
0.153,-89.92,-72.82,-18.27,9.54,-101.37,52.25,61.0,3,37.82,Fair
0.092,-83.45,-67.07,-15.62,16.29,-104.66,12.33,28.0,3,53.99,Fair
0.475,-91.93,-75.4,-17.74,-9.14,-89.56,74.12,75.0,4,27.3,Poor
0.561,-91.36,-75.67,-15.77,-1.41,-93.63,76.2,92.0,2,38.22,Fair
0.524,-97.37,-81.65,-14.77,7.4,-108.1,34.32,56.0,3,44.47,Fair
0.173,-99.45,-87.46,-12.76,-10.0,-89.54,51.75,55.0,0,24.33,Poor
0.131,-85.21,-67.88,-17.86,12.87,-103.27,31.58,38.0,2,53.38,Fair
1.405,-103.22,-91.09,-12.9,-5.88,-100.37,39.12,33.0,0,29.71,Poor
1.156,-104.36,-84.11,-19.5,-10.0,-84.86,75.05,68.0,0,19.94,Poor
0.275,-89.91,-73.59,-16.93,12.71,-105.99,8.2,24.0,0,51.69,Fair
0.842,-101.09,-83.45,-16.37,-10.0,-97.84,42.25,36.0,1,26.94,Poor
0.271,-97.63,-80.75,-15.92,-2.56,-102.76,21.56,19.0,2,42.9,Fair
0.249,-95.49,-78.22,-18.56,-3.01,-96.9,51.23,45.0,1,33.82,Poor
0.077,-83.1,-61.31,-19.5,11.64,-99.49,51.83,42.0,4,43.85,Fair
0.25,-87.74,-73.79,-14.07,1.89,-97.19,42.82,56.0,3,35.56,Fair
0.347,-97.89,-84.76,-13.29,4.85,-105.88,29.34,37.0,1,43.45,Fair
0.02,-68.62,-50.26,-17.11,21.16,-95.76,51.07,60.0,0,58.9,Good
0.264,-91.26,-74.75,-16.1,13.87,-105.53,12.0,29.0,4,51.9,Fair
0.684,-94.37,-75.29,-19.44,,-103.48,33.39,39.0,3,40.52,Fair
0.513,-98.38,-78.23,-19.5,4.0,-108.78,23.46,32.0,0,30.25,Poor
0.454,-104.17,-89.49,-15.42,-10.0,-96.01,64.7,58.0,3,23.15,Poor
1.081,-102.1,-82.29,-19.5,-4.75,-102.93,31.23,45.0,4,22.81,Poor
0.02,-61.89,-46.96,-17.69,30.0,-94.7,68.08,47.0,1,69.27,Good
0.366,-92.45,-74.23,-18.33,0.41,-96.94,38.79,48.0,2,38.35,Fair
0.697,-104.02,-89.73,-14.3,-10.0,-90.39,57.28,50.0,1,24.19,Poor
0.351,-99.25,-80.86,-16.31,-1.77,-104.78,30.31,38.0,3,36.34,Fair
0.176,-92.78,-74.84,-16.89,-2.35,-95.9,43.53,44.0,1,30.2,Poor
0.066,-72.5,-57.81,-16.03,27.65,-104.74,16.19,33.0,0,64.8,Good
0.983,-105.17,-91.25,-12.79,-10.0,-91.07,64.09,58.0,3,23.96,Poor
0.286,-95.82,-75.57,-18.6,-2.63,-95.48,59.84,49.0,4,32.43,Poor
0.947,-104.17,-87.53,-17.44,-8.9,-99.48,46.08,44.0,3,25.59,Poor
0.397,-97.26,-76.22,-19.5,3.74,-105.15,23.44,44.0,6,30.14,Poor
0.505,-91.81,-75.44,-16.25,5.53,-107.25,27.33,30.0,2,44.9,Fair
0.734,-105.38,-83.48,-19.5,-1.55,-108.3,28.13,36.0,2,33.02,Poor
0.484,-93.0,-77.84,-13.9,1.45,-98.23,46.31,32.0,6,41.2,Fair
0.228,-90.72,-68.31,-19.5,2.46,-97.72,44.4,53.0,2,33.84,Poor
0.324,-89.42,-70.9,-17.65,5.57,-101.21,36.24,43.0,2,39.58,Fair
0.731,-94.96,-75.76,-19.5,3.95,-104.5,25.05,36.0,4,32.19,Poor
0.211,-90.17,-75.18,-14.83,5.77,-102.37,29.1,36.0,1,47.35,Fair
0.221,-92.19,-72.0,-19.5,-10.0,-89.95,66.64,44.0,0,26.69,Poor
0.045,-77.04,-56.75,-19.11,9.69,-91.45,56.74,64.0,1,48.51,Fair
1.107,-105.27,-88.24,-17.59,-10.0,-83.76,86.98,69.0,5,17.78,Poor
0.043,-83.49,,-11.72,20.49,-108.14,7.05,26.0,1,66.58,Good
0.47,-91.25,-76.59,-14.0,2.54,-96.68,47.86,55.0,0,36.48,Fair
0.24,-90.65,-75.99,-14.68,5.48,-99.97,47.13,53.0,2,37.95,Fair
0.234,-96.08,-76.73,-19.25,-4.62,-99.34,39.16,46.0,1,33.61,Poor
0.512,-106.47,-89.87,-17.05,-10.0,-94.86,48.97,47.0,5,20.08,Poor
0.031,-83.48,-66.82,-16.0,13.7,-104.36,24.14,41.0,1,52.77,Fair
0.405,-93.1,-76.79,-15.39,6.63,-104.52,24.66,33.0,1,43.96,Fair
0.665,-102.95,-80.54,-19.5,-10.0,-96.79,31.41,45.0,5,27.28,Poor
0.793,-103.81,-85.68,-17.83,-9.99,-101.95,39.3,40.0,2,22.18,Poor
0.084,-80.65,-62.06,-16.89,11.7,-97.52,45.47,38.0,2,50.07,Fair
1.025,-106.28,-90.14,-18.0,-8.31,-102.83,22.15,27.0,1,23.05,Poor
0.48,-95.46,-77.55,-17.15,-4.59,-96.37,48.0,57.0,3,28.39,Poor
0.961,-103.28,-88.21,-16.92,-8.76,-99.88,37.43,60.0,3,25.67,Poor
0.299,-93.87,-74.84,-18.4,2.24,-101.94,14.46,30.0,1,44.02,Fair
0.351,-101.23,-86.67,-13.8,-8.71,-96.98,48.8,52.0,1,30.11,Poor
1.131,-108.36,-88.12,-19.5,-4.85,-109.46,11.99,25.0,3,28.23,Poor
1.036,-101.9,-86.11,-15.17,-10.0,-94.99,57.65,55.0,1,26.31,Poor
0.268,-95.31,-74.46,-19.5,-10.0,-93.03,73.71,58.0,4,21.95,Poor
0.144,-82.43,-58.7,-19.5,14.48,-99.58,30.2,42.0,0,50.56,Fair
0.225,-81.69,-63.68,-18.71,13.71,-99.81,36.98,36.0,0,48.57,Fair
0.221,-88.29,-66.36,-19.5,11.07,-106.2,11.02,24.0,4,48.56,Fair
0.152,-81.73,-61.48,-19.5,4.22,-89.65,69.92,70.0,1,33.89,Poor
0.141,-84.15,-70.45,-13.78,11.72,-98.16,34.61,43.0,3,56.45,Good
0.888,-105.12,-86.78,-18.14,1.15,-112.58,3.05,24.0,3,43.37,Fair
0.033,-73.72,-54.22,-18.63,24.46,-104.21,31.31,53.0,1,59.72,Good
0.509,-90.1,-70.31,-19.5,0.85,-95.79,35.94,48.0,0,34.94,Poor
0.085,-84.82,-66.29,-19.39,9.46,-99.52,44.59,37.0,1,38.25,Fair
0.19,-93.78,-75.28,-17.91,0.54,-98.57,44.14,64.0,0,32.35,Poor
0.029,-77.96,-59.94,-17.81,17.77,-102.74,28.94,26.0,2,56.49,Good
0.142,-87.95,-69.55,-18.64,1.14,-97.04,48.79,54.0,0,27.58,Poor
0.658,-104.4,-90.07,-14.52,-6.08,-104.29,23.39,22.0,4,37.14,Fair
0.973,-97.08,-79.79,-16.99,-10.0,-92.71,57.4,63.0,6,29.99,Poor
0.113,-84.25,-70.61,-13.13,17.43,-107.35,20.13,32.0,3,61.26,Good
0.28,-89.09,-72.59,-17.37,2.94,-100.22,52.69,54.0,5,29.9,Poor
0.286,-94.35,-78.12,-15.0,-4.68,-93.61,61.89,59.0,0,27.95,Poor
0.931,-107.95,-91.91,-14.82,-10.0,-102.12,24.24,30.0,4,29.5,Poor
0.647,-105.48,-90.63,-13.87,-10.0,-100.41,44.78,48.0,2,35.78,Fair
0.324,-97.87,-79.06,-17.89,2.59,-105.04,33.14,32.0,1,33.77,Poor
0.5,-96.61,-79.56,-17.13,-0.38,-101.14,34.36,49.0,3,33.23,Poor
0.846,-100.48,-83.74,-16.34,-1.06,-106.21,18.73,41.0,2,38.73,Fair
0.02,-68.03,-54.25,-15.1,30.0,-103.44,32.62,43.0,1,75.9,Excellent
0.232,-97.3,-80.2,-17.79,-5.72,-96.18,57.09,61.0,1,24.83,Poor
1.07,-104.6,-83.16,-19.5,-10.0,-97.29,53.99,43.0,5,26.54,Poor
0.607,-103.78,-82.3,-19.5,-10.0,-87.63,74.4,67.0,1,15.9,Poor
0.352,-93.36,-74.23,-19.5,-3.2,-93.89,57.29,50.0,3,29.06,Poor
0.339,-92.72,-75.61,-17.05,-2.75,-90.97,58.5,63.0,4,34.08,Poor
0.192,-94.41,-74.74,-16.93,-1.79,-98.78,56.41,51.0,2,35.07,Fair
0.331,-90.54,-74.55,-17.33,5.65,-104.87,21.39,34.0,2,41.49,Fair
0.479,-88.28,-71.17,-15.82,8.34,-101.58,22.86,38.0,2,55.33,Good
0.244,-88.44,-72.67,-16.51,-9.06,-86.83,67.98,54.0,2,24.06,Poor
0.564,-99.69,-78.96,-19.5,1.11,-100.81,36.35,33.0,2,28.67,Poor
0.889,-104.25,-83.91,-19.5,-8.68,-101.8,30.48,40.0,1,22.58,Poor
0.076,-82.52,-64.63,-16.46,-3.53,-86.02,87.58,,3,30.17,Poor
0.27,-95.71,-72.52,-19.5,-4.17,-99.13,42.67,54.0,0,31.13,Poor
0.236,-90.48,-71.25,-18.91,9.04,-104.11,40.55,55.0,2,35.37,Fair
0.523,-102.95,-83.88,-18.6,-9.01,-101.51,35.09,40.0,2,27.11,Poor
0.129,-93.86,-75.12,-19.5,12.48,-110.47,16.7,29.0,0,44.34,Fair
0.46,-96.4,-82.18,-12.46,-6.2,-92.36,80.05,66.0,5,27.64,Poor
0.945,-103.43,-88.11,-14.1,-10.0,-96.99,39.66,44.0,2,30.83,Poor
0.244,-94.06,-76.22,-18.17,5.87,-106.39,14.2,17.0,2,42.44,Fair
1.089,-109.88,-92.02,-16.49,-10.0,-93.11,67.39,58.0,3,26.41,Poor
2.243,-109.86,-90.09,-19.5,-10.0,-102.35,33.48,46.0,3,24.49,Poor
0.05,-82.19,-66.2,-16.9,7.43,-94.89,80.63,67.0,2,45.45,Fair
0.119,-86.17,-67.96,-18.55,6.86,-100.75,30.55,40.0,3,38.07,Fair
1.352,-99.56,-81.3,-17.38,,-96.48,42.58,42.0,4,31.62,Poor
1.43,-104.51,-86.12,-18.23,-1.25,-106.38,13.33,24.0,2,32.19,Poor
0.046,-82.97,-64.92,-19.5,18.01,-105.47,21.77,29.0,0,57.56,Good
0.02,-75.54,-61.76,-12.87,19.62,-101.7,28.81,51.0,1,61.38,Good
0.079,-81.46,-70.24,-12.64,14.07,-100.69,16.35,34.0,1,54.61,Fair
2.486,-117.42,-102.24,-15.07,-10.0,-98.78,42.88,59.0,3,20.55,Poor
0.089,-91.12,-74.71,-15.95,13.05,-109.27,17.33,23.0,2,50.79,Fair
0.314,-91.84,-77.38,-14.07,0.96,-98.97,35.03,48.0,2,36.55,Fair
0.849,-101.3,-83.47,-17.6,-3.35,-102.28,60.97,69.0,0,28.91,Poor
0.02,-68.64,-47.37,-19.5,20.9,-94.45,60.18,52.0,1,54.35,Fair
0.417,-95.38,-75.2,-18.8,1.53,-100.76,54.75,43.0,3,32.03,Poor
0.146,-87.61,-68.21,-18.85,-2.75,-89.7,88.12,81.0,1,25.9,Poor
0.892,-105.67,-84.71,-19.5,-6.32,-103.38,12.08,30.0,1,22.83,Poor
0.15,-85.51,-70.29,-14.36,9.37,-99.89,50.24,33.0,5,43.12,Fair
0.522,-92.26,-75.63,-17.11,-4.05,-94.18,71.0,65.0,2,26.35,Poor
0.505,-100.08,-80.24,-19.5,-10.0,-93.3,68.58,69.0,3,22.29,Poor
0.113,-89.2,-72.62,-16.73,5.97,-100.57,21.7,38.0,1,41.43,Fair
0.02,-74.98,-58.24,-16.13,15.99,-94.23,58.79,68.0,0,52.76,Fair
0.237,-94.99,-71.41,-19.5,-0.97,-98.4,44.0,,1,28.77,Poor
0.154,-86.97,-68.69,-18.49,12.02,-106.95,19.9,16.0,2,51.16,Fair
0.745,-110.01,-86.72,-19.5,-10.0,-100.56,60.13,57.0,4,24.65,Poor
0.725,-99.46,-86.93,-10.93,0.43,-104.13,8.16,30.0,3,43.06,Fair
0.275,-90.24,-74.13,-16.23,4.48,-100.28,40.34,35.0,2,47.85,Fair
0.42,-103.67,-84.45,-19.5,-2.26,-103.47,35.5,36.0,0,32.9,Poor
0.417,-100.34,-82.06,-19.5,-2.04,-100.9,46.37,45.0,0,25.21,Poor
0.79,-101.64,-89.81,-11.56,-2.16,-102.34,33.39,37.0,1,48.25,Fair
0.249,-92.53,,-16.31,-7.5,-90.99,63.88,63.0,4,24.08,Poor
0.145,-85.21,-59.79,-19.5,14.95,-102.91,33.67,44.0,2,35.5,Fair
0.139,-87.46,-68.72,-19.5,11.8,-106.18,18.56,31.0,1,55.65,Good
0.346,-89.74,-69.93,-19.5,2.67,-96.32,49.51,40.0,0,35.82,Fair
0.268,-93.89,-77.82,-15.79,12.57,-109.86,12.51,27.0,2,50.88,Fair
0.261,-96.3,-77.57,-17.62,-1.79,-100.29,50.85,61.0,0,36.54,Fair
0.043,-81.12,-63.16,-17.99,22.92,-110.78,14.07,41.0,2,61.7,Good
0.571,-96.2,-74.84,-19.5,-10.0,-89.04,66.56,47.0,4,22.97,Poor
0.108,-84.65,-63.39,-19.5,12.67,-104.59,39.44,54.0,2,47.39,Fair
0.099,-81.44,-62.22,-19.1,8.8,-96.12,37.47,39.0,2,41.95,Fair
0.24,-89.17,-70.96,-17.59,14.26,-105.19,10.66,21.0,1,49.63,Fair
0.116,-93.47,-80.5,-13.22,9.31,-107.98,5.47,23.0,2,52.37,Fair
0.395,-100.5,-87.65,-13.24,-1.51,-104.53,21.19,40.0,2,48.57,Fair
0.209,-94.53,-76.28,-18.07,1.07,-99.61,35.16,40.0,3,39.35,Fair
0.268,-95.86,-75.24,-19.5,-2.22,-98.43,73.1,71.0,3,18.68,Poor
0.347,-96.5,-74.51,-19.5,3.9,-104.87,24.3,36.0,0,36.65,Fair
0.102,-80.29,-64.96,-15.06,12.55,-96.22,41.06,35.0,1,60.98,Good
0.076,-76.96,-63.48,-12.24,19.74,-100.59,39.09,40.0,3,61.71,Good
0.956,-104.79,-83.99,-19.5,-4.82,-105.4,21.91,37.0,1,29.52,Poor
0.256,-93.2,-77.64,-14.35,-2.6,-95.65,35.01,44.0,1,34.79,Poor
0.239,-94.43,-81.16,-12.14,2.25,-101.09,37.05,33.0,1,40.65,Fair
0.02,-70.09,-53.57,-16.54,12.97,-88.85,69.24,65.0,1,55.57,Good
0.31,-93.05,-76.58,-14.23,-7.19,-92.93,62.16,50.0,1,28.98,Poor
0.364,-92.01,-70.05,-19.5,7.21,-106.99,9.76,25.0,3,43.08,Fair
0.368,-92.15,-71.56,-19.5,12.62,-113.21,5.62,22.0,2,47.14,Fair
0.552,-108.07,-92.28,-15.0,-10.0,-98.64,43.13,55.0,1,29.44,Poor
0.088,-83.59,-61.4,-19.5,5.02,-98.72,26.07,37.0,0,42.27,Fair
0.131,-80.86,-62.49,-17.14,5.53,-96.22,28.71,36.0,1,34.84,Poor
0.749,-103.25,-82.07,-19.5,-10.0,-88.31,76.24,54.0,2,19.36,Poor
1.323,-101.88,-79.9,-19.5,-6.47,-99.55,55.25,51.0,3,24.61,Poor
0.066,-81.71,-64.5,-17.88,10.55,-99.57,42.3,45.0,0,42.23,Fair
0.31,-93.15,-73.44,-19.5,3.28,-104.74,35.66,51.0,2,42.23,Fair
0.108,-89.33,-72.55,-17.19,4.84,-99.62,43.94,52.0,1,39.73,Fair
0.028,-77.61,-56.82,-19.5,14.53,-98.42,39.17,43.0,1,47.87,Fair
0.177,-86.12,-67.85,-17.4,-2.16,-90.12,74.58,59.0,1,37.01,Fair
0.07,-77.47,-56.59,-19.5,12.65,-94.06,76.01,71.0,2,41.11,Fair
0.557,-98.83,-76.25,-19.5,3.14,-106.62,12.32,40.0,3,39.23,Fair
0.343,-99.65,-80.01,-19.5,-9.1,-96.46,58.1,57.0,4,25.26,Poor
0.07,-80.84,-63.12,-18.08,13.02,-100.6,35.73,39.0,2,42.4,Fair
0.02,-65.42,-47.65,-17.26,30.0,-98.25,45.33,50.0,0,75.72,Excellent
0.743,-94.46,-85.33,-9.62,10.79,-109.93,18.73,34.0,2,57.76,Good
0.087,-84.18,-68.32,-14.55,16.59,-106.46,0.57,17.0,1,64.78,Good
0.419,-103.11,-82.31,-19.5,-7.47,-99.5,19.93,32.0,3,26.38,Poor
0.185,-86.02,-65.11,-19.5,1.07,-91.68,63.91,60.0,2,30.29,Poor
0.396,-97.09,-81.29,-15.84,-5.84,-97.75,65.2,58.0,2,23.97,Poor
0.171,-84.92,-66.43,-18.42,10.56,-101.62,26.18,39.0,0,47.09,Fair
0.041,-75.33,-57.89,-19.36,24.88,-106.04,32.36,29.0,2,56.47,Good
0.114,-88.71,-68.64,-19.46,1.67,-94.8,39.38,59.0,1,31.57,Poor
0.094,-83.3,-58.67,-19.5,12.93,-97.77,26.61,37.0,4,52.42,Fair
0.251,-86.81,-66.68,-19.5,16.97,-108.61,11.01,23.0,3,57.48,Good
0.483,-98.3,-82.31,-14.11,-0.58,-105.8,30.08,37.0,2,34.57,Poor
0.138,-90.99,-73.22,-19.43,-10.0,-89.58,74.75,65.0,1,24.1,Poor
0.02,-76.8,-54.59,-19.5,20.22,-104.43,14.63,28.0,1,61.7,Good
0.329,-97.47,-83.69,-11.7,5.14,-105.01,16.08,29.0,2,57.21,Good
0.419,-98.1,-81.95,-16.19,-1.26,-103.17,17.54,25.0,2,44.03,Fair
1.482,-104.14,-84.01,-19.5,-10.0,-100.41,39.94,41.0,3,15.97,Poor
0.401,-100.56,-78.68,-19.5,-10.0,-96.47,70.24,53.0,1,22.17,Poor
0.287,-86.96,-67.14,-19.5,6.93,-97.98,37.85,40.0,4,43.62,Fair
0.383,-101.04,-84.86,-17.97,-10.0,-88.96,70.21,56.0,3,17.96,Poor
1.183,-96.14,-76.53,-18.19,7.22,-110.26,16.22,33.0,4,42.62,Fair
0.793,-95.1,-75.85,-17.38,-0.08,-100.96,29.67,43.0,4,36.11,Fair
0.176,-88.37,-69.32,-18.35,-0.56,-97.11,28.63,44.0,2,35.34,Fair
0.122,-92.38,-74.67,-17.65,-1.14,-96.81,50.93,56.0,2,28.18,Poor
0.137,-87.03,-68.87,-17.89,6.92,-102.96,22.88,28.0,0,48.82,Fair
0.316,-95.57,-80.29,-15.54,-1.51,-98.86,51.06,,1,42.85,Fair
0.613,-104.86,-79.42,-19.5,-10.0,-92.28,60.68,58.0,6,16.13,Poor
0.315,-92.82,-74.35,-17.54,2.91,-98.8,42.88,48.0,7,32.8,Poor
0.032,-77.56,-57.91,-19.29,24.39,-105.02,20.77,32.0,1,56.51,Good
0.579,-102.12,-84.78,-17.11,-2.73,-108.61,5.58,30.0,1,41.44,Fair
0.738,-102.19,-81.65,-19.46,-3.78,-103.23,35.68,33.0,1,24.5,Poor
0.154,-90.1,-75.99,-14.13,7.7,-102.73,34.15,42.0,3,48.96,Fair
0.491,-89.53,-76.76,-12.53,4.04,-98.67,37.08,36.0,2,49.94,Fair
0.25,-94.15,-76.24,-18.35,6.92,-105.59,22.68,,4,41.82,Fair
0.99,-102.16,-77.99,-19.5,-10.0,-89.72,78.32,69.0,1,17.53,Poor
0.84,-101.91,-80.28,-19.5,-1.04,-102.97,36.97,37.0,0,27.72,Poor
0.335,-93.13,-77.55,-15.57,-4.91,-94.69,72.92,73.0,3,26.24,Poor
0.529,-96.77,-77.22,-19.5,9.61,-110.3,2.64,31.0,3,44.3,Fair
0.967,-100.19,-84.1,-16.81,-10.0,-92.44,62.95,48.0,2,27.13,Poor
0.308,-92.74,-73.46,-19.32,8.14,-102.39,53.12,55.0,2,37.65,Fair
0.169,-87.71,-68.2,-18.53,9.85,-104.36,20.73,26.0,2,45.5,Fair
0.63,-99.77,-78.99,-19.5,-10.0,-87.85,86.29,64.0,0,19.94,Poor
0.112,-85.6,-72.3,-14.02,0.29,-90.18,82.22,61.0,3,40.0,Fair
0.221,-94.59,,-14.98,0.33,-98.71,28.7,33.0,2,44.7,Fair
0.904,-103.37,-85.6,-17.43,-10.0,-97.87,20.79,42.0,3,32.85,Poor
0.58,-98.32,-83.42,-15.09,-10.0,-93.37,52.75,38.0,2,27.43,Poor
0.233,-89.77,-75.1,-13.41,9.2,-101.92,27.17,49.0,0,60.2,Good
0.109,-84.09,-65.27,-19.5,12.78,-98.0,47.58,47.0,3,35.36,Fair
0.198,-90.91,-75.66,-14.01,-2.37,-96.31,32.28,36.0,1,45.02,Fair
0.15,-87.83,-63.06,-19.5,17.38,-106.8,13.75,20.0,2,48.49,Fair
0.087,-85.12,-68.72,-16.38,2.89,-93.12,72.14,66.0,0,38.51,Fair
0.612,-98.5,-81.31,-17.06,1.74,-103.2,25.1,32.0,1,39.58,Fair
0.131,-87.28,-68.38,-17.54,3.26,-96.96,41.4,63.0,0,43.22,Fair
0.272,-92.02,-78.54,-11.43,11.23,-106.99,19.65,33.0,1,56.61,Good
0.219,-86.86,-67.34,-19.5,3.04,-100.05,41.84,48.0,3,34.74,Poor
1.81,-111.99,-92.97,-19.5,-10.0,-104.64,9.87,18.0,1,27.39,Poor
0.223,-88.63,-71.68,-16.9,-0.71,-90.86,55.99,64.0,0,24.75,Poor
0.038,-75.58,-56.76,-18.23,18.69,-98.24,52.57,52.0,0,55.65,Good
0.042,-68.66,-49.37,-19.5,24.66,-98.36,52.92,66.0,2,61.55,Good
0.402,-96.97,-74.67,-19.5,-9.03,-94.22,63.05,68.0,0,19.88,Poor
0.412,-93.53,-68.03,-19.5,10.42,-110.67,24.91,25.0,3,37.54,Fair
0.244,-91.73,-76.91,-16.54,3.08,-98.1,60.5,56.0,1,31.12,Poor
0.254,-97.7,-83.59,-15.11,-10.0,-90.68,76.6,69.0,3,16.69,Poor
0.025,-74.37,-56.06,-17.27,14.87,-96.24,43.0,53.0,2,63.19,Good
0.327,-90.8,-79.03,-9.91,,-102.31,32.69,36.0,4,44.55,Fair
0.316,-95.76,-75.81,-18.5,1.47,-106.11,28.21,48.0,1,44.04,Fair
0.073,-90.25,-71.91,-19.08,1.47,-95.15,46.81,51.0,2,29.35,Poor
0.049,-78.16,-59.06,-19.5,26.42,-106.65,26.42,39.0,1,60.2,Good
0.059,-83.98,-66.89,-17.5,17.52,-105.41,43.62,45.0,3,50.92,Fair
0.048,-77.26,-58.5,-17.99,24.8,-106.07,24.71,27.0,2,61.63,Good
0.423,-90.35,-70.93,-19.5,2.41,-100.2,39.61,26.0,1,33.35,Poor
0.098,-80.87,-62.27,-17.74,17.53,-103.97,22.78,48.0,2,54.31,Fair
0.13,-80.22,-66.26,-12.93,22.77,-107.0,17.07,29.0,2,71.1,Good
0.086,-85.02,-66.5,-17.54,12.81,-101.23,29.64,38.0,1,50.2,Fair
1.425,-107.65,-84.09,-19.5,-2.86,-111.1,7.46,30.0,4,27.42,Poor
0.868,-106.96,-88.23,-18.59,-9.54,-100.32,36.77,52.0,1,17.0,Poor
0.118,-88.24,-69.83,-18.45,,-103.71,39.17,44.0,2,41.74,Fair
0.179,-92.79,-70.11,-19.5,2.33,-100.19,49.54,43.0,1,29.46,Poor
0.106,-89.82,-74.05,-15.51,7.58,-104.42,30.11,38.0,3,51.35,Fair
0.305,-88.24,-67.57,-19.5,8.07,-101.02,40.39,39.0,0,42.96,Fair
0.02,-78.81,-62.4,-16.26,22.82,-106.99,29.27,36.0,4,68.65,Good
0.501,-92.53,-71.27,-19.5,-4.51,-92.63,53.98,74.0,4,20.72,Poor
0.333,-89.5,-69.1,-19.5,1.77,-96.53,51.93,58.0,2,31.63,Poor
1.03,-102.27,-85.5,-17.96,-6.28,-100.08,50.16,49.0,4,28.23,Poor
0.081,-86.72,-69.51,-16.34,13.01,-107.0,3.72,21.0,0,61.53,Good
0.734,-107.65,-86.72,-19.5,-10.0,-100.2,44.83,44.0,2,16.61,Poor
0.707,-103.19,-90.75,-11.96,-3.23,-105.29,19.62,31.0,2,42.26,Fair
0.061,-77.38,-60.7,-17.21,15.37,-96.58,32.85,,0,56.22,Good
0.229,-91.21,-71.35,-19.5,5.88,-103.31,19.61,29.0,0,43.03,Fair
0.084,-86.76,-69.68,-16.53,,-106.43,21.03,39.0,2,52.92,Fair
0.132,-81.9,-63.5,-16.92,4.98,-94.59,57.31,49.0,1,46.23,Fair
0.137,-80.09,-68.21,-12.48,6.83,-90.59,65.22,52.0,0,43.76,Fair
0.366,-96.19,-80.75,-14.53,1.59,-103.28,26.87,26.0,3,38.72,Fair
0.239,-91.15,-71.11,-19.5,13.15,-109.51,7.64,26.0,2,45.39,Fair
1.328,-112.51,-96.76,-16.32,-10.0,-97.34,54.08,49.0,1,17.11,Poor
0.061,-81.48,-67.38,-14.52,4.13,-93.85,48.4,33.0,1,46.27,Fair
1.637,-106.24,-85.06,-19.47,-7.84,-104.37,31.31,45.0,3,24.87,Poor
0.118,-84.09,-64.54,-19.5,4.71,-92.26,72.29,70.0,6,35.68,Fair
0.667,-102.53,-87.79,-15.06,-10.0,-98.81,36.14,55.0,1,31.07,Poor
0.186,-90.55,-72.13,-19.5,-2.73,-93.83,49.51,43.0,0,35.2,Fair
0.069,-82.75,-67.92,-16.11,17.2,-105.94,31.57,33.0,0,56.18,Good
0.878,-103.99,-86.45,-18.56,-10.0,-98.69,43.53,39.0,6,22.41,Poor
0.166,-86.77,-68.25,-16.87,0.82,-90.31,77.66,66.0,1,31.72,Poor
0.484,-105.58,-90.01,-14.81,-10.0,-99.52,38.8,,3,20.02,Poor
0.376,-95.83,-75.6,-18.54,-6.2,-97.69,42.76,56.0,1,27.61,Poor
0.287,-91.79,-71.1,-19.5,4.89,-99.49,43.15,49.0,1,40.45,Fair
0.308,-96.09,-77.3,-18.62,0.67,-99.8,43.44,55.0,0,30.64,Poor
0.593,-101.39,-82.15,-18.78,-3.96,-104.0,36.74,54.0,4,28.15,Poor
0.041,-78.34,-64.7,-14.16,25.15,-107.29,24.96,34.0,3,66.59,Good
0.496,-99.85,-77.76,-19.5,-10.0,-95.16,53.91,55.0,3,25.57,Poor
1.018,-104.14,-86.41,-17.25,-1.86,-107.03,29.29,40.0,4,31.67,Poor
0.027,-72.36,-57.17,-13.34,23.76,-102.17,29.0,41.0,1,71.25,Good
0.068,-89.21,-70.77,-19.5,2.02,-97.26,42.42,44.0,3,37.78,Fair
0.567,-96.48,-76.25,-19.5,-6.69,-94.37,55.43,65.0,2,27.62,Poor
0.259,-93.45,-73.91,-19.5,-8.59,-92.53,42.33,50.0,4,26.58,Poor
0.233,-83.64,-68.89,-13.37,11.9,-100.9,49.59,50.0,2,52.91,Fair
0.066,-85.33,-65.05,-19.5,0.2,-91.34,75.45,,0,37.58,Fair
0.318,-97.55,-79.73,-17.92,-4.61,-95.49,58.29,48.0,1,30.18,Poor
0.061,-80.64,-61.14,-19.5,2.06,-86.0,78.71,52.0,3,32.58,Poor
0.291,-91.67,-76.07,-14.5,6.62,-99.42,36.7,55.0,2,46.49,Fair
0.649,-108.06,-86.92,-19.5,-7.79,-106.52,16.82,36.0,1,21.83,Poor
0.134,-89.95,-71.4,-18.8,11.0,-104.55,13.45,36.0,1,48.8,Fair
0.295,-91.06,-69.49,-19.5,5.65,-101.88,33.23,35.0,1,34.88,Poor
2.174,-114.54,-101.14,-13.73,-10.0,-98.58,53.82,50.0,4,24.09,Poor
0.522,-92.89,-79.1,-12.92,6.66,-105.44,25.44,35.0,0,48.55,Fair
0.828,-104.19,-86.91,-16.21,-5.13,-99.87,41.71,52.0,0,30.7,Poor
0.241,-95.28,-72.88,-19.5,-4.56,-93.03,61.85,63.0,1,29.07,Poor
0.657,-97.93,,-19.5,10.07,-111.77,11.1,30.0,3,46.79,Fair
0.02,-64.01,-48.68,-14.82,30.0,-100.16,31.31,44.0,3,68.25,Good
0.059,-77.9,-59.74,-16.26,18.74,-100.58,43.8,51.0,1,56.33,Good
0.102,-79.23,-60.76,-18.12,22.06,-107.71,27.67,33.0,1,59.01,Good
0.231,-84.62,-64.46,-19.5,5.97,-92.6,56.19,58.0,2,35.65,Fair
0.841,-106.19,-85.54,-19.5,-10.0,-99.31,52.47,36.0,1,16.8,Poor
0.191,-85.92,-71.27,-15.98,12.56,-103.52,7.99,29.0,1,52.09,Fair
0.478,-103.71,-85.51,-18.91,-10.0,-90.91,65.04,52.0,2,22.46,Poor
0.556,-97.22,-85.24,-11.39,-2.16,-98.98,33.09,44.0,0,42.69,Fair
0.397,-96.28,-75.85,-19.5,-2.28,-96.86,51.46,56.0,1,30.43,Poor
0.199,-85.04,-68.06,-15.77,11.67,-102.67,21.68,32.0,0,53.75,Fair
0.387,-91.09,-76.71,-15.01,14.26,-107.56,25.9,29.0,1,58.42,Good
0.189,-87.27,-68.28,-17.97,3.51,-95.88,59.07,50.0,2,36.74,Fair
0.039,-74.94,-58.05,-17.33,21.66,-99.42,36.49,43.0,1,57.71,Good
2.22,-108.9,-87.11,-19.5,-10.0,-95.91,41.77,47.0,4,13.72,Poor
0.061,-79.63,-64.31,-15.26,12.1,-95.88,69.1,62.0,1,53.32,Fair
0.034,-75.08,-50.41,-19.5,5.39,-87.82,92.19,58.0,1,34.54,Poor
0.949,-97.78,-77.22,-19.5,-1.51,-102.65,25.81,33.0,2,42.99,Fair
0.162,-81.98,-60.11,-19.5,9.81,-92.7,63.08,60.0,1,36.59,Fair
0.473,-98.08,-83.17,-14.53,-2.38,-104.28,19.17,27.0,1,37.8,Fair
0.18,-88.18,-64.82,-19.5,11.02,-104.74,43.18,48.0,1,44.61,Fair
0.224,-90.7,-76.34,-14.47,8.09,-104.66,25.29,29.0,1,50.11,Fair
0.137,-93.23,-75.86,-16.93,4.08,-101.84,32.49,39.0,1,48.89,Fair
0.189,-90.92,-69.01,-19.5,2.62,-100.63,38.61,36.0,2,37.77,Fair
0.238,-85.17,-65.65,-19.37,13.4,-103.16,35.27,36.0,2,50.4,Fair
0.574,-102.18,-87.9,-15.43,-5.11,-100.83,38.14,36.0,0,32.94,Poor
0.322,-85.74,-64.33,-19.5,10.49,-101.39,20.42,34.0,2,48.63,Fair
1.294,-101.55,-82.53,-17.33,-10.0,-93.93,33.45,33.0,3,26.25,Poor
0.02,-68.84,-52.09,-16.32,30.0,-107.44,23.07,28.0,2,72.96,Good
0.315,-91.74,-78.37,-12.33,10.93,-106.95,10.05,17.0,2,53.23,Fair
0.395,-99.62,-80.32,-19.42,-8.9,-99.45,38.28,41.0,2,34.32,Poor
1.138,-106.19,-88.68,-17.83,-10.0,-90.62,67.66,73.0,3,14.18,Poor
0.023,-65.72,-47.25,-19.5,30.0,-107.52,3.74,26.0,1,80.84,Excellent
0.383,-98.16,-84.91,-14.28,1.96,-104.24,18.02,28.0,4,49.83,Fair
0.865,-98.5,-81.76,-16.55,-0.94,-102.9,24.68,33.0,1,38.95,Fair
0.125,-91.49,-72.05,-18.48,-4.49,-92.57,63.15,74.0,3,27.05,Poor
0.94,-108.27,-84.64,-19.5,-3.45,-108.18,15.86,22.0,2,30.32,Poor
0.02,-62.84,-45.45,-18.32,23.0,-92.05,66.26,45.0,0,63.41,Good
0.593,-99.53,-77.2,-19.5,-0.35,-104.62,15.3,21.0,1,37.96,Fair
1.217,-107.87,-87.51,-19.5,-4.64,-107.87,16.67,27.0,0,32.33,Poor
0.482,-92.22,-73.52,-18.96,11.78,-108.4,3.05,21.0,3,47.57,Fair
0.26,-87.35,-72.39,-16.21,15.04,-104.06,41.45,43.0,2,51.24,Fair
0.021,-67.03,-51.94,-15.79,30.0,-108.88,15.57,23.0,2,73.2,Good
1.137,-107.4,-87.55,-17.86,-10.0,-96.77,63.31,64.0,2,21.03,Poor
0.286,-94.3,-77.88,-15.54,6.01,-105.25,33.85,39.0,2,34.63,Poor
0.02,-69.2,-53.04,-16.25,25.81,-99.04,46.0,44.0,0,59.57,Good
0.527,-95.67,-78.21,-17.95,-5.85,-96.39,56.38,69.0,3,21.52,Poor
0.296,-95.48,-77.98,-16.32,-1.5,-97.8,46.89,53.0,1,31.07,Poor
0.06,-78.99,-58.29,-19.5,21.44,-105.24,21.08,39.0,0,60.51,Good
0.109,-83.72,-67.24,-14.61,5.0,-95.87,38.38,31.0,5,39.53,Fair
0.03,-68.68,-48.28,-19.5,20.17,-91.39,81.68,75.0,0,57.64,Good
0.384,-92.7,-73.38,-19.07,-3.24,-95.81,70.24,61.0,2,21.09,Poor
0.438,-102.87,-89.89,-14.08,-0.01,-111.4,14.3,28.0,0,41.39,Fair
0.317,-94.91,-76.02,-18.68,-1.05,-100.36,45.15,53.0,1,32.13,Poor
0.764,-105.39,-95.4,-9.5,-7.6,-105.53,24.2,39.0,2,39.85,Fair
0.888,-100.71,-85.39,-14.59,-10.0,-88.32,73.37,67.0,2,24.96,Poor
0.43,-93.0,-73.61,-18.95,-2.53,-94.23,68.92,54.0,0,29.04,Poor
0.02,-70.04,-52.07,-19.1,30.0,-106.25,15.13,,1,73.72,Good
0.535,-99.65,-86.95,-12.57,-10.0,-96.87,53.73,47.0,3,29.22,Poor
0.244,-91.49,-76.85,-16.13,16.82,-111.38,16.23,35.0,5,55.32,Good
0.375,-94.67,-84.5,-10.75,3.38,-101.32,21.55,33.0,4,54.89,Fair
0.471,-100.04,-86.07,-14.14,4.25,-111.04,4.19,25.0,2,50.23,Fair
0.194,-94.68,-74.94,-19.5,-8.38,-92.55,61.75,61.0,0,22.34,Poor
1.121,-113.2,-96.87,-17.11,-10.0,-106.51,20.85,36.0,1,27.01,Poor
0.065,-75.29,-56.78,-18.84,20.09,-101.8,39.61,38.0,0,52.02,Fair
0.501,-96.03,-77.99,-17.47,11.26,-110.97,6.56,26.0,0,48.27,Fair
0.02,-68.99,-50.9,-18.91,28.86,-103.34,30.63,31.0,2,63.15,Good
1.164,-100.26,-79.19,-19.5,,-90.57,70.46,62.0,3,18.89,Poor
0.054,-83.78,-66.39,-16.31,7.35,-97.08,68.46,63.0,1,47.04,Fair
0.045,-84.17,-63.44,-19.5,12.8,-102.23,21.1,42.0,0,43.82,Fair
0.182,-87.72,-77.16,-10.95,6.28,-96.22,43.99,43.0,2,52.8,Fair
0.21,-89.33,-68.0,-19.5,9.29,-106.18,21.28,39.0,0,50.77,Fair
0.109,-91.72,-77.59,-16.47,13.09,-110.54,14.97,27.0,1,51.18,Fair
0.396,-94.54,-79.75,-15.06,-9.74,-89.84,76.23,72.0,1,28.72,Poor
0.263,-94.04,-78.16,-14.82,0.59,-100.44,39.76,64.0,6,41.71,Fair
0.02,-73.67,-52.42,-19.5,23.7,-100.65,30.24,43.0,0,57.8,Good
0.173,-90.16,-74.83,-14.56,10.01,-106.77,33.84,33.0,2,54.44,Fair
0.748,-111.26,-95.23,-14.75,-10.0,-101.56,53.52,55.0,2,29.29,Poor
0.527,-100.81,-85.7,-14.26,-10.0,-94.98,35.3,48.0,2,33.18,Poor
0.581,-102.11,-83.35,-17.97,-5.56,-103.25,17.45,33.0,3,34.43,Poor
0.539,-96.42,-76.19,-19.5,8.19,-103.72,30.26,46.0,3,40.54,Fair
0.168,-89.17,-66.06,-19.5,10.26,-105.62,36.34,39.0,1,45.45,Fair
0.047,-75.11,-49.91,-19.5,17.74,-98.83,57.89,59.0,1,56.06,Good
0.143,-97.37,-77.42,-19.5,-2.48,-99.42,35.59,29.0,2,26.35,Poor
0.802,-105.45,-86.36,-18.75,-10.0,-100.42,47.74,56.0,0,21.89,Poor
1.771,-106.75,-92.4,-14.66,-10.0,-96.37,74.41,57.0,4,24.81,Poor
0.306,-94.99,,-19.5,2.1,-99.99,49.31,36.0,1,32.75,Poor
0.02,-67.06,-48.42,-19.5,30.0,-110.0,17.81,29.0,1,72.98,Good
0.068,-87.98,-70.85,-16.51,2.72,-97.16,58.96,53.0,2,38.3,Fair
0.175,-85.98,-66.82,-19.5,5.45,-99.69,51.35,62.0,1,47.27,Fair
0.389,-98.37,-82.28,-14.15,-3.22,-100.85,28.52,29.0,1,32.94,Poor
0.035,-78.1,-67.11,-11.64,10.51,-91.98,62.75,71.0,2,59.42,Good
1.292,-102.27,,-19.39,-0.58,-104.97,30.81,37.0,3,35.24,Fair
0.204,-85.61,-63.58,-19.5,8.42,-98.92,46.78,54.0,1,43.09,Fair
1.097,-100.67,-81.0,-19.5,-6.16,-97.43,46.37,35.0,3,28.11,Poor
0.682,-92.54,-74.56,-18.06,-4.44,-96.88,37.47,45.0,3,30.11,Poor
0.634,-94.98,-76.94,-18.09,-10.0,-92.37,75.32,63.0,2,20.03,Poor
0.42,-99.67,-81.15,-19.23,-0.24,-105.68,36.9,34.0,2,33.02,Poor
0.444,-96.39,-77.97,-17.53,-2.08,-102.07,32.73,47.0,1,40.22,Fair
0.457,-98.66,,-17.92,-1.3,-102.91,23.76,37.0,1,43.76,Fair
0.446,-88.89,-70.81,-18.87,7.53,-101.75,31.28,36.0,1,43.96,Fair
0.363,-90.8,-68.14,-19.5,3.71,-98.7,42.4,47.0,2,35.14,Fair
1.934,-110.49,-91.07,-18.9,-10.0,-101.18,30.69,44.0,3,20.56,Poor
0.593,-95.96,-77.65,-17.68,-7.28,-92.41,63.8,66.0,3,21.88,Poor
0.675,-105.53,-85.55,-19.38,-6.95,-103.1,45.02,49.0,1,23.84,Poor
0.927,-102.35,-82.37,-19.5,-1.23,-106.48,23.12,36.0,1,27.83,Poor
0.109,-88.6,-67.77,-19.5,-3.31,-90.97,82.34,78.0,2,30.86,Poor
0.039,-82.88,-67.15,-16.71,7.87,-96.82,49.66,,3,46.92,Fair
0.297,-90.34,-73.78,-17.42,1.99,-97.15,63.12,65.0,0,41.94,Fair
0.325,-90.62,-75.06,-14.52,-4.43,-91.13,89.0,74.0,3,35.68,Fair
0.795,-100.19,-79.89,-19.5,-8.33,-96.24,51.86,56.0,2,16.87,Poor
0.264,-93.2,-73.04,-19.5,10.13,-106.29,10.09,43.0,4,46.73,Fair
0.381,-100.7,-86.52,-15.34,-8.42,-100.53,25.74,26.0,2,37.52,Fair
0.337,-99.22,-80.05,-18.91,-10.0,-89.0,76.41,55.0,0,20.2,Poor
0.02,-74.32,-52.2,-19.5,19.62,-99.76,57.0,61.0,0,53.21,Fair
0.43,-97.62,-80.33,-17.47,-2.34,-100.6,28.29,42.0,2,40.48,Fair
0.792,-97.68,-78.74,-18.96,0.11,-101.45,37.39,38.0,1,38.0,Fair
0.077,-77.61,-57.42,-19.5,14.67,-101.94,37.04,41.0,4,52.39,Fair
0.406,-102.79,-88.75,-13.59,-4.44,-100.62,39.69,37.0,0,26.64,Poor
0.405,-98.95,-80.49,-18.27,-2.96,-101.19,21.69,23.0,1,37.47,Fair
0.081,-85.13,-63.31,-19.5,17.28,-105.92,34.84,29.0,0,48.16,Fair
0.059,-89.73,-73.51,-16.92,0.84,-98.86,53.44,50.0,0,38.14,Fair
1.762,-106.66,-86.16,-18.44,-10.0,-99.54,47.34,41.0,1,20.33,Poor
0.225,-92.07,-73.99,-18.57,9.44,-107.87,20.65,31.0,3,43.28,Fair
0.116,-85.82,-69.85,-17.49,6.05,-93.65,80.26,71.0,1,40.07,Fair
0.085,-77.26,-59.55,-16.33,16.05,-99.09,51.14,45.0,2,53.94,Fair
0.496,-97.57,-81.15,-15.12,9.16,-113.77,11.27,19.0,0,48.34,Fair
0.423,-98.27,-82.94,-16.24,-3.59,-100.71,33.45,35.0,2,34.75,Poor
0.464,-95.06,-77.83,-15.76,-4.15,-92.4,63.95,60.0,5,18.71,Poor
0.041,-72.32,-54.12,-16.42,30.0,-105.85,12.93,25.0,1,69.22,Good
1.008,-102.89,-85.39,-17.86,-1.76,-105.97,19.99,22.0,1,30.6,Poor
0.222,-88.21,-71.0,-17.53,0.61,-95.67,49.21,38.0,5,36.56,Fair
0.169,-89.2,-70.52,-17.06,-0.53,-92.49,79.25,69.0,1,36.95,Fair
0.279,-93.28,-73.68,-18.59,-7.48,-89.7,75.75,67.0,1,21.96,Poor
0.222,-90.53,-75.97,-13.55,-1.74,-92.57,68.11,58.0,1,32.43,Poor
0.896,-106.07,-88.83,-15.65,-7.44,-101.7,55.1,60.0,2,20.25,Poor
1.192,-107.8,-95.73,-12.76,-10.0,-101.35,32.53,46.0,3,37.67,Fair
0.163,-82.77,-65.26,-18.62,4.57,-90.84,75.25,54.0,2,35.72,Fair
0.898,-95.04,-76.59,-18.0,-7.31,-96.62,30.82,42.0,2,36.24,Fair
0.684,-94.35,-74.64,-19.5,7.9,-106.75,20.52,33.0,2,40.7,Fair
1.202,-110.9,-92.44,-17.63,-10.0,-95.75,56.61,51.0,3,15.85,Poor
0.127,-91.82,-72.17,-18.26,6.87,-100.21,19.33,16.0,1,42.57,Fair
0.387,-100.54,-82.35,-18.24,0.65,-101.83,28.48,38.0,2,34.69,Poor
0.144,-86.72,-70.74,-15.94,-0.41,-94.78,54.63,54.0,1,35.9,Fair
0.782,-113.11,-98.46,-14.61,-10.0,-105.24,33.96,27.0,2,21.29,Poor
0.02,-72.8,-55.59,-17.17,30.0,-109.22,7.06,31.0,3,73.77,Good
0.374,-89.86,-74.16,-17.58,8.72,-103.38,21.67,38.0,1,51.08,Fair
0.186,-85.53,-67.89,-18.55,8.36,-95.18,67.81,58.0,0,33.96,Poor
0.175,-90.96,-74.44,-16.64,5.25,-100.36,30.81,50.0,2,47.44,Fair
0.466,-99.12,-79.86,-16.67,-5.4,-95.98,41.89,44.0,0,26.25,Poor
0.858,-100.41,-82.27,-16.5,-10.0,-87.86,66.0,64.0,0,18.09,Poor
0.423,-92.8,-73.46,-19.03,1.29,-97.67,31.02,44.0,2,29.61,Poor
0.863,-104.87,-85.54,-18.2,-9.61,-100.85,38.41,42.0,2,27.0,Poor
0.138,-87.82,-70.36,-19.15,9.55,-101.35,38.21,47.0,0,47.92,Fair
0.33,-96.66,-79.01,-17.02,2.05,-101.31,36.84,30.0,4,42.77,Fair
0.269,-97.97,-78.46,-19.5,4.76,-107.34,25.81,44.0,4,36.72,Fair
0.02,-71.32,-45.99,-19.5,22.4,-98.84,47.37,53.0,2,47.09,Fair
0.366,-96.48,-81.45,-15.21,-10.0,-88.06,94.6,81.0,3,25.08,Poor
0.487,-102.82,-84.69,-18.34,-9.46,-102.07,51.17,55.0,0,21.59,Poor
0.403,-93.55,-79.14,-15.11,-10.0,-91.77,67.56,72.0,4,31.82,Poor
0.6,-97.64,-79.7,-19.04,4.76,-105.35,35.95,49.0,3,35.95,Fair
0.381,-92.86,-76.88,-16.98,8.78,-105.98,27.26,34.0,2,44.47,Fair
0.031,-77.2,-59.56,-16.45,16.2,-96.97,37.76,42.0,0,59.11,Good
0.056,-87.01,-68.54,-19.5,19.08,-106.19,16.48,37.0,1,59.66,Good
0.408,-94.37,-77.84,-16.37,-0.77,-99.95,38.08,40.0,3,40.74,Fair
0.145,-89.93,-77.28,-13.78,-8.33,-88.3,72.26,70.0,1,22.19,Poor
0.037,-79.24,-56.96,-19.5,11.1,-93.31,56.61,50.0,3,43.44,Fair
0.253,-97.11,-76.59,-19.5,-4.83,-99.49,23.97,29.0,2,25.45,Poor
0.364,-96.34,-78.73,-16.98,-1.59,-100.33,39.3,42.0,3,33.08,Poor
0.179,-82.81,-67.5,-16.57,-0.91,-88.56,70.8,57.0,4,34.88,Poor
0.574,-101.21,-82.95,-19.5,-5.1,-101.3,47.85,49.0,2,21.28,Poor
0.464,-101.72,-82.63,-19.5,-9.38,-96.65,50.36,53.0,2,16.58,Poor
0.182,-86.65,-66.34,-18.78,7.23,-100.5,61.69,46.0,4,51.26,Fair
0.633,-99.35,-78.76,-19.22,3.2,-108.37,3.83,17.0,3,42.62,Fair
0.471,-105.95,-84.8,-19.5,-5.93,-104.26,8.2,24.0,1,40.29,Fair
0.457,-94.56,-81.78,-12.99,2.06,-103.33,28.82,25.0,1,45.38,Fair
0.363,-86.7,-69.62,-15.83,4.51,-96.04,61.26,53.0,1,43.13,Fair
0.02,-80.85,-59.87,-19.5,17.34,-102.24,28.92,32.0,1,46.29,Fair
0.537,-103.55,-88.32,-16.33,0.47,-106.83,34.43,47.0,1,33.93,Poor
0.212,-101.97,-80.31,-19.5,1.67,-112.5,19.03,26.0,1,30.11,Poor
1.286,-106.49,-83.06,-19.5,-10.0,-95.33,46.86,40.0,2,18.0,Poor
0.767,-97.74,-76.17,-19.5,-1.24,-97.55,44.7,35.0,2,29.14,Poor
0.399,-95.61,-75.63,-19.5,-3.63,-99.82,52.5,49.0,3,26.97,Poor
0.131,-80.83,-64.17,-16.52,23.55,-110.45,10.72,40.0,1,71.71,Good
0.103,-80.98,-62.13,-17.24,19.03,-100.74,28.43,33.0,2,59.96,Good
0.187,-82.69,-68.72,-13.04,2.81,-92.78,78.05,63.0,0,36.28,Fair
0.291,-88.68,-73.02,-15.62,13.92,-108.84,19.11,19.0,1,45.0,Fair
0.158,-89.64,-73.77,-15.59,5.36,-101.64,26.64,39.0,1,44.15,Fair
0.326,-94.01,-75.83,-18.68,11.75,-111.21,21.02,32.0,1,48.42,Fair
0.081,-85.79,-68.96,-17.06,11.12,-102.74,43.65,39.0,2,55.21,Good
1.712,-109.6,-90.81,-19.12,-10.0,-103.23,11.35,16.0,4,18.65,Poor
0.051,-78.14,-57.5,-19.5,16.43,-99.31,40.95,38.0,1,49.01,Fair
1.209,-106.0,-90.13,-15.56,-10.0,-97.06,54.31,61.0,2,30.92,Poor
1.102,-99.48,-81.04,-19.5,-10.0,-90.97,72.57,70.0,1,19.18,Poor
0.335,-95.86,-79.1,-15.71,-10.0,-87.72,73.93,67.0,2,24.19,Poor
0.581,-103.02,-84.45,-16.94,1.68,-107.75,3.82,23.0,3,39.18,Fair
0.258,-95.74,-75.68,-19.5,-3.15,-97.14,56.1,51.0,2,26.86,Poor
0.447,-94.41,-73.65,-19.5,12.87,-109.03,14.52,32.0,2,46.75,Fair
0.187,-95.11,-75.1,-19.5,4.89,-104.39,27.15,27.0,2,36.77,Fair
0.161,-89.01,-69.77,-17.21,9.82,-104.06,36.68,29.0,3,49.54,Fair
0.388,-90.5,-76.76,-14.23,13.13,-106.45,14.28,27.0,1,52.45,Fair
0.31,-92.69,-77.94,-14.19,1.84,-101.94,39.33,48.0,4,38.73,Fair
0.39,-96.14,-80.61,-16.81,,-97.07,20.21,31.0,2,31.54,Poor
0.152,-87.84,-68.76,-19.5,15.06,-106.57,10.54,31.0,3,52.71,Fair
0.206,-94.43,-80.3,-13.23,-4.21,-96.01,64.89,79.0,1,31.94,Poor
0.039,-79.56,-60.55,-18.64,23.64,-106.61,4.64,24.0,2,63.72,Good
0.024,-72.8,-54.0,-17.95,30.0,-109.7,12.75,22.0,2,67.72,Good
0.132,-85.36,-73.17,-12.16,3.94,-92.29,36.7,42.0,2,48.4,Fair
0.035,-71.26,-56.53,-15.51,18.15,-97.1,61.75,46.0,3,54.51,Fair
0.049,-77.66,-56.53,-19.5,29.91,-110.99,22.53,26.0,3,64.48,Good
0.754,-96.15,-76.06,-19.5,4.76,-103.32,33.81,44.0,3,38.97,Fair
0.02,-64.02,-48.57,-15.59,29.57,-99.39,26.51,37.0,3,72.98,Good
0.484,-94.53,-79.64,-14.48,7.51,-106.9,27.84,50.0,1,50.28,Fair
0.143,-82.28,-71.63,-10.17,22.39,-106.18,9.62,27.0,5,67.15,Good
0.923,-107.28,-84.87,-19.5,-6.72,-105.96,15.84,20.0,7,24.46,Poor
0.299,-98.13,-80.0,-19.5,-0.45,-103.98,34.07,36.0,0,29.46,Poor
0.164,-86.28,-62.63,-19.5,8.9,-104.6,23.71,29.0,2,52.65,Fair
0.328,-99.71,-82.29,-18.06,-6.36,-98.73,40.65,39.0,3,21.13,Poor
0.217,-91.91,-73.06,-19.07,-1.56,-92.09,52.03,55.0,0,33.24,Poor
0.374,-92.39,-71.72,-19.5,5.33,-107.57,20.63,30.0,0,40.23,Fair
0.055,-73.27,-50.35,-19.5,28.03,-107.19,28.57,31.0,0,55.14,Good
2.613,-113.36,-93.86,-19.5,-10.0,-94.15,57.18,54.0,2,13.1,Poor
0.249,-94.57,-76.57,-16.67,5.06,-105.79,25.61,32.0,0,40.55,Fair
0.193,-88.46,-70.37,-16.39,9.95,-103.63,15.1,26.0,6,55.29,Good
0.557,-103.23,-88.37,-15.04,-10.0,-96.26,43.69,54.0,2,23.71,Poor
0.204,-90.91,-74.06,-16.16,5.1,-102.35,18.61,29.0,1,44.26,Fair
0.806,-102.17,-84.02,-17.37,-9.75,-98.62,45.6,50.0,6,31.08,Poor
0.273,-92.85,-70.71,-19.5,4.9,-103.15,22.07,34.0,1,34.91,Poor
0.572,-98.81,-82.1,-17.9,1.75,-105.62,12.39,31.0,4,30.18,Poor
0.051,-81.68,-60.5,-19.5,19.39,-107.59,15.6,24.0,0,56.27,Good
0.842,-105.43,-87.67,-18.35,-2.1,-104.21,15.51,,1,31.65,Poor
0.599,-102.55,-80.82,-19.5,-3.11,-102.95,22.8,,3,31.6,Poor
0.107,-91.15,-71.12,-19.5,-0.16,-96.63,30.05,36.0,0,34.9,Poor
0.071,-79.74,-59.91,-19.18,17.84,-101.09,27.02,,1,58.39,Good
0.171,-85.14,-64.2,-19.5,14.64,-105.11,25.24,30.0,0,55.27,Good
1.68,-105.32,-84.83,-19.5,-6.13,-101.96,8.08,26.0,4,27.7,Poor
0.134,-87.63,-66.44,-19.5,3.31,-95.06,79.66,51.0,3,33.24,Poor
0.274,-96.03,-71.64,-19.5,-7.43,-93.92,73.09,56.0,3,16.54,Poor
0.02,-67.47,-44.62,-19.5,20.74,-94.73,68.04,74.0,1,54.1,Fair
0.228,-88.63,-69.23,-19.5,-2.81,-93.86,60.45,57.0,1,35.72,Fair
0.381,-94.78,-78.1,-15.56,-7.1,-94.55,70.51,49.0,1,30.69,Poor
1.377,-99.81,-80.71,-19.43,1.79,-107.77,22.09,31.0,2,40.89,Fair
0.327,-94.43,-82.21,-12.72,9.35,-107.08,16.84,33.0,2,46.05,Fair
0.769,-102.76,-82.28,-19.5,-0.62,-108.2,11.51,35.0,5,30.21,Poor
0.356,-96.66,-81.84,-14.1,8.93,-108.99,16.47,20.0,3,47.21,Fair
0.02,-76.69,-55.32,-19.5,20.83,-101.33,35.15,41.0,2,51.53,Fair
0.17,-86.03,-62.09,-19.5,13.13,-102.67,22.35,24.0,1,46.55,Fair
0.386,-96.17,-82.52,-14.25,0.42,-104.77,24.23,41.0,1,41.34,Fair
1.353,-104.6,-86.75,-18.21,-10.0,-97.6,35.56,37.0,2,28.44,Poor
0.882,-95.55,-80.74,-14.19,-8.43,-90.65,43.82,41.0,4,32.48,Poor
0.117,-86.98,-74.16,-12.91,4.88,-101.03,28.83,35.0,0,52.66,Fair
0.112,-94.4,-76.72,-17.46,-0.44,-95.54,46.36,43.0,3,27.64,Poor
0.101,-82.25,-62.35,-18.51,19.52,-105.29,30.04,35.0,1,56.98,Good
1.151,-104.56,-84.3,-19.5,-10.0,-100.39,42.6,49.0,3,16.53,Poor
0.862,-105.65,-87.19,-16.78,-10.0,-97.82,54.22,37.0,2,17.14,Poor
0.671,-98.96,-85.95,-13.38,0.3,-105.76,13.39,39.0,2,42.75,Fair
0.224,-87.92,-69.55,-16.07,10.51,-102.44,17.97,31.0,2,51.62,Fair
0.316,-97.8,-84.28,-13.87,-2.87,-99.81,49.35,53.0,5,36.44,Fair
0.281,-94.21,-80.49,-13.18,-2.0,-98.18,37.6,41.0,5,38.65,Fair
0.132,-80.54,-65.53,-14.54,16.49,-102.36,24.81,32.0,2,63.27,Good
0.316,-96.92,-75.77,-19.5,-10.0,-87.86,69.1,62.0,3,19.44,Poor
0.02,-70.18,-50.54,-19.5,13.85,-87.59,73.38,72.0,2,45.28,Fair
0.064,-90.7,-71.74,-16.82,17.25,-111.74,16.33,31.0,2,51.28,Fair
0.98,-109.76,-94.34,-15.67,-10.0,-95.3,59.2,41.0,3,22.21,Poor
0.627,-99.33,-82.49,-17.79,-9.77,-95.9,68.87,68.0,1,26.7,Poor
0.247,-86.99,-73.1,-12.78,11.42,-104.37,22.94,35.0,3,60.29,Good
0.328,-99.78,-77.69,-19.5,-4.04,-98.93,43.4,41.0,1,24.13,Poor
0.208,-90.1,-65.51,-19.5,1.2,-98.51,50.4,49.0,3,32.87,Poor
0.608,-101.19,-81.52,-19.5,-10.0,-97.09,54.06,50.0,2,14.06,Poor
0.69,-96.98,-76.78,-19.5,-10.0,-94.82,47.14,51.0,1,21.42,Poor
0.648,-105.12,-87.6,-19.13,-9.15,-107.23,12.98,28.0,0,28.29,Poor
0.577,-97.52,-84.38,-14.57,-1.85,-97.32,57.88,54.0,0,32.13,Poor
0.103,-86.95,-71.48,-15.17,3.7,-92.98,61.17,,0,31.49,Poor
0.186,-88.53,-71.92,-17.66,9.61,-103.35,30.62,25.0,1,49.82,Fair
0.286,-92.87,-76.02,-17.93,8.12,-106.42,28.82,34.0,2,40.33,Fair
0.181,-90.2,-74.04,-15.65,-6.53,-89.74,70.99,59.0,3,28.29,Poor
0.633,-98.13,-79.98,-17.35,,-92.46,69.66,56.0,2,23.97,Poor
0.18,-88.97,-73.52,-16.82,3.96,-99.2,26.35,27.0,0,46.14,Fair
0.067,-81.17,-56.67,-19.5,12.77,-95.42,55.37,53.0,3,49.29,Fair
0.229,-92.67,-78.76,-14.65,-4.12,-91.58,70.02,56.0,1,34.46,Poor
1.758,-108.6,,-19.18,-5.95,-108.2,16.47,22.0,4,31.07,Poor
0.115,-84.42,-67.2,-16.78,2.56,-94.19,59.26,57.0,2,39.24,Fair
0.426,-100.57,-81.18,-19.01,-8.97,-96.7,33.71,28.0,1,26.32,Poor
0.255,-93.57,-74.05,-18.63,-1.67,-93.74,47.88,49.0,2,26.83,Poor
0.033,-78.89,-60.42,-19.5,19.05,-105.21,24.84,35.0,0,47.01,Fair
0.301,-93.76,-79.16,-15.08,4.42,-103.52,20.22,41.0,0,52.32,Fair
0.545,-101.11,-84.11,-18.97,-10.0,-88.97,70.32,76.0,0,23.47,Poor
0.324,-91.15,-72.65,-18.4,-6.14,-88.17,82.67,65.0,2,25.61,Poor
0.925,-100.65,-82.33,-18.59,-5.48,-98.71,44.62,51.0,1,25.15,Poor
0.153,-91.47,-76.54,-16.12,-4.44,-90.36,80.88,60.0,0,31.27,Poor
0.041,-76.39,-54.52,-19.5,23.2,-101.37,37.02,37.0,0,57.65,Good
1.241,-103.33,-92.81,-10.22,-7.58,-101.7,17.27,41.0,3,48.6,Fair
0.214,-91.34,-74.09,-16.33,7.2,-101.07,28.91,42.0,1,46.81,Fair
0.387,-98.68,-83.44,-15.42,-0.14,-102.98,35.49,46.0,0,34.72,Poor
0.707,-105.37,-86.82,-17.23,-4.44,-105.68,16.42,31.0,4,28.88,Poor
0.176,-85.56,-64.51,-19.5,14.11,-103.72,35.68,34.0,4,48.07,Fair
0.567,-95.47,-81.69,-14.32,0.09,-101.87,32.66,37.0,5,42.7,Fair
0.065,-81.29,-56.22,-19.5,,-97.5,52.53,53.0,3,45.27,Fair
0.155,-84.79,-66.19,-18.56,9.78,-98.85,39.93,41.0,0,36.18,Fair
0.07,-92.93,-73.78,-19.22,14.2,-110.06,12.87,30.0,0,47.35,Fair
0.75,-96.21,-82.52,-13.16,-1.76,-96.8,50.96,55.0,0,33.35,Poor
0.113,-85.79,-67.93,-16.65,14.49,-107.06,16.26,22.0,3,52.76,Fair
0.569,-98.55,-77.63,-19.5,-0.83,-102.87,31.43,36.0,4,32.02,Poor
1.291,-107.51,-88.88,-18.36,-10.0,-87.95,69.59,66.0,1,15.6,Poor
0.338,-89.01,-70.59,-17.39,8.53,-100.25,21.65,30.0,4,45.77,Fair
0.349,-99.14,-81.29,-18.13,2.82,-107.86,34.84,32.0,3,36.59,Fair
0.278,-87.02,-73.15,-13.86,18.29,-104.0,26.02,33.0,2,52.7,Fair
0.177,-87.45,-73.6,-14.04,12.13,-110.16,21.76,35.0,1,58.46,Good
0.291,-90.8,-69.29,-19.5,14.46,-113.15,10.21,32.0,1,53.4,Fair
0.416,-97.71,-77.06,-19.5,-1.82,-97.5,43.77,45.0,1,34.35,Poor
1.921,-114.91,-93.82,-19.5,-10.0,-97.6,58.45,50.0,2,13.15,Poor
1.25,-102.22,-86.69,-15.21,-4.03,-102.25,16.82,40.0,1,33.81,Poor
0.892,-101.77,-84.24,-17.65,1.58,-106.92,17.71,32.0,1,40.7,Fair
0.99,-98.47,-76.78,-19.5,-4.95,-97.53,34.38,41.0,1,31.24,Poor
0.284,-93.87,-79.55,-12.71,-1.1,-98.29,28.77,34.0,3,44.56,Fair
0.482,-99.36,-77.97,-19.5,-6.72,-95.71,46.47,45.0,3,23.16,Poor
1.014,-98.58,-82.34,-14.4,9.31,-110.02,9.46,24.0,4,48.36,Fair
0.225,-83.42,-67.99,-13.96,8.85,-100.54,59.01,46.0,2,51.81,Fair
1.469,-107.31,-89.4,-17.85,-6.7,-107.58,12.08,24.0,2,35.56,Fair
0.242,-94.72,-80.07,-14.04,-2.98,-96.13,41.23,40.0,2,28.97,Poor
0.414,-93.11,-80.8,-11.7,-7.89,-89.53,52.45,49.0,3,31.5,Poor
0.557,-99.94,-81.72,-17.87,-1.56,-102.56,40.8,46.0,3,34.9,Poor
1.353,-104.24,-84.64,-19.5,,-101.42,22.06,30.0,5,24.6,Poor
0.126,-87.13,-65.48,-19.5,6.0,-97.53,46.57,52.0,1,41.17,Fair
0.617,-93.56,-73.74,-19.5,3.45,-100.41,23.22,33.0,4,35.66,Fair
0.331,-97.22,-73.33,-19.5,8.86,-109.35,15.99,30.0,3,39.73,Fair
0.141,-85.11,-63.02,-19.5,7.95,-96.65,59.26,57.0,0,43.04,Fair
0.674,-102.55,-82.33,-19.44,-7.37,-98.77,48.56,48.0,2,21.01,Poor
0.362,-96.31,-76.91,-19.5,-6.25,-96.22,48.61,45.0,1,21.05,Poor
0.487,-99.41,-77.72,-19.5,-1.3,-104.71,30.78,39.0,0,30.15,Poor
0.175,-85.98,-74.62,-12.1,12.87,-101.67,48.79,44.0,4,55.49,Good
0.295,-89.76,-73.2,-16.77,-2.15,-94.16,58.8,42.0,1,35.45,Fair
0.432,-94.5,-82.08,-11.23,3.45,-105.89,21.75,34.0,0,51.93,Fair
0.234,-91.84,-71.85,-19.08,-9.85,-88.16,65.45,59.0,1,27.43,Poor
0.1,-83.48,-67.71,-14.87,3.37,-91.07,67.77,66.0,2,38.57,Fair
1.467,-103.75,-76.69,-19.5,-8.45,-97.56,52.06,50.0,2,27.06,Poor
0.322,-90.48,-74.03,-17.04,7.58,-99.95,35.76,43.0,2,51.76,Fair
0.596,-110.28,-91.96,-17.97,-10.0,-98.79,48.06,57.0,4,22.54,Poor
0.238,-92.67,-75.87,-18.49,0.5,-99.28,34.8,36.0,3,41.79,Fair
0.197,-90.85,-74.32,-15.78,4.82,-103.88,23.68,41.0,2,45.74,Fair
0.235,-88.79,-74.53,-14.77,1.25,-93.06,45.64,51.0,1,36.28,Fair
0.237,-91.79,-77.63,-14.42,-0.09,-93.89,56.5,55.0,2,38.24,Fair
0.354,-92.12,-80.66,-11.76,3.85,-99.97,22.18,44.0,1,51.11,Fair
0.353,-99.29,-79.65,-18.65,6.05,-105.91,27.34,33.0,0,40.96,Fair
0.309,-92.8,-76.07,-16.61,7.85,-103.0,15.23,24.0,2,45.41,Fair
0.065,-76.81,-53.01,-19.5,24.03,-111.33,7.06,29.0,0,58.18,Good
0.308,-99.71,-85.44,-15.77,1.01,-106.59,20.01,32.0,0,39.2,Fair
0.083,-72.47,-50.04,-19.5,25.76,-101.39,30.29,43.0,2,62.88,Good
0.061,-75.04,-52.32,-19.5,10.83,-89.52,56.19,52.0,0,38.85,Fair
1.214,-105.69,-83.86,-19.5,-10.0,-98.4,48.96,47.0,3,21.91,Poor
0.418,-99.76,-81.05,-19.5,1.27,-102.7,18.18,40.0,5,32.63,Poor
0.485,-98.43,-81.44,-18.41,-0.15,-104.33,39.28,33.0,1,35.36,Fair
0.231,-90.98,-69.15,-19.5,13.79,-104.19,21.83,30.0,5,46.05,Fair
1.079,-102.9,-87.28,-16.6,-8.21,-102.39,37.49,49.0,2,24.7,Poor
0.457,-91.22,-72.41,-19.5,11.43,-107.34,7.03,28.0,2,49.63,Fair
0.66,-102.3,-84.44,-16.99,-1.65,-104.91,28.28,34.0,2,35.69,Fair
0.207,-88.11,-72.78,-17.37,4.2,-98.92,30.1,39.0,4,45.34,Fair
1.449,-112.39,-93.56,-19.5,-10.0,-90.4,60.3,61.0,4,18.46,Poor
0.773,-103.43,-83.2,-18.06,-10.0,-92.53,59.96,46.0,4,20.47,Poor
0.866,-101.25,-86.04,-15.04,-6.24,-100.1,53.86,56.0,3,39.16,Fair
0.085,-79.93,-60.55,-19.5,15.18,-101.33,22.53,43.0,0,53.32,Fair
0.142,-90.13,-78.82,-12.35,6.73,-101.84,61.31,63.0,1,45.44,Fair
0.151,-89.42,-74.57,-14.93,3.12,-98.35,58.93,50.0,2,43.16,Fair
0.142,-81.28,-64.65,-16.53,13.74,-99.56,24.24,33.0,1,52.13,Fair
0.87,-98.16,-79.08,-18.1,-1.4,-98.57,56.57,50.0,5,37.4,Fair
0.02,-69.61,-49.0,-19.5,26.64,-103.89,14.81,32.0,0,69.3,Good
0.036,-84.22,-65.97,-18.01,6.34,-96.75,52.7,51.0,2,35.07,Fair
0.144,-77.19,,-19.5,13.43,-98.66,40.88,30.0,6,49.94,Fair
0.1,-84.2,-66.68,-18.24,10.82,-101.35,42.25,,0,46.32,Fair
0.119,-86.81,-67.6,-19.5,6.34,-93.66,58.03,42.0,2,31.37,Poor
0.72,-103.24,-84.19,-19.5,-6.6,-100.75,22.95,35.0,2,30.74,Poor
0.373,-93.94,-77.47,-15.76,1.49,-101.05,34.26,43.0,2,31.46,Poor
0.02,-68.9,-51.96,-16.73,30.0,-106.52,27.9,43.0,1,63.12,Good
0.252,-88.27,-68.47,-18.94,13.8,-104.22,13.85,31.0,1,45.93,Fair
0.236,-95.19,-71.76,-19.5,-0.2,-100.94,39.68,44.0,1,35.04,Fair
0.054,-80.13,-58.51,-19.5,17.62,-103.29,17.04,34.0,1,58.72,Good
0.507,-90.0,-75.39,-15.0,9.1,-103.76,46.42,42.0,3,39.13,Fair
0.545,-97.84,-83.22,-15.14,1.7,-105.81,21.45,42.0,2,40.15,Fair
0.574,-99.89,-83.49,-16.43,-4.57,-102.1,46.21,44.0,4,30.99,Poor
0.587,-103.15,-84.85,-15.13,-10.0,-97.51,60.0,62.0,2,29.51,Poor
0.02,-68.42,-50.28,-18.93,30.0,-110.96,5.37,20.0,2,68.27,Good
1.385,-102.71,-80.99,-19.5,-10.0,-86.8,75.53,60.0,3,18.09,Poor
0.757,-98.1,-76.21,-19.5,-5.39,-97.98,37.41,31.0,2,29.19,Poor
1.054,-105.5,-87.49,-17.68,-10.0,-84.76,86.81,80.0,1,10.31,Poor
0.02,-69.0,-51.68,-16.64,18.58,-91.26,51.88,58.0,2,62.34,Good
1.222,-99.06,-79.51,-19.5,-10.0,-91.07,68.31,40.0,4,19.99,Poor
0.747,-97.19,-76.0,-19.5,-10.0,-84.05,83.01,78.0,4,18.01,Poor
0.817,-105.39,-85.73,-19.5,,-104.22,18.05,24.0,2,27.41,Poor
0.044,-87.26,-70.56,-15.79,3.38,-98.62,32.38,36.0,1,47.08,Fair
0.604,-98.45,-82.29,-15.26,-6.63,-95.68,65.39,70.0,1,26.28,Poor
1.448,-104.02,-89.36,-17.46,-10.0,-95.27,51.76,54.0,1,20.3,Poor
0.511,-102.54,-83.96,-19.24,-10.0,-92.75,69.55,62.0,2,18.88,Poor
0.38,-95.66,-75.79,-19.5,7.45,-109.2,12.73,35.0,3,51.26,Fair
1.31,-107.41,-87.2,-19.47,-9.64,-103.91,21.17,30.0,3,22.96,Poor
0.263,-92.02,-70.57,-19.5,11.94,-109.68,2.8,21.0,0,46.45,Fair
0.412,-98.49,-76.05,-19.5,-6.67,-98.41,57.91,42.0,5,33.93,Poor
0.291,-88.15,-74.27,-12.55,1.28,-93.73,58.83,52.0,3,37.32,Fair
1.215,-105.11,-85.89,-19.4,-1.82,-107.63,25.86,41.0,3,33.18,Poor
0.036,-78.79,-59.47,-19.12,22.24,-105.16,22.05,32.0,5,60.51,Good
0.313,-90.27,-72.49,-17.22,0.17,-98.15,41.85,40.0,3,36.5,Fair
0.523,-103.44,-87.92,-15.79,-10.0,-98.38,36.33,32.0,1,29.62,Poor
0.706,-95.86,-73.52,-19.5,-5.45,-97.53,46.59,47.0,3,19.53,Poor
0.394,-91.96,-75.73,-16.71,6.56,-105.15,29.38,36.0,3,49.28,Fair
1.078,-99.1,-87.68,-10.97,2.59,-105.81,20.73,24.0,3,48.64,Fair
1.281,-106.79,-88.73,-18.02,-10.0,-99.91,47.76,37.0,1,25.52,Poor
0.03,-75.79,-58.5,-17.54,19.52,-102.04,38.39,42.0,0,53.8,Fair
0.232,-91.0,-67.42,-19.5,0.38,-98.1,48.54,51.0,0,37.19,Fair
0.02,-70.78,-51.31,-17.42,23.46,-99.2,32.21,43.0,1,66.54,Good
0.18,-91.76,-74.67,-17.69,4.25,-103.42,41.91,46.0,3,45.14,Fair
0.346,-97.03,-79.62,-19.02,4.86,-104.05,23.05,30.0,2,37.88,Fair
1.088,-106.2,-88.83,-17.59,-10.0,-94.48,54.52,55.0,4,26.84,Poor
0.843,-107.21,-82.56,-19.5,-8.91,-102.81,35.96,34.0,0,23.01,Poor
0.061,-77.19,-57.16,-19.18,26.32,-107.98,21.72,42.0,2,62.75,Good
0.044,-77.26,-63.48,-13.02,3.59,-88.85,69.99,66.0,1,46.28,Fair
0.4,-97.31,-80.04,-18.82,2.96,-106.19,6.09,20.0,1,35.48,Fair
0.342,-99.14,-81.21,-17.84,-8.75,-95.32,39.3,38.0,1,19.01,Poor
0.139,-91.59,-76.91,-15.57,-4.46,-89.83,66.38,57.0,2,23.14,Poor
1.034,-96.55,-83.9,-14.02,3.19,-108.88,22.1,25.0,1,40.22,Fair
1.18,-107.95,-88.17,-19.5,-7.6,-105.12,23.76,28.0,3,25.52,Poor
0.232,-88.9,,-15.78,3.6,-94.65,55.53,53.0,2,36.4,Fair
0.995,-103.31,-81.56,-19.5,-10.0,-96.12,52.76,41.0,2,24.36,Poor
0.218,-101.91,-83.88,-19.5,-10.0,-95.18,49.25,,0,17.39,Poor
0.601,-92.42,-75.84,-15.22,17.2,-111.12,7.45,30.0,1,64.13,Good
0.291,-90.56,-79.81,-11.59,1.86,-96.62,36.83,43.0,1,50.23,Fair
0.059,-82.61,-60.94,-19.5,13.13,-99.38,50.21,53.0,5,47.44,Fair
1.184,-105.58,-86.7,-18.52,,-95.18,58.07,56.0,1,23.43,Poor
0.272,-97.33,-80.68,-19.5,5.5,-107.21,24.79,31.0,4,40.69,Fair
0.597,-92.23,-76.9,-16.61,2.62,-103.2,25.33,25.0,2,43.96,Fair
0.206,-93.95,-71.15,-19.5,-10.0,-88.68,85.59,68.0,1,19.84,Poor
0.02,-72.54,-57.73,-14.04,29.74,-108.53,17.55,26.0,2,72.9,Good
0.048,-80.66,-63.77,-17.9,9.43,-96.9,41.12,34.0,3,57.46,Good
0.309,-93.49,-73.78,-18.4,-2.27,-98.53,45.52,35.0,2,30.47,Poor
0.527,-92.97,-70.62,-19.5,,-98.4,32.85,37.0,3,42.01,Fair
0.183,-82.16,-64.81,-17.51,18.3,-104.55,32.39,46.0,1,61.16,Good
0.535,-100.18,-84.38,-16.06,-6.18,-97.24,58.5,50.0,0,26.88,Poor
0.54,-97.15,-79.47,-16.38,-7.63,-93.43,63.49,57.0,2,28.72,Poor
0.548,-98.46,-77.75,-19.5,3.47,-108.47,7.59,25.0,1,38.14,Fair
0.305,-97.65,-76.26,-19.5,-4.93,-97.98,55.77,46.0,2,22.72,Poor
1.109,-95.21,-81.34,-12.74,-10.0,-85.97,62.8,43.0,5,27.6,Poor
0.302,-88.19,-69.84,-17.54,7.33,-100.52,39.38,41.0,0,43.89,Fair
0.269,-91.88,-78.18,-14.02,-0.57,-95.53,61.39,47.0,2,34.51,Poor
0.1,-77.76,-57.11,-19.5,14.5,-96.31,27.89,26.0,0,56.63,Good
0.165,-83.58,-64.31,-19.25,18.06,-107.01,19.38,32.0,3,58.16,Good
0.02,-70.12,-54.88,-15.86,30.0,-103.68,21.06,34.0,0,73.66,Good
0.452,-95.81,-73.21,-19.5,4.41,-102.32,22.4,29.0,4,33.38,Poor
0.129,-80.2,-61.2,-19.32,15.91,-101.67,16.41,33.0,3,55.14,Good
0.163,-92.09,-73.42,-19.05,4.96,-103.24,27.2,30.0,1,48.58,Fair
0.663,-93.75,-76.29,-18.3,,-106.05,18.92,32.0,1,50.22,Fair
0.178,-89.97,-72.0,-19.39,12.64,-108.61,20.83,32.0,0,49.47,Fair
0.125,-79.89,-63.04,-17.05,21.51,-103.39,35.63,44.0,0,59.12,Good
0.083,-82.54,-66.76,-15.1,13.0,-100.63,41.49,43.0,1,55.27,Good
0.671,-99.2,-77.51,-19.5,10.18,-111.45,15.3,33.0,0,46.16,Fair
0.063,-80.19,-63.67,-15.94,15.11,-100.81,35.96,,2,52.17,Fair
0.272,-94.85,-78.43,-17.2,1.81,-101.79,36.98,32.0,2,33.48,Poor
0.318,-95.16,-77.55,-17.3,8.09,-108.97,14.81,29.0,1,48.24,Fair
0.523,-92.87,-70.6,-19.5,6.93,-103.48,41.49,35.0,2,37.5,Fair
0.451,-106.37,-84.97,-19.5,1.06,-110.7,26.98,36.0,3,26.77,Poor
0.749,-106.46,-89.64,-15.08,-10.0,-90.9,52.55,48.0,3,26.55,Poor
0.021,-73.59,-51.91,-19.5,19.41,-101.23,13.85,34.0,1,57.81,Good
0.158,-92.35,-74.03,-17.47,14.99,-110.9,11.39,22.0,4,51.68,Fair
0.148,-81.42,-65.95,-15.9,27.29,-113.72,8.7,26.0,2,68.61,Good
0.071,-76.12,-59.55,-16.48,19.87,-104.69,14.46,18.0,1,66.77,Good
0.154,-85.42,-63.3,-19.5,1.78,-93.0,72.86,65.0,2,34.86,Poor
0.167,-91.05,-66.8,-19.5,,-102.78,33.28,42.0,1,34.69,Poor
0.332,-89.11,-70.15,-19.34,8.39,-103.05,28.56,36.0,0,37.04,Fair
0.49,-104.18,-87.88,-16.34,-2.62,-105.8,23.06,37.0,1,27.48,Poor
0.216,-82.16,-64.53,-16.46,10.59,-98.97,21.56,28.0,1,56.83,Good
0.572,-101.9,-86.19,-15.39,,-109.0,17.82,31.0,4,41.8,Fair
0.184,-90.41,-74.26,-16.46,13.88,-108.32,20.0,23.0,1,55.69,Good
0.154,-89.54,-73.69,-16.08,12.29,-109.37,12.89,29.0,2,51.48,Fair
0.351,-99.21,-81.45,-15.59,-2.37,-101.52,39.55,53.0,2,34.43,Poor
0.02,-62.74,-44.38,-17.77,30.0,-101.82,19.06,30.0,2,69.22,Good
0.037,-72.54,-54.98,-17.13,27.6,-102.96,31.55,31.0,2,66.55,Good
0.244,-86.91,-69.57,-16.03,9.62,-100.18,47.04,65.0,2,45.56,Fair
1.288,-111.1,-90.82,-18.56,-10.0,-108.6,6.8,23.0,1,26.47,Poor
0.575,-98.49,-81.18,-17.77,-2.18,-98.82,57.06,47.0,4,30.94,Poor
0.042,-74.49,-56.98,-16.5,20.6,-99.73,30.61,44.0,3,61.05,Good
0.843,-101.44,-83.97,-16.37,1.19,-106.81,19.56,27.0,1,33.46,Poor
0.593,-104.12,-81.49,-19.5,-8.6,-98.62,38.19,41.0,6,26.83,Poor
0.425,-92.28,-75.76,-15.96,-4.78,-91.15,62.35,66.0,2,34.65,Poor
0.772,-101.28,-81.49,-19.5,-0.89,-107.57,13.22,27.0,1,34.19,Poor
0.233,-95.2,-79.45,-16.24,-10.0,-88.89,65.66,68.0,2,22.86,Poor
0.113,-92.53,-73.48,-19.5,11.67,-108.45,12.09,26.0,1,53.68,Fair
0.323,-91.78,-72.14,-19.5,-4.54,-92.6,57.58,62.0,2,29.02,Poor
0.358,-85.3,-64.05,-19.5,7.15,-97.11,31.01,44.0,0,42.44,Fair
0.348,-98.91,-82.07,-15.9,3.44,-110.02,10.87,31.0,1,43.68,Fair
0.375,-94.81,-80.16,-15.78,-8.41,-92.24,62.91,64.0,4,30.32,Poor
1.337,-102.08,-86.44,-12.88,0.78,-107.88,23.6,37.0,1,40.27,Fair
1.046,-109.48,-88.59,-19.5,-10.0,-90.22,72.6,51.0,1,12.7,Poor
0.938,-105.38,-81.13,-19.5,-10.0,-91.91,79.5,73.0,4,28.25,Poor
0.727,-104.69,-84.19,-19.5,-8.51,-100.68,45.17,40.0,0,27.1,Poor
1.293,-102.3,-88.08,-16.58,-6.2,-100.96,35.04,44.0,2,31.34,Poor
0.047,-72.26,-51.86,-19.5,22.1,-95.99,46.24,54.0,1,62.79,Good
0.139,-86.26,-71.09,-16.41,9.76,-99.78,40.06,46.0,2,46.32,Fair
0.307,-97.15,-80.2,-16.83,6.35,-108.27,8.66,25.0,2,45.03,Fair
0.843,-104.3,-85.74,-19.5,-10.0,-93.28,60.38,61.0,2,15.68,Poor
0.317,-96.56,-77.49,-19.5,-0.11,-98.0,41.77,45.0,4,28.07,Poor
0.62,-103.78,-85.58,-17.85,-10.0,-97.18,35.07,35.0,3,25.17,Poor
0.067,-81.1,-64.9,-14.99,13.08,-98.0,54.32,50.0,4,54.76,Fair
0.131,-84.11,-62.93,-19.5,7.11,-97.5,56.61,36.0,1,43.32,Fair
0.592,-97.5,-81.09,-16.0,-1.77,-100.02,31.01,33.0,2,33.73,Poor
0.081,-82.31,-60.55,-19.5,3.33,-92.62,53.41,51.0,1,43.11,Fair
0.195,-89.61,-75.69,-15.07,8.18,-105.64,17.48,27.0,0,53.59,Fair
0.138,-87.22,-68.57,-17.34,1.09,-98.27,51.08,55.0,3,36.13,Fair
0.194,-94.98,-80.66,-15.48,1.3,-102.84,27.85,38.0,2,44.06,Fair
0.554,-98.25,-82.75,-15.33,-6.99,-95.72,47.14,42.0,0,32.31,Poor
0.206,-92.67,-76.21,-18.48,-1.93,-97.15,51.52,47.0,3,32.31,Poor
0.365,-100.65,-78.09,-19.5,1.71,-104.12,29.27,46.0,3,29.85,Poor
0.047,-76.21,-54.29,-19.5,16.3,-98.59,46.38,53.0,1,49.63,Fair
0.736,-103.79,-83.17,-19.5,-10.0,-98.25,54.15,62.0,1,24.96,Poor
0.208,-89.49,-71.39,-17.57,17.52,-108.81,12.07,32.0,0,53.26,Fair
0.471,-94.08,-75.52,-19.5,3.0,-101.06,31.07,42.0,0,43.52,Fair
0.582,-103.11,-81.31,-19.5,-10.0,-97.9,61.56,64.0,3,19.83,Poor
0.106,-84.21,-64.11,-19.5,12.3,-99.61,48.49,43.0,0,42.46,Fair
0.972,-111.0,-92.95,-19.11,-10.0,-100.66,50.18,42.0,5,16.09,Poor
0.431,-90.58,-68.12,-19.5,11.84,-104.27,26.83,36.0,3,50.79,Fair
0.252,-97.5,-77.05,-19.46,-8.27,-94.47,69.98,73.0,3,18.54,Poor
0.091,-85.3,-66.57,-17.05,8.99,-98.27,51.81,49.0,2,39.13,Fair
1.284,-100.82,-84.2,-17.1,8.69,-107.98,17.7,,6,45.22,Fair
0.633,-100.98,-84.63,-16.27,7.29,-112.64,19.14,33.0,2,41.24,Fair
0.105,-89.29,-72.3,-16.56,-10.0,-83.63,87.68,62.0,1,21.61,Poor
0.185,-86.56,-67.19,-17.67,8.3,-97.91,42.32,42.0,2,44.91,Fair
0.747,-98.71,-78.2,-19.5,-10.0,-91.24,82.7,78.0,3,11.35,Poor
0.535,-101.12,-87.45,-14.32,-10.0,-97.33,46.78,47.0,3,32.63,Poor
0.653,-102.41,-90.25,-12.92,1.75,-107.22,28.78,43.0,1,37.25,Fair
0.262,-94.14,-78.99,-14.78,13.64,-110.79,14.3,34.0,3,49.45,Fair
0.567,-99.92,-83.14,-17.81,-1.32,-102.4,39.91,37.0,3,35.83,Fair
0.22,-98.45,-76.87,-19.5,-3.13,-100.85,31.05,35.0,2,34.47,Poor
0.107,-85.38,,-17.86,12.72,-104.5,18.24,33.0,3,49.11,Fair
0.451,-89.96,-71.2,-17.74,-8.4,-86.85,80.98,61.0,5,21.96,Poor
1.679,-112.09,-92.83,-18.66,-10.0,-99.26,39.44,46.0,5,15.12,Poor
0.167,-90.86,-75.93,-15.05,6.8,-104.1,29.13,40.0,4,49.16,Fair
0.278,-97.65,-75.27,-19.5,0.19,-103.66,20.58,36.0,0,32.62,Poor
0.504,-95.62,-79.62,-17.48,-2.27,-98.04,36.55,40.0,5,33.34,Poor
0.351,-90.12,-67.44,-19.5,10.67,-101.93,30.91,41.0,3,39.22,Fair
0.834,-97.72,-80.1,-18.82,4.13,-108.42,15.24,32.0,2,41.18,Fair
0.645,-105.2,-88.22,-17.41,-10.0,-98.21,28.25,35.0,2,27.61,Poor
0.027,-70.95,-56.29,-15.38,26.0,-101.86,35.99,40.0,1,64.78,Good
2.903,-107.52,-88.93,-17.46,-10.0,-97.98,37.1,38.0,3,22.26,Poor
0.628,-97.94,-73.17,-19.5,0.19,-103.5,38.99,40.0,2,30.28,Poor
0.897,-101.16,-81.92,-19.5,,-103.12,19.73,32.0,3,37.68,Fair
0.474,-99.42,-80.61,-18.51,-0.55,-105.36,29.67,42.0,4,43.07,Fair
0.873,-101.95,-85.95,-13.41,-10.0,-90.25,78.84,81.0,2,28.64,Poor
0.054,-73.81,-54.03,-19.5,6.54,-84.38,92.88,65.0,1,40.5,Fair
0.192,-88.41,-69.94,-17.35,4.93,-100.17,28.41,48.0,1,41.32,Fair
0.941,-108.47,-90.66,-16.85,-10.0,-100.87,29.54,27.0,3,23.15,Poor
0.101,-86.03,-66.54,-19.5,7.98,-101.12,23.78,28.0,3,42.39,Fair
0.037,-70.68,-58.13,-11.7,29.52,-102.99,21.18,30.0,3,66.96,Good
0.698,-99.59,-81.9,-18.22,0.91,-106.05,24.48,27.0,1,38.29,Fair
0.812,-101.73,-87.32,-15.58,-6.23,-102.28,35.27,40.0,3,31.45,Poor
0.08,-84.37,-66.29,-15.03,12.86,-104.49,18.07,38.0,2,49.4,Fair
0.867,-98.02,-82.19,-16.0,1.7,-104.27,33.33,54.0,3,40.0,Fair
0.522,-91.73,-75.69,-16.28,-0.7,-97.68,33.33,37.0,4,35.45,Fair
0.33,-89.35,-75.35,-13.76,-4.92,-89.89,81.95,67.0,3,38.5,Fair
0.798,-96.28,-74.93,-19.5,0.79,-104.03,23.01,27.0,1,30.48,Poor
0.245,-93.24,-77.27,-14.23,-3.22,-94.26,71.23,72.0,3,37.35,Fair
0.097,-85.83,-69.7,-15.09,3.39,-95.54,51.93,44.0,1,47.2,Fair
0.151,-88.25,-65.66,-19.5,-0.25,-94.37,72.35,62.0,1,36.14,Fair
0.317,-93.88,-74.18,-18.43,0.45,-96.79,66.38,63.0,1,34.52,Poor
0.341,-88.96,-77.06,-11.7,3.11,-96.67,62.41,61.0,5,44.3,Fair
0.737,-96.7,-74.54,-19.5,-1.7,-99.71,41.1,41.0,4,27.07,Poor
0.705,-98.82,-75.88,-19.5,-4.76,-98.31,49.8,51.0,2,25.52,Poor
0.392,-101.61,-78.95,-19.5,-6.47,-97.61,30.43,31.0,2,19.37,Poor
0.683,-107.45,-87.45,-18.5,-10.0,-104.87,10.59,25.0,1,21.97,Poor
0.096,-82.76,-68.06,-13.78,16.68,-105.9,15.97,15.0,3,63.65,Good
0.023,-68.12,-50.27,-18.07,30.0,-107.15,8.27,17.0,2,72.63,Good
0.931,-103.71,-90.05,-13.03,-10.0,-88.98,71.44,77.0,1,27.52,Poor
0.035,-67.55,-52.15,-15.65,13.92,-90.42,57.46,63.0,0,57.39,Good
0.127,-90.51,-75.84,-14.07,9.92,-103.62,19.35,41.0,0,54.7,Fair
0.535,-103.41,-87.29,-17.46,-4.97,-103.97,21.36,27.0,2,34.05,Poor
0.237,-94.19,-75.7,-18.56,-6.4,-93.17,66.34,68.0,1,25.2,Poor
0.941,-106.29,-89.62,-17.5,-10.0,-85.87,90.94,79.0,2,16.57,Poor
0.159,-85.99,-69.45,-14.16,11.89,-103.87,10.19,23.0,1,50.61,Fair
0.02,-72.13,-55.0,-16.93,24.22,-99.37,38.68,33.0,0,65.82,Good
0.161,-94.38,-71.88,-19.5,-9.61,-90.4,62.84,59.0,2,19.32,Poor
0.388,-92.24,-67.75,-19.5,10.5,-108.05,16.47,30.0,6,42.05,Fair
0.212,-97.61,-80.97,-17.33,1.89,-103.55,44.22,31.0,2,36.51,Fair
0.344,-99.05,-80.04,-18.36,-4.73,-97.89,40.88,42.0,0,37.0,Fair
0.942,-109.98,-94.5,-15.08,-10.0,-99.74,44.94,46.0,5,25.12,Poor
1.096,-103.98,-83.67,-19.5,-10.0,-93.78,56.75,64.0,0,20.72,Poor
0.139,-86.19,-69.62,-16.84,15.11,-106.65,20.56,26.0,2,58.01,Good
0.279,-85.28,-69.41,-17.02,10.97,-101.73,32.7,43.0,2,50.48,Fair
0.358,-91.46,,-19.5,-0.04,-97.3,53.36,48.0,4,35.0,Poor
1.34,-100.78,-86.85,-13.78,-10.0,-88.98,73.15,70.0,7,20.29,Poor
2.963,-112.28,-101.64,-10.32,-10.0,-95.71,62.96,61.0,2,22.48,Poor
0.121,-89.62,-69.42,-19.5,2.68,-95.45,68.24,56.0,1,34.32,Poor
0.584,-98.83,-81.94,-16.59,-10.0,-90.76,81.99,71.0,4,26.53,Poor
0.214,-88.27,-72.2,-17.95,-2.45,-92.32,65.83,57.0,2,30.42,Poor
0.02,-67.63,-41.43,-19.5,28.34,-101.74,38.09,52.0,0,62.6,Good
0.02,-72.33,-52.14,-19.5,13.76,-93.9,65.61,70.0,2,45.75,Fair
0.278,-90.95,-73.12,-17.43,9.8,-102.86,35.15,26.0,3,42.63,Fair
0.302,-97.35,-81.47,-15.16,-9.95,-91.75,78.97,75.0,2,18.55,Poor
0.02,-74.62,-55.28,-19.5,23.01,-101.7,14.7,26.0,2,70.25,Good
0.523,-102.84,-90.04,-11.4,-10.0,-81.4,93.34,67.0,4,21.47,Poor
0.157,-87.86,-71.4,-18.87,13.11,-104.5,6.75,29.0,3,53.42,Fair
0.369,-100.08,-82.19,-18.81,-10.0,-92.6,61.29,64.0,3,19.53,Poor
0.161,-89.89,-71.25,-19.45,3.55,-101.02,32.44,27.0,2,36.46,Fair
0.082,-78.8,-61.23,-17.05,,-94.41,72.71,63.0,2,44.84,Fair
0.235,-95.59,-79.66,-15.68,12.93,-109.25,10.18,,2,49.65,Fair
0.119,-87.6,-66.83,-19.5,5.96,-99.26,46.91,48.0,6,43.97,Fair
0.344,-94.48,-81.43,-13.48,-4.82,-92.7,43.06,52.0,0,33.74,Poor
0.1,-83.08,-65.91,-16.69,0.43,-90.83,86.08,70.0,2,41.23,Fair
0.32,-96.11,-79.67,-17.4,1.27,-104.05,20.27,,0,36.9,Fair
0.077,-78.7,-57.67,-19.5,20.02,-102.47,53.79,67.0,1,49.02,Fair
0.5,-95.64,-79.02,-17.58,3.73,-102.9,21.62,36.0,1,44.71,Fair
0.631,-95.45,-76.14,-19.5,3.27,-102.83,30.69,48.0,4,35.25,Fair
0.053,-78.92,-59.92,-18.4,21.99,-106.29,34.99,38.0,3,51.61,Fair
0.284,-95.14,-82.65,-10.58,-4.07,-93.43,55.24,58.0,1,39.34,Fair
0.033,-77.38,-59.58,-18.83,17.9,-99.05,39.18,28.0,2,54.66,Fair
0.41,-95.05,-82.28,-12.66,3.97,-105.41,35.28,51.0,3,44.99,Fair
0.138,-88.38,-69.33,-19.5,14.36,-106.92,12.51,32.0,2,58.97,Good
0.337,-96.87,-81.06,-17.37,0.05,-102.09,26.9,36.0,1,40.42,Fair
0.328,-96.13,-74.57,-19.5,1.4,-100.49,37.29,45.0,1,34.54,Poor
1.162,-108.04,-90.59,-15.51,-10.0,-100.26,28.49,32.0,3,32.32,Poor
0.358,-94.32,-78.63,-13.77,7.16,-106.38,9.9,26.0,1,43.26,Fair
0.394,-101.57,-79.97,-19.5,-10.0,-92.45,54.64,41.0,2,20.86,Poor
0.231,-90.1,-74.72,-13.35,2.21,-98.43,66.03,52.0,1,40.8,Fair
1.34,-103.84,-83.16,-19.5,-7.25,-100.21,17.85,30.0,6,30.95,Poor
0.676,-102.93,-83.53,-19.5,-8.18,-102.7,29.97,33.0,4,23.49,Poor
0.151,-79.96,-63.06,-18.12,16.15,-98.12,23.73,33.0,1,48.01,Fair
0.837,-102.39,-88.4,-14.78,4.67,-110.84,17.34,26.0,0,41.87,Fair
0.255,-98.41,-76.68,-19.5,-2.21,-97.79,49.59,48.0,1,28.47,Poor
0.794,-103.13,-83.63,-19.5,-10.0,-97.42,28.64,25.0,1,25.25,Poor
0.779,-101.59,-85.91,-16.58,-0.31,-105.59,22.99,43.0,3,37.07,Fair
0.094,-81.78,-63.04,-18.63,23.12,-108.85,34.69,39.0,1,54.98,Fair
0.544,-99.75,-78.73,-19.5,-5.94,-98.09,46.85,49.0,2,18.2,Poor
0.155,-91.88,-73.55,-16.71,4.92,-98.85,38.96,43.0,0,38.9,Fair
0.159,-92.46,-73.74,-18.44,3.14,-98.44,38.97,41.0,1,33.13,Poor
0.158,-90.65,-69.56,-19.5,1.66,-100.38,33.97,50.0,2,39.46,Fair
0.582,-101.54,-78.93,-19.5,-10.0,-95.79,57.75,59.0,0,19.01,Poor
0.118,-90.02,-72.37,-18.87,1.42,-97.28,43.43,56.0,3,37.52,Fair
0.02,-73.38,-59.39,-12.29,27.5,-107.87,35.81,42.0,1,74.88,Good
0.565,-96.42,-82.33,-13.87,-3.14,-98.29,34.01,46.0,2,30.45,Poor
0.084,-76.04,-60.12,-17.98,18.17,-99.27,36.86,36.0,1,52.56,Fair
0.05,-75.07,-59.88,-14.62,26.1,-103.45,33.22,36.0,3,66.46,Good
0.122,-80.58,-67.62,-11.04,19.16,-102.44,42.64,47.0,1,64.54,Good
0.215,-86.79,-63.25,-19.5,8.34,-102.22,18.66,25.0,0,51.05,Fair
0.291,-89.97,-70.38,-18.99,5.63,-98.03,53.19,57.0,1,38.85,Fair
0.021,-72.01,-55.58,-16.27,17.36,-92.47,39.04,26.0,0,56.2,Good
1.587,-107.45,-89.55,-17.24,-7.79,-102.15,40.18,42.0,3,28.72,Poor
0.567,-100.76,-88.12,-10.97,-7.3,-98.45,39.04,46.0,2,33.53,Poor
0.176,-89.82,-68.35,-19.5,11.09,-105.66,2.65,23.0,1,54.38,Fair
0.173,-88.52,-76.37,-12.13,15.39,-108.52,34.08,40.0,0,50.51,Fair
0.268,-89.74,-70.21,-19.5,4.37,-94.13,70.63,59.0,0,33.75,Poor
0.443,-95.25,-82.77,-13.26,7.61,-107.61,10.46,27.0,1,44.61,Fair
0.071,-81.82,-65.06,-16.8,11.74,-99.31,26.54,47.0,0,49.1,Fair
0.094,-83.35,-61.63,-19.5,16.28,-105.47,20.63,40.0,1,59.5,Good
0.883,-101.19,-88.1,-10.89,-1.02,-103.29,22.01,27.0,0,42.13,Fair
0.133,-83.89,-66.33,-16.64,-6.86,-84.31,96.64,83.0,2,27.25,Poor
0.215,-96.78,-76.89,-19.5,1.55,-103.73,43.01,46.0,1,29.4,Poor
0.923,-107.62,-88.23,-18.25,-10.0,-98.19,45.53,38.0,3,15.03,Poor
0.49,-93.39,-75.18,-17.38,4.61,-104.94,25.04,41.0,1,39.2,Fair
0.188,-89.78,-70.29,-18.86,13.16,-107.03,21.15,31.0,3,47.59,Fair
0.518,-100.0,-83.83,-15.8,-8.78,-97.98,37.69,57.0,3,20.92,Poor
0.02,-71.5,-47.7,-19.5,17.56,-93.69,48.77,45.0,0,52.85,Fair
0.599,-100.61,-87.45,-14.12,1.93,-104.68,35.58,39.0,2,41.44,Fair
0.3,-91.35,-69.86,-19.5,3.2,-99.33,17.97,31.0,2,38.26,Fair
0.755,-106.0,-87.43,-17.99,-10.0,-95.73,45.97,48.0,2,21.57,Poor
1.392,-106.78,-86.93,-19.06,-10.0,-92.51,71.31,58.0,3,16.43,Poor
1.17,-104.39,-84.01,-19.5,-10.0,-83.47,71.23,65.0,5,18.46,Poor
1.08,-103.09,-83.42,-19.5,-0.61,-107.26,11.97,29.0,5,28.87,Poor
0.323,-93.32,-77.75,-16.31,-1.25,-95.12,63.29,62.0,2,29.44,Poor
0.201,-88.04,-70.9,-15.44,3.77,-94.96,44.85,41.0,2,44.82,Fair
0.281,-95.31,-81.67,-13.67,,-103.08,22.35,27.0,1,42.54,Fair
0.527,-102.22,-85.11,-17.51,-10.0,-94.3,67.11,67.0,1,20.47,Poor
0.969,-93.91,-74.94,-16.64,-5.91,-91.46,62.87,63.0,1,35.19,Fair
0.104,-85.66,-65.84,-19.5,0.4,-94.48,68.1,60.0,3,32.62,Poor
1.127,-105.78,-86.61,-19.5,-10.0,-97.75,46.13,41.0,0,19.6,Poor
0.76,-98.91,-86.18,-15.47,-6.7,-95.18,71.62,88.0,1,21.63,Poor
1.735,-102.41,-86.1,-16.77,-3.18,-106.22,20.12,31.0,6,36.96,Fair
0.955,-105.79,-89.77,-13.57,-10.0,-91.77,46.7,46.0,3,21.49,Poor
0.148,-91.45,-77.38,-11.79,0.72,-100.87,42.11,40.0,1,42.61,Fair
0.05,-83.19,-67.7,-15.16,16.72,-104.86,14.65,29.0,1,51.66,Fair
0.054,-72.37,-54.36,-17.91,30.0,-107.2,18.72,32.0,1,74.08,Good
0.155,-92.01,-69.77,-19.5,-4.31,-93.82,49.63,57.0,1,27.21,Poor
0.429,-96.77,-81.63,-16.19,-1.96,-100.35,34.93,33.0,1,38.1,Fair
0.734,-105.24,-90.62,-13.4,-10.0,-99.41,59.51,56.0,3,27.6,Poor
1.033,-110.08,-93.88,-16.79,-10.0,-100.85,37.92,44.0,2,23.94,Poor
0.44,-98.06,-79.04,-19.5,0.51,-102.95,30.35,38.0,8,32.59,Poor
0.02,-74.2,-52.52,-19.5,24.32,-103.91,28.29,39.0,1,61.57,Good
0.093,-86.21,-68.47,-17.12,8.01,-98.84,39.31,51.0,1,49.55,Fair
0.047,-69.65,-55.99,-13.38,28.7,-99.39,57.24,47.0,1,70.87,Good
0.203,-88.5,-74.2,-14.65,-5.27,-88.87,94.17,79.0,4,33.96,Poor
0.313,-90.22,-71.65,-17.78,-10.0,-87.59,65.58,53.0,0,23.05,Poor
0.02,-67.15,-46.16,-19.5,30.0,-104.38,9.33,25.0,2,66.82,Good
0.193,-90.15,-66.7,-19.5,5.67,-100.9,38.02,52.0,3,41.66,Fair
0.089,-84.83,-70.38,-13.84,11.2,-100.43,38.83,41.0,1,46.74,Fair
0.469,-96.44,-78.02,-17.45,5.64,-107.93,17.68,32.0,0,31.65,Poor
0.281,-92.33,-77.42,-16.85,-8.48,-90.58,69.62,67.0,4,26.58,Poor
0.308,-96.07,-80.76,-15.74,-3.36,-99.83,27.35,45.0,1,35.16,Fair
0.251,-91.51,-76.46,-16.52,5.69,-101.14,35.34,32.0,2,50.52,Fair
1.406,-109.79,-92.79,-15.09,-10.0,-104.43,32.85,42.0,6,24.87,Poor
0.109,-85.5,-70.14,-16.58,10.69,-104.72,25.24,39.0,1,45.36,Fair
0.327,-95.66,-70.23,-19.5,-3.42,-96.27,71.61,73.0,3,17.34,Poor
0.599,-104.64,-88.02,-16.58,,-99.72,23.89,33.0,0,30.66,Poor
0.366,-104.7,-83.74,-19.5,-3.82,-105.44,30.97,30.0,0,33.03,Poor
1.19,-109.28,,-14.71,-10.0,-95.27,55.25,57.0,4,21.11,Poor
0.214,-83.42,-58.72,-19.5,16.85,-104.09,21.26,34.0,0,50.57,Fair
0.28,-94.22,-75.21,-19.5,5.61,-110.19,16.79,29.0,1,45.12,Fair
0.042,-73.51,-53.0,-19.5,16.09,-96.16,47.53,50.0,3,50.43,Fair
0.423,-105.04,-88.81,-16.37,-10.0,-94.02,36.91,38.0,0,23.02,Poor
0.153,-91.78,-70.85,-19.5,1.03,-101.15,33.35,42.0,1,29.98,Poor
0.079,-87.44,-68.43,-19.5,19.28,-108.96,8.15,28.0,1,56.88,Good
0.354,-95.81,-78.95,-14.99,4.03,-102.52,45.02,38.0,3,41.39,Fair
0.342,-85.02,-70.26,-13.78,-4.75,-84.79,87.64,67.0,3,29.07,Poor
0.036,-73.41,-56.12,-16.42,30.0,-112.65,5.78,28.0,2,70.92,Good
0.539,-91.87,-74.84,-19.5,-4.29,-92.24,66.53,54.0,2,30.36,Poor
0.44,-97.9,-77.3,-19.5,-6.13,-98.3,52.76,70.0,0,24.74,Poor
0.094,-78.12,-60.82,-17.13,23.5,-105.01,17.27,30.0,3,56.96,Good
0.285,-84.84,-72.61,-12.37,10.15,-101.27,22.31,38.0,4,58.64,Good
0.573,-99.62,-79.68,-19.5,0.09,-105.01,23.33,32.0,2,37.92,Fair
0.339,-96.79,-74.91,-19.5,-7.91,-95.67,50.76,50.0,2,30.94,Poor
0.227,-96.41,-83.41,-11.86,,-96.94,65.82,48.0,2,30.04,Poor
0.175,-90.15,-66.74,-19.5,11.84,-105.23,37.09,40.0,1,43.52,Fair
0.424,-96.24,-74.05,-19.5,4.56,-108.2,25.49,46.0,4,37.48,Fair
1.259,-97.89,-81.78,-17.59,-3.1,-99.92,41.02,35.0,3,34.51,Poor
0.501,-103.2,-88.55,-13.76,-10.0,-92.64,33.06,36.0,0,35.77,Fair
0.035,-74.88,-53.72,-19.5,22.49,-105.0,34.58,47.0,2,61.74,Good
0.278,-100.16,-86.27,-15.29,12.8,-114.75,15.31,25.0,4,52.39,Fair
0.997,-105.69,-89.69,-17.32,-2.03,-105.26,29.2,29.0,2,28.6,Poor
0.045,-75.94,-61.89,-13.51,27.81,-109.02,23.21,32.0,1,74.7,Good
2.024,-108.08,-90.06,-16.39,-5.25,-107.03,23.55,24.0,6,28.56,Poor
1.34,-104.19,-81.8,-19.5,-4.82,-107.47,22.89,22.0,6,26.09,Poor
0.037,-73.93,-54.81,-19.03,20.47,-100.13,47.3,56.0,0,48.65,Fair
1.219,-103.41,-82.35,-19.5,-3.82,-103.83,12.17,30.0,7,27.13,Poor
0.203,-90.01,-73.07,-19.48,12.08,-106.81,39.14,48.0,2,40.97,Fair
0.838,-106.67,-88.38,-18.3,-10.0,-92.49,68.81,67.0,1,17.06,Poor
0.244,-99.19,-84.86,-15.41,-3.17,-101.43,31.92,44.0,1,27.96,Poor
0.262,-94.57,-76.86,-17.95,-2.34,-98.08,48.54,46.0,0,27.73,Poor
0.453,-97.67,-81.91,-16.43,-5.41,-98.22,45.87,53.0,1,32.45,Poor
0.67,-95.52,-78.0,-16.31,-0.34,-103.51,35.86,40.0,0,39.03,Fair
0.02,-70.85,-53.53,-16.66,28.87,-105.56,30.43,47.0,2,67.19,Good
0.405,-96.95,-79.89,-16.78,1.64,-103.19,26.86,44.0,1,40.4,Fair
0.093,-81.92,-57.6,-19.5,7.04,-93.47,59.96,53.0,2,35.55,Fair
0.191,-90.75,-67.45,-19.5,2.02,-97.62,44.06,53.0,1,31.5,Poor
0.192,-86.49,-64.24,-19.5,11.5,-103.79,19.26,33.0,0,48.99,Fair
0.285,-85.21,-61.82,-19.5,5.26,-94.0,66.56,62.0,4,36.07,Fair
0.183,-80.53,-58.28,-19.5,13.59,-98.79,41.52,43.0,0,47.57,Fair
0.051,-77.95,-60.02,-17.1,5.18,-92.11,41.1,44.0,1,42.27,Fair
0.071,-79.78,-62.15,-16.97,12.39,-95.87,50.7,45.0,1,51.17,Fair
0.02,-64.13,-45.42,-16.59,28.26,-95.93,42.2,39.0,2,67.18,Good
0.286,-93.75,-76.39,-19.08,-1.4,-100.11,39.03,40.0,3,36.28,Fair
1.39,-104.15,-89.27,-14.58,-10.0,-93.02,59.26,66.0,3,22.63,Poor
0.055,-83.55,-64.66,-16.43,2.85,-92.6,69.41,63.0,0,40.35,Fair
1.316,-107.63,-94.33,-12.38,-10.0,-106.42,26.49,33.0,2,23.61,Poor
0.595,-94.88,-76.47,-18.67,1.59,-101.11,21.99,37.0,4,39.15,Fair
0.457,-100.08,-85.07,-13.84,-10.0,-94.85,49.29,42.0,2,25.23,Poor
0.466,-97.91,-80.15,-18.31,-6.31,-95.0,59.13,66.0,1,22.18,Poor
0.789,-108.25,-89.67,-17.78,-10.0,-95.95,57.53,58.0,0,22.22,Poor
0.051,-70.28,-53.34,-17.69,19.69,-94.82,46.43,46.0,2,56.11,Good
0.316,-88.97,-75.9,-13.09,11.89,-102.07,35.46,41.0,0,52.66,Fair
0.537,-97.87,-83.43,-13.76,-6.23,-98.7,47.83,51.0,1,32.46,Poor
0.398,-93.98,-74.61,-19.5,2.42,-102.57,32.39,40.0,0,41.08,Fair
0.805,-100.54,-84.21,-15.62,-5.89,-100.22,54.17,48.0,4,33.38,Poor
0.034,-69.28,-49.6,-18.29,29.97,-105.47,27.93,40.0,2,64.53,Good
0.528,-100.55,-82.52,-18.01,-5.94,-95.92,49.84,50.0,4,24.31,Poor
0.344,-91.82,-74.41,-18.02,9.86,-108.07,21.58,32.0,4,49.44,Fair
0.215,-86.36,-67.32,-18.07,4.57,-93.39,53.49,62.0,3,52.5,Fair
0.187,-84.63,-68.65,-15.1,15.68,-104.05,26.88,37.0,0,52.06,Fair
0.436,-105.86,-86.65,-18.7,-10.0,-96.79,24.9,42.0,2,30.51,Poor
0.997,-106.38,,-16.02,-7.41,-101.4,52.92,52.0,6,24.35,Poor
0.308,-97.89,-72.28,-19.5,2.27,-105.6,33.92,40.0,2,32.83,Poor
0.784,-101.29,-86.7,-14.28,-4.53,-105.79,35.11,43.0,0,31.61,Poor
0.231,-99.39,-82.46,-17.14,-6.22,-97.57,39.75,47.0,3,25.79,Poor
0.049,-86.09,-69.04,-16.77,14.53,-107.33,31.05,39.0,1,49.06,Fair
0.029,-64.74,-50.79,-15.0,,-83.38,86.7,71.0,1,59.24,Good
0.024,-69.39,-49.21,-19.44,20.82,-98.22,29.58,32.0,3,55.82,Good
0.215,-90.21,-73.5,-15.8,4.13,-98.96,45.58,37.0,0,38.25,Fair
0.185,-87.94,-77.08,-11.58,6.5,-98.59,42.29,45.0,3,45.56,Fair
0.57,-98.54,-78.45,-19.38,-3.88,-98.5,56.57,50.0,5,29.35,Poor
0.611,-95.75,-79.66,-15.46,-10.0,-84.96,74.15,52.0,4,31.8,Poor
0.023,-74.31,-56.62,-17.58,21.35,-100.92,32.26,43.0,0,63.14,Good
0.112,-84.35,-64.32,-19.5,9.86,-96.24,59.71,55.0,2,43.85,Fair
0.144,-86.33,-69.43,-16.08,8.53,-96.73,30.24,45.0,1,48.48,Fair
0.357,-99.26,-82.38,-16.61,4.08,-106.63,28.9,47.0,5,33.31,Poor
0.07,-75.95,-50.55,-19.5,15.03,-96.81,36.69,50.0,2,52.19,Fair
0.065,-82.14,-70.6,-9.72,14.13,-98.14,48.27,48.0,4,62.23,Good
1.295,-102.19,-88.04,-13.46,-10.0,-91.43,46.23,51.0,4,27.99,Poor
0.734,-100.86,-86.14,-13.99,-10.0,-91.96,69.07,59.0,4,20.92,Poor
0.09,-76.61,-53.25,-19.5,21.75,-103.19,30.29,37.0,0,63.29,Good
0.235,-95.62,-79.55,-17.82,,-107.81,14.76,,2,38.28,Fair
0.198,-94.31,-75.59,-19.17,-3.38,-95.99,59.58,47.0,1,26.55,Poor
0.704,-104.59,-88.01,-15.44,-8.91,-102.03,29.69,26.0,2,24.68,Poor
0.321,-93.63,-73.82,-19.46,4.04,-103.44,24.27,26.0,2,40.56,Fair
0.062,-73.76,-55.8,-16.3,10.26,-90.0,63.12,,4,46.66,Fair
0.604,-93.27,-74.51,-19.5,,-88.79,80.68,76.0,3,18.06,Poor
0.228,-100.42,-78.56,-19.5,5.45,-108.39,9.82,25.0,3,34.31,Poor
0.137,-85.82,-66.5,-19.5,-6.22,-86.21,80.7,71.0,2,21.56,Poor
0.212,-103.41,-87.62,-15.62,-6.73,-102.27,29.58,31.0,0,31.03,Poor
0.31,-90.67,-71.74,-19.5,11.81,-104.89,8.6,23.0,0,42.62,Fair
0.189,-85.11,-59.85,-19.5,-1.67,-88.05,67.36,69.0,1,32.2,Poor
0.125,-86.14,-66.45,-19.5,-1.96,-88.53,84.69,92.0,3,23.64,Poor
0.229,-90.89,-72.43,-19.5,9.18,-103.45,35.09,37.0,2,41.68,Fair
0.02,-70.15,-56.26,-14.72,30.0,-106.88,11.08,20.0,2,78.13,Excellent
0.666,-103.62,-83.45,-19.5,-10.0,-98.76,51.41,56.0,2,19.49,Poor
0.084,-80.9,-60.28,-19.5,18.3,-108.65,15.88,31.0,2,61.12,Good
0.02,-71.45,-52.52,-19.48,19.0,-95.44,86.0,52.0,2,49.89,Fair
0.477,-93.87,-75.53,-17.09,9.47,-106.07,30.06,33.0,1,41.4,Fair
0.669,-100.98,-74.48,-19.5,-10.0,-89.14,75.12,69.0,2,18.82,Poor
0.756,-105.03,-84.47,-19.5,-10.0,-95.93,49.77,52.0,4,17.19,Poor
0.306,-99.89,-78.17,-19.5,-0.25,-101.96,49.23,54.0,2,22.88,Poor
0.103,-91.83,-73.63,-17.35,10.14,-105.46,23.32,44.0,2,41.67,Fair
0.601,-94.35,-76.74,-18.39,-3.71,-93.69,60.2,46.0,4,25.53,Poor
0.541,-100.52,-80.62,-19.02,-2.29,-98.58,55.7,64.0,0,31.12,Poor
0.127,-84.81,-67.2,-18.48,14.94,-105.92,21.85,37.0,1,52.5,Fair
1.052,-97.31,-79.47,-18.24,5.08,-105.87,19.21,21.0,1,42.79,Fair
0.05,-80.33,-60.95,-19.47,4.03,-89.27,84.25,74.0,1,39.18,Fair
1.825,-111.74,-95.28,-17.74,-10.0,-98.6,49.84,56.0,4,20.92,Poor
0.886,-103.48,-84.82,-18.86,-5.89,-100.26,43.69,54.0,2,22.65,Poor
0.524,-98.29,-80.05,-16.45,1.93,-103.93,36.37,42.0,3,31.68,Poor
1.257,-98.44,-77.54,-19.5,4.89,-106.86,15.33,29.0,4,40.14,Fair
0.577,-92.97,-76.8,-15.17,2.82,-96.36,50.46,51.0,1,42.07,Fair
0.095,-81.17,-69.17,-14.1,19.53,-104.59,17.44,26.0,3,63.18,Good
0.263,-86.62,-69.55,-16.31,,-98.29,46.13,50.0,1,46.06,Fair
0.033,-75.44,-56.25,-16.97,21.72,-102.55,45.11,44.0,2,53.28,Fair
0.222,-89.78,-68.88,-19.5,3.69,-99.75,47.45,53.0,2,37.57,Fair
0.609,-100.91,-84.99,-16.07,-1.39,-101.59,32.3,45.0,2,29.58,Poor
0.22,-96.04,-76.42,-19.5,-7.4,-96.92,44.98,56.0,2,26.5,Poor
0.18,-84.36,-62.95,-19.5,15.63,-107.14,17.95,27.0,1,51.1,Fair
0.407,-94.09,-73.84,-19.5,-7.69,-91.21,43.63,43.0,4,27.38,Poor
0.926,-103.27,-87.64,-14.95,-10.0,-94.83,38.08,45.0,1,29.56,Poor
0.022,-71.22,-55.27,-15.2,30.0,-112.36,15.47,36.0,1,77.75,Excellent
0.219,-96.88,-77.57,-18.87,-9.6,-95.93,43.57,43.0,0,27.66,Poor
0.078,-85.81,-62.93,-19.5,5.06,-96.61,58.77,55.0,1,38.34,Fair
0.535,-97.24,-79.19,-18.16,5.54,-105.69,18.96,27.0,3,35.83,Fair
0.05,-80.32,-62.81,-19.26,18.75,-102.41,26.24,33.0,1,53.28,Fair
0.492,-98.73,-84.83,-14.21,-0.61,-100.42,50.65,70.0,1,35.35,Fair
0.152,-88.1,-71.19,-15.58,1.65,-91.51,55.76,40.0,3,42.33,Fair
0.1,-86.8,-70.95,-16.56,6.08,-98.85,49.67,61.0,1,43.74,Fair
1.239,-109.74,-91.66,-18.08,-10.0,-98.89,50.42,56.0,2,15.63,Poor
0.02,-76.89,-63.43,-11.81,11.16,-94.21,63.71,53.0,0,52.29,Fair
0.259,-92.89,-75.88,-18.11,5.75,-106.29,34.35,24.0,0,33.32,Poor
0.02,-67.97,-53.0,-14.26,28.75,-107.26,9.7,27.0,2,76.16,Excellent
0.297,-100.07,-79.25,-19.5,7.94,-113.26,7.59,29.0,0,38.16,Fair
0.313,-94.03,-78.61,-14.31,-4.5,-88.54,67.01,47.0,4,37.68,Fair
0.175,-87.77,-71.49,-17.24,15.91,-110.92,13.2,39.0,1,56.21,Good
0.064,-84.19,-65.34,-16.42,10.8,-100.06,40.37,45.0,1,48.36,Fair
0.213,-84.9,-68.26,-17.66,20.57,-109.54,25.48,36.0,0,57.11,Good
0.502,-99.57,-74.5,-19.5,6.03,-110.77,8.55,,1,46.27,Fair
0.686,-101.15,-80.36,-18.85,-7.87,-96.71,35.88,26.0,2,26.11,Poor
0.34,-95.31,-77.26,-18.28,-5.55,-97.1,52.99,51.0,2,29.48,Poor
0.401,-103.17,-84.06,-17.52,-10.0,-95.42,30.51,39.0,0,29.01,Poor
0.101,-80.12,-69.18,-9.87,,-105.19,35.36,32.0,1,60.51,Good
0.152,-91.54,-69.85,-19.5,3.81,-100.13,40.77,41.0,3,42.14,Fair
0.079,-83.06,-63.52,-19.46,7.16,-96.51,69.43,63.0,2,43.06,Fair
0.129,-83.89,-66.11,-16.08,19.82,-108.59,11.33,21.0,2,58.97,Good
0.115,-79.42,-59.72,-19.5,15.48,-98.48,50.89,,2,46.66,Fair
0.33,-98.71,-78.65,-19.5,-1.38,-103.87,20.73,26.0,2,26.97,Poor
0.372,-97.22,-80.47,-16.43,-10.0,-90.56,79.11,56.0,2,23.09,Poor
1.305,-100.79,-81.65,-17.23,3.41,-109.14,9.27,17.0,2,41.85,Fair
0.098,-82.05,-60.91,-19.5,14.74,-105.65,9.59,33.0,1,49.86,Fair
0.462,-94.62,-75.26,-19.5,-1.57,-100.92,29.02,39.0,1,27.15,Poor
0.765,-105.89,-88.65,-16.63,-10.0,-100.75,19.41,38.0,1,25.79,Poor
0.37,-96.9,-78.01,-18.89,4.28,-109.31,20.4,33.0,3,32.76,Poor
0.132,-87.18,-65.03,-19.5,19.62,-110.26,12.09,21.0,3,54.17,Fair
0.137,-90.23,-69.88,-18.97,-10.0,-84.1,79.73,70.0,2,21.61,Poor
0.02,-77.14,-62.63,-15.24,19.45,-100.33,12.2,28.0,2,64.67,Good
0.164,-90.39,-70.63,-19.5,5.24,-94.35,53.99,54.0,1,38.0,Fair
0.614,-94.36,-75.0,-18.72,5.3,-104.85,12.85,31.0,3,42.11,Fair
0.022,-70.96,-49.47,-19.5,29.8,-106.79,13.88,34.0,0,72.27,Good
0.111,-79.52,-61.42,-16.56,3.93,-88.76,80.0,67.0,1,34.47,Poor
0.551,-98.13,-81.23,-18.04,0.23,-102.48,21.15,30.0,0,36.32,Fair
0.687,-103.81,-89.91,-13.59,-10.0,-85.33,77.05,58.0,1,15.18,Poor
0.273,-87.66,-71.74,-17.29,16.63,-106.87,5.17,30.0,1,54.63,Fair
0.539,-97.8,-76.17,-19.5,5.65,-107.08,14.92,29.0,0,36.86,Fair
0.221,-87.08,-68.48,-19.47,1.32,-96.03,66.22,33.0,1,29.17,Poor
0.078,-86.27,-68.57,-16.81,17.65,-111.19,13.81,20.0,2,58.15,Good
0.228,-87.06,-65.17,-19.5,12.57,-105.0,19.12,41.0,1,43.29,Fair
0.39,-91.58,-70.31,-19.5,,-92.7,56.96,57.0,0,39.86,Fair
1.331,-105.33,-89.54,-17.91,-10.0,-96.41,37.96,52.0,6,23.72,Poor
0.032,-77.61,-56.01,-19.5,8.74,-91.71,53.08,53.0,4,47.14,Fair
0.319,-94.28,-81.25,-11.42,0.93,-99.41,35.82,39.0,0,50.15,Fair
0.179,-86.68,-67.31,-19.36,9.44,-101.65,41.17,47.0,1,40.78,Fair
0.319,-93.18,-74.15,-18.2,-10.0,-88.51,70.21,69.0,3,17.93,Poor
0.02,-68.04,-46.59,-19.5,30.0,-105.42,33.35,33.0,3,71.31,Good
0.169,-84.56,-65.41,-19.18,12.23,-101.46,39.47,39.0,3,43.41,Fair
0.771,-104.35,-87.08,-16.59,-4.2,-101.79,38.48,35.0,0,36.0,Fair
0.363,-99.85,-82.35,-19.5,-2.66,-102.84,28.05,46.0,2,31.34,Poor
0.27,-92.79,-66.71,-19.5,-3.32,-93.94,50.43,57.0,1,32.25,Poor
0.151,-88.97,-70.72,-17.15,-1.7,-90.39,78.11,65.0,1,34.94,Poor
0.159,-84.95,-65.16,-19.17,13.6,-103.37,33.81,39.0,2,44.95,Fair
0.217,-95.08,-83.15,-11.27,-6.27,-96.28,49.25,,1,46.84,Fair
0.812,-98.12,-82.61,-15.17,10.23,-112.77,0.47,26.0,2,44.36,Fair
1.538,-102.33,-82.77,-18.74,-9.95,-96.8,49.84,,3,26.44,Poor
0.26,-92.33,-79.17,-12.92,3.48,-100.76,28.13,31.0,2,46.4,Fair
0.225,-90.84,-71.19,-19.5,18.55,-112.1,1.62,27.0,0,60.82,Good
0.843,-105.6,-89.78,-15.36,-8.58,-103.31,41.93,32.0,1,29.99,Poor
0.251,-94.18,-79.28,-15.95,-0.52,-101.13,36.37,42.0,3,39.04,Fair
0.361,-96.82,-81.0,-16.45,5.98,-106.95,22.19,34.0,2,44.35,Fair
0.118,-79.75,-57.17,-19.5,22.52,-107.13,22.27,28.0,1,53.81,Fair
0.612,-100.04,-81.04,-19.5,-6.16,-96.34,61.35,59.0,1,18.78,Poor
0.342,-99.99,-84.72,-14.69,-7.33,-95.9,46.57,48.0,0,31.72,Poor
0.745,-100.43,-80.11,-19.5,-10.0,-93.94,68.64,48.0,4,18.42,Poor
0.683,-97.39,-76.9,-19.5,-2.84,-96.8,69.5,73.0,2,25.11,Poor
0.109,-84.92,-68.07,-16.14,-3.71,-88.41,82.43,68.0,1,26.79,Poor
0.566,-93.19,-72.32,-19.5,-3.32,-96.58,47.61,47.0,3,26.14,Poor
0.724,-98.1,-77.08,-19.5,1.87,-105.86,9.49,35.0,4,40.41,Fair
0.191,-93.87,-73.32,-19.5,3.97,-100.44,35.37,40.0,0,41.47,Fair
0.085,-84.92,-68.94,-14.69,16.31,-103.99,31.23,36.0,1,53.79,Fair
0.02,-69.54,-55.08,-13.09,26.15,-99.18,30.17,32.0,0,67.97,Good
0.27,-99.32,-86.4,-12.37,1.21,-104.92,38.71,43.0,0,44.45,Fair
0.196,-88.52,-72.49,-13.86,10.56,-106.22,30.23,45.0,5,54.36,Fair
0.364,-102.3,-85.4,-18.16,-10.0,-89.5,80.57,64.0,3,22.51,Poor
0.094,-79.44,-62.3,-17.4,9.03,-94.22,59.03,58.0,1,51.33,Fair
0.884,-99.31,-81.45,-18.31,-5.79,-96.83,73.22,58.0,0,22.66,Poor
0.134,-84.6,-61.4,-19.5,6.79,-98.88,59.66,,2,35.06,Fair
0.116,-88.03,-71.05,-15.49,8.23,-99.4,42.97,41.0,1,44.26,Fair
0.295,-92.74,-74.89,-18.72,9.52,-105.51,17.19,36.0,3,38.44,Fair
0.311,-95.93,-83.39,-11.86,-0.3,-99.78,26.09,30.0,0,36.87,Fair
0.109,-88.95,-64.27,-19.5,1.42,-96.96,70.56,61.0,2,33.92,Poor
0.143,-88.51,-74.46,-14.9,7.82,-101.81,44.26,48.0,1,40.7,Fair
0.084,-79.76,-63.88,-17.57,16.15,-102.16,47.54,46.0,2,53.17,Fair
0.57,-98.96,-78.88,-19.5,9.3,-108.09,33.52,52.0,1,43.41,Fair
0.662,-94.62,-75.88,-19.5,3.41,-102.96,35.58,53.0,2,35.67,Fair
0.279,-89.89,-66.96,-19.5,-2.2,-91.33,70.87,69.0,1,28.14,Poor
0.563,-96.4,-76.24,-19.5,-5.26,-98.29,53.35,61.0,1,30.03,Poor
0.599,-106.0,-88.25,-18.0,-10.0,-100.15,37.36,49.0,1,29.7,Poor
0.067,-81.79,-60.65,-19.5,6.33,-95.3,60.73,56.0,1,40.01,Fair
1.524,-111.92,-90.44,-19.5,-10.0,-107.05,25.69,32.0,1,19.55,Poor
0.774,-102.52,-86.5,-16.74,-10.0,-93.31,76.75,56.0,4,24.07,Poor
0.103,-87.11,-66.22,-19.5,-1.83,-92.18,59.69,69.0,1,28.55,Poor
0.093,-84.95,-67.61,-17.36,0.48,-93.21,58.19,57.0,1,31.25,Poor
0.06,-75.52,-57.83,-16.68,12.37,-90.49,70.53,52.0,2,43.94,Fair
0.067,-78.75,-60.32,-17.71,20.6,-102.53,33.38,36.0,0,53.46,Fair
0.621,-95.84,-78.98,-17.57,-6.48,-93.74,75.06,64.0,2,17.5,Poor
0.285,-99.54,-82.85,-15.8,-4.99,-99.28,38.45,43.0,2,38.01,Fair
0.687,-100.52,-79.57,-19.5,-10.0,-94.51,66.75,69.0,0,27.83,Poor
0.617,-95.95,-82.54,-12.48,-4.76,-97.9,54.63,47.0,3,39.74,Fair
0.418,-90.41,-75.59,-15.65,6.32,-103.11,26.34,40.0,3,45.85,Fair
0.522,-104.56,-84.53,-19.5,-10.0,-100.5,52.12,46.0,3,14.97,Poor
0.02,-71.85,-54.07,-17.08,14.95,-91.49,59.92,45.0,0,53.54,Fair
0.168,-84.43,-63.45,-19.5,19.95,-105.64,14.24,30.0,3,55.7,Good
0.457,-97.99,-78.91,-18.37,0.11,-104.79,9.5,,2,34.55,Poor
0.02,-74.09,-60.09,-12.78,18.05,-97.76,53.33,48.0,2,57.55,Good
0.02,-76.64,-58.46,-17.64,8.66,-92.09,76.41,61.0,0,42.92,Fair
0.859,-106.49,-86.89,-19.5,-10.0,-94.59,66.95,72.0,2,13.4,Poor
0.518,-105.07,-86.36,-18.66,-8.99,-97.19,62.98,71.0,1,18.77,Poor
0.139,-86.67,-70.08,-16.47,13.35,-105.88,26.29,35.0,3,53.14,Fair
0.524,-94.82,-77.64,-17.65,0.2,-99.23,50.8,54.0,6,32.76,Poor
0.708,-106.05,-89.73,-17.95,-10.0,-98.63,31.77,31.0,1,25.3,Poor
0.165,-87.37,-73.34,-14.59,12.7,-105.14,18.87,31.0,1,59.11,Good
0.02,-67.06,-53.45,-14.21,24.45,-96.41,66.44,73.0,1,68.5,Good
1.215,-105.71,-86.54,-19.5,-9.88,-100.69,35.54,47.0,3,21.2,Poor
0.191,-96.09,-80.7,-15.43,-10.0,-91.93,74.24,59.0,1,28.02,Poor
0.051,-76.72,-56.99,-19.5,24.81,-107.22,11.99,27.0,0,64.41,Good
0.305,-93.92,-77.71,-14.95,14.56,-114.64,6.49,22.0,3,61.69,Good
0.658,-101.01,-86.95,-14.4,-10.0,-96.12,58.39,51.0,1,29.54,Poor
0.113,-87.31,-70.53,-16.86,11.67,-104.93,9.07,23.0,1,50.9,Fair
0.141,-86.72,-62.43,-19.5,9.64,-101.87,27.67,43.0,1,43.29,Fair
0.125,-83.98,-66.26,-18.88,16.07,-107.14,18.41,,0,54.14,Fair
2.155,-101.11,-81.17,-19.5,-9.94,-96.89,34.4,34.0,2,22.92,Poor
0.099,-83.55,-65.04,-18.63,8.2,-98.33,50.58,55.0,1,48.89,Fair
0.386,-89.7,,-13.67,5.71,-97.03,48.51,52.0,2,43.37,Fair
1.167,-103.92,-81.57,-19.5,-10.0,-93.15,72.9,73.0,0,19.55,Poor
0.071,-81.6,-64.35,-18.37,24.92,-110.26,15.15,31.0,1,60.49,Good
1.591,-107.44,-93.38,-13.82,-10.0,-99.65,35.02,30.0,3,32.6,Poor
1.326,-111.34,-94.88,-15.61,-10.0,-99.63,28.24,30.0,0,26.14,Poor
0.972,-102.54,,-16.65,-10.0,-90.96,78.61,59.0,4,20.2,Poor
0.109,-92.77,-72.52,-18.8,8.66,-108.96,17.36,,1,42.6,Fair
0.452,-100.58,-84.62,-15.16,-1.24,-104.05,22.39,40.0,2,35.9,Fair
0.644,-99.75,-73.89,-19.5,5.14,-107.29,16.93,31.0,1,37.82,Fair
1.922,-104.9,-89.71,-13.85,-4.44,-104.19,19.08,30.0,2,37.45,Fair
0.09,-77.41,-57.58,-17.73,16.32,-97.42,59.57,,0,45.99,Fair
0.654,-101.27,-89.19,-12.97,-6.04,-102.81,32.22,40.0,1,38.13,Fair
0.186,-88.82,-71.19,-18.21,11.04,-102.43,17.71,32.0,0,53.21,Fair
0.087,-78.94,-59.84,-19.21,20.01,-103.22,30.76,44.0,4,55.67,Good
0.246,-97.18,-82.54,-14.39,2.98,-106.89,10.53,19.0,3,42.25,Fair
0.711,-99.43,-76.93,-19.5,-1.45,-100.64,36.15,48.0,2,34.21,Poor
0.281,-96.33,-77.02,-19.5,-1.57,-97.57,24.94,33.0,1,31.16,Poor
0.347,-95.52,-78.47,-18.16,-10.0,-94.08,57.32,51.0,2,28.38,Poor
2.399,-113.44,-94.17,-19.35,-10.0,-100.41,44.16,45.0,5,17.41,Poor
0.229,-89.5,-73.28,-17.33,1.72,-100.94,34.55,41.0,3,36.59,Fair
0.43,-94.49,-72.73,-19.5,11.06,-109.81,8.53,24.0,0,39.22,Fair
0.205,-86.69,-65.65,-19.5,-6.83,-85.35,70.13,52.0,1,32.74,Poor
0.224,-89.67,-70.55,-19.45,1.19,-100.56,50.05,56.0,0,38.29,Fair
0.535,-97.9,-78.07,-19.5,1.7,-103.48,31.09,47.0,1,35.92,Fair
1.25,-98.53,-84.96,-13.39,0.45,-101.99,31.79,41.0,2,41.87,Fair
0.352,-101.05,-78.65,-19.5,3.6,-109.19,16.11,14.0,4,38.59,Fair
0.658,-93.6,-75.9,-16.45,-6.73,-93.33,60.51,68.0,0,26.12,Poor
0.042,-77.84,-56.76,-19.5,17.92,-101.72,41.38,40.0,1,52.56,Fair
0.107,-82.36,-62.11,-19.5,3.06,-91.28,83.86,66.0,1,32.67,Poor
0.314,-95.26,-74.24,-19.5,-4.74,-95.41,46.83,57.0,0,29.78,Poor
0.02,-73.25,-58.4,-13.17,14.78,-98.93,51.57,62.0,0,61.74,Good
0.131,-84.48,-69.25,-14.53,1.12,-93.79,62.9,57.0,0,42.68,Fair
0.328,-90.17,-65.43,-19.5,-3.93,-90.08,76.84,98.0,1,29.3,Poor
0.02,-68.55,-55.11,-14.28,20.84,-95.39,49.28,40.0,2,62.9,Good
0.138,-89.05,-74.34,-15.61,12.01,-107.02,3.15,19.0,2,51.79,Fair
0.325,-79.81,-61.68,-17.35,18.97,-102.89,52.99,48.0,3,59.59,Good
0.383,-90.89,-72.76,-18.15,-0.38,-98.84,52.33,54.0,2,35.56,Fair
1.17,-101.64,-85.26,-16.21,-2.78,-106.55,16.56,28.0,2,38.05,Fair
0.466,-98.81,-78.96,-19.5,-4.09,-100.9,23.24,34.0,1,34.59,Poor
0.241,-94.18,-73.47,-19.5,3.73,-103.35,38.34,54.0,0,37.77,Fair
1.199,-106.7,-88.76,-18.13,-5.76,-105.37,23.44,40.0,8,24.88,Poor
0.691,-96.48,-79.29,-16.58,5.01,-104.51,21.7,28.0,2,46.61,Fair
0.1,-88.08,-70.15,-17.79,-0.76,-93.55,69.75,64.0,0,33.89,Poor
0.063,-84.41,-67.9,-16.13,14.98,-103.3,18.46,35.0,3,52.11,Fair
0.507,-95.96,-83.05,-11.9,2.07,-104.29,27.65,41.0,2,49.69,Fair
0.369,-94.09,-75.19,-18.7,11.52,-108.68,14.82,30.0,2,47.83,Fair
0.702,-104.02,-83.72,-19.5,2.72,-106.82,14.64,31.0,2,38.64,Fair
0.604,-104.0,-86.46,-16.83,-10.0,-92.53,49.28,44.0,3,25.85,Poor
0.442,-91.17,-79.96,-10.11,11.55,-103.38,26.01,39.0,0,60.98,Good
1.933,-108.3,-92.02,-15.1,-10.0,-99.6,23.59,41.0,1,25.58,Poor
0.343,-100.19,-79.47,-19.5,-10.0,-97.18,46.31,48.0,4,21.81,Poor
0.054,-83.98,-70.3,-12.87,11.6,-98.58,47.21,44.0,1,55.59,Good
0.793,-103.44,-83.35,-19.5,-9.83,-95.6,44.79,46.0,4,17.72,Poor
0.131,-83.45,-66.79,-16.77,7.75,-93.85,55.42,42.0,0,42.43,Fair
0.676,-98.23,-80.29,-18.49,-5.93,-96.85,48.4,31.0,1,27.45,Poor
1.417,-102.51,-86.56,-16.19,-10.0,-93.27,63.35,43.0,6,24.66,Poor
0.537,-104.58,-89.98,-15.79,-6.13,-101.27,27.67,39.0,1,31.86,Poor
0.408,-95.34,-73.03,-19.5,-10.0,-91.27,74.89,70.0,2,17.23,Poor
0.278,-87.2,-66.75,-19.46,5.17,-97.24,39.6,44.0,2,30.86,Poor
0.204,-84.9,-64.97,-19.5,1.57,-94.34,70.73,55.0,0,31.54,Poor
0.196,-88.45,-67.73,-19.5,-2.4,-92.76,72.85,68.0,1,31.57,Poor
0.455,-87.79,-68.28,-18.44,7.81,-102.14,42.38,58.0,1,49.27,Fair
0.626,-97.51,-76.68,-19.5,,-92.84,45.88,34.0,2,19.2,Poor
0.511,-94.01,-78.0,-16.85,-2.54,-96.43,77.81,88.0,1,25.54,Poor
0.1,-83.87,-61.73,-19.5,13.16,-102.67,31.4,36.0,3,51.03,Fair
0.307,-96.88,-75.02,-19.5,0.34,-104.01,32.48,34.0,3,31.88,Poor
0.706,-104.49,-85.35,-18.79,-7.34,-101.69,37.9,41.0,0,29.8,Poor
0.291,-92.57,-75.43,-16.0,15.75,-113.95,7.23,26.0,5,61.97,Good
0.346,-95.66,-81.33,-16.31,8.35,-109.59,10.15,16.0,2,53.65,Fair
0.664,-107.53,-88.84,-19.5,-10.0,-101.04,30.24,35.0,6,17.04,Poor
0.487,-101.87,-78.82,-19.5,-8.17,-96.72,66.1,52.0,5,26.68,Poor
0.237,-92.8,-78.29,-13.1,-10.0,-86.5,77.43,70.0,1,28.37,Poor
1.016,-101.24,-80.18,-19.5,0.36,-106.42,24.21,28.0,3,30.46,Poor
0.08,-82.22,-65.63,-15.27,13.48,-101.33,54.26,63.0,2,49.64,Fair
2.433,-112.02,-95.17,-17.51,-10.0,-99.78,21.63,34.0,6,27.22,Poor
0.057,-83.21,-68.73,-14.64,18.56,-104.71,15.06,29.0,2,61.82,Good
0.02,-70.35,-54.61,-15.08,22.48,-97.8,41.17,53.0,1,58.23,Good
0.993,-98.67,-78.73,-19.5,-10.0,-84.08,76.84,66.0,6,16.73,Poor
0.126,-85.48,-65.17,-19.5,15.23,-102.78,46.96,58.0,1,50.05,Fair
0.589,-105.44,-86.73,-18.39,-10.0,-84.27,87.77,72.0,2,11.62,Poor
0.75,-106.52,-90.02,-16.86,-10.0,-100.29,61.64,65.0,3,20.42,Poor
0.882,-100.56,-85.87,-14.77,2.6,-108.02,23.23,36.0,4,42.32,Fair
2.15,-111.55,-93.37,-18.58,-10.0,-98.16,35.82,38.0,2,19.93,Poor
0.157,-88.25,-71.35,-16.01,6.25,-98.07,45.32,33.0,3,35.56,Fair
0.557,-101.39,-82.76,-16.97,4.51,-108.69,34.61,48.0,2,41.43,Fair
0.055,-76.98,-59.94,-16.33,30.0,-109.51,10.42,26.0,3,69.07,Good
0.235,-92.66,-75.55,-15.69,13.81,-108.04,20.2,36.0,1,47.3,Fair
0.848,-103.32,-84.84,-17.63,-7.8,-99.67,34.07,45.0,2,25.61,Poor
0.206,-93.73,-74.68,-16.55,3.19,-101.58,30.35,49.0,0,42.27,Fair
0.402,-92.43,-70.76,-19.5,7.99,-104.09,18.57,26.0,3,40.24,Fair
0.315,-94.89,-77.9,-19.31,3.29,-104.18,37.13,38.0,0,34.12,Poor
0.467,-94.98,-75.34,-19.5,8.87,-107.51,17.09,38.0,2,43.8,Fair
1.624,-112.99,-89.58,-19.5,-10.0,-99.51,37.31,50.0,6,10.84,Poor
0.026,-65.63,-45.91,-19.5,28.23,-96.94,50.81,50.0,1,61.01,Good
0.384,-90.6,-69.11,-19.5,2.79,-99.28,31.49,41.0,2,35.84,Fair
0.895,-110.68,-94.54,-15.12,-10.0,-103.37,40.02,35.0,5,25.91,Poor
0.295,-96.65,-80.81,-15.18,1.5,-103.47,42.65,40.0,4,37.7,Fair
0.037,-73.64,-56.12,-18.26,13.32,-94.56,59.44,61.0,1,51.18,Fair
0.37,-100.67,-82.83,-18.12,-10.0,-90.91,59.28,44.0,3,19.17,Poor
0.182,-89.76,-68.54,-19.5,16.38,-106.19,35.69,39.0,3,46.42,Fair
0.076,-80.0,-64.18,-14.73,13.76,-100.15,53.37,55.0,2,56.99,Good
0.851,-103.35,-85.61,-15.79,-10.0,-93.45,73.14,67.0,4,19.13,Poor
0.332,-92.29,-71.06,-19.5,2.35,-99.41,44.46,57.0,3,28.45,Poor
1.218,-108.5,-89.85,-17.4,-4.84,-105.9,5.65,16.0,5,30.14,Poor
0.738,-110.35,-92.38,-19.0,-10.0,-97.48,63.96,59.0,5,12.75,Poor
0.531,-94.6,-75.88,-18.86,-4.08,-93.09,72.02,64.0,1,19.39,Poor
0.02,-66.54,-51.92,-16.37,30.0,-105.45,27.4,44.0,0,76.14,Excellent
0.251,-82.02,-67.45,-15.29,12.88,-95.7,50.52,55.0,0,48.15,Fair
0.099,-92.83,-79.59,-13.27,6.9,-103.1,24.1,26.0,0,48.82,Fair
1.088,-101.73,-83.11,-17.77,-10.0,-85.75,85.05,62.0,2,14.02,Poor
0.086,-90.7,-69.94,-19.5,-7.26,-89.66,73.6,76.0,3,32.07,Poor
0.152,-80.65,-60.35,-19.5,17.89,-101.35,22.13,38.0,1,53.33,Fair
0.327,-92.37,-70.94,-19.5,10.96,-107.86,14.11,28.0,1,46.76,Fair
0.138,-90.64,-68.28,-19.5,8.39,-98.31,29.08,,1,37.87,Fair
0.106,-81.47,-63.03,-19.37,9.4,-96.11,76.22,75.0,2,42.87,Fair
0.411,-98.52,-80.71,-18.77,-10.0,-94.17,47.08,37.0,3,17.48,Poor
0.042,-75.45,-53.02,-19.5,26.39,-106.6,25.14,35.0,3,58.28,Good
0.027,-72.11,-56.21,-15.1,11.6,-86.81,79.37,65.0,4,51.25,Fair
0.21,-83.49,-69.02,-13.02,2.06,-91.96,60.26,,1,44.75,Fair
0.574,-91.93,-74.95,-17.34,-1.2,-96.8,58.82,55.0,1,32.72,Poor
0.364,-97.64,-81.01,-17.32,-0.9,-103.38,31.06,34.0,2,28.72,Poor
0.247,-87.67,-69.52,-18.7,14.41,-107.59,24.09,36.0,1,48.2,Fair
0.375,-94.09,-78.64,-15.77,4.77,-99.31,55.46,60.0,3,24.49,Poor
0.205,-95.91,-76.81,-17.86,-5.95,-96.23,52.55,58.0,0,24.31,Poor
1.238,-108.65,-92.35,-17.03,-10.0,-96.86,71.19,53.0,0,17.78,Poor
0.025,-63.09,-41.41,-19.5,30.0,-100.55,21.16,40.0,0,70.37,Good
0.504,-96.63,-82.21,-16.44,-7.61,-93.1,62.27,74.0,0,29.08,Poor
0.999,-100.0,-82.42,-17.7,-5.33,-96.8,52.07,42.0,0,24.94,Poor
0.733,-102.16,-85.17,-14.82,-9.16,-96.06,62.0,53.0,1,29.86,Poor
0.092,-85.49,-66.79,-18.89,9.29,-102.82,12.29,25.0,1,48.08,Fair
0.158,-87.91,-67.13,-19.5,10.44,-101.69,26.09,29.0,2,46.8,Fair
0.568,-100.17,-81.37,-19.5,-6.51,-102.35,39.48,36.0,0,23.45,Poor
0.04,-82.15,-64.53,-18.11,,-103.95,28.78,42.0,0,44.03,Fair
0.752,-105.55,-85.47,-19.12,-10.0,-95.72,46.41,45.0,0,19.87,Poor
0.571,-96.32,-75.79,-19.5,2.27,-101.73,31.12,36.0,1,37.48,Fair
0.589,-100.93,-82.13,-19.5,-4.14,-101.77,40.14,38.0,0,31.43,Poor
0.048,-77.62,-58.46,-19.5,21.72,-105.13,11.41,30.0,1,59.46,Good
0.569,-98.18,-78.24,-19.5,-10.0,-87.71,82.57,61.0,2,18.38,Poor
0.512,-96.96,-83.89,-12.02,-0.84,-99.45,40.76,50.0,3,44.68,Fair
0.8,-97.48,-80.54,-17.97,1.57,-106.82,30.4,34.0,3,40.05,Fair
0.02,-74.84,-55.71,-17.39,22.42,-100.98,48.19,45.0,1,60.98,Good
0.02,-68.16,-51.04,-17.36,16.18,-89.65,78.56,54.0,3,47.59,Fair
0.21,-87.47,-70.33,-16.6,21.19,-111.85,14.12,35.0,3,61.21,Good
0.072,-77.38,-58.26,-19.47,18.72,-102.37,37.63,42.0,2,54.14,Fair
0.368,-100.99,-81.79,-18.42,2.88,-108.71,8.0,27.0,0,49.56,Fair
1.122,-103.99,-84.59,-19.5,-0.35,-107.23,9.39,28.0,7,34.54,Poor
0.224,-84.16,-68.54,-16.12,16.64,-105.07,26.12,28.0,3,52.12,Fair
0.839,-102.88,-89.13,-16.32,-3.45,-106.36,18.16,31.0,3,27.45,Poor
0.02,-68.51,-48.1,-19.5,28.04,-103.1,43.88,45.0,2,66.98,Good
0.083,-79.37,-63.6,-14.04,17.69,-102.68,31.22,36.0,3,64.91,Good
0.02,-74.55,-58.98,-16.54,22.94,-102.83,25.1,39.0,1,71.8,Good
0.179,-81.77,-66.47,-16.68,12.14,-102.37,39.45,50.0,4,54.35,Fair
1.075,-102.64,-81.18,-19.5,-10.0,-98.81,49.51,45.0,1,21.7,Poor
0.046,-75.34,-56.71,-17.72,15.78,-95.66,51.88,46.0,1,57.25,Good
0.42,-103.13,-84.1,-19.12,-10.0,-96.55,49.64,45.0,2,11.12,Poor
0.27,-89.49,-69.42,-19.5,7.91,-99.24,52.84,56.0,1,38.4,Fair
1.255,-103.95,-86.08,-17.49,-9.85,-98.18,41.24,56.0,3,25.61,Poor
0.059,-73.04,-52.0,-19.5,25.45,-104.64,24.26,25.0,2,64.34,Good
0.107,-85.93,-71.52,-14.87,11.55,-105.3,13.2,30.0,0,50.1,Fair
0.02,-74.4,-59.65,-14.68,30.0,-110.25,24.55,38.0,0,73.4,Good
0.256,-94.93,-80.35,-14.92,-7.2,-96.83,45.97,49.0,2,28.15,Poor
0.146,-89.39,-70.13,-19.37,12.29,-100.81,31.46,39.0,1,38.72,Fair
0.918,-107.74,-88.22,-19.5,-6.98,-100.93,33.55,34.0,1,21.62,Poor
0.418,-91.28,-74.7,-16.9,10.35,-102.97,32.46,36.0,1,40.99,Fair
0.428,-91.35,-74.05,-16.95,-0.8,-97.68,43.19,53.0,2,33.24,Poor
0.342,-95.48,-73.67,-19.5,-2.09,-101.81,28.68,27.0,2,31.67,Poor
0.043,-78.51,-62.59,-16.74,14.32,-98.15,53.33,54.0,2,53.16,Fair
0.265,-99.76,-80.87,-19.5,-5.03,-99.73,36.83,52.0,2,25.25,Poor
3.425,-111.91,-95.97,-15.5,-10.0,-97.12,59.45,62.0,3,18.86,Poor
0.811,-95.58,-74.29,-19.5,11.7,-112.71,9.84,29.0,1,51.4,Fair
1.008,-106.62,-86.74,-19.5,-10.0,-97.08,58.25,43.0,4,14.62,Poor
0.78,-102.32,-88.51,-13.42,-5.5,-102.7,23.46,42.0,6,47.63,Fair
0.049,-76.23,-59.01,-16.71,22.14,-104.15,24.54,31.0,1,63.79,Good
0.116,-78.48,-66.71,-10.66,11.61,-95.17,57.74,55.0,1,61.18,Good
0.02,-69.65,-48.94,-19.5,27.2,-102.57,47.49,,0,54.7,Fair
0.163,-87.5,-63.36,-19.5,7.95,-101.31,35.32,50.0,2,40.91,Fair
0.052,-77.72,-66.27,-10.43,12.67,-96.23,54.28,55.0,2,55.06,Good
0.288,-98.92,-85.2,-15.51,-5.73,-100.33,30.38,47.0,1,32.39,Poor
0.509,-103.93,-85.43,-17.35,-10.0,-87.73,76.44,52.0,3,16.66,Poor
0.934,-106.65,-88.7,-18.67,-6.75,-105.03,17.86,35.0,1,32.02,Poor
0.622,-95.84,-79.08,-18.37,-7.25,-91.32,68.03,65.0,3,23.7,Poor
1.256,-107.33,-94.54,-12.97,-8.93,-103.72,43.1,45.0,2,29.69,Poor
0.025,-74.4,-55.42,-19.26,12.92,-95.39,52.87,64.0,1,54.69,Fair
0.02,-72.63,-51.97,-19.5,17.75,-94.64,58.92,61.0,1,56.4,Good
0.487,-98.32,-71.78,-19.5,0.25,-102.48,22.5,27.0,2,34.56,Poor
0.154,-80.98,-59.06,-19.5,4.78,-94.39,70.07,59.0,1,37.39,Fair
0.132,-87.05,-72.95,-14.78,5.5,-98.32,43.87,32.0,2,50.61,Fair
0.181,-92.34,-74.37,-17.69,6.51,-100.33,54.07,51.0,1,33.5,Poor
0.141,-86.97,-67.2,-19.5,14.57,-103.26,34.61,40.0,2,44.46,Fair
0.322,-87.17,-71.24,-15.75,10.85,-98.01,59.29,47.0,3,50.03,Fair
0.261,-94.38,-74.04,-19.5,5.04,-103.47,49.8,37.0,2,30.16,Poor
0.323,-98.94,-78.83,-19.35,-0.75,-100.44,34.06,64.0,0,33.38,Poor
0.503,-100.05,-78.33,-19.5,5.43,-109.08,8.75,24.0,5,45.69,Fair
0.22,-90.39,-69.98,-19.5,-8.44,-89.88,74.87,77.0,1,28.1,Poor
0.13,-83.61,-64.75,-17.39,20.95,-107.94,13.0,19.0,0,63.95,Good
0.082,-78.33,-62.25,-15.66,21.88,-104.76,28.96,29.0,0,63.16,Good
0.193,-93.96,-79.84,-14.78,6.5,-105.69,23.4,23.0,2,47.62,Fair
0.609,-103.51,-84.86,-18.16,-10.0,-92.06,65.34,57.0,1,17.2,Poor
0.636,-101.38,-84.59,-17.1,-10.0,-91.88,62.64,68.0,1,21.12,Poor
0.495,-95.17,-78.09,-17.12,3.42,-101.07,45.99,44.0,1,44.29,Fair
0.12,-90.69,-69.33,-19.5,-6.55,-91.2,72.56,72.0,3,24.63,Poor
0.399,-98.47,-76.37,-19.5,-10.0,-89.01,67.27,62.0,0,16.78,Poor
0.381,-98.0,-83.71,-14.48,7.19,-107.54,7.32,21.0,0,47.83,Fair
0.298,-89.75,-72.38,-17.01,9.04,-103.4,29.06,37.0,2,42.51,Fair
0.359,-93.02,-76.32,-18.37,6.19,-100.97,27.69,38.0,2,42.69,Fair
0.305,-90.09,-71.14,-19.16,-2.19,-90.97,74.51,66.0,0,32.53,Poor
0.375,-90.15,-78.95,-13.28,7.49,-100.99,41.39,42.0,1,45.01,Fair
0.566,-100.29,-86.67,-13.45,5.03,-107.58,14.11,27.0,0,46.27,Fair
0.052,-83.28,-65.63,-16.76,15.68,-103.58,33.52,38.0,5,51.93,Fair
0.623,-104.63,-84.27,-19.5,-9.68,-100.75,43.93,46.0,1,15.4,Poor
0.066,-87.84,-69.61,-18.76,2.41,-96.55,47.57,34.0,4,36.77,Fair
0.031,-75.95,-55.93,-18.93,2.51,-85.1,86.33,73.0,1,30.13,Poor
1.68,-110.05,-91.46,-18.32,-10.0,-102.41,31.19,34.0,2,15.74,Poor
1.416,-103.88,-82.05,-19.5,-8.04,-95.77,46.81,47.0,3,24.77,Poor
0.028,-73.2,-50.74,-19.5,14.52,-97.97,42.38,44.0,0,51.9,Fair
0.264,-94.41,-78.69,-16.31,3.46,-99.96,43.46,59.0,2,37.67,Fair
0.093,-83.9,-63.25,-19.5,26.42,-109.3,15.69,44.0,0,56.64,Good
0.299,-97.7,-78.17,-19.5,-1.82,-101.81,28.0,36.0,3,28.93,Poor
0.798,-97.95,-72.43,-19.5,-0.97,-103.03,19.34,32.0,1,29.72,Poor
1.354,-109.78,-94.17,-16.26,-9.7,-107.35,30.22,36.0,0,13.61,Poor
0.453,-101.69,,-18.94,-10.0,-95.19,65.53,58.0,5,25.47,Poor
0.197,-86.64,-71.74,-15.5,17.04,-104.69,20.98,31.0,0,56.76,Good
0.416,-94.11,-79.03,-15.63,3.2,-103.15,18.46,26.0,1,39.13,Fair
0.168,-95.47,-76.31,-19.5,-10.0,-90.62,65.22,61.0,1,21.77,Poor
1.083,-101.28,-82.66,-18.31,1.3,-108.87,7.71,27.0,4,39.07,Fair
0.919,-106.25,-86.62,-19.5,-4.03,-108.92,20.88,37.0,1,25.1,Poor
0.368,-96.83,-77.27,-18.86,11.63,-112.07,13.54,21.0,2,47.22,Fair
0.177,-88.25,,-17.44,-9.78,-82.62,82.17,76.0,0,21.43,Poor
0.156,-85.59,-68.31,-17.58,5.93,-97.22,49.52,37.0,4,50.74,Fair
0.02,-68.66,-53.57,-17.13,24.56,-97.42,51.39,54.0,2,65.08,Good
0.761,-101.84,-85.95,-16.68,-4.37,-102.79,38.5,40.0,3,27.25,Poor
0.269,-94.34,-76.51,-16.89,-10.0,-88.44,74.62,71.0,2,28.29,Poor
0.177,-87.36,-68.77,-18.58,8.23,-102.87,38.87,52.0,3,43.65,Fair
0.287,-93.65,-73.52,-19.5,-5.95,-90.54,65.3,60.0,5,15.52,Poor
0.769,-94.5,-74.68,-18.09,1.89,-101.78,20.01,34.0,1,40.85,Fair
0.06,-77.35,-54.67,-19.5,8.75,-91.8,70.46,54.0,0,37.91,Fair
0.877,-106.57,-91.48,-13.6,-10.0,-97.98,40.93,50.0,2,29.04,Poor
1.025,-106.13,-88.83,-16.88,-10.0,-96.45,64.48,42.0,1,23.79,Poor
1.319,-106.22,-90.88,-15.08,-10.0,-98.83,44.61,43.0,0,31.41,Poor
0.228,-86.0,-64.17,-19.5,9.27,-97.97,64.74,57.0,1,38.64,Fair
0.11,-79.27,-62.78,-17.01,21.96,-103.54,32.41,29.0,2,67.57,Good
0.211,-92.09,-70.63,-19.5,4.71,-101.71,54.17,45.0,0,36.08,Fair
0.182,-92.99,-70.63,-19.5,,-99.84,64.53,41.0,4,28.89,Poor
0.087,-87.16,-67.91,-19.5,11.89,-106.49,23.81,44.0,2,48.96,Fair
0.421,-95.49,-76.61,-18.8,3.28,-104.34,36.41,48.0,2,38.67,Fair
0.291,-84.1,-65.99,-19.18,9.21,-99.27,42.76,61.0,1,38.37,Fair
0.903,-100.97,-83.92,-18.66,-1.62,-104.01,19.56,28.0,0,26.96,Poor
0.02,-76.82,-60.13,-15.9,20.83,-98.45,41.24,40.0,1,58.86,Good
0.465,-100.26,,-16.87,-5.61,-99.91,44.24,53.0,4,27.15,Poor
0.648,-102.74,-79.26,-19.5,-5.63,-103.42,11.62,21.0,2,24.62,Poor
0.641,-103.44,-88.57,-15.56,-5.42,-101.28,30.25,38.0,2,33.11,Poor
0.977,-105.36,-86.75,-19.24,-4.38,-104.07,25.16,42.0,3,27.38,Poor
0.588,-97.92,-77.78,-19.5,-3.56,-94.95,48.69,42.0,2,29.98,Poor
1.183,-102.74,-85.59,-17.69,-10.0,-95.08,57.66,46.0,2,22.58,Poor
0.182,-84.88,-65.63,-19.5,8.24,-99.54,38.12,56.0,1,41.41,Fair
0.315,-91.89,-78.41,-14.08,6.87,-104.15,43.38,47.0,1,31.99,Poor
0.02,-78.26,-56.29,-19.5,20.85,-102.98,36.1,41.0,4,56.82,Good
0.02,-74.67,-53.28,-19.5,23.79,-103.08,24.2,27.0,0,59.26,Good
0.124,-86.54,-68.84,-15.36,14.73,-103.42,28.15,41.0,3,53.84,Fair
0.048,-77.18,-61.82,-17.17,16.47,-99.66,29.43,32.0,3,58.23,Good
0.136,-83.26,-62.89,-19.5,7.98,-96.93,45.21,52.0,3,43.07,Fair
0.088,-82.78,-68.23,-11.33,17.98,-105.15,12.38,27.0,1,62.0,Good
0.02,-70.24,-55.26,-14.27,30.0,-108.81,16.84,27.0,1,78.51,Excellent
1.08,-103.73,-85.89,-16.99,-7.24,-99.78,22.63,28.0,3,22.96,Poor
0.02,-71.46,-48.91,-19.5,26.33,-101.38,18.32,33.0,2,62.27,Good
0.599,-99.22,,-19.5,-6.57,-97.3,47.55,50.0,3,27.01,Poor
0.074,-77.03,-60.97,-15.8,24.92,-109.7,11.24,25.0,1,69.98,Good
1.095,-105.13,-92.18,-13.11,-10.0,-98.58,63.23,58.0,3,25.1,Poor
1.005,-104.17,-86.05,-17.31,-1.82,-106.1,22.81,26.0,2,28.79,Poor
0.477,-97.73,-78.98,-19.5,-7.41,-96.46,60.63,59.0,0,20.44,Poor
0.502,-92.84,-75.06,-18.37,2.48,-98.7,35.45,38.0,1,39.31,Fair
0.02,-74.88,-51.46,-19.5,19.58,-101.31,20.73,34.0,3,56.57,Good
1.886,-102.41,-84.81,-18.19,2.1,-111.42,7.55,22.0,2,38.17,Fair
0.946,-108.23,-97.08,-9.94,-8.44,-106.88,18.56,31.0,1,39.52,Fair
1.015,-106.75,-89.97,-15.62,-10.0,-97.94,44.43,46.0,2,21.96,Poor
0.484,-94.74,-75.38,-19.5,2.28,-101.2,36.35,46.0,1,38.8,Fair
0.19,-85.51,-66.35,-17.9,12.87,-105.0,7.16,31.0,2,51.46,Fair
1.008,-109.7,-92.23,-19.0,-10.0,-94.73,74.64,64.0,5,24.76,Poor
0.155,-92.24,-75.26,-19.16,-1.33,-91.55,61.05,60.0,2,32.67,Poor
0.372,-94.33,-82.33,-11.68,-0.43,-98.55,52.66,52.0,1,39.82,Fair
0.047,-68.3,-50.04,-19.5,26.09,-99.63,19.58,33.0,1,66.74,Good
1.148,-100.22,-83.24,-16.93,-4.97,-99.83,30.67,,2,33.25,Poor
0.068,-81.8,-63.06,-18.51,14.06,-99.35,32.73,35.0,1,51.23,Fair
0.115,-94.94,-75.46,-19.5,9.01,-108.84,20.53,34.0,0,37.94,Fair
0.368,-95.0,-73.28,-19.5,5.76,-107.38,31.62,43.0,5,38.66,Fair
0.65,-98.82,-83.69,-14.74,1.96,-105.36,28.07,29.0,1,44.68,Fair
0.435,-98.31,-84.2,-13.9,2.25,-104.41,32.25,36.0,2,40.94,Fair
0.119,-88.98,-72.7,-16.51,1.95,-95.15,63.26,49.0,2,40.54,Fair
0.02,-69.81,,-16.9,26.89,-100.02,54.22,60.0,4,58.85,Good
0.637,-103.86,-88.34,-14.87,-10.0,-94.21,51.81,56.0,1,22.51,Poor
1.896,-102.07,-79.74,-19.5,-10.0,-86.81,90.13,70.0,1,17.24,Poor
0.747,-95.41,-76.97,-17.72,-3.38,-99.91,66.16,55.0,3,27.81,Poor
0.277,-90.26,-66.35,-19.5,5.6,-102.43,36.05,53.0,1,37.59,Fair
1.053,-104.1,-86.11,-16.4,-7.8,-99.65,36.75,40.0,3,31.28,Poor
0.237,-94.18,-79.7,-13.66,8.16,-109.92,5.65,21.0,4,44.83,Fair
0.335,-94.61,-79.03,-13.39,-2.36,-97.2,65.14,56.0,0,37.88,Fair
0.292,-86.77,-65.7,-19.5,15.26,-103.91,37.3,45.0,1,38.23,Fair
0.267,-89.09,-74.49,-14.06,,-97.35,49.83,58.0,1,37.34,Fair
0.672,-99.74,-80.07,-19.29,-9.01,-99.45,58.92,57.0,4,20.26,Poor
0.337,-90.87,-73.94,-17.01,13.34,-108.86,6.39,22.0,3,54.77,Fair
0.171,-86.55,-71.34,-14.89,7.44,-100.44,45.88,39.0,1,40.7,Fair
0.134,-85.05,-62.89,-19.5,10.82,-99.65,36.42,43.0,0,47.59,Fair
0.02,-66.52,-50.29,-16.51,22.44,-93.06,62.93,62.0,0,61.31,Good
0.394,-93.86,-78.34,-15.52,-4.62,-95.55,34.8,40.0,1,29.36,Poor
0.118,-82.05,-64.28,-17.16,15.59,-103.52,30.17,34.0,2,50.55,Fair
0.072,-80.64,-64.16,-17.39,2.96,-88.42,73.81,58.0,2,43.27,Fair
0.477,-98.61,-73.97,-19.5,-9.51,-91.45,66.88,71.0,0,25.53,Poor
0.514,-100.44,-79.26,-19.5,-5.98,-103.24,39.86,50.0,1,21.94,Poor
0.628,-102.64,-86.41,-15.78,-9.33,-96.24,34.31,37.0,3,23.14,Poor
0.315,-100.42,-83.84,-16.77,-10.0,-96.16,53.7,53.0,1,13.94,Poor
1.01,-107.74,-95.8,-10.87,-10.0,-92.67,50.3,40.0,0,36.77,Fair
1.239,-109.63,-91.22,-18.01,-10.0,-97.09,65.16,71.0,0,19.05,Poor
0.741,-103.44,-87.68,-14.93,-10.0,-97.78,37.38,39.0,2,29.63,Poor
0.454,-90.92,-72.65,-17.84,8.29,-106.9,33.26,31.0,5,45.56,Fair
0.163,-88.92,-76.82,-9.26,19.24,-115.25,8.57,29.0,4,66.01,Good
1.832,-108.3,-90.38,-18.7,-10.0,-95.8,31.51,42.0,3,21.33,Poor
0.144,-86.14,-63.05,-19.5,4.81,-94.85,49.12,54.0,3,34.23,Poor
0.102,-77.9,-59.74,-19.05,9.84,-91.38,57.89,48.0,3,42.4,Fair
0.263,-94.72,-79.05,-15.21,-7.27,-93.79,68.39,68.0,1,31.7,Poor
0.026,-73.62,-55.69,-17.99,22.69,-103.3,34.49,36.0,1,60.77,Good
1.728,-109.18,-91.37,-16.55,-9.45,-102.18,23.42,30.0,6,28.51,Poor
0.4,-91.51,-66.93,-19.5,6.94,-103.78,38.06,51.0,4,49.18,Fair
0.366,-89.92,-72.92,-16.53,4.18,-101.56,46.98,50.0,2,42.3,Fair
0.48,-95.74,-81.35,-14.95,-2.98,-99.32,49.78,51.0,0,35.28,Fair
0.309,-88.9,-70.84,-19.34,7.02,-102.87,17.31,33.0,1,46.77,Fair
0.02,-69.73,-51.15,-19.5,30.0,-108.33,19.53,35.0,2,68.53,Good
0.426,-97.31,-77.62,-19.5,,-100.16,27.3,24.0,0,32.21,Poor
0.567,-94.37,-74.1,-19.44,2.83,-101.43,29.03,26.0,1,31.11,Poor
0.243,-89.78,-65.92,-19.5,1.76,-98.87,39.05,60.0,2,35.62,Fair
0.637,-103.04,-86.83,-13.12,-9.28,-96.72,72.85,57.0,1,23.84,Poor
0.116,-81.36,-65.42,-15.73,6.79,-89.95,88.17,73.0,2,41.58,Fair
0.113,-85.94,-73.5,-12.9,12.34,-107.53,12.55,27.0,1,59.77,Good
0.079,-83.41,-63.42,-19.5,-3.07,-89.73,77.09,74.0,2,33.11,Poor
0.209,-86.89,-71.55,-14.1,11.79,-102.68,36.97,41.0,3,53.81,Fair
0.845,-102.9,-82.23,-19.5,-7.09,-95.5,38.56,42.0,4,25.59,Poor
0.792,-100.43,-83.9,-17.47,-8.92,-93.34,69.94,50.0,4,21.93,Poor
0.217,-88.13,-64.95,-19.5,11.91,-103.31,22.61,38.0,2,50.44,Fair
0.4,-99.2,-85.5,-14.21,-1.65,-99.49,41.48,44.0,0,37.85,Fair
0.574,-97.66,-76.59,-19.5,-8.86,-93.22,58.6,56.0,4,21.85,Poor
0.124,-80.56,-59.84,-19.5,14.78,-100.71,37.11,45.0,2,50.27,Fair
0.083,-86.3,-66.72,-18.95,4.09,-93.57,80.78,81.0,1,36.8,Fair
1.611,-106.35,-91.7,-14.87,-5.36,-103.43,30.76,38.0,3,29.59,Poor
0.433,-100.06,-80.46,-18.66,-7.33,-96.15,66.31,72.0,0,26.9,Poor
1.793,-104.99,-86.61,-18.03,-3.34,-105.28,44.21,47.0,1,28.02,Poor
0.185,-85.36,-72.85,-11.67,8.62,-99.54,27.93,34.0,1,54.01,Fair
0.546,-100.18,-77.51,-19.5,-5.86,-98.93,25.65,35.0,2,30.28,Poor
0.113,-76.32,-59.36,-16.91,25.42,-105.27,21.79,23.0,3,56.91,Good
0.136,-82.32,-59.88,-19.5,1.56,-88.52,88.36,85.0,3,25.96,Poor
0.323,-91.38,-73.58,-17.09,11.25,-109.19,11.72,37.0,1,50.71,Fair
0.173,-86.22,-65.28,-19.5,11.23,-107.28,10.5,29.0,0,51.12,Fair
0.083,-78.5,-63.08,-15.31,12.19,-93.06,50.04,56.0,2,52.34,Fair
0.137,-90.8,-72.15,-18.68,-9.43,-86.02,77.72,60.0,2,20.76,Poor
0.02,-69.67,-51.23,-17.74,18.78,-93.67,63.76,54.0,1,53.83,Fair
0.548,-97.27,-80.24,-18.02,-3.73,-101.75,53.27,39.0,2,32.98,Poor
0.305,-95.31,-79.92,-15.06,-1.22,-98.15,34.59,42.0,2,43.57,Fair
0.045,-75.31,-66.51,-7.75,27.86,-109.15,11.74,33.0,2,80.75,Excellent
0.085,-77.74,-62.28,-15.27,19.76,-105.77,22.05,31.0,1,63.07,Good
0.049,-79.61,-59.51,-18.63,13.15,-97.63,44.29,44.0,1,49.81,Fair
0.427,-96.84,-83.03,-11.8,0.11,-99.03,52.23,44.0,3,37.12,Fair
0.045,-80.45,-66.01,-14.61,11.17,-100.34,33.54,52.0,4,53.33,Fair
0.632,-107.17,-93.48,-13.11,-9.33,-101.5,36.38,38.0,1,24.15,Poor
0.02,-67.33,-48.7,-18.94,15.34,-89.95,88.9,66.0,1,52.29,Fair
0.129,-86.39,-71.07,-15.73,7.23,-100.32,34.67,47.0,1,48.11,Fair
0.996,-103.78,-82.12,-19.5,-4.11,-101.56,41.21,33.0,3,28.13,Poor
0.57,-103.09,-82.88,-19.5,-10.0,-92.58,70.04,69.0,0,17.73,Poor
0.034,-75.65,-57.05,-18.36,24.56,-106.18,31.42,42.0,0,65.69,Good
0.774,-97.41,-78.49,-19.5,-9.17,-93.99,47.73,49.0,5,29.54,Poor
0.306,-93.73,-78.02,-16.35,14.88,-110.45,16.11,40.0,1,56.75,Good
0.844,-102.42,-86.71,-14.57,-5.08,-104.39,24.1,34.0,2,35.93,Fair
0.413,-95.51,-75.38,-19.5,-2.38,-98.31,37.88,46.0,3,27.38,Poor
0.515,-103.2,-82.46,-19.5,-8.78,-103.1,14.23,31.0,2,36.54,Fair
2.266,-108.61,-88.5,-17.85,-10.0,-94.17,64.12,61.0,3,20.42,Poor
0.119,-90.6,-74.01,-16.6,,-102.04,37.94,55.0,2,44.26,Fair
0.44,-100.65,-83.82,-16.2,-10.0,-87.58,87.85,83.0,4,19.21,Poor
0.278,-97.09,-81.89,-15.89,2.55,-104.57,39.71,37.0,1,40.47,Fair
0.02,-71.15,-50.84,-19.5,30.0,-115.94,3.72,20.0,4,72.2,Good
0.02,-71.85,-59.74,-14.7,18.69,-96.53,53.77,52.0,2,58.28,Good
0.057,-79.29,-67.91,-11.82,,-98.77,41.98,42.0,1,59.08,Good
0.471,-101.1,-89.12,-13.86,-10.0,-94.09,62.83,49.0,1,31.69,Poor
0.377,-91.52,-79.95,-12.66,-1.36,-95.55,55.06,58.0,5,35.07,Fair
0.363,-91.88,-69.81,-19.5,,-93.11,50.36,57.0,2,28.36,Poor
0.02,-71.14,-50.78,-19.5,29.17,-104.53,21.5,27.0,1,64.66,Good
0.285,-95.04,-80.64,-13.31,-2.32,-95.49,52.62,55.0,2,35.64,Fair
1.163,-107.64,-89.96,-17.51,-10.0,-101.88,37.98,46.0,2,18.73,Poor
0.228,-92.44,-70.04,-19.5,3.49,-100.57,52.16,37.0,2,29.08,Poor
0.441,-102.51,-83.01,-19.5,-2.68,-102.45,20.52,29.0,0,27.17,Poor
0.681,-104.51,-80.17,-19.5,-4.47,-102.88,55.07,55.0,2,24.21,Poor
0.689,-97.34,-79.69,-17.17,3.03,-104.96,42.15,,2,39.84,Fair
0.33,-93.18,-77.14,-15.12,-3.81,-95.4,38.14,,3,36.39,Fair
0.878,-96.34,-81.59,-16.7,2.29,-105.84,9.96,,6,45.97,Fair
0.223,-92.22,-74.15,-17.95,2.55,-103.25,23.42,31.0,3,43.75,Fair
0.988,-105.35,-84.54,-19.5,-10.0,-92.36,48.1,56.0,5,27.26,Poor
0.124,-87.54,-69.25,-17.57,11.51,-102.35,22.93,41.0,1,47.69,Fair
0.148,-88.74,-71.81,-15.79,5.95,-101.03,46.29,46.0,0,38.54,Fair
0.025,-74.79,-53.02,-19.5,28.34,-107.42,18.04,37.0,0,70.58,Good
0.714,-100.01,-80.42,-19.29,-10.0,-90.62,59.98,51.0,4,25.54,Poor
0.243,-91.63,-73.97,-18.16,1.4,-97.66,51.17,43.0,4,38.5,Fair
0.117,-87.48,-71.78,-15.49,3.33,-95.44,59.05,50.0,4,38.26,Fair
0.119,-80.55,-63.32,-17.62,29.07,-109.07,20.57,34.0,0,64.57,Good
1.043,-96.78,-77.37,-19.5,-3.12,-99.49,49.61,50.0,4,32.62,Poor
0.808,-97.49,-81.83,-16.49,1.66,-101.43,34.77,35.0,3,33.37,Poor
0.363,-92.99,-78.69,-15.22,-0.41,-95.23,43.84,56.0,4,34.57,Poor
0.431,-93.66,-77.1,-17.19,7.08,-99.4,23.2,36.0,3,44.12,Fair
0.289,-85.83,-67.98,-18.03,4.38,-90.76,71.82,71.0,1,39.1,Fair
0.224,-87.99,-65.9,-19.5,-3.29,-91.02,68.17,57.0,1,20.23,Poor
1.112,-107.27,-92.75,-15.41,-1.62,-110.62,1.55,17.0,0,31.53,Poor
0.06,-78.19,-59.51,-19.3,22.04,-103.8,35.35,42.0,2,62.53,Good
0.244,-89.28,-72.11,-17.0,9.03,-102.84,31.48,31.0,2,48.53,Fair
0.19,-93.6,-76.29,-17.88,4.66,-100.5,30.39,33.0,4,40.25,Fair
0.31,-95.0,-72.38,-19.5,,-97.25,65.09,56.0,1,23.98,Poor
0.275,-88.43,-70.18,-17.96,9.08,-103.32,39.75,44.0,2,40.45,Fair
0.329,-101.67,-86.41,-16.13,-10.0,-91.64,63.83,67.0,0,19.49,Poor
0.068,-85.76,-65.09,-19.5,20.6,-111.96,15.28,40.0,2,54.53,Fair
0.324,-94.94,-74.49,-19.31,6.96,-102.25,47.22,63.0,2,33.24,Poor
0.125,-84.59,-69.59,-14.8,19.22,-106.28,17.34,27.0,3,60.99,Good
0.092,-88.77,-74.35,-14.26,-5.49,-89.57,53.84,61.0,1,39.07,Fair
0.03,-74.38,-55.15,-19.5,14.02,-95.74,64.56,50.0,2,54.74,Fair
0.647,-95.62,-77.72,-17.94,-0.53,-103.37,23.27,40.0,2,47.5,Fair
0.251,-91.75,-75.16,-17.16,0.67,-100.19,41.46,48.0,4,37.93,Fair
0.443,-93.2,-72.03,-19.5,2.79,-97.75,50.06,46.0,1,36.83,Fair
0.585,-101.73,-85.51,-17.02,-10.0,-96.94,77.87,76.0,3,22.02,Poor
0.512,-101.44,-82.17,-19.5,-7.37,-95.6,40.46,40.0,1,19.53,Poor
0.286,-89.77,-68.24,-19.5,10.62,-105.95,26.6,32.0,1,43.38,Fair
0.221,-89.45,-72.46,-16.55,11.04,-105.57,33.61,40.0,2,41.41,Fair
0.212,-95.32,-82.81,-11.5,-9.63,-88.67,56.58,56.0,1,38.22,Fair
0.46,-100.47,-83.68,-15.47,2.4,-105.68,22.3,37.0,3,48.72,Fair
0.307,-87.52,-68.95,-18.92,4.95,-96.06,39.11,38.0,2,38.69,Fair
0.851,-106.31,-85.3,-19.5,-10.0,-98.07,61.62,66.0,2,19.54,Poor
0.935,-99.69,-83.25,-17.33,-10.0,-95.67,45.76,40.0,1,32.64,Poor
0.084,-84.52,-61.35,-19.5,8.52,-98.42,35.79,40.0,3,43.32,Fair
0.066,-80.52,-66.42,-13.7,,-105.01,22.43,31.0,0,58.44,Good
0.448,-95.86,,-18.15,-3.23,-94.01,61.5,64.0,0,33.53,Poor
0.161,-96.61,-79.33,-17.31,0.28,-105.37,28.72,36.0,2,39.2,Fair
0.02,-76.3,-54.25,-19.5,14.45,-97.63,37.13,32.0,0,47.52,Fair
0.988,-103.56,-89.98,-14.43,-10.0,-96.06,56.89,63.0,3,20.48,Poor
0.116,-88.25,-68.97,-18.19,0.47,-98.37,64.38,45.0,1,35.45,Fair
1.192,-101.55,-84.28,-15.98,0.88,-104.93,13.18,26.0,0,43.73,Fair
0.569,-105.54,-82.95,-19.5,-6.84,-100.7,35.74,37.0,3,19.5,Poor
0.647,-97.97,-82.46,-16.59,-10.0,-93.84,62.63,66.0,4,29.44,Poor
0.101,-89.7,-70.45,-19.5,12.29,-105.62,37.14,40.0,3,45.7,Fair
0.12,-87.07,-71.58,-15.67,1.83,-91.97,48.69,42.0,1,46.81,Fair
0.331,-98.69,-80.13,-17.84,-7.88,-95.67,58.24,60.0,4,24.27,Poor
0.085,-75.08,-58.19,-15.69,14.87,-93.21,66.36,60.0,2,51.17,Fair
0.164,-93.71,-76.86,-18.44,9.53,-107.04,12.31,32.0,4,44.74,Fair
0.175,-89.37,-77.34,-13.45,8.21,-102.08,19.44,42.0,1,50.58,Fair
0.078,-88.89,-69.64,-18.0,4.55,-97.33,36.24,47.0,0,42.69,Fair
0.103,-77.97,-63.22,-12.91,16.17,-98.92,39.81,45.0,0,65.38,Good
0.699,-99.3,-84.65,-15.27,-2.63,-100.99,17.01,26.0,0,38.24,Fair
0.082,-81.87,-68.53,-14.48,,-99.33,37.78,44.0,0,55.8,Good
0.02,-64.55,-49.72,-13.42,30.0,-108.79,8.14,16.0,0,75.51,Excellent
0.447,-96.43,-76.93,-18.81,7.75,-108.3,14.16,37.0,0,41.64,Fair
1.678,-107.62,-88.27,-19.46,-10.0,-92.1,68.88,63.0,2,16.57,Poor
0.181,-88.68,-68.68,-19.5,23.72,-115.69,13.25,22.0,2,56.8,Good
0.057,-76.99,-62.07,-13.68,20.9,-104.05,25.8,38.0,0,64.03,Good
0.38,-97.59,-78.95,-19.5,-2.12,-100.55,40.79,43.0,3,29.56,Poor
1.066,-105.42,-89.26,-13.55,-6.91,-101.25,44.05,40.0,5,33.1,Poor
0.69,-97.54,-76.68,-19.5,-1.12,-101.69,33.65,43.0,3,28.17,Poor
0.438,-95.75,-76.47,-18.71,-8.77,-93.23,61.91,66.0,4,25.64,Poor
0.17,-89.13,-73.1,-14.92,12.95,-106.69,6.29,31.0,1,62.29,Good
0.351,-100.54,-79.42,-19.5,-3.31,-98.88,43.09,58.0,0,25.44,Poor
0.043,-70.89,-51.37,-18.92,24.84,-100.98,35.36,43.0,1,59.2,Good
0.511,-100.84,-87.0,-13.03,-5.33,-101.46,14.24,25.0,0,40.77,Fair
0.581,-95.35,-82.37,-12.83,-7.68,-92.61,50.85,46.0,2,35.48,Fair
1.509,-106.88,-92.92,-15.76,-8.67,-99.6,47.23,45.0,2,29.12,Poor
0.136,-91.89,-68.94,-19.5,7.62,-104.06,10.09,27.0,2,49.29,Fair
0.02,-65.44,-50.48,-16.89,30.0,-103.12,37.23,57.0,0,70.8,Good
0.355,-94.01,-70.38,-19.5,-2.3,-94.17,62.99,59.0,1,31.81,Poor
0.552,-93.51,-78.72,-14.65,-4.08,-96.26,64.41,76.0,1,30.84,Poor
0.703,-101.68,-87.2,-14.42,-6.62,-102.56,22.9,34.0,2,34.24,Poor
0.097,-81.0,-60.36,-19.5,22.48,-106.3,24.14,34.0,0,57.8,Good
0.137,-93.82,-73.04,-19.5,-5.39,-95.2,58.41,44.0,3,18.34,Poor
0.323,-96.22,-76.55,-19.5,-10.0,-86.82,90.37,76.0,2,12.5,Poor
0.181,-94.28,-74.25,-19.5,-0.36,-97.99,57.23,58.0,0,35.25,Fair
0.886,-104.46,-88.87,-15.31,-10.0,-98.54,39.72,41.0,2,26.6,Poor
0.289,-91.36,-70.86,-19.5,-5.67,-90.16,61.54,49.0,1,24.52,Poor
0.723,-103.62,-84.9,-16.88,-10.0,-96.73,49.88,49.0,1,21.28,Poor
0.391,-92.41,-75.51,-17.49,9.17,-104.87,14.93,31.0,1,52.77,Fair
0.667,-103.93,-85.64,-17.84,-10.0,-86.57,74.98,72.0,1,18.39,Poor
0.182,-85.71,-64.53,-19.5,9.35,-100.29,45.86,48.0,1,47.76,Fair
0.801,-96.85,-77.67,-18.1,-10.0,-91.31,65.62,75.0,0,22.54,Poor
0.144,-83.2,-71.67,-11.59,4.95,-92.79,65.05,59.0,2,46.7,Fair
0.355,-96.42,-75.74,-19.15,-5.9,-94.35,57.61,64.0,2,21.19,Poor
0.108,-93.28,-72.84,-19.5,-10.0,-87.39,87.3,54.0,1,19.53,Poor
0.29,-90.96,-74.1,-16.27,9.61,-104.58,24.65,41.0,0,50.43,Fair
0.172,-89.28,-70.93,-18.1,12.33,-108.96,7.65,11.0,3,45.13,Fair
0.14,-90.87,-72.53,-18.75,5.78,-100.36,30.39,52.0,2,40.09,Fair
1.535,-109.95,-97.89,-11.88,-10.0,-100.39,21.64,33.0,5,34.66,Poor
0.078,-76.27,-59.47,-16.74,11.13,-89.62,80.88,71.0,1,40.67,Fair
0.697,-105.42,-88.51,-15.33,-6.17,-107.22,3.01,16.0,1,44.0,Fair
1.865,-107.55,-90.02,-16.59,-10.0,-97.18,44.19,50.0,5,25.38,Poor
0.02,-69.57,-53.15,-16.57,24.14,-97.08,43.14,43.0,1,64.25,Good
0.54,-100.1,-80.11,-19.5,1.66,-106.59,21.39,28.0,2,36.31,Fair
0.131,-83.85,-68.27,-17.01,9.59,-96.62,53.98,49.0,3,43.95,Fair
0.02,-63.92,-43.19,-19.5,24.94,-93.3,78.21,70.0,0,61.11,Good
0.232,-92.53,-72.69,-18.73,-5.33,-95.45,59.04,54.0,3,23.64,Poor
1.232,-106.79,-84.71,-19.5,-7.24,-106.81,20.8,28.0,2,29.06,Poor
0.02,-67.96,-44.75,-19.5,30.0,-107.53,8.42,26.0,3,69.58,Good
0.399,-92.37,-69.14,-19.5,19.69,-111.92,11.92,35.0,1,52.48,Fair
0.313,-94.45,-80.01,-15.03,-2.08,-97.67,57.48,60.0,1,28.68,Poor
0.93,-104.6,-85.57,-18.87,-4.93,-104.76,26.46,31.0,6,33.96,Poor
0.039,-85.02,-69.17,-16.09,4.83,-94.56,57.83,52.0,4,43.79,Fair
0.515,-101.36,-73.52,-19.5,5.95,-110.38,13.64,38.0,1,45.29,Fair
0.513,-102.77,-82.93,-18.92,-3.62,-106.39,12.49,33.0,3,35.21,Fair
0.498,-95.22,-72.97,-19.5,2.14,-101.13,39.6,34.0,3,31.74,Poor
1.284,-107.15,-87.85,-19.5,-10.0,-98.03,46.52,49.0,4,20.71,Poor
0.779,-102.98,-92.89,-9.7,-7.09,-101.74,30.47,53.0,3,36.07,Fair
0.02,-70.48,-54.83,-14.83,30.0,-106.27,6.65,25.0,1,75.63,Excellent
0.287,-96.66,-80.71,-14.3,-10.0,-89.2,72.34,65.0,3,24.0,Poor
0.228,-85.0,-68.17,-14.91,3.88,-92.01,81.64,65.0,0,43.66,Fair
0.167,-83.32,-64.24,-19.4,15.09,-103.56,18.93,31.0,1,57.96,Good
0.27,-86.19,-66.69,-19.5,4.02,-98.81,59.21,52.0,3,32.85,Poor
0.218,-88.08,-77.96,-9.21,8.59,-99.48,38.94,42.0,2,55.12,Good
0.255,-92.28,-74.99,-17.77,8.47,-105.48,15.71,46.0,1,48.81,Fair
1.744,-102.38,-85.84,-16.39,-6.61,-101.44,32.64,44.0,2,27.79,Poor
0.042,-79.35,-57.2,-19.5,8.71,-93.6,75.92,56.0,0,42.73,Fair
1.149,-108.7,-88.92,-19.5,-10.0,-95.35,59.31,58.0,6,18.79,Poor
0.294,-95.82,-78.37,-16.3,8.09,-107.01,18.77,31.0,2,43.57,Fair
0.44,-94.79,-76.12,-18.81,6.48,-106.35,18.13,29.0,0,37.17,Fair
0.798,-105.1,-92.16,-13.08,-10.0,-96.48,33.22,53.0,3,35.28,Fair
0.201,-90.74,-70.75,-19.5,-7.9,-91.61,71.01,62.0,2,19.99,Poor
0.253,-98.51,-81.7,-18.38,,-95.23,48.1,37.0,8,27.65,Poor
0.237,-89.61,-74.03,-14.66,-3.02,-87.88,64.98,58.0,5,30.82,Poor
0.211,-96.61,-74.67,-19.5,4.62,-106.93,22.11,35.0,2,41.94,Fair
1.169,-109.09,-90.27,-18.41,-7.64,-108.87,17.89,32.0,0,21.47,Poor
0.795,-97.14,-81.14,-15.09,0.36,-102.85,12.07,31.0,2,43.99,Fair
0.052,-73.75,-57.57,-17.43,17.4,-94.8,75.81,57.0,1,49.12,Fair
0.051,-76.9,-57.81,-19.5,22.15,-102.76,40.4,55.0,0,49.35,Fair
0.251,-90.93,-72.07,-17.97,9.93,-106.24,8.71,18.0,1,48.82,Fair
0.047,-79.7,-61.61,-17.44,17.48,-104.38,29.96,40.0,0,52.96,Fair
0.434,-99.87,-85.48,-14.46,-10.0,-95.7,53.81,53.0,0,29.48,Poor
0.07,-82.45,-67.62,-15.12,10.53,-98.14,41.37,30.0,2,59.34,Good
0.333,-100.52,-84.76,-16.09,-5.92,-97.66,71.9,67.0,1,30.62,Poor
0.02,-69.43,-52.02,-16.72,15.8,-90.1,59.31,38.0,2,50.89,Fair
0.171,-88.53,-70.65,-15.06,3.41,-97.26,23.17,40.0,3,44.47,Fair
0.509,-101.88,-84.36,-18.36,-4.58,-101.45,35.52,44.0,2,26.49,Poor
0.298,-87.23,-69.57,-15.57,13.81,-102.64,19.75,31.0,0,56.6,Good
1.723,-106.3,-82.66,-19.5,-10.0,-90.05,50.23,43.0,5,22.99,Poor
0.933,-100.64,-80.09,-19.5,-5.19,-102.53,26.03,27.0,2,23.11,Poor
0.2,-92.02,-70.46,-19.5,0.9,-101.91,48.05,55.0,0,40.36,Fair
0.021,-70.83,-51.44,-17.41,22.99,-97.41,46.44,55.0,1,60.92,Good
0.841,-99.99,-81.78,-19.5,3.55,-106.64,24.8,46.0,2,31.6,Poor
1.09,-104.14,-84.91,-19.5,-10.0,-88.98,85.66,71.0,4,12.67,Poor
0.773,-95.37,-76.69,-19.05,-10.0,-89.15,68.45,61.0,2,18.07,Poor
0.062,-80.75,-60.32,-19.5,7.8,-92.71,53.49,41.0,2,42.03,Fair
2.778,-114.9,-99.82,-14.72,-10.0,-102.27,47.23,35.0,5,27.37,Poor
0.135,-84.11,-63.94,-19.5,11.89,-104.97,13.25,25.0,2,54.12,Fair
0.58,-104.34,-85.84,-18.85,-7.29,-98.6,48.85,50.0,3,27.51,Poor
1.074,-100.93,-88.35,-13.88,4.9,-109.68,12.13,29.0,0,46.71,Fair
0.121,-90.93,-72.67,-18.79,6.33,-99.93,37.04,47.0,1,45.64,Fair
1.075,-102.08,-88.0,-12.4,-9.36,-97.2,44.61,45.0,3,30.34,Poor
0.167,-91.08,-74.69,-15.43,10.5,-103.28,11.54,24.0,2,57.65,Good
1.686,-106.64,-89.11,-16.7,-10.0,-91.56,67.21,45.0,3,28.06,Poor
0.149,-83.87,-70.39,-15.41,12.8,-100.73,39.61,44.0,1,53.6,Fair
1.38,-106.19,-88.35,-17.74,-3.76,-108.82,6.69,19.0,4,24.7,Poor
0.025,-77.02,-58.81,-18.92,4.24,-90.18,62.16,47.0,0,42.41,Fair
0.556,-102.5,-82.24,-19.4,-10.0,-98.79,49.67,59.0,0,21.53,Poor
0.342,-97.62,-80.98,-17.29,-2.56,-99.93,44.64,54.0,1,35.17,Fair
0.292,-100.93,-82.11,-19.5,-4.1,-102.14,31.36,44.0,1,22.89,Poor
0.114,-80.69,-62.98,-18.49,13.38,-97.7,49.44,56.0,2,48.45,Fair
0.55,-98.39,-81.64,-18.01,5.44,-108.02,12.02,17.0,1,42.46,Fair
0.095,-88.21,-75.22,-12.15,0.78,-98.26,32.25,48.0,1,46.73,Fair
0.362,-89.38,-71.71,-17.79,3.53,-99.09,39.7,35.0,2,35.18,Fair
0.131,-89.24,-69.01,-19.5,1.45,-94.54,41.72,43.0,3,32.49,Poor
1.402,-105.94,-90.74,-16.12,-10.0,-99.05,24.45,,6,31.57,Poor
0.02,-73.75,-56.4,-16.69,14.6,-92.95,61.3,50.0,1,53.29,Fair
0.1,-92.18,-74.39,-18.93,3.97,-103.53,28.32,35.0,2,36.95,Fair
0.125,-91.46,-70.15,-19.5,5.31,-103.16,43.77,39.0,1,40.03,Fair
0.241,-93.45,-75.36,-16.46,10.93,-109.09,11.03,32.0,1,50.7,Fair
0.119,-82.01,-63.14,-17.76,0.97,-86.75,74.91,54.0,2,38.86,Fair
0.304,-92.31,-74.33,-15.53,-6.93,-91.69,77.4,70.0,2,29.95,Poor
0.927,-102.79,-86.26,-16.21,-6.1,-105.34,27.47,48.0,2,32.28,Poor
0.56,-107.02,-92.43,-14.69,-5.88,-105.59,3.68,21.0,3,23.92,Poor
0.39,-90.77,-73.63,-16.27,5.47,-102.83,26.97,44.0,3,51.34,Fair
0.042,-75.76,-56.58,-19.5,22.4,-101.32,35.07,42.0,1,54.39,Fair
0.533,-99.03,-80.66,-16.34,-4.19,-100.99,26.59,30.0,1,29.35,Poor
0.082,-77.84,-55.4,-19.5,16.28,-100.32,52.82,51.0,2,47.39,Fair
0.695,-95.86,-75.02,-19.5,8.4,-108.76,9.25,26.0,2,46.64,Fair
0.129,-81.69,-59.97,-19.5,9.73,-95.07,45.09,44.0,2,43.47,Fair
0.243,-92.73,-80.83,-9.92,-1.9,-97.09,46.79,41.0,3,43.61,Fair
0.194,-93.82,-71.08,-19.5,-9.36,-91.44,65.52,59.0,3,21.19,Poor
0.881,-98.95,-80.15,-19.5,-10.0,-93.67,49.44,48.0,1,21.73,Poor
0.061,-85.29,-66.07,-18.65,1.75,-93.33,54.35,51.0,4,36.68,Fair
0.375,-87.72,-67.03,-19.5,9.95,-106.4,18.58,25.0,1,45.85,Fair
0.069,-80.78,-62.72,-16.0,15.08,-103.06,26.53,37.0,2,52.15,Fair
0.549,-103.05,-88.26,-13.75,-2.64,-103.17,49.19,50.0,1,39.06,Fair
1.06,-109.44,-87.1,-19.5,-10.0,-100.33,19.56,27.0,4,19.72,Poor
0.257,-97.33,-81.63,-15.68,-10.0,-91.42,68.83,63.0,2,28.19,Poor
0.301,-93.05,-78.01,-17.38,-4.86,-92.55,81.12,61.0,0,27.27,Poor
1.18,-105.47,-88.18,-17.98,-6.21,-103.76,43.9,42.0,1,22.89,Poor
0.331,-99.37,-82.53,-15.57,-1.51,-105.82,22.34,32.0,1,32.99,Poor
0.301,-95.02,-77.01,-18.15,0.06,-97.25,52.59,47.0,3,34.66,Poor
0.389,-101.28,-83.58,-17.16,0.45,-105.41,17.53,35.0,4,37.75,Fair
0.526,-96.08,-74.04,-19.5,1.24,-101.88,49.11,38.0,0,35.87,Fair
0.051,-78.52,-59.14,-19.5,20.05,-101.44,44.29,47.0,2,58.86,Good
0.774,-103.3,-87.88,-17.2,-6.68,-99.62,37.99,36.0,1,25.94,Poor
0.257,-97.4,-81.56,-14.24,-5.76,-95.4,27.87,35.0,0,34.76,Poor
0.034,-76.03,-59.2,-17.12,20.05,-102.13,27.27,40.0,1,55.42,Good
0.694,-102.5,-85.65,-18.02,-10.0,-93.65,60.32,65.0,4,27.48,Poor
0.213,-89.33,-72.88,-17.09,6.5,-102.49,45.43,48.0,2,40.22,Fair
0.048,-77.06,-62.37,-14.51,26.98,-108.31,6.72,38.0,2,79.23,Excellent
0.452,-93.95,-75.08,-18.81,3.88,-103.34,42.72,,1,30.39,Poor
0.955,-105.54,-88.91,-15.7,-7.92,-104.44,23.79,30.0,1,31.27,Poor
0.984,-111.31,-96.17,-13.17,-10.0,-99.78,19.18,33.0,3,29.69,Poor
1.423,-103.11,-83.65,-18.84,-8.82,-98.41,54.36,46.0,5,19.83,Poor
0.91,-106.94,-86.39,-19.5,-10.0,-94.09,61.42,68.0,2,16.67,Poor
0.02,-74.87,-57.61,-18.36,14.98,-95.9,67.82,59.0,0,52.67,Fair
0.215,-90.87,-67.53,-19.5,-1.49,-94.94,53.69,56.0,3,30.03,Poor
0.768,-100.51,-75.86,-19.5,-9.57,-97.79,52.0,53.0,1,23.61,Poor
0.205,-92.41,-72.92,-19.5,10.1,-106.53,33.65,42.0,1,42.27,Fair
0.414,-98.52,-81.92,-16.5,-6.41,-98.28,47.88,61.0,1,28.16,Poor
0.419,-98.04,-79.23,-19.45,-10.0,-83.95,81.7,54.0,0,16.41,Poor
0.204,-84.58,-70.26,-14.6,10.16,-98.75,38.94,41.0,3,46.2,Fair
1.057,-104.5,-89.11,-15.06,-6.93,-103.65,22.51,39.0,4,30.4,Poor
0.315,-97.86,-84.91,-13.96,-4.29,-99.23,49.34,50.0,0,34.43,Poor
0.281,-96.84,-80.73,-15.47,-4.29,-97.7,54.13,57.0,3,31.87,Poor
2.699,-113.63,-99.33,-13.92,-10.0,-93.04,49.43,53.0,5,20.7,Poor
0.306,-92.79,-72.92,-19.28,10.06,-103.98,26.58,32.0,1,41.38,Fair
0.088,-81.09,-65.34,-14.31,8.56,-93.21,63.6,49.0,3,42.97,Fair
0.324,-93.74,-74.91,-18.77,0.05,-97.93,42.53,49.0,0,30.35,Poor
0.757,-104.96,-84.72,-19.5,-10.0,-100.42,52.42,63.0,2,15.24,Poor
0.675,-102.29,-80.78,-19.5,8.97,-113.55,13.87,34.0,1,39.84,Fair
0.699,-97.97,,-16.89,-7.47,-94.23,76.81,58.0,1,24.43,Poor
0.554,-103.47,-84.54,-19.5,-10.0,-97.59,67.08,55.0,2,18.39,Poor
0.132,-88.34,,-19.5,4.61,-98.47,29.73,30.0,4,41.99,Fair
0.891,-100.62,-78.81,-19.5,-2.74,-100.06,51.37,45.0,2,31.28,Poor
1.008,-100.57,-80.22,-19.5,-3.72,-107.01,19.14,42.0,0,32.2,Poor
0.097,-84.61,-62.7,-19.5,-2.94,-90.24,72.78,68.0,2,30.33,Poor
0.063,-81.76,-68.75,-12.68,23.74,-110.06,7.01,17.0,1,66.94,Good
1.671,-113.75,-97.75,-15.06,-10.0,-100.0,29.31,47.0,3,26.19,Poor
0.912,-101.11,-80.01,-19.5,-9.86,-96.65,26.09,35.0,3,30.58,Poor
1.007,-98.79,-79.05,-19.5,-4.79,-95.58,42.64,58.0,1,25.24,Poor
0.979,-93.56,-75.94,-19.5,3.5,-102.43,20.42,32.0,3,36.87,Fair
0.351,-93.39,-76.81,-16.93,7.64,-106.68,20.93,33.0,3,53.56,Fair
0.468,-97.62,-77.26,-19.18,-3.41,-99.89,43.1,49.0,2,33.13,Poor
0.355,-98.7,-86.64,-12.87,-6.06,-99.05,42.4,43.0,1,43.75,Fair
0.024,-79.35,-58.98,-19.5,3.41,-85.66,82.3,77.0,0,38.77,Fair
0.616,-99.1,-80.82,-16.96,-2.05,-99.11,42.97,43.0,1,31.45,Poor
0.317,-84.64,-68.11,-17.75,5.68,-95.89,59.01,55.0,1,35.41,Fair
0.469,-92.37,-72.86,-19.5,-8.1,-91.31,56.44,63.0,0,29.44,Poor
0.314,-89.51,-72.67,-15.92,10.08,-102.73,16.55,41.0,1,52.28,Fair
0.305,-92.72,-74.63,-17.72,-1.51,-96.5,72.38,67.0,1,33.45,Poor
0.085,-81.23,-63.37,-18.74,18.46,-105.57,10.16,25.0,0,54.61,Fair
0.147,-97.1,-76.87,-19.5,-10.0,-91.79,78.59,76.0,0,17.07,Poor
0.078,-78.89,-60.41,-19.5,2.78,-87.55,56.65,52.0,4,39.85,Fair
0.098,-86.23,-73.96,-14.04,15.62,-105.15,21.13,26.0,0,57.26,Good
1.625,-111.03,-97.21,-13.09,-10.0,-95.85,52.33,49.0,1,34.08,Poor
0.075,-82.88,-68.14,-14.71,12.43,-100.32,26.01,33.0,0,53.29,Fair
0.141,-88.48,-69.11,-17.29,-7.01,-92.38,52.95,48.0,1,31.52,Poor
0.402,-98.97,-79.3,-18.87,-0.17,-104.19,15.8,27.0,3,32.61,Poor
0.424,-96.51,-73.5,-19.5,-3.9,-100.07,32.41,41.0,1,23.07,Poor
0.075,-83.88,-68.92,-13.13,15.06,-102.14,18.37,40.0,2,60.71,Good
0.71,-100.64,-78.71,-19.5,-0.8,-103.4,25.56,39.0,1,35.47,Fair
0.692,-106.76,-94.58,-12.5,-5.85,-104.42,23.42,33.0,4,34.58,Poor
0.122,-86.65,-68.59,-19.14,8.4,-99.18,33.35,44.0,0,40.05,Fair
0.153,-92.15,-73.42,-17.36,8.74,-103.07,18.85,30.0,5,49.97,Fair
1.251,-108.52,-89.79,-19.5,-7.76,-106.93,10.4,33.0,2,30.0,Poor
0.786,-101.35,-84.28,-17.77,-10.0,-93.11,60.57,42.0,2,22.54,Poor
0.538,-105.06,-86.7,-18.6,-10.0,-90.19,63.56,57.0,2,19.38,Poor
0.039,-79.25,-64.95,-13.79,17.39,-101.74,35.28,57.0,1,61.0,Good
0.244,-89.5,-68.9,-19.5,6.0,-102.69,48.71,42.0,3,38.99,Fair
0.369,-101.01,-82.26,-19.24,-10.0,-92.15,76.5,60.0,3,18.58,Poor
0.093,-76.39,-57.3,-17.49,21.44,-100.32,29.01,41.0,3,48.2,Fair
0.268,-87.76,-70.6,-18.03,12.4,-104.29,24.48,35.0,1,55.26,Good
0.413,-98.33,-81.31,-14.54,-6.16,-97.8,50.47,41.0,3,31.62,Poor
0.178,-92.23,-72.65,-19.5,4.19,-101.92,39.46,63.0,1,28.19,Poor
0.683,-99.9,-77.13,-19.5,-10.0,-94.09,57.84,42.0,2,21.89,Poor
0.826,-108.14,-94.32,-13.09,-10.0,-92.55,61.03,54.0,4,19.88,Poor
0.176,-96.97,-83.3,-12.04,2.11,-103.94,27.11,39.0,3,47.26,Fair
0.821,-104.13,-85.34,-18.88,-10.0,-96.98,44.75,45.0,3,24.42,Poor
0.049,-78.55,-61.55,-15.96,12.77,-93.64,47.81,58.0,2,51.69,Fair
0.818,-101.89,-83.52,-19.36,-6.05,-103.22,35.9,36.0,4,25.67,Poor
0.075,-84.03,-66.1,-18.0,-0.15,-95.64,59.51,34.0,2,37.41,Fair
0.039,-70.94,-51.07,-19.5,30.0,-102.89,27.09,38.0,0,61.83,Good
0.462,-103.29,-86.15,-17.79,,-92.74,71.33,52.0,1,20.3,Poor
0.287,-97.75,-83.38,-15.51,3.66,-103.39,30.8,39.0,2,38.87,Fair
1.073,-102.67,-87.04,-15.52,-10.0,-87.85,81.72,61.0,3,18.35,Poor
0.203,-94.84,-77.32,-16.0,10.63,-106.61,14.64,29.0,1,44.88,Fair
0.152,-92.51,-78.28,-13.12,-10.0,-86.0,82.41,71.0,3,32.11,Poor
0.313,-93.43,-75.54,-18.62,-3.84,-95.62,56.77,57.0,2,33.96,Poor
0.274,-97.0,-78.82,-18.4,-6.41,-98.12,55.68,53.0,2,24.83,Poor
0.19,-90.15,-73.23,-17.63,8.87,-103.58,22.3,35.0,0,50.92,Fair
0.532,-101.34,-82.71,-18.77,-10.0,-88.5,64.8,51.0,1,23.11,Poor
0.641,-103.6,-90.45,-13.9,-9.53,-98.07,44.72,48.0,3,25.4,Poor
0.863,-111.14,-96.0,-15.15,-10.0,-90.86,71.84,58.0,6,17.62,Poor
1.623,-107.65,-93.08,-15.82,-10.0,-92.31,54.06,47.0,5,23.35,Poor
0.14,-91.95,-71.31,-19.5,13.91,-109.77,12.25,23.0,1,45.83,Fair
0.567,-99.75,-74.84,-19.5,-10.0,-87.11,86.15,92.0,0,19.67,Poor
0.226,-93.15,-77.8,-14.92,13.89,-109.58,4.4,26.0,0,52.56,Fair
0.509,-98.97,-81.68,-17.51,0.2,-103.63,39.89,33.0,3,32.2,Poor
0.291,-93.9,-77.98,-14.03,9.59,-108.34,6.8,25.0,3,53.52,Fair
2.285,-110.41,-91.75,-18.65,-10.0,-98.16,44.69,48.0,4,16.93,Poor
0.587,-102.3,-86.13,-16.22,-5.17,-100.81,57.84,,1,29.11,Poor
1.371,-101.78,-82.93,-18.54,-1.53,-102.35,55.2,56.0,1,32.19,Poor
0.811,-109.58,-89.58,-19.5,-10.0,-92.55,77.74,64.0,2,11.67,Poor
1.049,-105.33,-91.01,-13.47,-10.0,-100.82,31.1,44.0,5,31.73,Poor
0.758,-98.26,-79.44,-18.07,-4.23,-100.88,37.2,42.0,3,34.29,Poor
0.277,-90.96,-78.34,-13.92,-10.0,-85.06,79.97,74.0,1,19.28,Poor
0.131,-90.28,-73.05,-18.31,0.84,-95.33,59.27,59.0,2,33.08,Poor
0.208,-93.64,-76.61,-16.3,3.09,-99.28,44.07,47.0,1,43.18,Fair
0.02,-74.47,-57.16,-18.43,26.48,-105.1,17.73,27.0,1,68.13,Good
0.334,-92.11,-75.04,-17.94,-3.24,-96.78,42.69,51.0,0,35.54,Fair
0.316,-96.99,-80.48,-16.91,0.77,-101.97,39.48,48.0,2,36.92,Fair
0.335,-93.51,-76.31,-18.2,0.19,-99.43,34.56,,0,46.15,Fair
1.643,-107.26,-88.55,-18.22,-10.0,-102.53,22.36,30.0,4,33.55,Poor
1.091,-95.29,-76.49,-18.5,-4.59,-99.17,49.91,55.0,5,23.21,Poor
0.079,-80.85,-62.5,-17.97,8.16,-94.86,47.49,56.0,0,49.31,Fair
0.207,-93.61,-77.33,-17.17,-6.98,-91.11,65.7,62.0,3,13.83,Poor
0.248,-97.77,-76.53,-19.5,0.48,-104.93,5.61,18.0,0,37.31,Fair
0.201,-91.22,-68.64,-19.5,-3.96,-94.2,54.02,51.0,3,27.64,Poor
0.721,-101.65,-87.51,-12.72,-8.24,-95.93,38.76,39.0,1,31.86,Poor
0.334,-103.35,-84.85,-18.96,-6.89,-100.82,28.27,51.0,0,31.56,Poor
0.382,-98.52,-81.92,-16.82,0.55,-102.44,49.41,46.0,2,42.16,Fair
0.863,-101.54,-80.76,-19.5,-5.96,-98.56,68.67,51.0,0,29.65,Poor
0.738,-103.5,-85.54,-18.95,-10.0,-92.7,65.43,47.0,1,16.3,Poor
0.064,-76.36,-58.2,-16.86,25.62,-101.61,18.09,32.0,2,65.82,Good
0.563,-105.26,-85.78,-18.8,-2.56,-106.55,29.78,41.0,3,28.34,Poor
0.257,-89.53,-72.43,-15.77,3.06,-98.41,42.47,43.0,0,42.5,Fair
0.157,-84.32,-61.29,-19.5,13.16,-103.8,10.95,24.0,0,44.29,Fair
0.023,-67.81,-48.28,-18.09,30.0,-103.25,39.27,51.0,1,68.21,Good
0.301,-99.85,-79.06,-19.5,-1.31,-103.73,27.09,33.0,4,33.23,Poor
0.198,-88.7,-71.36,-16.61,5.61,-96.56,48.36,45.0,2,45.63,Fair
0.13,-89.04,-71.41,-16.42,10.83,-103.0,42.69,49.0,2,42.22,Fair
0.534,-104.19,-83.75,-19.5,-6.91,-103.0,13.11,36.0,1,22.67,Poor
0.66,-102.06,-81.93,-18.38,-2.5,-106.14,13.71,20.0,0,32.78,Poor
0.126,-89.72,-75.47,-15.62,9.06,-104.18,24.43,37.0,0,46.5,Fair
0.023,-67.86,-49.47,-18.16,30.0,-106.35,33.37,34.0,4,68.25,Good
0.85,-100.55,-81.12,-18.5,-9.49,-100.08,37.22,46.0,3,26.04,Poor
0.02,-75.05,-57.45,-19.39,20.18,-99.31,53.79,56.0,2,58.36,Good
1.245,-108.81,,-19.44,-10.0,-88.81,71.72,77.0,3,18.21,Poor
0.445,-98.5,-80.76,-19.5,-8.63,-96.0,52.15,50.0,2,25.48,Poor
0.175,-89.19,-77.93,-9.22,,-102.77,43.62,55.0,3,49.82,Fair
0.127,-82.14,-68.07,-13.05,16.86,-103.86,36.91,39.0,1,61.61,Good
0.02,-67.68,-46.76,-19.5,23.76,-98.28,47.69,49.0,2,60.12,Good
0.121,-85.51,-68.24,-18.03,5.45,-97.24,43.7,51.0,1,45.94,Fair
0.067,-81.65,-63.08,-19.5,4.8,-92.27,61.58,58.0,1,31.53,Poor
0.426,-103.71,-85.72,-17.34,1.68,-108.36,25.14,34.0,5,38.7,Fair
0.082,-77.21,-61.69,-15.34,7.19,-90.26,82.87,72.0,4,41.93,Fair
0.338,-96.4,-79.81,-16.23,5.85,-109.46,14.47,28.0,1,44.35,Fair
0.401,-89.87,-70.89,-18.98,-0.28,-96.48,41.92,37.0,3,35.9,Fair
0.159,-87.31,-68.02,-19.5,12.13,-100.78,38.18,42.0,0,41.82,Fair
0.02,-62.34,-40.0,-19.5,29.74,-98.33,55.29,45.0,2,68.08,Good
0.02,-68.02,-51.45,-15.83,25.35,-99.9,22.47,35.0,0,75.63,Excellent
0.02,-76.17,-53.16,-19.5,20.65,-101.25,26.74,34.0,2,58.67,Good
0.605,-102.1,-86.68,-16.4,-4.84,-104.56,22.41,32.0,2,36.55,Fair
0.172,-89.45,-69.98,-19.5,13.01,-105.3,25.56,40.0,2,45.4,Fair
0.716,-104.61,-86.07,-18.67,1.17,-111.19,21.01,34.0,2,36.42,Fair
0.254,-93.65,-76.03,-17.11,10.96,-108.3,10.95,23.0,2,51.99,Fair
0.271,-98.17,-80.19,-18.16,2.69,-105.83,20.0,26.0,0,41.5,Fair
0.324,-94.21,-78.07,-14.62,-10.0,-87.59,76.16,78.0,2,18.81,Poor
0.562,-98.06,-77.35,-19.5,2.09,-105.76,32.19,46.0,1,33.69,Poor
0.144,-91.23,-75.76,-14.99,6.62,-103.85,20.07,28.0,2,48.45,Fair
0.058,-71.71,-52.75,-17.48,,-92.65,61.32,62.0,4,50.2,Fair
0.365,-95.03,-74.76,-19.5,2.45,-99.98,44.55,37.0,1,35.58,Fair
0.178,-92.33,-70.18,-19.5,-1.52,-95.59,57.99,,0,31.09,Poor
0.263,-98.95,-78.03,-19.5,-8.71,-94.85,55.38,56.0,5,24.65,Poor
0.469,-97.19,-77.48,-19.42,-0.52,-102.2,32.87,41.0,2,34.61,Poor
0.307,-94.8,-78.72,-16.69,-10.0,-85.13,74.81,71.0,2,18.83,Poor
0.436,-93.67,-78.03,-14.53,-10.0,-87.07,77.47,62.0,2,25.78,Poor
0.354,-95.57,-80.98,-14.99,1.98,-100.92,31.67,26.0,1,41.38,Fair
0.606,-104.44,-90.14,-13.87,-8.32,-98.05,47.88,42.0,2,33.59,Poor
0.551,-92.15,-74.16,-17.91,4.94,-101.97,22.57,34.0,2,43.53,Fair
0.344,-93.01,-77.19,-14.74,4.02,-100.61,38.3,43.0,1,43.94,Fair
0.511,-99.21,-77.61,-19.5,-0.37,-105.84,30.67,33.0,2,29.95,Poor
0.931,-102.73,-86.46,-15.63,-10.0,-90.68,70.63,70.0,1,21.92,Poor
0.255,-90.26,-71.98,-17.55,6.97,-99.91,44.89,48.0,2,41.87,Fair
0.24,-97.34,-80.13,-17.42,3.94,-102.28,27.22,37.0,4,37.89,Fair
0.65,-99.64,-85.86,-13.93,-4.15,-102.9,32.92,40.0,3,37.78,Fair
0.393,-97.71,-76.44,-19.5,-4.67,-99.16,54.83,55.0,2,21.75,Poor
0.033,-72.64,-52.55,-19.5,21.53,-100.37,12.6,23.0,1,54.51,Fair
1.002,-106.99,-86.56,-19.5,-10.0,-101.56,44.34,42.0,3,17.34,Poor
0.02,-72.86,-53.08,-19.25,28.38,-107.69,3.82,19.0,2,65.9,Good
0.621,-93.22,-77.5,-18.0,-0.46,-97.73,36.34,47.0,5,27.16,Poor
0.64,-95.21,-79.43,-16.84,-9.24,-88.0,82.94,75.0,2,23.41,Poor
1.377,-119.97,-100.61,-19.5,-10.0,-98.9,29.3,35.0,0,14.27,Poor
0.025,-67.69,-45.06,-19.5,22.7,-94.56,54.45,58.0,0,57.36,Good
0.409,-96.55,-77.39,-19.46,,-105.84,44.82,38.0,2,32.22,Poor
0.251,-94.87,-73.93,-19.5,6.21,-103.43,42.02,45.0,1,37.13,Fair
0.181,-93.21,-76.79,-15.79,-0.68,-96.52,52.24,45.0,1,32.65,Poor
0.043,-80.59,-59.29,-19.5,11.93,-97.57,62.71,60.0,3,45.5,Fair
0.372,-98.16,-81.42,-18.59,-7.12,-95.1,54.05,61.0,3,29.58,Poor
0.293,-97.89,-79.17,-18.52,-8.07,-94.96,36.38,42.0,1,29.66,Poor
0.05,-83.52,-66.62,-17.13,16.81,-106.0,10.26,30.0,2,52.83,Fair
0.427,-100.78,-80.11,-19.5,-4.34,-99.96,37.91,45.0,2,28.62,Poor
0.603,-98.32,-77.61,-19.26,-10.0,-92.03,55.69,59.0,0,21.09,Poor
0.656,-100.15,-86.58,-15.05,-10.0,-94.68,43.67,52.0,4,21.82,Poor
1.061,-102.3,-80.32,-19.5,-10.0,-93.66,56.49,44.0,3,24.79,Poor
0.237,-91.8,-66.67,-19.5,4.23,-100.91,41.7,44.0,1,39.22,Fair
1.377,-112.01,-95.08,-17.4,-10.0,-105.66,18.97,35.0,5,29.25,Poor
0.903,-101.14,-83.52,-17.26,-0.04,-107.69,17.26,28.0,2,40.09,Fair
0.158,-92.06,-70.34,-19.5,0.85,-97.58,53.98,48.0,2,34.18,Poor
0.078,-79.37,-61.17,-17.78,18.74,-102.85,20.27,27.0,1,56.93,Good
0.257,-96.9,-78.92,-18.11,-10.0,-93.01,61.06,53.0,2,22.24,Poor
0.231,-94.07,-70.38,-19.5,-1.74,-97.39,49.4,50.0,4,29.21,Poor
0.386,-97.2,-83.26,-11.02,-4.73,-99.4,37.61,36.0,2,43.15,Fair
0.394,-93.23,-77.6,-14.22,-2.66,-98.37,38.08,46.0,0,35.32,Fair
0.624,-99.21,-79.96,-19.5,-0.82,-105.87,16.96,25.0,1,33.73,Poor
0.321,-94.07,-80.93,-14.57,3.12,-104.06,21.08,28.0,1,42.94,Fair
0.05,-70.58,-53.7,-17.45,21.44,-95.97,48.19,45.0,2,63.25,Good
0.879,-110.24,-93.39,-17.29,,-104.81,28.83,39.0,2,23.88,Poor
0.167,-92.65,-71.77,-19.5,3.26,-97.88,41.17,51.0,1,39.2,Fair
1.598,-112.4,-92.32,-19.05,-8.7,-102.28,56.37,58.0,4,20.75,Poor
0.056,-86.27,-73.32,-12.79,4.69,-96.99,49.68,54.0,1,51.43,Fair
1.429,-109.99,-94.07,-16.29,-5.18,-106.9,18.77,36.0,6,31.49,Poor
0.043,-74.11,-58.18,-16.9,26.97,-103.79,54.52,58.0,2,60.62,Good
0.118,-87.89,-70.54,-18.21,7.26,-101.18,29.94,32.0,3,39.55,Fair
0.021,-72.36,-57.65,-14.0,30.0,-108.84,8.45,21.0,2,68.82,Good
0.55,-105.71,-86.35,-19.5,-1.95,-107.76,25.55,25.0,3,32.35,Poor
0.855,-105.83,-89.91,-16.55,-10.0,-91.04,68.23,51.0,6,15.94,Poor
0.256,-94.05,-74.29,-19.5,5.43,-105.47,28.93,37.0,2,35.53,Fair
1.187,-102.93,-84.94,-17.54,-9.31,-98.11,49.57,42.0,2,24.68,Poor
0.402,-102.8,-87.72,-14.03,-10.0,-94.13,48.24,59.0,2,22.71,Poor
0.447,-98.85,-76.69,-19.5,-8.64,-97.54,45.13,41.0,4,21.45,Poor
0.84,-98.15,-75.9,-19.5,-7.97,-96.75,65.13,59.0,5,21.11,Poor
0.158,-89.83,-70.96,-19.5,13.18,-105.54,12.35,24.0,2,52.66,Fair
0.197,-98.39,-81.11,-18.57,-4.04,-98.21,31.98,39.0,3,34.84,Poor
1.064,-99.43,-84.6,-16.38,-10.0,-95.33,56.27,56.0,1,22.06,Poor
1.041,-101.41,-80.2,-19.5,-10.0,-90.56,72.79,65.0,1,14.31,Poor
1.688,-105.07,-84.6,-19.5,-10.0,-92.57,62.36,52.0,2,16.98,Poor
1.045,-111.36,-95.8,-14.04,-10.0,-105.5,16.58,33.0,4,29.64,Poor
0.061,-73.84,-57.9,-16.52,11.12,-89.29,83.26,58.0,2,41.87,Fair
0.781,-104.96,-85.59,-19.17,-10.0,-93.79,60.16,75.0,2,16.8,Poor
0.237,-93.58,-79.11,-15.1,3.31,-103.24,22.7,33.0,4,47.52,Fair
2.11,-113.3,-97.18,-16.33,-10.0,-103.38,20.97,39.0,2,28.96,Poor
0.288,-89.42,-74.54,-15.01,9.59,-104.19,14.9,31.0,0,51.89,Fair
0.363,-95.95,-80.97,-14.88,6.84,-106.7,48.88,38.0,1,36.07,Fair
0.34,-92.72,-76.88,-16.52,6.5,-103.52,23.07,34.0,3,46.22,Fair
0.175,-88.59,-67.87,-19.5,,-100.79,37.9,40.0,0,43.39,Fair
0.035,-75.53,-62.79,-13.15,14.23,-93.1,48.29,46.0,2,61.9,Good
1.017,-107.94,-88.64,-19.5,-7.48,-102.35,33.05,46.0,4,25.35,Poor
0.73,-94.03,-75.26,-17.42,-1.51,-98.06,44.16,45.0,2,36.09,Fair
0.068,-86.58,-65.68,-19.5,6.35,-99.82,49.22,46.0,2,44.25,Fair
0.675,-98.95,-80.18,-17.11,-10.0,-94.28,53.79,47.0,3,25.61,Poor
0.442,-95.43,-78.57,-17.37,3.94,-103.82,35.01,48.0,1,36.55,Fair
0.237,-86.91,-71.35,-14.41,6.93,-98.75,45.78,49.0,1,53.46,Fair
0.132,-80.92,-59.95,-19.5,2.04,-86.96,51.69,48.0,3,42.01,Fair
0.884,-103.49,-84.0,-18.08,-4.47,-105.2,24.79,,1,33.32,Poor
0.542,-96.58,-80.05,-18.34,-0.93,-100.59,44.13,62.0,2,26.76,Poor
0.357,-88.02,-67.29,-19.5,0.66,-95.22,70.96,,2,26.86,Poor
0.423,-96.81,-80.15,-19.5,-8.66,-94.88,64.59,58.0,3,23.25,Poor
0.043,-81.13,-63.13,-19.5,19.56,-107.06,28.61,38.0,0,51.89,Fair
0.289,-94.79,-78.6,-16.24,-1.05,-95.15,70.95,64.0,1,37.9,Fair
0.097,-89.03,-69.43,-19.5,2.97,-98.55,41.37,32.0,2,33.41,Poor
0.105,-83.03,-68.01,-14.47,2.33,-90.33,66.92,56.0,1,44.15,Fair
0.487,-93.51,-76.41,-15.89,7.24,-103.7,51.79,50.0,3,39.29,Fair
1.09,-105.24,-89.2,-16.11,-9.36,-101.4,28.34,40.0,0,33.89,Poor
0.233,-97.86,-79.07,-18.77,-5.27,-97.71,34.45,40.0,3,27.28,Poor
0.105,-80.4,-61.24,-17.96,26.16,-109.91,11.8,19.0,1,71.03,Good
0.471,-104.58,-89.89,-15.74,-10.0,-96.01,34.92,36.0,3,22.66,Poor
0.922,-109.49,-90.27,-19.5,-10.0,-95.36,42.74,46.0,5,25.99,Poor
0.621,-100.59,-87.02,-15.01,3.95,-111.51,2.72,18.0,2,40.51,Fair
0.914,-102.22,,-19.5,-3.79,-103.64,24.42,29.0,0,28.59,Poor
0.346,-93.12,-76.65,-16.56,2.39,-101.06,23.76,31.0,1,41.9,Fair
0.627,-100.23,-79.08,-19.5,-10.0,-94.03,53.12,53.0,2,27.74,Poor
0.068,-73.72,,-19.22,19.82,-95.11,62.22,60.0,7,58.81,Good
0.193,-89.48,-70.75,-19.5,6.33,-100.04,48.55,43.0,1,35.41,Fair
0.222,-86.83,-72.33,-15.42,8.87,-105.08,6.29,25.0,2,61.33,Good
0.322,-91.04,-70.51,-19.5,8.71,-105.54,17.53,30.0,0,42.68,Fair
1.191,-110.7,-92.55,-17.48,-10.0,-102.7,41.24,38.0,2,29.42,Poor
0.933,-104.09,-84.68,-19.5,12.06,-115.18,22.68,29.0,0,38.34,Fair
0.065,-71.9,-54.17,-17.18,30.0,-110.77,4.34,24.0,1,69.55,Good
0.085,-84.74,-66.35,-17.81,1.64,-92.12,69.54,71.0,0,37.53,Fair
0.199,-92.73,-77.39,-15.76,-8.58,-87.23,76.66,76.0,2,20.74,Poor
0.155,-87.16,-69.62,-17.15,16.45,-109.41,18.63,35.0,1,60.4,Good
0.429,-98.55,-81.81,-15.84,-0.38,-101.81,37.02,37.0,0,36.33,Fair
1.049,-107.6,-91.71,-16.67,-9.24,-102.1,31.58,41.0,2,31.39,Poor
1.475,-109.32,-90.91,-19.09,-10.0,-101.45,13.02,26.0,1,25.11,Poor
0.477,-91.86,-72.77,-17.66,3.59,-101.56,54.01,73.0,2,43.51,Fair
0.82,-102.83,-84.08,-19.22,-2.11,-104.38,21.97,27.0,2,35.98,Fair
0.335,-99.84,-82.15,-17.26,-2.4,-101.9,37.58,49.0,3,35.65,Fair
0.105,-90.56,-71.33,-18.75,9.97,-107.17,21.32,27.0,3,49.74,Fair
0.335,-85.69,-66.97,-19.46,10.69,-97.92,42.41,45.0,4,51.3,Fair
0.364,-96.15,-77.86,-19.04,2.51,-102.92,14.07,28.0,1,41.8,Fair
0.61,-97.99,-79.49,-16.88,0.35,-103.11,43.63,41.0,1,36.59,Fair
0.112,-88.13,-66.58,-19.5,11.4,-104.16,35.0,46.0,3,46.48,Fair
0.207,-89.07,-74.68,-13.47,14.38,-104.16,43.59,48.0,1,50.97,Fair
0.204,-84.38,-67.34,-18.13,14.89,-103.74,26.65,33.0,1,46.37,Fair
1.442,-109.8,-90.78,-19.31,-10.0,-92.34,69.52,54.0,1,19.92,Poor
0.264,-90.63,-77.38,-13.21,6.91,-102.01,23.51,39.0,0,51.18,Fair
0.633,-105.67,-83.52,-19.5,-10.0,-95.72,57.42,53.0,0,21.5,Poor
0.625,-91.84,,-19.44,8.34,-101.33,34.27,41.0,1,36.4,Fair
0.139,-85.84,-64.97,-19.5,-4.71,-84.92,81.89,66.0,2,29.89,Poor
0.382,-97.31,-75.95,-19.5,-6.06,-97.07,42.07,45.0,1,31.49,Poor
1.011,-105.3,-86.06,-18.99,-7.89,-103.68,49.91,38.0,1,21.42,Poor
0.29,-95.32,-84.02,-11.24,-5.82,-94.98,51.06,56.0,3,41.33,Fair
1.306,-108.16,-89.72,-19.13,-10.0,-96.87,58.91,54.0,2,25.8,Poor
0.109,-94.59,-75.95,-18.66,1.21,-101.2,38.54,36.0,1,25.13,Poor
0.035,-75.44,-60.7,-14.09,20.89,-98.49,47.18,54.0,3,54.23,Fair
0.999,-104.56,-91.93,-12.06,-7.71,-103.32,36.46,40.0,4,24.47,Poor
0.847,-100.61,-81.23,-18.74,-10.0,-90.65,69.68,59.0,2,24.41,Poor
2.207,-112.97,-98.72,-15.02,-10.0,-108.57,25.91,38.0,4,28.18,Poor
0.512,-101.28,-77.1,-19.5,-10.0,-93.96,52.59,55.0,0,18.15,Poor
1.242,-105.92,-87.13,-18.42,-10.0,-88.9,68.78,64.0,3,14.56,Poor
0.789,-108.41,-86.35,-19.5,-10.0,-101.27,30.81,39.0,2,19.65,Poor
0.837,-101.89,-83.8,-17.63,-7.3,-98.49,39.33,34.0,1,20.03,Poor
0.379,-103.04,-82.79,-19.5,-0.56,-104.78,40.46,47.0,3,30.06,Poor
0.217,-86.28,-68.12,-19.08,11.11,-104.07,38.6,54.0,1,44.94,Fair
1.227,-103.05,-82.03,-19.5,-3.46,-103.66,24.38,35.0,2,32.99,Poor
0.255,-95.86,-83.97,-10.56,5.79,-107.43,18.59,25.0,1,53.01,Fair
0.348,-92.22,-71.55,-19.5,-0.38,-96.53,67.92,61.0,1,32.51,Poor
0.266,-92.08,-72.07,-19.5,9.23,-106.08,1.85,29.0,2,50.52,Fair
0.374,-99.53,-81.99,-17.41,-8.98,-94.47,66.93,79.0,1,22.59,Poor
0.286,-101.25,-84.48,-18.65,-10.0,-94.79,48.79,52.0,2,21.05,Poor
0.022,-70.01,-52.91,-16.23,18.1,-91.21,91.73,82.0,3,49.81,Fair
0.962,-106.85,-88.0,-18.93,-10.0,-101.05,48.74,46.0,4,15.61,Poor
0.264,-88.1,-66.46,-19.5,6.29,-101.72,24.53,40.0,2,40.97,Fair
0.4,-96.01,-79.61,-15.08,-7.4,-96.71,53.48,62.0,3,30.41,Poor
0.067,-83.51,-70.61,-14.5,8.83,-101.92,19.78,38.0,4,51.32,Fair
0.02,-63.25,-40.0,-19.5,29.8,-101.44,31.69,48.0,3,66.99,Good
0.127,-83.81,-63.8,-19.5,4.72,-92.78,48.9,52.0,0,38.49,Fair
0.549,-113.42,-96.6,-15.77,-10.0,-99.28,29.09,36.0,0,32.89,Poor
0.047,-79.57,-58.01,-19.5,12.52,-95.48,51.97,54.0,0,40.37,Fair
1.078,-110.2,-89.4,-19.5,-10.0,-103.75,37.44,43.0,7,23.0,Poor
0.109,-88.02,-68.55,-19.5,9.97,-101.35,46.57,58.0,2,37.26,Fair
0.103,-84.92,-68.35,-14.93,18.97,-109.95,20.84,27.0,0,59.55,Good
0.09,-81.78,,-19.17,13.04,-98.58,37.12,43.0,1,50.21,Fair
0.02,-69.4,-48.13,-19.5,30.0,-105.41,21.43,49.0,0,68.77,Good
0.665,-96.16,-83.32,-14.14,4.62,-107.6,31.42,31.0,2,45.82,Fair
0.936,-100.89,-82.21,-17.37,-6.16,-100.12,42.19,43.0,3,22.84,Poor
0.429,-94.36,-75.47,-19.5,2.52,-103.54,26.85,36.0,1,35.05,Fair
0.094,-82.73,-63.93,-19.5,12.63,-101.24,37.42,46.0,1,53.17,Fair
0.151,-82.5,-64.36,-17.21,15.25,-102.47,31.5,40.0,2,50.82,Fair
0.291,-94.57,-73.01,-19.5,-0.69,-96.02,36.96,40.0,1,37.56,Fair
1.389,-108.02,-90.66,-16.24,-9.17,-103.65,26.85,38.0,1,27.79,Poor
0.128,-93.83,,-18.05,7.15,-107.41,28.27,34.0,2,38.15,Fair
0.592,-95.24,-76.29,-17.86,-1.88,-96.21,58.34,64.0,3,30.93,Poor
0.26,-92.66,,-19.5,-5.31,-96.64,47.14,53.0,3,28.44,Poor
0.159,-76.35,-62.51,-14.13,20.53,-103.3,36.2,37.0,1,61.26,Good
0.274,-94.41,-75.76,-18.21,3.86,-103.46,21.38,28.0,1,39.43,Fair
0.033,-74.34,-55.66,-17.66,20.35,-96.48,53.79,55.0,1,52.96,Fair
0.721,-98.99,-82.08,-17.94,-2.36,-101.53,20.91,32.0,6,32.96,Poor
0.125,-90.45,-72.84,-17.27,12.6,-105.71,8.2,25.0,1,51.9,Fair
0.582,-97.87,-89.41,-8.39,4.82,-108.07,13.19,26.0,1,51.91,Fair
0.032,-74.19,-52.57,-19.5,14.47,-94.69,65.86,70.0,1,46.77,Fair
1.396,-108.12,-87.42,-19.5,-10.0,-100.6,48.82,58.0,1,25.76,Poor
0.097,-79.09,-65.1,-13.71,12.51,-99.55,40.54,41.0,0,49.9,Fair
0.965,-107.31,-91.34,-15.93,-6.31,-104.81,21.9,33.0,4,31.16,Poor
0.746,-100.37,-78.02,-19.5,-4.57,-99.37,63.59,49.0,5,23.47,Poor
1.547,-101.98,-87.44,-13.43,-5.61,-102.23,37.43,36.0,4,29.7,Poor
0.292,-96.18,-76.74,-19.23,3.02,-104.13,20.96,30.0,2,28.52,Poor
0.585,-100.54,-84.02,-18.02,-2.63,-102.28,40.87,36.0,0,24.78,Poor
0.208,-81.04,-61.81,-17.37,5.28,-89.23,68.26,47.0,4,33.97,Poor
0.092,-81.44,-63.29,-19.5,12.46,-101.32,32.27,42.0,2,52.55,Fair
0.263,-94.47,-77.32,-17.3,7.35,-104.8,31.64,39.0,3,41.26,Fair
0.082,-79.12,-59.96,-19.5,21.59,-107.33,10.57,27.0,0,57.69,Good
1.809,-111.43,-94.9,-17.28,-10.0,-88.18,86.72,62.0,7,8.08,Poor
0.046,-83.62,-70.97,-14.31,11.43,-100.38,33.03,37.0,2,54.49,Fair
0.4,-90.58,-75.36,-13.87,2.34,-99.92,46.21,51.0,1,42.64,Fair
0.443,-101.36,-86.51,-14.12,-2.02,-106.88,10.7,35.0,1,39.99,Fair
0.348,-85.04,-71.85,-12.35,17.8,-105.09,31.89,39.0,0,55.59,Good
0.488,-99.75,-80.64,-19.38,-1.58,-102.58,41.8,41.0,1,23.65,Poor
0.056,-70.52,-53.04,-16.83,27.73,-104.78,18.28,36.0,1,65.69,Good
0.364,-100.73,-81.67,-19.5,-1.96,-106.22,32.11,32.0,2,33.21,Poor
0.152,-83.61,-64.05,-17.98,8.91,-97.41,54.2,48.0,0,44.57,Fair
1.267,-104.07,-83.8,-19.37,-10.0,-89.25,53.97,58.0,2,21.32,Poor
0.646,-96.87,-77.65,-17.81,-9.46,-94.01,53.64,66.0,2,24.04,Poor
1.617,-104.31,-89.25,-12.98,-10.0,-94.98,49.68,50.0,3,30.34,Poor
0.02,-72.44,-52.7,-19.5,17.95,-94.6,39.32,38.0,0,55.44,Good
0.151,-92.87,-74.21,-19.5,4.82,-104.42,30.63,33.0,2,34.25,Poor
0.098,-84.1,-59.53,-19.5,7.8,-96.41,50.99,56.0,2,41.21,Fair
0.02,-69.55,-51.53,-17.65,27.27,-103.5,13.46,27.0,4,72.74,Good
0.125,-87.89,-68.74,-19.5,13.48,-105.63,38.01,47.0,2,42.28,Fair
0.511,-97.08,-79.36,-18.54,-8.13,-95.02,58.79,64.0,3,22.77,Poor
0.118,-84.21,-66.06,-17.95,0.7,-94.94,66.94,59.0,3,34.41,Poor
0.32,-97.77,-79.83,-19.06,-6.2,-95.18,53.33,39.0,0,24.61,Poor
0.984,-102.29,-85.6,-15.5,-3.75,-97.94,51.92,42.0,1,29.48,Poor
0.533,-99.61,-81.08,-19.5,-5.92,-98.28,28.94,37.0,5,25.8,Poor
0.226,-93.92,-74.05,-19.5,-5.39,-96.08,64.29,53.0,0,21.39,Poor
0.21,-87.32,-70.58,-17.2,1.67,-94.07,51.86,45.0,1,35.44,Fair
0.274,-95.89,-75.38,-19.5,-3.7,-95.31,43.92,66.0,5,35.69,Fair
0.088,-84.78,-64.64,-19.5,-1.06,-96.35,56.62,55.0,3,34.25,Poor
0.452,-96.84,-81.48,-11.85,3.56,-103.89,36.42,44.0,2,47.46,Fair
0.204,-84.73,-69.62,-14.45,17.52,-107.09,32.31,35.0,0,61.03,Good
0.861,-101.94,-82.59,-19.5,-10.0,-89.8,58.22,57.0,1,18.82,Poor
0.636,-97.97,-81.73,-16.08,-8.55,-94.54,49.84,43.0,3,25.68,Poor
0.424,-97.76,-82.9,-15.27,-1.1,-99.19,38.04,41.0,2,35.65,Fair
0.204,-90.54,-67.39,-19.5,-4.44,-94.21,77.68,69.0,2,23.29,Poor
0.106,-84.79,-69.69,-14.43,15.27,-103.06,10.15,33.0,1,60.78,Good
0.674,-99.41,-85.98,-12.28,-1.68,-103.1,28.72,41.0,0,30.53,Poor
0.3,-94.75,-79.1,-17.16,-4.75,-95.47,58.24,67.0,1,30.23,Poor
0.115,-79.9,-61.2,-19.5,16.38,-101.71,7.0,24.0,3,58.99,Good
0.098,-85.38,-67.16,-17.94,4.14,-96.09,52.14,55.0,1,37.94,Fair
0.081,-89.14,-65.48,-19.5,1.02,-96.69,40.76,47.0,0,31.92,Poor
0.676,-89.64,-73.94,-15.5,3.09,-97.64,66.14,53.0,2,39.35,Fair
0.117,-86.75,-68.04,-17.92,12.5,-101.58,35.38,32.0,2,51.94,Fair
0.337,-89.31,-67.93,-19.5,13.18,-105.59,23.07,40.0,0,47.16,Fair
0.27,-87.05,-71.03,-14.66,-1.07,-90.62,82.08,60.0,1,35.7,Fair
0.39,-92.06,-71.95,-19.0,7.59,-104.97,19.15,30.0,1,40.26,Fair
0.944,-104.3,-91.79,-12.39,-7.13,-100.17,34.25,41.0,2,37.96,Fair
0.91,-102.05,-78.77,-19.5,-10.0,-90.63,76.33,69.0,2,21.26,Poor
0.27,-97.75,-76.77,-19.5,-3.38,-105.82,18.16,30.0,1,28.26,Poor
0.02,-62.48,-46.53,-15.79,29.95,-96.38,58.26,50.0,2,72.28,Good
0.25,-95.41,,-19.5,2.93,-103.33,15.86,30.0,3,32.32,Poor
0.419,-97.49,-75.55,-19.5,-10.0,-93.53,53.78,48.0,2,20.12,Poor
0.367,-94.92,-80.79,-14.21,-5.29,-95.49,62.83,50.0,2,35.62,Fair
0.474,-97.97,-81.77,-15.44,-10.0,-90.54,50.29,50.0,2,28.35,Poor
0.075,-84.28,-62.24,-19.5,9.08,-99.67,74.8,72.0,1,37.91,Fair
0.468,-91.85,-73.64,-19.43,1.07,-100.41,32.31,43.0,4,40.23,Fair
0.091,-79.45,-60.14,-16.88,27.5,-110.78,17.34,36.0,2,69.09,Good
0.625,-98.64,-80.43,-17.89,-9.2,-96.83,40.53,50.0,1,25.17,Poor
0.186,-91.05,-70.38,-19.5,,-96.97,30.45,40.0,1,34.17,Poor
0.557,-94.67,-75.13,-19.37,-1.27,-97.89,41.14,38.0,3,30.39,Poor
0.022,-73.12,-54.8,-17.45,16.91,-94.36,39.98,35.0,1,57.24,Good
0.236,-85.21,-73.51,-11.76,12.08,-106.84,9.58,22.0,3,65.95,Good
0.549,-98.37,-78.45,-18.32,-10.0,-93.14,47.39,54.0,3,36.55,Fair
0.116,-80.43,-60.24,-19.5,24.69,-109.02,10.9,22.0,1,52.93,Fair
0.714,-101.54,-87.26,-16.07,4.15,-109.06,10.66,23.0,2,34.69,Poor
0.448,-96.77,-82.28,-13.96,-3.49,-95.26,57.47,47.0,3,31.15,Poor
0.399,-91.13,-71.58,-19.5,-1.4,-92.5,43.76,35.0,4,33.34,Poor
0.196,-81.13,-62.54,-19.5,14.38,-101.74,21.94,19.0,0,45.42,Fair
0.296,-87.23,-75.15,-13.06,20.74,-113.77,8.27,29.0,2,59.77,Good
0.409,-92.75,-77.22,-15.04,0.88,-97.48,37.2,34.0,3,47.13,Fair
0.288,-90.85,-71.91,-19.02,-3.8,-92.57,54.97,60.0,2,37.05,Fair
0.539,-100.68,-80.65,-18.71,2.07,-103.3,38.3,41.0,1,30.18,Poor
0.256,-91.01,-74.77,-16.77,-1.36,-96.58,46.31,50.0,0,30.79,Poor
0.102,-87.88,-70.33,-18.39,4.74,-100.84,32.62,39.0,1,45.08,Fair
0.108,-83.27,-67.91,-13.62,14.12,-103.94,29.51,28.0,1,55.25,Good
0.02,-68.68,-46.71,-19.5,30.0,-110.85,0.58,24.0,3,72.15,Good
0.161,-96.04,-77.52,-19.02,,-106.02,38.25,45.0,1,36.35,Fair
0.622,-99.73,-83.74,-16.42,-5.22,-94.47,67.49,70.0,1,26.12,Poor
0.711,-99.39,-84.86,-16.08,-1.36,-104.08,26.73,40.0,2,36.58,Fair
0.102,-84.58,-70.38,-13.69,14.23,-101.93,35.52,36.0,1,55.23,Good
1.438,-105.73,-82.29,-19.5,-8.97,-104.28,24.81,45.0,2,35.19,Fair
0.314,-99.34,-81.86,-17.63,-10.0,-95.6,34.34,49.0,2,30.33,Poor
1.12,-108.09,-91.29,-17.19,-10.0,-103.74,20.52,22.0,3,28.32,Poor
0.552,-94.72,-77.36,-18.61,-6.6,-91.98,60.99,60.0,0,29.07,Poor
0.577,-99.23,-83.12,-16.25,-7.91,-94.49,53.88,58.0,2,25.32,Poor
0.04,-74.9,-57.22,-17.04,16.2,-97.46,49.52,57.0,2,49.92,Fair
0.112,-87.23,-69.13,-17.01,,-94.3,42.62,33.0,0,42.64,Fair
0.02,-70.37,-52.32,-17.03,,-101.31,15.0,28.0,1,70.51,Good
0.567,-108.29,-94.08,-13.45,-10.0,-97.21,39.88,39.0,0,30.6,Poor
0.19,-86.24,-65.56,-19.5,-1.04,-93.83,61.54,45.0,3,36.14,Fair
0.695,-93.62,-77.28,-16.17,11.15,-108.41,6.38,31.0,1,51.79,Fair
0.186,-93.71,-77.68,-14.73,5.59,-105.92,9.91,24.0,1,46.52,Fair
0.77,-105.5,-89.61,-17.29,-10.0,-97.78,68.67,60.0,3,17.33,Poor
0.063,-78.36,-63.52,-14.8,12.8,-95.32,57.5,,0,44.03,Fair
0.086,-76.86,-58.06,-19.29,13.7,-98.04,34.34,49.0,3,47.22,Fair
0.188,-89.52,-68.83,-19.48,,-97.97,64.63,47.0,1,32.56,Poor
0.236,-96.42,-80.59,-17.28,-6.35,-96.02,73.47,65.0,3,28.27,Poor
0.193,-90.59,-78.12,-14.28,12.43,-109.57,9.03,26.0,2,57.87,Good
0.649,-104.38,-89.46,-13.32,-10.0,-99.11,52.96,51.0,2,29.16,Poor
0.046,-80.1,-63.44,-18.44,5.22,-89.41,73.61,56.0,0,32.54,Poor
0.195,-91.05,-76.74,-16.16,3.62,-99.05,38.74,57.0,1,37.53,Fair
0.817,-105.97,-89.77,-16.66,-8.09,-104.99,1.97,16.0,3,33.86,Poor
0.031,-77.24,-60.9,-16.05,9.93,-95.88,70.14,56.0,3,37.89,Fair
1.284,-105.88,-87.93,-18.13,-10.0,-93.61,64.1,59.0,5,18.79,Poor
1.931,-108.86,-95.23,-16.05,-10.0,-102.94,7.29,24.0,1,32.72,Poor
0.042,-82.31,-62.57,-19.5,-0.79,-86.62,74.41,62.0,0,30.86,Poor
0.155,-86.27,-63.29,-19.5,16.32,-107.46,28.97,36.0,4,43.57,Fair
0.21,-92.0,-69.71,-19.5,9.82,-109.75,23.23,27.0,3,44.25,Fair
0.674,-97.71,-81.46,-15.77,1.34,-102.84,20.79,33.0,0,38.89,Fair
0.408,-93.11,-73.1,-19.02,11.67,-111.84,5.63,18.0,1,50.02,Fair
0.465,-99.55,-79.9,-19.5,-2.19,-104.74,28.1,36.0,2,31.29,Poor
0.638,-97.65,-79.78,-19.11,-7.2,-98.16,39.11,59.0,1,21.27,Poor
0.056,-82.54,-64.01,-19.5,12.37,-99.01,42.69,51.0,0,43.47,Fair
0.806,-96.84,-76.79,-19.5,-9.02,-93.75,49.67,53.0,3,20.83,Poor
0.55,-102.02,-81.37,-19.5,-4.1,-105.43,32.52,33.0,1,36.36,Fair
0.388,-94.38,-78.81,-15.11,-10.0,-88.51,83.66,67.0,1,23.1,Poor
0.992,-104.69,-84.45,-19.5,-10.0,-98.48,50.61,55.0,2,22.3,Poor
0.542,-102.77,-79.77,-19.5,-0.3,-105.25,11.91,39.0,2,37.9,Fair
0.101,-80.6,-59.95,-19.5,17.49,-102.22,26.82,26.0,0,59.82,Good
0.253,-94.54,-71.94,-19.5,4.45,-101.55,28.7,41.0,1,39.03,Fair
0.307,-100.56,-90.31,-11.86,-10.0,-92.03,55.67,53.0,1,34.22,Poor
0.026,-84.01,-64.23,-19.5,9.38,-99.27,32.55,50.0,0,42.06,Fair
1.392,-110.38,-91.59,-17.96,-10.0,-89.95,61.8,69.0,2,19.49,Poor
0.062,-74.47,-53.39,-19.5,19.41,-94.6,62.91,58.0,2,54.93,Fair
0.538,-93.6,-78.98,-15.64,2.22,-100.9,25.49,35.0,1,37.92,Fair
0.318,-96.94,-80.46,-15.61,-0.38,-101.18,40.87,48.0,1,32.97,Poor
0.02,-71.94,-51.24,-19.5,30.0,-103.02,33.62,44.0,0,59.1,Good
1.164,-107.19,-92.37,-15.33,-5.13,-106.15,27.76,34.0,4,28.99,Poor
0.859,-108.03,-89.3,-18.52,-10.0,-90.01,51.21,47.0,3,19.47,Poor
0.334,-98.3,-80.35,-18.05,2.15,-106.05,25.95,23.0,1,37.89,Fair
0.117,-81.51,-64.1,-19.5,10.22,-96.43,40.81,40.0,2,43.93,Fair
0.058,-77.45,-57.74,-19.5,11.26,-91.38,66.31,72.0,0,50.34,Fair
0.203,-89.11,-74.46,-13.5,2.78,-97.28,45.65,49.0,1,42.34,Fair
0.133,-91.86,,-16.45,5.6,-107.83,4.67,25.0,2,45.03,Fair
0.318,-93.67,-76.09,-18.2,2.5,-100.13,38.49,45.0,3,37.35,Fair
1.527,-116.9,-102.5,-14.01,-10.0,-108.18,12.48,25.0,5,32.21,Poor
0.385,-92.36,-70.67,-19.5,-6.29,-93.54,46.08,55.0,3,23.76,Poor
0.993,-102.91,-87.31,-14.6,-10.0,-97.3,61.6,59.0,2,26.39,Poor
0.474,-102.91,-82.55,-19.5,-9.7,-97.79,45.27,47.0,2,28.73,Poor
0.29,-86.82,-71.44,-14.55,8.44,-104.89,17.47,31.0,0,46.52,Fair
0.868,-109.96,-89.85,-19.5,-10.0,-103.14,19.32,22.0,3,26.96,Poor
0.287,-91.06,,-12.13,-8.87,-90.25,65.94,48.0,2,33.06,Poor
0.913,-101.0,-78.78,-19.5,,-100.64,40.75,27.0,2,21.97,Poor
0.155,-92.83,-71.42,-19.5,,-94.93,59.64,57.0,2,29.78,Poor
0.062,-80.15,-63.8,-13.99,17.65,-99.62,50.09,55.0,2,57.48,Good
0.87,-109.35,-93.82,-13.66,-10.0,-100.0,29.59,40.0,0,36.49,Fair
0.398,-107.41,-88.04,-18.35,-10.0,-90.97,63.72,45.0,2,20.39,Poor
0.99,-108.19,-94.77,-13.46,-10.0,-100.62,42.55,63.0,5,26.18,Poor
1.25,-108.41,-90.31,-19.5,-10.0,-96.3,47.25,62.0,5,22.4,Poor
0.025,-69.66,-54.08,-15.15,29.33,-101.99,28.34,44.0,1,70.91,Good
0.313,-93.66,-76.43,-17.71,3.58,-99.92,40.47,57.0,4,36.45,Fair
0.211,-90.17,-74.1,-14.24,-1.43,-93.1,52.75,52.0,1,41.67,Fair
0.442,-100.99,-85.39,-13.61,-10.0,-100.45,12.95,32.0,2,32.09,Poor
0.71,-103.16,-80.04,-19.5,1.32,-109.87,15.56,26.0,1,37.3,Fair
0.148,-91.19,-70.85,-19.45,12.35,-104.18,19.58,29.0,2,45.43,Fair
0.366,-100.2,-86.64,-16.5,-0.58,-103.9,38.63,43.0,1,28.72,Poor
0.555,-101.28,-85.9,-16.74,2.96,-106.4,27.51,38.0,3,37.43,Fair
0.065,-80.09,-59.52,-19.5,21.11,-103.64,28.07,36.0,2,58.66,Good
0.757,-103.88,-82.98,-19.5,-4.0,-103.71,31.98,43.0,4,26.25,Poor
0.419,-97.76,-83.92,-14.14,,-109.01,23.61,39.0,3,39.03,Fair
1.344,-103.79,-83.7,-19.5,-8.74,-101.39,18.05,34.0,2,23.69,Poor
0.187,-91.47,-72.68,-19.03,8.85,-107.0,11.43,28.0,0,46.06,Fair
0.052,-83.74,-71.56,-10.61,13.03,-99.71,43.37,42.0,2,61.16,Good
0.318,-91.82,-75.03,-16.49,0.17,-98.75,45.33,61.0,3,33.92,Poor
0.04,-75.27,-57.68,-17.25,6.07,-85.24,87.7,73.0,0,38.44,Fair
1.571,-106.61,-88.47,-17.84,-6.07,-107.09,19.08,23.0,4,34.45,Poor
0.02,-67.94,-53.9,-14.36,23.07,-96.28,57.14,57.0,0,64.89,Good
0.63,-98.18,-82.47,-15.32,-2.44,-104.19,47.38,52.0,2,38.27,Fair
0.335,-94.41,-78.28,-15.26,2.55,-100.57,38.75,38.0,2,37.58,Fair
0.207,-80.79,-64.4,-17.5,20.33,-105.86,37.79,41.0,0,52.01,Fair
0.031,-79.15,-62.7,-18.21,14.17,-101.01,28.34,43.0,1,55.61,Good
0.438,-99.19,-81.59,-16.47,-1.4,-102.89,36.52,44.0,2,35.83,Fair
0.396,-92.11,-73.18,-18.69,10.93,-106.71,15.36,40.0,1,48.38,Fair
0.148,-86.92,-63.59,-19.5,13.67,-105.23,32.5,43.0,2,49.48,Fair
1.085,-101.68,-81.07,-19.5,-3.56,-106.65,15.58,33.0,2,32.38,Poor
0.163,-87.63,-65.68,-19.5,-1.46,-88.23,69.56,60.0,1,28.06,Poor
0.269,-87.12,-70.57,-16.61,10.29,-101.89,36.85,33.0,2,46.4,Fair
0.353,-99.01,-84.03,-16.31,1.42,-107.25,20.08,32.0,1,42.42,Fair
0.048,-72.35,-51.95,-19.5,19.43,-96.78,61.74,63.0,1,57.88,Good
1.211,-100.98,-83.03,-17.4,-6.92,-102.22,27.28,39.0,1,40.43,Fair
0.211,-95.37,-75.18,-19.5,-7.94,-91.44,52.46,52.0,0,23.91,Poor
0.038,-73.28,-57.92,-14.78,22.44,-101.53,40.87,49.0,1,63.44,Good
0.22,-91.08,-71.13,-18.35,2.73,-101.69,34.5,37.0,0,36.71,Fair
0.413,-98.76,-81.28,-16.01,-8.51,-97.48,79.39,63.0,2,26.79,Poor
0.324,-101.8,-85.18,-17.62,-4.03,-99.74,50.58,38.0,0,23.53,Poor
0.534,-102.61,-85.71,-18.28,-10.0,-99.74,41.47,39.0,2,27.49,Poor
0.026,-69.69,-50.22,-19.5,21.06,-95.85,50.64,61.0,1,48.07,Fair
0.151,-84.36,,-19.5,19.75,-107.5,27.13,40.0,3,57.13,Good
0.77,-102.58,-85.68,-17.64,-10.0,-96.26,36.68,46.0,1,18.25,Poor
0.037,-72.43,-53.4,-17.45,29.15,-105.08,27.93,33.0,2,63.93,Good
0.87,-99.02,-80.0,-19.5,-10.0,-91.15,63.07,62.0,2,18.57,Poor
0.043,-76.32,-56.11,-19.5,24.07,-107.79,35.68,38.0,0,55.7,Good
0.809,-105.06,-84.1,-19.5,-10.0,-98.14,64.02,50.0,1,22.3,Poor
0.201,-88.36,-64.93,-19.5,4.65,-98.16,23.56,36.0,3,45.17,Fair
0.426,-94.67,-78.06,-17.3,-0.18,-102.53,42.18,53.0,2,37.88,Fair
0.075,-78.88,-56.5,-19.5,12.78,-99.1,49.52,47.0,1,48.05,Fair
0.031,-70.59,-52.24,-19.5,14.58,-87.99,72.39,64.0,2,43.11,Fair
0.109,-90.31,-75.6,-15.19,13.79,-108.68,12.44,35.0,0,57.74,Good
0.062,-81.97,-65.92,-17.47,0.88,-90.16,77.26,58.0,1,36.83,Fair
0.169,-96.18,-76.78,-19.5,5.06,-108.48,13.65,20.0,4,43.67,Fair
0.325,-91.28,-71.11,-19.5,6.06,-100.45,44.6,45.0,3,39.24,Fair
0.4,-96.91,-81.96,-14.21,9.75,-109.02,24.72,39.0,3,44.55,Fair
0.702,-99.22,-83.51,-13.17,0.51,-106.24,16.95,27.0,2,47.1,Fair
0.481,-103.55,-87.15,-15.02,-8.82,-98.38,33.93,42.0,1,27.73,Poor
0.422,-90.93,-75.52,-14.36,5.53,-101.46,25.76,34.0,1,48.31,Fair
0.239,-96.37,-84.01,-12.83,-3.83,-96.56,42.54,34.0,0,35.8,Fair
0.289,-90.15,-78.81,-11.19,14.51,-108.42,9.15,21.0,3,59.23,Good
0.241,-91.2,-74.35,-15.41,3.1,-99.23,31.18,44.0,1,51.53,Fair
0.831,-103.16,-84.4,-18.9,-8.16,-101.08,32.98,38.0,4,26.5,Poor
0.118,-86.56,-66.6,-19.01,1.97,-98.02,72.89,70.0,3,30.83,Poor
0.02,-73.0,-59.08,-13.27,,-108.77,10.44,18.0,1,72.42,Good
0.474,-92.36,-78.39,-12.61,19.91,-115.94,3.67,20.0,1,67.26,Good
0.102,-84.19,-67.77,-15.42,-4.16,-83.89,96.03,92.0,0,30.46,Poor
0.994,-109.03,-91.02,-19.02,-9.82,-105.03,28.15,35.0,1,23.16,Poor
0.882,-104.45,-83.43,-19.5,-8.69,-98.96,47.98,44.0,1,27.16,Poor
0.036,-74.83,-54.68,-19.5,21.31,-101.95,5.8,27.0,2,55.34,Good
0.051,-74.66,-57.77,-16.8,30.0,-106.6,18.91,37.0,1,64.57,Good
0.308,-96.21,-77.13,-19.5,-3.52,-95.39,54.01,48.0,2,28.14,Poor
0.423,-98.69,-83.23,-13.91,1.47,-104.84,17.05,28.0,0,50.96,Fair
0.145,-87.17,-68.95,-18.21,8.59,-99.17,48.02,58.0,3,42.96,Fair
0.568,-95.6,-77.79,-17.17,-0.45,-101.82,46.33,52.0,3,39.47,Fair
0.407,-101.68,-79.47,-19.5,-10.0,-85.84,77.65,79.0,5,24.11,Poor
0.177,-86.97,-67.49,-19.5,9.3,-99.75,25.45,42.0,1,41.45,Fair
0.02,-72.3,-56.61,-17.16,24.69,-101.65,32.76,33.0,2,62.69,Good
0.624,-101.22,-85.5,-15.82,-10.0,-92.18,58.17,56.0,3,26.2,Poor
0.109,-76.81,-59.8,-16.69,19.42,-103.54,51.09,42.0,1,56.19,Good
0.809,-102.96,-89.65,-13.44,-10.0,-95.61,49.48,53.0,2,26.05,Poor
0.245,-88.81,-71.5,-18.25,7.24,-102.14,29.27,42.0,2,49.12,Fair
0.387,-92.91,-75.34,-18.63,-5.51,-95.59,36.41,46.0,1,27.65,Poor
0.928,-108.08,-88.68,-17.66,-10.0,-97.64,59.34,56.0,3,18.73,Poor
0.897,-110.44,-90.61,-19.5,-8.68,-107.0,19.64,32.0,2,20.7,Poor
0.209,-87.16,-68.86,-19.33,11.79,-103.64,31.99,,2,46.4,Fair
0.105,-88.88,-75.77,-13.69,8.79,-103.15,26.17,38.0,4,55.47,Good
0.672,-107.21,-92.87,-14.76,-1.19,-110.16,0.83,14.0,6,38.59,Fair
0.255,-88.07,-71.89,-16.04,8.85,-101.65,29.16,22.0,0,44.96,Fair
0.096,-87.81,-67.85,-18.73,8.17,-102.33,43.27,40.0,3,40.99,Fair
1.057,-107.58,-87.72,-19.28,-5.89,-108.48,14.99,31.0,0,30.01,Poor
0.099,-76.13,-58.88,-18.03,23.23,-103.89,17.3,36.0,5,67.57,Good
0.02,-77.08,-52.0,-19.5,15.3,-94.71,46.1,55.0,1,51.72,Fair
0.02,-75.47,-52.78,-19.5,17.75,-100.64,27.01,40.0,1,46.97,Fair
0.438,-98.69,-76.97,-19.21,4.14,-106.54,36.65,42.0,2,35.93,Fair
0.488,-98.74,-78.64,-19.5,2.53,-103.76,24.65,35.0,5,42.08,Fair
0.168,-92.12,-72.74,-19.5,-0.72,-97.11,42.58,54.0,1,31.0,Poor
0.174,-93.47,-74.32,-18.23,7.72,-106.97,27.09,34.0,3,40.87,Fair
0.187,-83.43,-70.84,-11.72,-0.76,-90.43,74.17,55.0,4,38.32,Fair
0.513,-97.17,-82.32,-13.81,5.27,-106.91,29.98,35.0,3,46.59,Fair
0.027,-70.59,-53.25,-18.72,30.0,-109.81,1.76,20.0,2,66.34,Good
1.191,-106.07,-87.69,-19.5,-10.0,-93.13,45.64,44.0,3,24.85,Poor
0.113,-84.0,-66.37,-17.24,14.64,-102.92,35.65,49.0,2,50.86,Fair
3.5,-111.15,-92.34,-19.5,-10.0,-91.35,65.59,55.0,8,19.63,Poor
0.085,-86.64,-74.95,-10.2,12.32,-106.48,15.73,,1,60.51,Good
0.664,-99.4,-79.89,-17.91,-0.43,-102.96,16.85,31.0,3,37.2,Fair
0.114,-82.41,-64.23,-19.49,9.02,-95.29,35.52,43.0,2,46.27,Fair
0.038,-69.63,-52.19,-16.62,30.0,-112.68,12.45,32.0,0,70.62,Good
0.936,-95.64,-74.86,-19.5,3.04,-100.9,46.39,40.0,3,39.57,Fair
0.881,-102.63,-87.76,-14.48,-1.28,-107.78,11.13,34.0,0,33.41,Poor
0.233,-86.81,-69.52,-17.0,0.56,-94.54,50.95,52.0,2,34.97,Poor
0.545,-109.43,-90.58,-17.94,-10.0,-99.47,45.21,34.0,0,22.74,Poor
0.366,-89.09,-73.65,-15.15,3.61,-96.37,22.22,35.0,2,46.43,Fair
0.863,-105.63,-93.64,-11.62,-8.41,-101.36,50.52,50.0,1,29.71,Poor
0.17,-89.64,-75.1,-15.45,5.59,-103.21,21.43,30.0,0,43.22,Fair
0.334,-92.73,-74.92,-16.9,-1.33,-97.59,50.09,37.0,1,30.8,Poor
0.299,-94.15,-76.9,-16.79,-10.0,-87.72,87.25,59.0,1,16.44,Poor
0.197,-89.13,-71.18,-18.18,-2.07,-94.06,58.57,42.0,0,43.82,Fair
0.999,-97.65,-81.63,-16.18,-6.45,-95.16,47.56,39.0,3,35.48,Fair
0.082,-83.88,-69.82,-13.53,12.44,-104.37,33.55,48.0,0,51.41,Fair
0.073,-85.72,-67.31,-19.5,16.31,-105.2,36.64,44.0,2,50.96,Fair
0.387,-88.52,-71.02,-17.63,4.98,-98.35,77.31,67.0,3,41.86,Fair
0.482,-95.57,-75.66,-19.5,-1.65,-98.68,54.49,43.0,0,25.04,Poor
0.097,-76.17,-60.41,-14.58,9.09,-90.51,55.12,44.0,2,46.36,Fair
0.223,-87.55,-75.61,-13.95,14.76,-110.69,11.11,23.0,4,49.65,Fair
1.318,-111.7,-101.51,-11.35,-10.0,-100.64,41.82,32.0,3,39.79,Fair
0.127,-83.59,-66.8,-16.8,2.36,-90.99,63.63,61.0,1,40.72,Fair
0.497,-101.87,-83.49,-17.64,-0.11,-107.18,28.63,34.0,1,39.91,Fair
0.606,-99.64,-82.34,-17.44,-1.89,-102.66,32.46,32.0,5,33.93,Poor
0.267,-92.88,-76.58,-15.58,10.62,-108.65,7.49,21.0,4,52.77,Fair
1.248,-112.4,-99.18,-13.74,-1.38,-111.54,8.03,27.0,3,35.49,Fair
0.6,-102.83,-90.5,-11.19,-7.49,-100.39,44.65,36.0,2,33.31,Poor
0.276,-84.01,-64.91,-19.5,11.1,-100.98,13.45,31.0,2,44.29,Fair
0.379,-94.64,-77.33,-16.19,3.78,-103.1,16.41,26.0,1,41.44,Fair
0.531,-99.22,-82.31,-15.63,0.58,-105.61,8.57,25.0,1,35.82,Fair
0.404,-88.89,-75.51,-12.94,14.1,-107.41,31.6,42.0,1,45.76,Fair
0.949,-105.14,-90.04,-14.96,-9.93,-98.75,39.86,57.0,2,26.48,Poor
0.199,-90.37,-72.24,-15.73,0.02,-94.76,42.6,53.0,1,36.92,Fair
0.16,-84.2,-65.34,-17.77,6.52,-97.24,56.87,50.0,2,43.26,Fair
0.108,-86.37,-68.87,-16.73,-0.01,-90.08,83.09,60.0,3,35.86,Fair
0.02,-73.43,-51.29,-19.5,28.15,-108.63,33.84,34.0,1,64.03,Good
0.02,-79.46,-63.19,-15.13,,-90.14,59.75,47.0,0,42.73,Fair
0.918,-107.02,-85.15,-19.5,-9.36,-102.48,15.14,26.0,2,19.27,Poor
0.51,-101.96,-83.31,-16.54,-7.31,-96.15,57.57,61.0,0,24.49,Poor
0.486,-97.12,-78.79,-18.65,-10.0,-95.16,57.26,58.0,0,22.29,Poor
0.429,-99.11,-78.32,-19.5,-10.0,-92.18,67.91,67.0,3,30.45,Poor
0.851,-93.98,-77.85,-16.33,-6.59,-93.03,60.22,44.0,1,27.97,Poor
0.294,-97.64,-80.63,-16.94,-6.43,-99.54,41.67,55.0,3,29.75,Poor
0.92,-97.68,-83.35,-14.35,-0.03,-101.68,30.82,24.0,4,38.94,Fair
0.2,-89.2,-68.4,-19.5,-0.64,-94.4,76.47,67.0,3,25.31,Poor
1.176,-102.19,-83.18,-19.5,-1.43,-104.1,17.78,30.0,0,28.14,Poor
0.54,-95.68,,-19.5,-0.67,-101.89,16.28,30.0,1,36.56,Fair
0.134,-95.47,-76.85,-18.22,6.61,-107.76,14.44,18.0,3,41.65,Fair
0.374,-95.52,-74.21,-19.5,5.34,-103.69,21.72,40.0,3,41.62,Fair
0.343,-95.77,-80.01,-16.65,3.49,-102.43,31.86,37.0,2,34.22,Poor
0.067,-85.15,-64.19,-19.5,5.46,-93.61,75.07,56.0,1,37.48,Fair
0.403,-94.28,-77.47,-16.7,-4.23,-96.25,46.35,39.0,2,30.37,Poor
0.17,-81.8,-63.79,-17.47,18.43,-105.52,18.68,41.0,1,64.63,Good
0.024,-82.72,-62.53,-19.5,10.41,-98.73,43.94,31.0,3,40.76,Fair
1.336,-108.66,-83.68,-19.5,-10.0,-91.84,45.32,42.0,4,13.65,Poor
0.462,-102.29,-81.83,-19.5,-7.49,-100.26,26.92,37.0,1,31.41,Poor
0.943,-103.21,-82.47,-19.5,-5.42,-104.03,41.42,41.0,3,26.97,Poor
0.507,-99.42,-83.06,-16.11,-1.39,-103.19,35.72,40.0,0,36.64,Fair
0.199,-92.43,-73.96,-18.2,-1.16,-94.57,67.85,68.0,0,36.11,Fair
0.323,-91.47,-73.75,-17.61,1.89,-95.65,65.48,56.0,4,32.37,Poor
0.507,-91.57,-69.35,-19.5,3.03,-100.53,43.77,44.0,3,32.51,Poor
1.451,-96.6,-79.03,-16.98,2.06,-106.32,2.98,,4,37.84,Fair
0.132,-89.41,-67.43,-19.5,-0.72,-93.35,53.52,57.0,1,33.54,Poor
0.936,-110.72,-96.62,-14.5,-10.0,-95.18,37.43,49.0,3,25.4,Poor
1.16,-103.06,-80.86,-19.5,-2.88,-104.66,14.15,19.0,3,30.95,Poor
0.499,-91.55,-76.13,-14.99,-7.63,-93.68,51.22,57.0,3,26.81,Poor
1.205,-102.37,-81.81,-19.5,-8.15,-99.14,30.55,50.0,3,22.03,Poor
0.228,-84.78,-69.38,-14.61,9.64,-101.82,36.99,37.0,1,52.06,Fair
1.376,-107.68,-87.83,-19.5,-9.81,-102.01,40.51,28.0,2,22.64,Poor
0.546,-101.2,-86.09,-15.54,-5.26,-99.69,16.42,24.0,2,35.28,Fair
0.02,-69.98,-48.87,-19.5,14.29,-89.84,65.14,57.0,3,48.04,Fair
1.068,-105.9,,-19.08,-8.8,-103.33,46.11,53.0,4,20.83,Poor
0.298,-90.87,-74.67,-14.45,0.89,-96.63,56.13,81.0,1,29.79,Poor
0.278,-89.02,-69.28,-19.42,9.78,-101.15,14.82,31.0,1,44.11,Fair
0.376,-91.34,-70.49,-18.81,5.67,-103.02,13.09,29.0,2,47.57,Fair
0.073,-79.32,-64.09,-14.42,14.58,-103.38,32.05,40.0,2,61.14,Good
0.285,-92.14,-77.25,-14.73,0.95,-98.11,41.76,40.0,4,42.91,Fair
0.8,-98.9,-84.11,-15.33,-7.4,-97.1,59.88,51.0,2,32.05,Poor
0.02,-78.3,,-13.66,26.48,-106.46,22.79,33.0,5,69.45,Good
0.143,-86.35,-71.58,-15.43,0.4,-94.65,45.39,46.0,2,34.58,Poor
0.02,-70.23,-49.46,-19.5,29.94,-105.95,20.62,31.0,0,64.7,Good
0.242,-90.85,-71.18,-19.5,5.58,-103.54,17.33,37.0,4,40.24,Fair
0.586,-99.73,-86.82,-12.99,-5.14,-98.85,25.3,23.0,0,36.53,Fair
0.721,-99.45,-82.98,-16.61,-10.0,-91.68,67.86,60.0,4,21.46,Poor
1.307,-108.63,-94.1,-14.14,-6.65,-106.17,17.75,36.0,3,32.77,Poor
0.422,-92.01,-71.42,-19.5,-1.89,-90.67,45.44,,3,30.21,Poor
0.132,-84.6,-67.95,-18.63,6.99,-96.59,45.43,37.0,0,46.7,Fair
1.161,-104.7,-91.33,-13.92,-10.0,-98.92,58.54,69.0,2,25.48,Poor
0.672,-103.35,-84.84,-19.4,-10.0,-92.58,64.77,50.0,2,14.55,Poor
0.384,-92.46,-72.64,-19.5,-2.39,-92.38,52.08,53.0,5,29.85,Poor
0.535,-97.76,-82.62,-15.11,-5.49,-96.86,48.03,62.0,1,31.6,Poor
1.162,-108.33,-91.12,-17.31,-10.0,-94.71,46.59,60.0,4,20.34,Poor
0.561,-99.22,-83.93,-14.62,-4.33,-94.94,59.25,49.0,2,30.08,Poor
0.207,-87.83,-66.1,-19.5,13.98,-106.2,14.64,29.0,3,58.22,Good
0.562,-96.8,-80.09,-19.14,-1.69,-102.0,36.65,23.0,1,29.93,Poor
0.02,-68.5,-52.66,-15.71,30.0,-110.46,18.57,29.0,0,66.08,Good
0.22,-90.51,-72.66,-17.12,5.56,-101.42,34.68,37.0,2,46.39,Fair
0.235,-87.34,-69.96,-17.12,9.45,-102.44,19.41,32.0,4,48.18,Fair
0.082,-77.44,-57.38,-19.5,15.74,-98.49,48.43,44.0,0,46.63,Fair
0.02,-67.5,-45.85,-19.5,30.0,-102.93,38.68,40.0,1,70.7,Good
0.064,-82.66,-60.99,-19.5,8.69,-97.1,33.84,43.0,3,50.04,Fair
0.478,-101.85,-84.99,-17.37,5.54,-112.36,8.3,26.0,1,45.54,Fair
0.729,-103.45,-84.53,-18.01,-5.97,-100.42,42.89,27.0,0,25.02,Poor
1.998,-102.2,-79.74,-19.5,1.46,-109.43,18.87,37.0,0,43.98,Fair
0.191,-88.55,-65.97,-19.5,5.85,-101.27,36.49,23.0,0,41.66,Fair
0.412,-87.81,-72.43,-15.58,8.33,-99.69,41.3,41.0,1,49.66,Fair
1.245,-106.39,-86.62,-19.5,-10.0,-99.72,36.24,45.0,2,21.25,Poor
0.082,-83.44,-64.17,-18.57,3.19,-95.77,28.54,39.0,4,44.5,Fair
0.569,-99.41,-78.64,-19.5,4.85,-111.51,10.13,22.0,3,40.55,Fair
0.633,-100.41,-78.68,-19.5,1.07,-107.65,23.79,25.0,2,31.13,Poor
0.042,-79.75,-64.87,-15.33,9.22,-94.79,71.84,63.0,2,44.6,Fair
0.889,-107.58,-91.65,-15.91,-9.4,-101.89,18.41,25.0,3,36.84,Fair
0.755,-99.56,-78.84,-19.5,0.66,-104.03,31.72,40.0,1,37.95,Fair
0.02,-66.22,,-18.76,30.0,-115.77,8.63,35.0,2,72.93,Good
0.043,-67.08,-55.77,-11.5,28.1,-100.27,42.06,50.0,3,71.13,Good
0.023,-73.22,-60.22,-15.3,25.41,-107.22,20.15,36.0,0,62.73,Good
0.183,-90.73,-70.74,-18.66,14.59,-107.95,18.43,34.0,1,50.25,Fair
0.32,-97.22,-76.71,-19.5,3.07,-103.39,24.84,32.0,3,42.05,Fair
0.342,-90.2,-76.25,-13.25,3.8,-96.17,43.33,54.0,0,40.83,Fair
0.14,-83.74,-62.44,-19.5,11.4,-103.18,11.14,22.0,2,46.45,Fair
1.092,-108.28,-90.87,-16.9,0.35,-110.31,21.05,34.0,1,35.36,Fair
0.207,-93.96,-79.02,-15.04,-7.72,-90.77,62.71,51.0,3,23.65,Poor
0.021,-67.03,-50.71,-14.37,30.0,-102.55,18.37,29.0,0,80.89,Excellent
0.161,-86.64,-72.31,-14.04,6.55,-93.42,70.03,55.0,6,41.79,Fair
0.341,-91.64,-75.49,-17.64,6.96,-100.8,29.86,42.0,1,38.76,Fair
0.236,-95.03,-82.64,-12.4,4.11,-103.45,34.12,39.0,3,40.49,Fair
0.144,-94.74,-76.96,-17.49,15.77,-115.15,6.39,22.0,2,55.84,Good
0.063,-83.67,-63.91,-19.5,13.74,-103.74,27.33,38.0,0,45.01,Fair
0.77,-98.99,-85.03,-13.32,-10.0,-92.94,69.85,58.0,3,29.99,Poor
2.501,-103.52,-85.47,-18.01,4.56,-111.97,14.08,31.0,6,45.24,Fair
0.18,-90.87,-75.28,-14.49,-6.34,-91.1,70.18,66.0,0,32.26,Poor
0.216,-81.64,-61.63,-19.48,2.46,-92.17,49.97,51.0,2,36.66,Fair
0.433,-93.43,-82.38,-12.43,0.03,-95.78,50.04,26.0,1,37.42,Fair
0.57,-104.71,-84.57,-19.5,-1.46,-107.61,7.36,40.0,0,38.45,Fair
0.224,-90.18,-77.64,-12.01,4.06,-102.2,15.81,27.0,1,50.61,Fair
1.059,-101.05,-83.68,-17.98,-10.0,-91.08,54.25,38.0,2,19.11,Poor
0.369,-105.08,-89.2,-14.95,2.13,-111.28,12.88,33.0,3,47.37,Fair
0.269,-90.06,-73.14,-17.13,6.43,-107.25,23.7,29.0,0,46.48,Fair
0.468,-92.74,-79.32,-13.46,3.01,-101.49,37.84,34.0,4,37.85,Fair
1.374,-105.17,-82.19,-19.5,-10.0,-90.5,77.77,62.0,1,18.15,Poor
0.712,-101.31,-87.17,-14.39,-0.75,-108.01,29.83,40.0,3,34.62,Poor
0.02,-71.14,-56.76,-15.68,23.85,-101.68,23.29,29.0,4,71.94,Good
0.182,-90.16,-66.78,-19.5,1.37,-102.16,37.17,41.0,3,40.64,Fair
0.286,-97.87,-78.9,-18.39,-10.0,-95.26,54.55,37.0,0,22.55,Poor
0.17,-91.41,-77.17,-15.46,11.34,-105.8,21.76,28.0,2,47.61,Fair
0.542,-100.36,-82.75,-16.98,-10.0,-88.21,66.53,47.0,2,23.81,Poor
0.788,-101.48,-84.19,-17.12,2.83,-110.52,4.63,26.0,1,41.13,Fair
0.591,-101.68,-88.74,-13.34,-1.57,-107.28,12.06,29.0,2,37.71,Fair
2.043,-113.69,-97.96,-16.43,-10.0,-106.5,7.47,16.0,1,24.41,Poor
0.143,-84.14,-66.22,-17.04,6.38,-97.09,54.02,46.0,2,45.28,Fair
0.936,-101.95,-80.15,-19.5,-3.63,-103.4,31.74,25.0,5,26.17,Poor
0.655,-102.49,-85.06,-17.91,-10.0,-99.04,27.6,39.0,3,23.84,Poor
0.202,-88.14,-70.48,-17.62,-7.67,-89.75,84.27,73.0,2,30.01,Poor
0.596,-101.33,-85.78,-15.8,-3.9,-103.21,30.68,37.0,1,41.15,Fair
0.049,-77.81,-56.52,-19.5,11.06,-94.92,60.38,58.0,3,45.87,Fair
0.701,-97.02,-76.32,-18.05,4.39,-106.95,9.14,21.0,3,35.61,Fair
0.342,-97.12,-76.75,-19.5,-2.2,-99.42,40.61,28.0,2,34.13,Poor
0.156,-92.58,-74.25,-16.94,2.17,-100.76,57.76,53.0,3,39.4,Fair
0.48,-98.22,-85.02,-13.43,-3.57,-101.85,18.85,37.0,2,41.42,Fair
0.462,-102.76,-81.5,-19.5,-4.81,-102.13,37.15,48.0,3,26.0,Poor
0.106,-85.68,-67.51,-18.42,-2.59,-87.16,77.38,90.0,0,27.68,Poor
0.02,-71.57,-54.49,-16.96,26.83,-104.7,16.96,37.0,2,68.61,Good
0.256,-102.05,-82.7,-19.5,-4.82,-101.72,30.21,45.0,2,28.27,Poor
0.379,-93.48,-74.81,-18.42,4.02,-107.58,28.43,42.0,1,41.41,Fair
0.942,-104.22,-89.42,-14.8,-9.39,-101.26,45.64,43.0,2,32.04,Poor
1.185,-100.76,-83.72,-17.09,-9.72,-96.67,63.51,60.0,1,14.96,Poor
0.339,-93.76,-81.47,-11.33,0.25,-102.17,35.83,35.0,3,50.29,Fair
0.631,-97.07,-78.81,-17.75,0.25,-101.04,50.41,49.0,1,33.05,Poor
0.26,-87.58,-65.59,-19.5,9.11,-105.57,16.83,30.0,2,44.23,Fair
0.617,-100.34,,-10.04,-10.0,-99.8,17.64,,2,40.88,Fair
0.103,-84.35,-65.97,-17.34,8.74,-98.49,57.73,47.0,2,42.63,Fair
0.209,-96.73,-76.72,-18.85,-5.88,-96.37,36.76,36.0,0,33.27,Poor
0.453,-92.18,-71.73,-19.5,14.53,-110.69,7.55,17.0,3,48.69,Fair
0.02,-71.03,-55.27,-14.75,30.0,-112.35,13.61,29.0,5,65.12,Good
0.577,-103.26,-88.57,-14.33,-0.95,-108.93,21.29,41.0,2,38.63,Fair
0.812,-99.25,-83.01,-16.74,1.03,-100.21,47.86,50.0,0,36.92,Fair
0.229,-99.96,-78.39,-19.5,-2.03,-103.42,40.3,47.0,3,25.95,Poor
0.267,-94.29,-81.42,-13.43,-10.0,-87.96,84.48,81.0,1,25.62,Poor
0.858,-99.04,-84.69,-12.8,2.37,-107.88,16.06,27.0,3,43.96,Fair
0.673,-102.32,-85.69,-16.56,-7.88,-95.68,38.68,37.0,2,36.18,Fair
0.153,-90.62,-75.55,-15.42,-6.18,-94.7,45.99,51.0,1,33.9,Poor
0.176,-90.63,-72.76,-18.09,-3.65,-93.5,64.99,68.0,3,26.4,Poor
0.511,-106.23,-83.98,-19.5,-10.0,-94.71,57.95,62.0,3,26.2,Poor
0.373,-92.59,-78.2,-15.67,10.62,-108.79,17.84,27.0,3,49.57,Fair
0.08,-82.62,-65.06,-18.23,9.26,-98.65,46.52,44.0,0,46.25,Fair
0.167,-89.59,-71.62,-16.98,8.85,-99.18,48.38,54.0,0,46.16,Fair
1.036,-105.39,,-16.75,-5.14,-104.89,15.04,31.0,2,36.41,Fair
0.524,-98.35,-85.09,-13.47,2.83,-105.12,11.02,32.0,1,44.92,Fair
1.92,-107.06,-90.97,-14.53,-10.0,-98.6,50.28,53.0,6,29.94,Poor
0.656,-100.55,-84.46,-15.13,-4.27,-100.6,20.9,39.0,3,44.39,Fair
1.281,-111.6,-91.7,-19.03,-10.0,-88.41,71.54,55.0,2,13.52,Poor
0.11,-82.57,-63.32,-19.5,12.49,-100.79,37.82,36.0,0,48.76,Fair
0.664,-98.47,-85.12,-13.8,-9.29,-95.61,26.55,41.0,4,33.55,Poor
0.02,-69.62,-52.78,-17.51,20.23,-95.33,56.62,49.0,2,59.41,Good
0.5,-93.69,-77.2,-16.32,8.3,-105.21,14.82,32.0,5,51.81,Fair
0.285,-93.01,,-19.5,1.07,-98.97,39.42,39.0,2,35.7,Fair
0.192,-85.25,-66.37,-17.68,10.12,-97.06,45.7,55.0,2,39.07,Fair
0.893,-97.39,-82.63,-14.75,11.12,-113.06,5.53,23.0,2,52.56,Fair
0.867,-100.44,-84.77,-15.75,-3.69,-100.03,40.79,40.0,5,32.94,Poor
0.02,-73.44,-56.57,-16.01,29.71,-111.15,6.88,,1,74.48,Good
0.423,-97.07,-77.99,-19.39,-9.32,-93.66,66.07,55.0,1,19.64,Poor
0.206,-85.38,-65.92,-19.5,6.43,-98.56,33.79,47.0,3,43.62,Fair
0.242,-97.69,-79.09,-18.9,0.35,-102.62,17.51,33.0,0,35.11,Fair
0.803,-103.67,-86.3,-16.06,-9.71,-100.51,33.91,54.0,2,20.44,Poor
0.167,-89.87,-72.28,-17.85,2.59,-98.64,39.07,47.0,3,34.02,Poor
1.29,-109.68,-92.06,-18.01,-9.48,-106.27,37.89,37.0,5,19.78,Poor
0.089,-79.6,-66.95,-12.18,12.12,-97.93,52.8,59.0,3,58.7,Good
0.489,-96.3,-78.48,-15.54,-1.67,-102.67,42.02,42.0,0,27.3,Poor
0.502,-100.87,-84.6,-16.28,5.4,-112.22,9.44,30.0,1,39.24,Fair
0.131,-83.97,-70.93,-12.48,10.63,-98.27,50.09,54.0,0,52.91,Fair
0.177,-89.63,-64.37,-19.5,6.14,-100.94,25.07,35.0,1,41.3,Fair
0.81,-105.74,-86.81,-19.5,-10.0,-101.79,31.45,44.0,4,19.28,Poor
0.646,-103.06,-85.03,-18.43,-8.5,-100.04,55.79,42.0,2,30.66,Poor
0.18,-87.39,-70.5,-17.51,8.99,-100.25,33.22,40.0,4,40.31,Fair
0.344,-90.99,-70.8,-19.01,-3.64,-91.43,64.88,56.0,0,22.54,Poor
0.029,-75.39,-60.87,-13.86,5.28,-84.75,78.47,69.0,1,48.99,Fair
0.105,-82.36,-65.3,-16.31,16.99,-106.26,43.51,37.0,1,53.21,Fair
0.299,-87.23,-72.08,-15.23,14.19,-105.12,26.56,33.0,2,47.28,Fair
0.04,-81.39,-61.22,-19.5,13.48,-101.9,40.42,42.0,1,46.94,Fair
0.834,-101.01,-85.49,-15.43,-10.0,-90.62,65.97,61.0,2,27.66,Poor
0.57,-95.8,-74.5,-19.5,-7.66,-98.57,61.61,60.0,3,18.25,Poor
1.294,-106.63,-88.92,-19.5,-10.0,-99.16,38.44,45.0,2,18.71,Poor
0.532,-93.58,-73.26,-19.5,-4.25,-92.52,69.97,55.0,0,21.14,Poor
1.269,-97.28,-78.08,-19.5,-10.0,-94.55,70.49,66.0,0,13.68,Poor
0.364,-93.87,-72.69,-19.5,3.43,-103.85,29.74,40.0,2,36.77,Fair
0.413,-97.27,-82.07,-13.92,4.21,-106.27,27.38,42.0,1,46.09,Fair
1.697,-104.69,-83.97,-19.5,-10.0,-100.84,39.11,40.0,4,21.5,Poor
0.462,-93.95,-81.54,-13.2,-5.13,-97.31,50.89,48.0,1,36.54,Fair
0.02,-80.52,-62.39,-17.26,21.47,-108.07,16.48,37.0,4,66.42,Good
0.579,-99.28,-82.92,-13.54,4.64,-106.38,38.45,43.0,5,37.26,Fair
1.061,-106.1,-92.32,-14.19,-10.0,-96.78,38.27,31.0,0,30.68,Poor
0.714,-99.5,-84.18,-14.08,2.28,-104.42,20.39,28.0,2,31.41,Poor
0.395,-96.72,-80.64,-17.0,-10.0,-88.69,78.53,57.0,2,14.61,Poor
0.501,-98.35,-80.94,-16.5,-10.0,-91.14,78.2,71.0,2,20.8,Poor
2.081,-113.82,-97.4,-15.89,-10.0,-102.55,20.81,38.0,2,25.98,Poor
0.043,-73.88,-55.64,-18.96,30.0,-107.32,33.54,41.0,1,63.14,Good
0.495,-91.29,-75.78,-14.81,7.26,-105.76,19.01,33.0,3,53.79,Fair
0.15,-90.97,-74.4,-16.83,3.24,-100.45,47.06,57.0,1,52.37,Fair
0.46,-102.86,-85.73,-16.34,-1.15,-104.85,29.27,37.0,3,35.0,Poor
0.421,-96.43,-77.88,-18.34,-10.0,-90.04,67.98,49.0,1,24.8,Poor
0.075,-81.73,-61.18,-19.5,15.51,-104.66,39.48,39.0,0,51.66,Fair
0.104,-79.76,-59.2,-19.5,10.99,-97.68,35.96,43.0,1,40.5,Fair
0.437,-101.75,-83.04,-19.5,1.73,-107.66,18.89,31.0,1,35.04,Fair
0.062,-82.1,-62.81,-18.27,18.2,-106.75,18.02,29.0,0,54.6,Fair
0.139,-95.49,-76.56,-19.5,-7.92,-93.53,64.94,60.0,4,22.78,Poor
0.811,-96.7,-79.64,-15.03,-2.92,-99.75,39.7,44.0,2,29.62,Poor
0.178,-88.07,-67.37,-19.5,0.78,-93.4,58.17,53.0,2,30.87,Poor
0.301,-95.46,-80.21,-14.23,10.92,-110.85,10.09,24.0,2,49.7,Fair
1.275,-111.4,-99.55,-10.41,-10.0,-98.63,58.21,54.0,3,22.58,Poor
0.116,-90.28,-75.41,-15.18,9.59,-101.62,30.24,39.0,2,49.31,Fair
0.222,-89.32,-67.11,-19.5,15.96,-109.35,9.01,27.0,2,49.7,Fair
0.42,-100.91,-83.79,-15.69,4.66,-109.51,6.57,25.0,4,47.19,Fair
0.634,-99.63,,-19.23,-2.54,-101.06,52.3,44.0,1,35.12,Fair
1.044,-96.21,-79.03,-18.2,-2.38,-97.98,45.97,49.0,2,30.27,Poor
1.112,-106.32,-86.63,-18.65,-9.06,-105.49,29.17,37.0,3,27.56,Poor
0.675,-104.44,-86.23,-17.59,-4.08,-102.79,14.51,20.0,5,40.13,Fair
0.117,-83.88,-66.09,-19.5,21.51,-107.26,27.55,34.0,3,57.46,Good
0.02,-75.35,-55.51,-19.39,24.71,-102.13,43.98,37.0,1,66.08,Good
0.218,-83.92,-67.32,-15.36,21.45,-109.52,10.4,33.0,2,61.01,Good
0.069,-75.25,-56.13,-17.27,19.33,-99.46,33.15,,3,66.87,Good
0.558,-99.6,-82.12,-17.23,-10.0,-92.76,75.67,73.0,2,20.12,Poor
0.487,-101.36,,-17.36,3.94,-106.59,35.53,37.0,3,42.02,Fair
0.02,-72.24,-56.7,-13.61,19.89,-96.91,47.22,35.0,1,58.59,Good
0.815,-103.42,-86.07,-17.58,-10.0,-96.43,50.54,54.0,2,23.73,Poor
0.129,-84.72,-68.35,-16.16,4.57,-97.29,59.98,48.0,1,45.77,Fair
0.255,-88.0,-66.61,-19.5,-4.59,-87.81,80.13,77.0,0,19.91,Poor
0.496,-102.07,-89.13,-13.08,-2.2,-104.19,6.45,25.0,2,49.11,Fair
0.252,-88.04,-67.37,-19.5,9.83,-104.59,30.06,29.0,0,49.12,Fair
0.262,-89.93,-77.16,-13.2,5.59,-99.75,45.0,45.0,3,46.89,Fair
0.031,-76.01,-56.4,-19.5,13.19,-93.15,72.93,67.0,1,41.06,Fair
0.231,-95.65,-80.17,-16.25,-1.37,-97.37,50.55,50.0,1,32.21,Poor
0.651,-99.83,-80.13,-18.3,-10.0,-94.03,57.17,63.0,3,16.29,Poor
1.11,-109.15,-91.52,-17.79,-9.57,-103.35,10.38,28.0,3,21.22,Poor
0.24,-87.55,-73.85,-14.3,11.76,-102.37,34.83,34.0,2,52.9,Fair
0.248,-96.42,-74.34,-19.5,-6.56,-94.2,55.29,53.0,3,26.04,Poor
0.546,-96.56,-76.23,-17.87,-7.31,-98.37,23.49,32.0,1,33.58,Poor
1.287,-106.52,-87.01,-18.31,-10.0,-102.0,28.32,34.0,3,27.98,Poor
0.14,-89.22,-73.14,-18.63,12.24,-110.79,14.92,24.0,0,43.71,Fair
0.261,-92.78,-72.35,-19.5,-2.62,-95.22,70.37,65.0,1,27.53,Poor
0.715,-96.78,-82.63,-16.05,2.18,-104.99,18.92,32.0,3,45.15,Fair
0.423,-101.32,-90.01,-10.9,-10.0,-82.94,78.04,63.0,2,23.22,Poor
0.053,-80.25,-66.94,-12.3,20.12,-106.27,14.54,26.0,0,59.98,Good
0.445,-99.99,-84.75,-15.34,-3.54,-99.77,36.1,38.0,2,33.4,Poor
0.093,-83.62,-67.88,-13.94,,-96.14,35.29,39.0,1,50.21,Fair
0.321,-96.9,-80.21,-15.71,-0.65,-98.64,22.06,33.0,0,41.95,Fair
0.339,-101.7,-84.87,-19.27,-4.23,-101.16,14.34,29.0,2,29.82,Poor
0.94,-107.69,-91.64,-15.3,-10.0,-94.35,55.29,66.0,0,19.55,Poor
0.279,-86.4,-74.75,-12.35,17.45,-103.13,31.95,33.0,0,55.85,Good
0.147,-86.45,-67.87,-17.83,2.52,-92.15,52.97,47.0,1,34.34,Poor
0.118,-84.67,-67.47,-16.55,14.96,-102.95,16.32,28.0,3,51.12,Fair
0.933,-104.54,-88.63,-17.21,-7.11,-98.99,58.16,62.0,1,24.3,Poor
0.084,-82.84,-60.64,-19.5,12.32,-101.69,33.12,37.0,2,50.98,Fair
0.25,-93.7,-76.43,-17.04,1.92,-100.92,38.06,29.0,0,40.24,Fair
0.093,-81.38,-63.2,-19.15,24.24,-109.74,15.72,30.0,3,57.82,Good
0.668,-100.1,-79.72,-19.5,-5.56,-101.9,39.3,45.0,2,23.17,Poor
0.289,-97.95,-84.42,-13.55,6.9,-107.28,10.84,24.0,3,53.9,Fair
0.195,-88.81,-70.88,-18.29,9.8,-104.43,26.84,29.0,4,47.43,Fair
0.202,-99.97,-79.59,-19.5,0.99,-105.87,9.41,29.0,2,40.43,Fair
0.86,-101.05,-83.32,-18.87,-1.23,-104.18,35.46,48.0,3,32.59,Poor
0.363,-100.86,-86.77,-13.62,-4.99,-100.27,44.33,45.0,2,38.61,Fair
0.569,-99.51,-82.96,-16.73,5.55,-108.06,18.74,30.0,4,44.04,Fair
1.023,-108.98,-90.42,-16.38,-9.33,-103.05,46.91,43.0,2,21.61,Poor
1.044,-104.37,-92.69,-11.97,-10.0,-99.06,49.75,49.0,6,38.8,Fair
0.179,-86.8,-72.86,-14.64,4.5,-99.83,50.02,53.0,0,45.97,Fair
1.371,-100.73,-76.81,-19.5,-8.08,-93.48,56.57,53.0,7,24.72,Poor
0.02,-76.61,-57.16,-19.27,12.24,-90.98,71.32,51.0,3,39.32,Fair
0.213,-86.7,-64.25,-19.5,10.89,-104.74,17.16,40.0,3,52.97,Fair
1.018,-103.64,-83.04,-19.5,-10.0,-98.29,45.6,53.0,2,14.86,Poor
0.144,-89.06,-69.88,-19.14,2.68,-98.97,52.61,58.0,1,39.1,Fair
0.144,-84.16,-67.09,-16.78,9.89,-99.91,55.93,48.0,6,46.96,Fair
0.162,-89.2,,-19.5,9.03,-101.46,29.86,37.0,0,36.78,Fair
0.426,-93.75,-71.4,-19.5,6.36,-105.25,43.29,40.0,1,41.4,Fair
0.26,-96.29,-75.81,-19.5,2.18,-104.51,33.11,33.0,6,37.43,Fair
0.584,-101.87,-83.37,-19.26,-10.0,-90.5,69.76,70.0,1,17.32,Poor
1.014,-100.35,-82.87,-16.31,1.18,-107.96,14.23,27.0,0,40.81,Fair
0.505,-92.14,-72.64,-19.5,-10.0,-87.2,79.01,64.0,3,18.67,Poor
0.103,-84.48,-68.07,-14.69,2.99,-94.28,47.96,51.0,0,46.57,Fair
1.214,-116.84,-97.35,-19.5,-10.0,-99.56,43.39,34.0,3,24.05,Poor
0.138,-87.67,-71.77,-16.11,1.24,-92.85,54.22,47.0,0,37.58,Fair
0.073,-81.26,-64.33,-16.46,21.81,-108.45,20.73,29.0,2,62.39,Good
0.042,-77.69,-62.77,-15.03,28.89,-111.24,15.95,30.0,0,75.08,Excellent
0.373,-94.11,-77.43,-15.19,0.87,-99.23,46.46,45.0,1,36.24,Fair
0.054,-80.77,,-16.95,9.45,-98.79,26.07,34.0,0,50.19,Fair
0.067,-77.32,-54.25,-19.5,28.32,-108.19,11.04,29.0,1,69.51,Good
0.161,-92.83,-77.52,-14.05,2.45,-96.54,39.76,50.0,2,43.03,Fair
0.149,-82.57,-63.41,-19.5,10.79,-100.53,28.6,33.0,0,50.46,Fair
0.417,-90.23,-75.07,-17.16,-4.71,-90.39,65.63,56.0,2,33.08,Poor
0.764,-105.32,-87.18,-18.31,-4.48,-103.88,33.3,32.0,6,26.32,Poor
0.645,-103.86,-84.99,-18.84,,-99.77,29.98,43.0,4,25.65,Poor
0.137,-85.16,-72.71,-10.55,18.89,-112.91,16.55,36.0,0,58.93,Good
0.127,-90.87,-77.06,-12.38,9.61,-107.35,6.19,24.0,2,57.4,Good
1.519,-109.61,-94.47,-14.53,-10.0,-100.87,28.88,48.0,6,25.57,Poor
0.02,-66.03,-51.94,-14.38,30.0,-101.66,33.41,33.0,5,71.61,Good
0.953,-100.64,-82.39,-19.5,-10.0,-94.9,38.4,37.0,5,25.59,Poor
0.1,-76.19,-57.46,-18.55,9.22,-89.34,64.49,68.0,0,44.34,Fair
1.324,-105.76,-90.95,-14.47,-10.0,-101.93,26.61,42.0,2,24.57,Poor
0.189,-92.0,-73.63,-17.63,12.46,-110.66,9.92,15.0,2,48.63,Fair
0.261,-92.17,-75.44,-15.44,6.57,-103.27,37.22,42.0,3,43.21,Fair
0.553,-99.47,-81.76,-17.54,-9.93,-92.81,69.87,73.0,0,25.47,Poor
0.399,-96.58,-80.47,-14.09,-7.49,-98.02,32.49,35.0,0,32.98,Poor
0.172,-88.87,-69.4,-18.97,1.65,-94.67,63.88,69.0,1,32.08,Poor
0.363,-98.95,-76.05,-19.5,,-99.47,55.65,47.0,0,26.71,Poor
0.59,-98.31,-77.99,-19.5,0.96,-104.39,10.78,32.0,5,31.7,Poor
0.02,-76.08,-53.9,-19.5,11.22,-92.92,44.42,,2,46.2,Fair
0.02,-73.31,-59.52,-13.0,30.0,-110.45,19.66,23.0,2,78.85,Excellent
0.276,-93.31,-77.34,-14.78,6.65,-103.2,34.3,36.0,1,44.25,Fair
0.064,-89.25,-69.55,-18.15,3.17,-95.52,44.56,52.0,1,47.63,Fair
0.491,-94.77,-72.24,-19.5,,-105.09,17.03,28.0,1,34.32,Poor
0.108,-92.99,-73.04,-19.5,3.6,-103.24,11.46,30.0,2,28.53,Poor
0.255,-89.49,-74.57,-13.87,-1.0,-95.77,65.87,53.0,1,38.8,Fair
0.099,-89.18,-72.48,-17.24,0.64,-94.49,71.84,50.0,3,31.96,Poor
0.358,-96.72,-77.72,-18.98,-1.83,-98.57,45.51,42.0,5,32.97,Poor
0.056,-76.97,-59.46,-16.83,21.9,-106.93,17.82,26.0,5,61.75,Good
0.02,-61.65,-46.05,-16.57,,-106.61,15.56,32.0,0,79.65,Excellent
0.024,-71.36,-54.23,-18.86,17.79,-89.86,84.4,72.0,2,40.01,Fair
1.388,-114.79,-96.83,-19.02,-10.0,-102.12,63.75,57.0,1,9.73,Poor
0.069,-77.1,-62.35,-14.57,18.74,-100.44,41.86,57.0,2,60.21,Good
0.555,-99.82,-78.87,-19.5,5.53,-108.51,7.88,35.0,4,42.65,Fair
0.032,-74.0,-57.32,-17.04,20.1,-101.81,27.55,52.0,3,57.32,Good
0.052,-76.17,-58.39,-18.86,17.04,-99.55,42.6,38.0,1,47.63,Fair
0.32,-103.03,-81.93,-19.5,-2.97,-104.46,36.27,49.0,1,26.64,Poor
0.281,-92.99,-75.36,-18.94,15.78,-107.15,24.94,41.0,6,50.48,Fair
1.363,-108.33,-87.39,-19.5,-10.0,-96.01,53.78,53.0,1,19.27,Poor
1.304,-101.42,-86.51,-14.81,-1.9,-107.46,23.97,34.0,3,31.95,Poor
0.681,-97.76,-78.46,-19.32,3.36,-105.69,44.61,55.0,2,36.21,Fair
0.415,-102.88,-82.37,-19.5,-10.0,-89.4,73.75,73.0,2,14.0,Poor
0.273,-87.71,-72.2,-16.65,11.82,-104.47,24.03,33.0,2,48.19,Fair
0.198,-88.19,-70.72,-17.43,4.42,-97.88,39.38,42.0,0,46.09,Fair
1.323,-112.62,-95.1,-17.29,-10.0,-99.57,39.47,41.0,4,17.51,Poor
0.416,-96.17,-77.54,-18.66,-2.53,-102.03,44.89,39.0,0,19.79,Poor
0.389,-91.69,-72.27,-17.97,9.86,-106.98,26.05,33.0,1,44.61,Fair
0.119,-90.42,-75.15,-16.25,-1.87,-93.06,56.36,54.0,2,37.2,Fair
0.022,-65.54,-47.72,-19.09,23.51,-96.22,45.02,53.0,2,68.96,Good
1.307,-112.38,-89.61,-19.5,-8.38,-107.77,12.97,27.0,1,18.35,Poor
0.169,-91.8,-70.63,-19.5,1.69,-99.76,54.05,36.0,1,32.75,Poor
0.263,-96.2,-75.82,-18.85,-9.63,-93.51,57.53,50.0,0,21.15,Poor
0.055,-73.42,-56.0,-18.12,24.18,-100.9,56.77,55.0,1,61.01,Good
0.816,-104.21,-79.82,-19.5,-10.0,-96.52,57.92,45.0,1,20.58,Poor
0.02,-75.1,-54.01,-19.5,16.88,-95.34,43.69,41.0,2,61.15,Good
0.808,-100.38,-82.27,-18.44,-0.96,-106.39,15.62,23.0,2,34.41,Poor
0.068,-78.13,-59.47,-17.6,23.42,-106.25,20.96,30.0,3,60.81,Good
0.979,-101.16,-84.53,-16.31,-5.71,-102.86,37.85,36.0,5,25.27,Poor
0.589,-100.5,-81.32,-19.5,-5.46,-105.37,18.07,21.0,4,31.99,Poor
0.081,-81.25,-61.48,-19.5,8.82,-94.94,46.12,42.0,3,46.95,Fair
0.375,-98.11,-78.01,-19.5,5.11,-107.63,7.99,21.0,1,40.61,Fair
0.169,-81.9,-64.44,-18.13,15.96,-106.56,6.39,19.0,3,55.7,Good
0.088,-78.44,-64.86,-13.27,8.21,-92.61,60.28,43.0,2,53.12,Fair
0.882,-98.59,-79.86,-19.0,-8.09,-97.33,33.05,26.0,1,27.42,Poor
0.233,-88.19,-68.07,-19.5,11.71,-103.57,36.47,37.0,1,43.84,Fair
0.229,-89.15,-74.08,-15.67,-2.34,-92.98,57.07,50.0,1,28.27,Poor
0.084,-87.54,-69.82,-17.37,4.01,-96.97,39.97,44.0,4,38.63,Fair
0.217,-88.25,-66.23,-19.5,-1.68,-92.02,91.65,67.0,1,26.35,Poor
0.924,-102.86,-88.47,-14.18,-10.0,-90.9,81.04,73.0,1,21.7,Poor
0.203,-85.14,-67.99,-16.11,11.22,-103.53,19.72,27.0,1,50.25,Fair
1.363,-103.47,-81.0,-19.5,-10.0,-95.55,58.6,51.0,2,21.06,Poor
1.316,-104.19,,-19.5,-4.51,-104.45,15.31,30.0,3,40.01,Fair
0.07,-87.82,-71.39,-15.66,11.4,-102.53,22.03,34.0,2,47.14,Fair
0.088,-83.33,-65.35,-18.11,8.3,-97.18,52.41,46.0,2,44.58,Fair
0.893,-105.26,-84.78,-19.5,-6.48,-103.32,34.35,46.0,1,23.4,Poor
0.224,-90.05,-72.66,-17.27,8.17,-102.28,33.99,30.0,2,39.83,Fair
0.02,-72.11,-52.31,-19.39,30.0,-110.55,12.54,20.0,1,76.22,Excellent
0.144,-88.33,-69.63,-17.96,11.56,-104.08,40.84,51.0,1,50.98,Fair
0.41,-94.43,-75.48,-18.12,6.12,-106.57,6.08,21.0,2,45.54,Fair
0.723,-102.92,-82.93,-19.5,-9.04,-96.95,41.48,33.0,2,30.21,Poor
0.064,-79.83,-62.71,-16.36,7.61,-97.62,63.88,55.0,0,47.52,Fair
0.053,-84.68,-69.51,-14.91,13.78,-102.51,24.29,29.0,0,50.36,Fair
1.149,-108.54,-89.12,-19.5,-10.0,-94.7,58.13,61.0,3,18.11,Poor
0.626,-97.32,-79.72,-17.76,1.04,-104.59,39.36,38.0,2,36.94,Fair
0.401,-101.0,-84.35,-15.66,-10.0,-94.94,36.96,47.0,0,30.6,Poor
0.66,-95.42,-75.84,-19.5,-0.64,-98.23,50.01,66.0,2,32.25,Poor
0.252,-88.17,-66.33,-19.5,-0.24,-96.5,49.21,45.0,3,38.07,Fair
0.639,-101.2,-83.66,-17.39,-7.02,-99.31,38.88,40.0,2,25.1,Poor
0.209,-78.46,-60.43,-16.96,18.43,-101.73,32.36,34.0,3,53.19,Fair
0.126,-81.1,-66.64,-14.16,9.68,-96.74,46.92,50.0,4,60.41,Good
0.588,-103.19,-85.86,-17.91,-10.0,-91.14,57.18,36.0,2,21.37,Poor
0.245,-88.83,-70.17,-19.5,3.26,-94.1,39.34,41.0,1,28.23,Poor
1.793,-108.81,-90.87,-18.44,-10.0,-101.7,30.52,46.0,5,26.66,Poor
0.193,-92.89,-75.97,-15.68,3.9,-102.64,25.52,36.0,2,47.23,Fair
1.146,-109.47,-89.3,-18.87,-10.0,-97.15,27.42,36.0,2,21.07,Poor
1.216,-101.73,-83.55,-19.5,-6.39,-103.13,27.81,34.0,1,28.46,Poor
0.125,-88.37,-62.6,-19.5,16.74,-108.62,16.01,30.0,2,52.34,Fair
0.72,-101.57,-82.95,-18.3,-9.57,-97.71,55.29,51.0,3,20.03,Poor
0.255,-95.86,-86.1,-9.9,-0.78,-102.21,32.44,40.0,2,46.86,Fair
1.123,-108.01,-93.34,-16.32,-10.0,-96.82,59.48,60.0,3,22.55,Poor
0.269,-93.14,-73.54,-17.31,-3.94,-95.09,43.69,49.0,3,32.16,Poor
0.614,-98.22,-82.15,-15.66,4.68,-106.87,20.39,32.0,1,36.13,Fair
0.283,-103.42,-87.17,-15.39,-9.47,-99.33,58.21,44.0,5,24.5,Poor
0.116,-85.32,-71.04,-13.52,1.18,-92.29,70.68,58.0,1,37.26,Fair
0.1,-87.08,-70.51,-16.83,1.5,-94.8,51.27,47.0,2,45.64,Fair
0.249,-86.36,-67.78,-18.07,11.4,-103.29,18.01,25.0,2,44.4,Fair
0.634,-88.28,-69.12,-18.24,2.9,-97.85,52.03,49.0,4,33.56,Poor
0.418,-97.88,-82.94,-14.81,-4.89,-96.68,54.34,56.0,2,38.09,Fair
0.525,-105.31,-84.89,-18.87,-8.55,-104.59,21.39,33.0,1,22.85,Poor
0.149,-87.07,-72.64,-13.55,13.34,-105.65,30.48,41.0,1,52.57,Fair
0.296,-94.26,-74.95,-19.5,3.53,-103.39,30.12,33.0,2,31.59,Poor
0.02,-62.74,-43.73,-18.24,25.75,-94.61,74.92,67.0,0,62.17,Good
0.766,-95.02,-79.83,-16.23,6.59,-105.62,35.1,36.0,1,45.55,Fair
2.067,-106.85,-92.01,-16.17,-10.0,-100.23,20.28,46.0,2,27.96,Poor
0.235,-93.81,-74.66,-18.66,13.19,-109.28,10.16,20.0,0,48.02,Fair
0.02,-67.73,-51.41,-16.5,30.0,-103.94,22.13,32.0,0,66.73,Good
0.084,-81.5,-64.07,-17.3,11.6,-98.81,41.7,44.0,3,53.69,Fair
0.476,-96.6,-76.54,-19.5,1.38,-104.77,17.08,26.0,2,42.95,Fair
0.426,-102.84,-83.41,-18.8,-6.34,-100.3,28.01,34.0,0,30.07,Poor
0.698,-96.64,-81.39,-13.74,-6.33,-92.45,80.1,72.0,0,33.61,Poor
0.132,-86.03,-68.19,-17.17,-4.53,-87.57,85.17,71.0,5,29.99,Poor
0.649,-100.66,-85.47,-15.53,-8.38,-96.84,48.62,40.0,4,27.34,Poor
0.524,-100.81,-80.2,-19.5,-5.17,-102.97,22.6,,0,32.63,Poor
0.175,-92.11,-69.5,-19.5,2.12,-97.71,49.95,43.0,0,34.4,Poor
0.355,-93.76,-78.29,-15.09,2.88,-98.19,43.36,51.0,1,37.73,Fair
0.072,-88.23,-70.32,-17.49,7.81,-102.68,22.06,42.0,0,44.78,Fair
0.271,-89.54,-68.79,-19.5,7.78,-102.14,25.09,44.0,4,41.97,Fair
0.959,-107.86,-89.79,-16.66,-10.0,-94.13,61.66,54.0,1,20.02,Poor
0.246,-100.09,-80.41,-19.5,-10.0,-83.85,77.54,59.0,2,21.0,Poor
0.823,-95.04,-76.88,-19.5,3.97,-102.54,43.85,40.0,1,33.05,Poor
0.401,-99.53,-84.7,-16.37,1.19,-108.38,11.18,34.0,3,34.86,Poor
0.096,-86.61,-68.26,-17.11,0.35,-94.57,61.03,49.0,0,35.46,Fair
0.392,-91.34,-69.96,-19.5,13.37,-108.59,12.69,28.0,2,52.65,Fair
0.317,-86.64,-67.7,-17.8,4.24,-94.64,67.79,58.0,2,43.53,Fair
0.229,-97.36,-74.49,-19.5,-3.98,-99.06,59.73,56.0,1,29.05,Poor
0.057,-83.14,-70.46,-12.08,23.75,-107.06,22.09,34.0,2,64.89,Good
0.243,-95.26,-76.13,-17.97,-1.46,-100.44,44.57,47.0,6,33.36,Poor
0.034,-71.14,-55.09,-16.03,30.0,-109.11,6.17,19.0,2,78.17,Excellent
0.047,-71.03,-55.66,-14.9,19.51,-97.56,49.48,52.0,0,66.35,Good
0.242,-96.03,-74.03,-19.5,-8.3,-93.94,78.73,64.0,4,25.03,Poor
0.164,-82.69,-65.45,-18.69,21.15,-108.96,15.28,30.0,1,55.76,Good
1.169,-108.2,-91.25,-16.42,,-91.71,72.9,61.0,3,22.28,Poor
0.212,-89.22,-70.19,-19.09,6.79,-97.98,44.7,37.0,1,42.91,Fair
0.638,-105.2,-93.66,-11.27,-10.0,-86.99,91.31,73.0,0,28.08,Poor
0.34,-95.14,-73.08,-19.5,2.74,-104.33,36.09,39.0,2,40.8,Fair
0.548,-99.24,-75.52,-19.5,-7.0,-99.63,45.78,36.0,1,24.16,Poor
0.136,-87.97,-67.22,-19.5,17.96,-107.75,8.91,26.0,2,48.21,Fair
1.281,-104.61,-85.38,-19.5,-10.0,-92.74,66.94,54.0,5,16.92,Poor
0.34,-98.68,-81.33,-17.64,-6.28,-96.69,47.26,37.0,0,26.01,Poor
0.801,-105.62,-90.84,-14.36,-7.53,-104.3,26.86,41.0,2,26.71,Poor
0.204,-88.5,-66.92,-19.5,-6.35,-90.9,78.78,57.0,3,22.23,Poor
0.048,-72.35,,-19.5,23.62,-100.96,38.99,42.0,1,61.39,Good
0.504,-98.16,-78.81,-19.36,0.57,-104.38,18.92,20.0,3,34.64,Poor
0.02,-68.43,-49.43,-19.5,28.89,-101.33,32.47,38.0,0,66.01,Good
0.29,-90.25,-71.35,-18.54,10.48,-106.53,22.71,28.0,3,40.26,Fair
0.096,-80.45,-64.03,-16.95,18.8,-106.22,16.56,19.0,3,61.58,Good
0.444,-100.79,-75.28,-19.5,-6.39,-101.13,19.58,44.0,2,29.18,Poor
1.748,-111.96,-94.82,-18.16,-10.0,-94.59,54.16,42.0,7,16.77,Poor
0.281,-95.76,-79.04,-16.79,-0.13,-100.27,67.52,,3,22.69,Poor
0.765,-93.98,-72.61,-19.5,0.67,-98.32,39.74,45.0,1,38.69,Fair
0.319,-92.07,-74.16,-18.66,14.28,-109.62,5.24,24.0,2,40.93,Fair
0.308,-91.95,-74.01,-18.18,3.6,-101.01,11.97,32.0,3,43.66,Fair
1.199,-104.12,-81.88,-19.5,-3.56,-104.43,9.29,23.0,3,32.61,Poor
0.993,-109.23,-89.2,-19.5,-10.0,-94.92,56.25,52.0,0,20.21,Poor
0.693,-93.08,-72.89,-19.49,,-100.56,29.57,27.0,2,39.32,Fair
0.158,-86.12,-72.37,-12.78,3.36,-96.02,34.03,35.0,1,51.63,Fair
0.354,-92.12,-72.92,-17.63,-8.09,-89.64,78.15,70.0,2,31.07,Poor
0.114,-92.28,-77.3,-16.18,6.35,-103.09,45.54,62.0,1,43.43,Fair
0.264,-89.35,-72.71,-16.27,6.38,-102.16,27.46,27.0,1,43.44,Fair
0.298,-94.94,-76.41,-17.99,7.43,-106.53,10.43,24.0,2,44.77,Fair
0.802,-107.38,-89.49,-17.24,-10.0,-101.35,30.33,28.0,0,27.34,Poor
1.019,-107.98,-88.02,-19.5,-10.0,-99.53,50.71,64.0,2,15.34,Poor
0.241,-96.73,-76.42,-18.42,-3.67,-99.94,32.71,26.0,2,35.61,Fair
0.02,-75.57,-55.03,-19.5,12.71,-92.55,63.17,56.0,1,49.04,Fair
0.89,-102.76,-88.79,-15.56,-5.33,-101.29,49.38,55.0,4,34.42,Poor
0.086,-84.35,-59.27,-19.5,8.43,-102.29,37.9,37.0,3,47.13,Fair
0.438,-95.51,-77.58,-17.08,5.23,-101.23,34.31,47.0,2,41.2,Fair
0.02,-63.74,-42.1,-19.5,30.0,-106.36,15.1,29.0,1,67.73,Good
0.23,-91.77,-81.31,-11.85,8.86,-104.9,36.9,41.0,3,57.12,Good
1.92,-118.65,-101.44,-18.72,-10.0,-105.01,18.77,26.0,3,15.36,Poor
0.048,-78.73,-65.11,-13.54,17.52,-103.09,29.45,44.0,1,63.04,Good
0.248,-87.15,-71.73,-16.45,-2.36,-89.48,91.31,78.0,2,44.04,Fair
0.165,-88.75,-70.6,-18.09,6.23,-97.65,53.8,59.0,5,40.78,Fair
1.06,-98.39,-81.4,-18.35,-9.77,-91.89,83.45,72.0,4,21.39,Poor
0.916,-101.43,-79.49,-19.5,-4.39,-101.93,30.74,43.0,1,27.35,Poor
0.122,-93.16,-69.85,-19.5,1.22,-97.23,64.33,54.0,0,33.48,Poor
0.038,-75.41,-60.31,-15.72,22.44,-104.09,22.75,24.0,3,66.15,Good
0.444,-95.78,-79.24,-16.81,-10.0,-89.42,77.0,66.0,2,23.92,Poor
0.185,-85.05,-70.14,-15.11,0.27,-94.09,76.08,83.0,2,35.45,Fair
0.502,-90.75,-69.28,-19.5,-0.68,-98.24,58.27,41.0,3,34.26,Poor
0.02,-66.81,-48.34,-17.9,30.0,-103.77,14.53,25.0,4,69.88,Good
0.064,-78.55,-60.46,-18.29,5.98,-90.58,72.94,66.0,2,34.76,Poor
0.522,-95.66,-76.72,-18.43,-7.6,-93.83,45.67,55.0,1,34.89,Poor
0.107,-85.37,-68.31,-16.4,12.11,-105.5,16.46,40.0,1,56.53,Good
0.877,-108.72,-93.29,-15.71,-9.8,-101.92,30.45,36.0,2,30.02,Poor
0.027,-72.83,-54.68,-18.25,20.98,-99.41,34.66,49.0,2,56.16,Good
0.109,-83.38,-66.18,-17.0,4.71,-91.8,84.13,79.0,2,41.85,Fair
2.944,-118.2,-99.16,-19.17,-10.0,-98.82,46.99,45.0,4,15.19,Poor
0.255,-86.87,-73.77,-13.38,8.85,-101.99,22.12,42.0,2,46.49,Fair
0.546,-94.74,-76.18,-18.47,3.48,-104.57,16.32,31.0,1,37.63,Fair
0.091,-88.74,-72.81,-15.6,17.39,-110.3,13.95,28.0,0,57.53,Good
0.424,-91.1,-72.64,-19.46,3.9,-99.02,48.05,43.0,1,32.46,Poor
0.583,-100.56,-79.84,-19.5,-10.0,-93.07,57.86,,1,18.81,Poor
0.17,-91.77,-75.44,-16.55,-3.8,-93.07,63.62,52.0,3,24.5,Poor
0.794,-97.7,-76.11,-19.5,2.94,-105.74,9.93,24.0,2,41.06,Fair
0.416,-96.61,-83.83,-13.33,1.54,-100.55,65.31,63.0,0,40.76,Fair
0.222,-83.36,-60.73,-19.5,18.63,-106.21,5.08,,3,58.86,Good
0.367,-98.73,,-19.5,1.92,-107.75,17.76,31.0,1,36.9,Fair
0.387,-102.7,-87.36,-16.39,-5.65,-102.5,34.13,45.0,1,32.68,Poor
0.081,-83.44,-68.08,-16.14,17.32,-99.51,54.53,59.0,3,58.6,Good
0.232,-88.19,-74.67,-13.22,8.89,-99.88,47.72,68.0,3,51.04,Fair
0.189,-93.3,-72.53,-19.5,-5.38,-95.3,69.25,57.0,1,28.45,Poor
0.231,-96.61,-79.6,-16.07,-10.0,-89.46,76.07,59.0,0,18.37,Poor
0.644,-99.28,-82.49,-18.46,-0.74,-102.66,8.4,27.0,2,32.91,Poor
0.296,-99.32,-84.69,-13.64,-4.75,-103.21,7.07,23.0,2,42.78,Fair
1.268,-104.85,-81.41,-19.5,-6.08,-102.04,45.73,,4,34.21,Poor
0.156,-89.31,-74.22,-15.4,10.98,-106.16,18.44,25.0,3,48.74,Fair
0.242,-89.73,-71.65,-18.12,19.06,-113.31,16.47,24.0,2,57.66,Good
0.696,-106.4,-87.75,-17.09,-10.0,-96.61,49.77,61.0,2,26.73,Poor
0.355,-89.85,-73.04,-15.32,0.85,-93.58,71.36,65.0,1,34.71,Poor
0.356,-95.79,-79.6,-14.98,-7.25,-92.6,57.09,58.0,1,37.74,Fair
0.025,-69.13,-52.24,-16.5,18.27,-93.9,61.5,72.0,3,54.15,Fair
0.229,-87.39,-67.69,-17.68,10.37,-105.24,38.71,51.0,2,50.37,Fair
0.142,-91.74,-74.78,-17.83,10.64,-110.2,6.12,27.0,1,48.17,Fair
3.292,-110.82,-87.95,-19.5,-10.0,-100.01,34.88,42.0,10,21.15,Poor
0.166,-94.15,-78.48,-13.85,-0.49,-100.69,43.51,43.0,2,44.63,Fair
0.971,-109.24,-88.97,-19.5,-8.9,-105.25,12.62,33.0,4,25.86,Poor
0.507,-90.27,-77.54,-12.04,3.26,-98.92,64.34,64.0,1,49.58,Fair
0.188,-85.06,-69.39,-13.96,5.36,-95.38,64.26,46.0,2,44.63,Fair
0.353,-86.68,-71.13,-15.27,4.98,-95.58,45.1,43.0,2,42.14,Fair
0.826,-103.83,-89.14,-13.43,3.44,-112.09,5.02,25.0,2,48.65,Fair
0.967,-103.31,-84.46,-19.5,-0.68,-104.59,24.2,34.0,1,32.53,Poor
0.079,-79.92,-62.25,-16.12,2.72,-86.76,78.2,66.0,0,38.46,Fair
0.187,-89.52,-78.35,-10.46,4.17,-99.44,45.82,36.0,1,44.32,Fair
0.184,-92.32,-68.33,-19.5,8.77,-102.59,25.94,32.0,2,47.74,Fair
0.02,-74.03,-55.5,-19.5,18.57,-92.26,60.43,64.0,0,50.61,Fair
0.41,-95.43,,-17.05,-0.49,-98.78,62.21,44.0,1,34.04,Poor
0.868,-107.05,-85.12,-19.5,-10.0,-99.71,43.08,52.0,3,21.95,Poor
0.216,-95.12,-74.15,-19.5,-3.96,-93.9,47.97,38.0,0,28.35,Poor
0.606,-98.09,-80.99,-17.27,-2.01,-100.53,40.27,49.0,2,35.2,Fair
0.445,-97.36,-85.22,-11.71,-7.25,-94.11,51.75,67.0,2,37.72,Fair
0.212,-86.82,-67.12,-19.06,8.54,-99.94,47.7,57.0,1,39.93,Fair
0.068,-82.53,-67.42,-15.07,11.76,-93.63,66.86,55.0,4,44.79,Fair
0.556,-101.24,-79.52,-19.5,-10.0,-94.88,33.98,42.0,3,27.75,Poor
0.868,-101.08,-85.41,-14.52,-10.0,-98.1,36.72,42.0,4,25.1,Poor
0.521,-101.6,-84.96,-17.71,-3.43,-101.61,23.64,34.0,1,32.87,Poor
0.02,-73.08,-59.11,-13.96,24.82,-101.81,25.44,33.0,2,64.58,Good
0.11,-87.35,-73.14,-13.91,-2.44,-92.33,72.41,,2,36.46,Fair
0.032,-75.32,-57.64,-18.38,29.59,-108.14,2.57,23.0,0,65.03,Good
0.38,-88.53,-71.14,-17.8,11.98,-108.31,12.0,31.0,3,54.66,Fair
0.636,-105.59,-89.01,-17.14,1.46,-111.25,16.2,32.0,1,43.65,Fair
0.053,-73.42,-49.26,-19.5,20.07,-97.12,46.38,44.0,0,56.26,Good
0.82,-99.34,-79.52,-19.48,-10.0,-85.67,64.93,55.0,2,16.86,Poor
0.365,-89.0,-70.97,-19.01,18.94,-109.6,22.06,42.0,4,51.48,Fair
0.527,-85.91,-76.18,-9.82,,-99.88,57.42,53.0,1,53.71,Fair
1.599,-102.36,-81.88,-19.5,-5.08,-101.21,47.02,46.0,3,27.29,Poor
0.039,-72.41,-45.43,-19.5,16.84,-93.53,51.24,53.0,0,52.45,Fair
1.042,-109.61,-92.18,-15.98,-10.0,-102.3,33.25,45.0,4,25.98,Poor
0.061,-84.54,-68.98,-14.63,11.87,-101.91,37.71,,0,56.77,Good
0.225,-89.63,-71.14,-16.58,6.27,-98.8,42.06,38.0,2,44.69,Fair
0.858,-109.47,-95.77,-13.92,-10.0,-98.74,46.29,49.0,1,33.24,Poor
1.065,-102.1,-82.71,-19.5,-7.81,-100.52,31.85,31.0,3,24.4,Poor
0.318,-102.61,-80.11,-19.5,-2.18,-105.36,16.5,28.0,6,33.21,Poor
0.406,-91.58,-75.59,-16.59,10.34,-105.73,47.39,37.0,1,42.6,Fair
0.554,-100.18,-84.09,-16.28,-5.58,-98.02,41.18,48.0,2,34.09,Poor
0.805,-101.62,-83.86,-15.89,-2.34,-99.73,52.47,57.0,2,42.44,Fair
0.058,-82.45,-65.96,-17.13,13.65,-100.85,48.71,38.0,5,52.17,Fair
0.747,-109.08,-95.61,-12.89,-10.0,-98.4,49.29,40.0,1,26.03,Poor
0.295,-88.5,-71.65,-17.49,18.76,-113.56,7.62,27.0,2,55.81,Good
0.27,-87.3,-71.06,-16.12,7.67,-99.94,37.49,46.0,1,46.59,Fair
0.248,-93.34,-71.24,-19.5,0.71,-98.48,40.19,40.0,3,32.07,Poor
0.32,-91.49,-70.02,-19.5,-0.71,-94.08,50.52,39.0,0,35.48,Fair
1.306,-107.89,-85.69,-19.5,-10.0,-97.22,52.59,48.0,4,14.82,Poor
0.358,-93.94,-73.53,-19.5,9.83,-108.74,15.85,25.0,1,47.53,Fair
1.378,-103.75,-85.14,-19.02,-10.0,-94.89,74.01,60.0,4,15.4,Poor
0.089,-80.91,-65.53,-17.18,8.06,-92.77,62.23,38.0,0,43.12,Fair
0.58,-93.91,-71.93,-19.5,5.13,-104.13,29.09,34.0,1,40.48,Fair
0.753,-99.47,-80.42,-18.82,1.79,-107.55,39.79,50.0,2,35.4,Fair
0.512,-98.08,-83.83,-14.74,-8.54,-97.12,56.25,54.0,0,21.9,Poor
0.42,-99.54,-84.28,-14.56,-10.0,-98.11,34.33,47.0,0,27.96,Poor
0.374,-97.4,-83.19,-13.51,0.26,-104.35,7.01,21.0,2,40.15,Fair
0.888,-99.74,-87.89,-11.82,3.81,-109.24,13.46,16.0,0,47.61,Fair
0.776,-107.81,-88.65,-17.5,-3.12,-107.27,19.46,26.0,3,25.35,Poor
0.059,-75.1,-60.81,-13.07,,-90.46,81.57,83.0,2,51.99,Fair
0.849,-103.72,-87.99,-16.62,-10.0,-94.8,67.57,70.0,3,20.33,Poor
0.241,-94.93,-76.82,-16.96,0.76,-102.52,15.06,27.0,4,39.84,Fair
0.132,-90.85,-73.41,-18.92,8.11,-105.94,16.18,,1,49.52,Fair
0.917,-100.56,-84.7,-16.09,-6.17,-97.98,44.17,57.0,1,30.63,Poor
0.255,-92.21,-69.65,-19.5,5.48,-105.04,30.83,43.0,0,36.43,Fair
0.743,-95.08,-81.66,-13.25,0.09,-97.56,53.32,58.0,3,34.02,Poor
0.138,-91.89,-78.34,-12.75,12.9,-108.38,25.55,31.0,0,54.84,Fair
0.02,-72.76,-53.38,-19.5,25.37,-104.71,16.82,27.0,3,72.67,Good
0.308,-94.16,-78.04,-16.13,8.9,-106.12,13.68,28.0,3,41.54,Fair
0.048,-80.73,-64.72,-17.39,13.25,-98.72,41.05,48.0,1,43.66,Fair
0.632,-100.0,-85.24,-15.21,-10.0,-91.03,58.6,55.0,1,30.4,Poor
0.145,-86.03,-67.02,-19.5,10.33,-101.38,39.93,45.0,2,42.47,Fair
0.264,-90.52,-71.85,-19.42,3.28,-101.36,24.73,37.0,1,35.73,Fair
0.041,-70.44,-52.08,-17.24,27.44,-104.03,24.72,24.0,2,61.87,Good
0.152,-92.91,-76.66,-16.45,-5.88,-96.22,43.07,54.0,2,29.65,Poor
0.684,-99.37,-83.62,-15.52,3.39,-108.49,11.91,13.0,1,45.91,Fair
0.074,-84.09,-66.58,-17.15,9.24,-96.11,66.7,72.0,3,49.92,Fair
0.469,-95.72,-74.82,-19.5,-1.05,-100.49,53.16,47.0,2,29.69,Poor
1.122,-103.28,-80.58,-19.5,-10.0,-95.26,51.27,55.0,1,19.95,Poor
0.513,-102.16,-80.82,-19.5,-3.53,-101.91,38.26,44.0,0,19.0,Poor
0.75,-105.11,-85.6,-19.5,0.13,-108.38,25.81,37.0,2,23.98,Poor
0.052,-76.43,-55.48,-19.5,12.45,-95.13,57.13,62.0,0,43.71,Fair
0.13,-86.24,,-15.48,18.68,-108.17,13.74,23.0,1,60.88,Good
1.012,-104.99,-89.13,-16.06,-1.8,-108.46,27.92,42.0,3,34.96,Poor
0.565,-96.42,-76.85,-19.25,0.25,-103.29,50.09,51.0,1,30.56,Poor
0.459,-94.33,-76.69,-17.42,4.11,-105.3,11.46,25.0,3,47.81,Fair
0.49,-99.95,-80.94,-18.03,-10.0,-90.04,78.06,71.0,1,23.54,Poor
0.241,-95.07,-74.13,-19.5,1.65,-102.38,34.02,42.0,1,38.72,Fair
0.021,-75.7,-55.23,-19.5,10.95,-89.35,80.45,70.0,1,43.49,Fair
0.691,-100.66,-85.94,-14.31,-10.0,-93.29,48.23,43.0,2,30.65,Poor
0.511,-103.88,-85.84,-18.2,-10.0,-94.98,40.31,43.0,1,22.75,Poor
0.288,-92.82,-77.59,-15.07,-1.48,-99.69,47.31,52.0,1,38.59,Fair
1.035,-99.44,-83.77,-15.31,-8.93,-92.41,54.82,72.0,2,27.55,Poor
0.184,-90.77,-77.91,-13.74,15.51,-108.68,2.21,29.0,1,60.79,Good
0.157,-90.11,-71.71,-19.5,12.26,-106.06,22.68,,2,48.85,Fair
0.928,-95.37,-82.72,-13.42,1.92,-101.59,48.88,39.0,5,36.62,Fair
0.718,-95.09,-75.91,-19.02,-1.45,-99.94,39.46,44.0,5,28.3,Poor
0.326,-97.34,-75.26,-19.5,-6.91,-91.96,65.64,60.0,3,30.42,Poor
0.063,-79.57,-59.98,-18.74,22.55,-104.37,41.59,56.0,0,50.38,Fair
0.109,-83.51,-65.36,-19.39,8.7,-96.92,49.42,46.0,1,42.65,Fair
0.48,-96.84,-74.23,-19.5,-0.58,-100.24,54.38,43.0,3,30.2,Poor
0.219,-83.58,-64.6,-18.24,15.0,-101.43,34.62,44.0,2,45.37,Fair
0.815,-101.88,-86.47,-16.23,-4.9,-99.22,35.81,45.0,2,34.92,Poor
1.348,-105.65,-87.27,-19.5,-3.8,-105.45,13.64,24.0,2,28.04,Poor
0.737,-98.61,-74.73,-19.5,-9.33,-94.39,67.64,48.0,1,16.2,Poor
0.213,-85.86,-71.14,-13.48,15.47,-104.12,19.73,37.0,1,64.28,Good
0.699,-97.16,-83.3,-13.8,0.68,-99.04,67.93,53.0,0,34.49,Poor
0.195,-87.69,-67.84,-18.76,0.2,-94.44,51.13,47.0,0,41.5,Fair
0.082,-88.65,-71.32,-16.39,1.78,-95.48,45.46,60.0,1,41.05,Fair
0.02,-72.4,-55.99,-16.89,27.81,-106.03,23.33,34.0,2,59.0,Good
0.219,-87.58,-73.36,-10.65,10.62,-103.78,10.48,31.0,3,57.16,Good
1.052,-103.45,-91.3,-12.32,-10.0,-90.85,77.41,65.0,0,22.17,Poor
0.123,-82.56,-68.93,-13.83,15.89,-104.16,10.58,20.0,1,66.69,Good
0.104,-76.88,-54.04,-19.5,22.8,-106.83,39.88,45.0,0,59.81,Good
1.575,-112.66,-94.69,-19.5,-10.0,-96.96,63.2,50.0,3,19.44,Poor
0.02,-65.89,-53.78,-10.69,,-104.75,40.71,36.0,3,74.44,Good
0.693,-102.15,-80.6,-19.5,4.9,-111.73,6.74,31.0,2,42.02,Fair
0.174,-85.14,-63.44,-19.5,7.42,-97.56,38.06,,0,46.24,Fair
0.02,-70.61,-48.92,-19.5,30.0,-106.22,18.81,32.0,2,70.61,Good
1.124,-96.52,-79.79,-18.13,2.59,-104.37,27.73,40.0,3,31.97,Poor
0.068,-80.22,-63.02,-15.31,17.52,-105.24,30.74,39.0,2,52.66,Fair
0.361,-97.74,-79.33,-19.41,0.82,-103.73,18.87,27.0,1,35.68,Fair
0.144,-85.56,-63.35,-19.5,0.27,-89.38,90.25,71.0,1,30.16,Poor
0.03,-72.63,-56.29,-16.22,21.6,-102.4,36.77,42.0,3,52.43,Fair
0.023,-67.07,-51.33,-16.31,30.0,-104.88,31.03,28.0,0,72.31,Good
0.055,-77.21,-57.12,-19.5,18.23,-96.26,34.54,35.0,2,59.9,Good
0.033,-64.81,-43.18,-19.5,,-106.28,15.12,34.0,1,70.8,Good
0.643,-100.63,-82.79,-18.59,-10.0,-94.75,60.53,62.0,4,24.39,Poor
0.299,-93.94,-73.93,-18.24,4.78,-103.54,21.1,32.0,4,49.92,Fair
0.189,-91.99,-73.65,-19.18,9.87,-105.83,35.41,39.0,1,43.92,Fair
0.244,-91.44,-74.19,-16.23,4.49,-100.57,48.8,54.0,3,45.22,Fair
1.19,-104.59,-89.08,-16.63,-10.0,-94.42,62.52,54.0,5,18.42,Poor
1.087,-103.61,-89.07,-13.78,-10.0,-89.66,63.79,57.0,1,27.64,Poor
0.566,-98.8,-82.65,-15.26,-9.75,-95.36,50.74,40.0,2,21.53,Poor
0.972,-106.2,-91.13,-15.7,-10.0,-100.35,46.08,42.0,2,23.28,Poor
0.173,-92.35,-73.5,-18.15,7.8,-106.73,22.29,30.0,2,42.33,Fair
0.216,-92.23,-70.57,-19.5,7.87,-102.24,12.31,,0,41.24,Fair
0.428,-92.08,-73.47,-19.5,6.66,-104.63,34.24,29.0,2,44.07,Fair
0.44,-91.46,-76.22,-16.57,-1.06,-95.32,75.08,62.0,3,26.99,Poor
0.296,-93.76,-73.19,-19.5,-2.73,-95.3,58.39,51.0,0,25.79,Poor
0.23,-95.05,-76.16,-19.5,6.31,-104.04,23.98,47.0,1,44.43,Fair
1.927,-110.03,-90.54,-19.4,-8.13,-107.91,20.6,35.0,4,21.89,Poor
0.774,-93.42,-76.98,-16.29,2.56,-101.97,33.26,45.0,2,43.98,Fair
0.257,-88.23,-66.83,-19.5,1.15,-97.44,47.4,42.0,0,30.47,Poor
0.585,-97.15,-75.77,-19.5,-3.58,-98.43,42.5,37.0,3,31.67,Poor
0.141,-83.22,-65.77,-17.15,12.38,-99.22,47.08,40.0,1,48.37,Fair
0.047,-71.55,,-18.72,30.0,-106.55,20.84,41.0,3,68.31,Good
0.196,-94.48,-73.18,-19.5,-0.66,-97.01,55.8,50.0,3,24.94,Poor
0.232,-92.92,-76.32,-17.5,6.79,-100.44,51.48,47.0,2,33.3,Poor
0.02,-72.56,-54.8,-18.64,23.67,-101.59,40.2,43.0,0,57.28,Good
0.759,-99.27,-81.03,-18.31,-5.49,-98.13,46.01,44.0,3,25.0,Poor
0.2,-89.43,-74.73,-15.66,4.37,-95.5,54.26,53.0,1,40.4,Fair
0.391,-92.84,-73.51,-19.5,1.39,-101.13,41.11,41.0,4,38.16,Fair
0.035,-77.05,-55.98,-19.5,13.15,-95.8,53.42,65.0,0,47.66,Fair
0.087,-77.36,-59.79,-16.15,18.31,-97.58,46.75,42.0,1,47.63,Fair
0.992,-104.22,-85.2,-19.14,-10.0,-91.99,47.53,47.0,1,21.14,Poor
0.422,-93.75,-71.56,-19.5,-2.77,-95.05,45.8,,1,26.43,Poor
1.351,-101.84,-85.05,-16.0,9.37,-115.62,16.86,25.0,1,40.56,Fair
3.008,-109.11,-90.03,-19.5,-7.13,-104.86,29.03,40.0,2,24.37,Poor
0.209,-89.01,-72.72,-17.22,3.73,-98.44,43.63,43.0,1,26.16,Poor
0.16,-84.84,-68.64,-15.76,14.29,-104.59,26.65,40.0,2,57.48,Good
0.879,-95.93,-76.9,-17.35,-10.0,-87.43,59.09,58.0,1,19.87,Poor
2.961,-111.38,-92.65,-17.89,-10.0,-92.84,58.68,50.0,2,19.74,Poor
0.447,-99.94,-80.28,-19.5,-4.88,-100.84,61.78,65.0,1,27.59,Poor
0.713,-98.75,-80.52,-17.62,-1.8,-98.74,56.45,45.0,1,21.25,Poor
0.685,-100.87,-81.48,-19.31,-9.12,-97.62,53.84,63.0,4,19.99,Poor
0.198,-99.35,-76.35,-19.5,-10.0,-92.82,53.87,49.0,0,21.27,Poor
0.384,-93.87,-72.69,-19.5,-5.16,-97.14,42.11,35.0,1,30.11,Poor
0.806,-101.67,-82.65,-17.91,-2.82,-101.07,39.46,57.0,5,21.53,Poor
0.524,-93.78,-74.27,-19.5,6.73,-105.31,18.52,31.0,1,41.73,Fair
0.02,-73.44,,-16.42,25.48,-105.06,18.24,31.0,0,63.56,Good
0.185,-95.4,-77.88,-16.89,-9.47,-91.72,76.05,64.0,3,32.88,Poor
0.07,-80.38,-60.9,-19.45,18.96,-101.61,26.21,31.0,0,58.41,Good
0.119,-84.09,-65.83,-17.64,,-102.4,30.54,39.0,1,43.3,Fair
1.062,-104.15,-83.77,-19.5,-10.0,-92.27,65.36,75.0,5,16.14,Poor
0.02,-70.36,-48.56,-19.5,25.49,-99.59,40.92,52.0,1,63.69,Good
0.112,-89.31,-71.62,-18.18,8.01,-105.32,25.96,37.0,2,41.53,Fair
0.167,-89.05,-77.07,-13.47,18.48,-109.83,21.73,30.0,1,59.33,Good
0.432,-98.12,-74.02,-19.5,-9.44,-94.47,46.24,47.0,2,17.02,Poor
0.344,-90.46,-74.42,-17.86,2.02,-96.36,36.49,36.0,2,43.59,Fair
0.111,-83.45,-64.87,-17.51,12.52,-100.15,39.39,50.0,1,50.6,Fair
0.081,-83.36,-63.18,-19.5,0.16,-92.58,71.51,65.0,2,33.62,Poor
0.122,-78.87,-56.65,-19.5,24.3,-109.8,17.98,25.0,1,57.55,Good
0.314,-95.05,-71.63,-19.5,-8.11,-93.95,67.67,79.0,3,33.05,Poor
0.142,-84.9,-67.99,-16.41,5.5,-95.36,48.26,49.0,3,37.91,Fair
1.327,-107.13,-85.56,-19.5,-10.0,-92.68,60.86,54.0,1,14.79,Poor
0.281,-86.47,-67.87,-17.94,18.87,-111.24,11.89,30.0,1,49.92,Fair
0.027,-72.68,-46.45,-19.5,13.29,-93.33,45.72,52.0,2,47.05,Fair
0.588,-98.94,-77.64,-19.5,-5.63,-96.78,63.99,53.0,4,18.85,Poor
0.179,-89.69,-72.22,-17.89,-5.24,-90.35,83.43,66.0,0,24.41,Poor
0.477,-96.8,-81.18,-14.91,-4.66,-94.8,45.63,41.0,1,31.04,Poor
0.148,-82.64,-72.52,-8.96,8.69,-94.96,52.45,47.0,1,58.33,Good
0.381,-92.25,-72.22,-17.96,5.25,-102.61,33.27,33.0,1,42.1,Fair
0.666,-100.36,,-19.5,-4.15,-99.14,54.74,61.0,4,27.69,Poor
1.184,-98.67,-78.43,-19.5,-10.0,-87.62,69.5,53.0,2,14.0,Poor
0.136,-83.25,-72.31,-11.81,15.99,-103.33,33.87,36.0,0,54.75,Fair
0.183,-91.07,-76.85,-14.95,-1.74,-99.63,44.13,48.0,0,40.15,Fair
0.281,-98.52,-79.08,-19.5,-6.54,-95.63,61.85,52.0,1,17.13,Poor
1.179,-107.1,-83.74,-19.5,-10.0,-91.9,68.64,72.0,2,15.87,Poor
1.042,-102.72,-84.88,-18.61,-3.54,-103.41,25.17,30.0,5,35.55,Fair
0.042,-74.36,-53.08,-19.5,21.83,-102.78,19.01,35.0,1,65.14,Good
0.064,-74.78,-59.88,-14.3,13.15,-94.7,50.19,64.0,1,53.72,Fair
0.308,-98.17,-79.55,-17.99,-6.4,-98.36,55.08,58.0,2,30.54,Poor
0.051,-80.03,-62.86,-16.94,20.83,-104.06,37.18,45.0,2,62.37,Good
0.191,-94.37,-72.8,-19.5,-1.68,-98.86,32.79,41.0,5,32.38,Poor
0.072,-86.65,-70.27,-16.64,18.57,-107.66,19.67,27.0,2,54.99,Fair
0.455,-99.69,-76.66,-19.5,-3.33,-99.36,43.42,56.0,0,25.08,Poor
1.344,-105.11,-88.03,-16.84,-9.93,-102.8,33.71,43.0,6,28.05,Poor
2.576,-109.14,-94.35,-15.33,-10.0,-104.85,26.91,31.0,6,35.08,Fair
0.212,-94.35,-79.46,-14.61,1.24,-97.45,45.36,45.0,0,38.37,Fair
0.411,-99.54,-83.41,-17.12,-10.0,-95.73,56.57,53.0,2,27.11,Poor
0.873,-109.95,-90.84,-18.29,-10.0,-93.42,60.67,60.0,2,17.18,Poor
0.056,-78.29,-62.12,-15.7,10.38,-91.2,70.15,66.0,0,49.04,Fair
0.526,-101.37,,-15.32,-5.89,-99.3,49.59,45.0,2,29.34,Poor
0.237,-84.86,-64.19,-19.5,6.73,-99.12,18.2,34.0,1,47.81,Fair
0.104,-82.78,-74.41,-10.07,,-89.62,95.09,77.0,2,40.0,Fair
0.232,-92.03,-75.32,-14.68,3.15,-97.32,52.22,54.0,2,40.78,Fair
0.036,-77.82,-63.82,-13.22,8.81,-91.17,50.21,46.0,2,53.25,Fair
0.535,-104.56,-89.17,-13.46,-10.0,-95.54,56.44,54.0,3,27.13,Poor
0.131,-91.89,,-17.48,0.2,-94.38,69.32,70.0,1,36.2,Fair
0.168,-91.04,-73.66,-16.04,10.34,-105.69,5.84,34.0,1,55.87,Good
0.058,-82.22,-65.11,-18.17,8.22,-93.45,47.88,56.0,0,43.01,Fair
0.9,-107.09,-85.52,-19.5,-10.0,-102.75,39.68,60.0,2,15.04,Poor
0.306,-92.24,-74.28,-17.06,-3.41,-94.52,52.22,42.0,2,36.09,Fair
0.382,-93.61,-70.19,-19.5,5.62,-107.54,2.31,15.0,2,38.01,Fair
0.379,-97.43,-77.3,-19.5,-0.11,-106.95,15.66,31.0,1,42.25,Fair
0.238,-83.82,-68.72,-15.03,7.52,-97.39,38.46,51.0,1,46.72,Fair
0.096,-90.74,-66.94,-19.5,0.95,-95.64,51.75,55.0,2,28.51,Poor
0.615,-99.56,-80.73,-18.46,-9.62,-96.0,56.86,61.0,3,27.27,Poor
0.061,-80.74,-57.13,-19.5,3.71,-89.66,73.52,,1,37.68,Fair
0.049,-80.24,-63.04,-16.01,17.98,-105.43,38.91,40.0,5,55.23,Good
0.557,-101.73,-82.91,-17.57,-7.57,-102.59,20.95,31.0,4,28.46,Poor
0.105,-84.57,-65.27,-19.5,2.79,-93.92,66.33,56.0,1,40.04,Fair
0.165,-89.3,-71.8,-18.14,9.31,-100.49,23.26,31.0,1,46.76,Fair
0.29,-94.85,-73.03,-19.5,2.33,-99.7,35.05,50.0,3,25.88,Poor
0.268,-97.81,-74.01,-19.5,-8.16,-96.61,33.21,43.0,1,23.38,Poor
0.555,-105.37,-94.25,-9.84,-2.04,-108.66,19.96,31.0,3,42.51,Fair
0.439,-98.03,-77.59,-17.22,2.18,-104.43,20.96,30.0,3,38.26,Fair
0.465,-98.98,-83.66,-14.48,3.12,-102.18,37.98,39.0,1,38.88,Fair
0.563,-99.82,-89.6,-10.52,0.28,-105.09,13.17,28.0,1,44.68,Fair
0.156,-88.34,-68.79,-19.5,-2.81,-92.49,82.02,71.0,1,31.27,Poor
0.175,-91.0,-71.45,-19.5,0.85,-98.66,53.39,50.0,1,38.6,Fair
0.259,-93.16,-73.12,-18.73,0.37,-97.7,41.22,47.0,0,35.79,Fair
0.165,-91.83,-72.72,-19.5,13.99,-110.5,4.83,19.0,1,54.24,Fair
1.888,-103.43,-82.8,-19.5,0.59,-107.43,10.87,24.0,4,27.73,Poor
0.757,-104.79,-88.6,-16.2,-9.84,-99.02,52.64,48.0,3,31.23,Poor
0.081,-83.76,-64.97,-18.24,6.71,-96.64,46.61,,0,48.75,Fair
0.02,-73.34,-53.25,-19.3,13.99,-93.64,63.98,69.0,1,47.44,Fair
0.02,-73.41,-51.35,-19.5,8.62,-90.95,60.4,62.0,1,47.16,Fair
0.126,-85.97,-67.84,-19.15,7.33,-100.21,27.4,36.0,0,42.16,Fair
0.055,-79.31,-61.95,-15.85,18.01,-102.8,54.56,61.0,2,50.48,Fair
0.343,-96.57,-78.73,-16.73,1.08,-100.22,30.18,38.0,0,37.93,Fair
0.878,-104.02,-89.6,-14.78,-9.23,-97.18,35.12,32.0,4,28.58,Poor
0.601,-102.47,-82.16,-19.5,-7.53,-100.29,50.51,53.0,2,22.49,Poor
0.109,-83.24,-69.62,-13.31,9.3,-100.23,21.57,19.0,0,53.39,Fair
0.229,-83.03,-63.85,-17.84,8.98,-94.42,75.75,61.0,4,38.73,Fair
0.319,-97.6,-79.35,-16.26,-7.85,-95.37,33.09,42.0,1,31.8,Poor
0.748,-99.91,-86.56,-13.79,-10.0,-96.98,30.51,41.0,2,30.02,Poor
0.822,-102.13,-88.61,-16.05,-8.61,-98.09,60.19,47.0,4,27.2,Poor
1.082,-102.02,-86.58,-15.63,-4.44,-103.94,31.55,34.0,1,31.03,Poor
0.32,-91.35,-74.38,-16.7,,-102.89,13.66,23.0,3,52.07,Fair
0.533,-97.73,-75.29,-19.5,4.01,-106.67,10.36,23.0,1,38.54,Fair
0.053,-78.86,-61.2,-17.13,4.92,-92.93,60.86,57.0,0,41.58,Fair
0.375,-97.24,,-19.5,-2.11,-101.6,25.19,22.0,4,31.53,Poor
0.129,-89.32,-67.52,-19.5,-7.45,-88.21,80.84,65.0,0,19.94,Poor
0.254,-92.53,-71.31,-19.5,4.37,-100.62,48.87,40.0,2,35.49,Fair
0.452,-102.27,-84.29,-17.97,-10.0,-97.06,60.35,58.0,4,16.99,Poor
0.134,-88.96,-73.08,-15.45,11.74,-105.72,30.76,40.0,1,53.0,Fair
0.024,-67.57,-48.08,-19.23,28.61,-100.48,48.56,51.0,1,60.11,Good
0.02,-70.05,-54.11,-14.28,29.82,-99.52,29.27,35.0,6,73.24,Good
0.02,-66.87,-43.43,-19.5,15.6,-87.68,71.5,65.0,2,52.28,Fair
0.02,-64.57,-43.96,-19.5,20.06,-90.12,66.73,65.0,2,50.16,Fair
0.053,-79.29,-60.67,-19.5,20.04,-106.94,14.24,21.0,1,57.92,Good
0.123,-85.05,-65.51,-19.5,10.75,-101.91,48.03,51.0,2,39.59,Fair
0.113,-86.31,-67.77,-19.09,6.6,-99.19,71.41,75.0,0,36.43,Fair
1.947,-113.04,-96.15,-18.09,-10.0,-99.13,37.09,40.0,3,28.28,Poor
0.164,-92.18,-72.69,-19.5,-4.65,-91.36,60.15,61.0,0,27.36,Poor
0.061,-76.52,-59.25,-17.14,22.5,-104.17,2.68,18.0,2,65.94,Good
0.355,-94.19,-70.38,-19.5,-7.57,-95.09,51.21,47.0,1,25.5,Poor
0.878,-95.5,-79.57,-16.27,2.46,-104.41,18.97,29.0,3,38.48,Fair
0.51,-94.28,-74.75,-19.34,6.68,-105.91,12.63,20.0,1,47.2,Fair
0.158,-90.95,-75.3,-15.19,1.94,-98.2,51.37,64.0,2,34.76,Poor
0.371,-92.05,-76.43,-14.57,,-92.25,59.82,62.0,2,32.28,Poor
0.565,-100.27,,-11.34,-10.0,-89.45,79.19,80.0,3,32.99,Poor
0.586,-94.51,,-19.5,-5.22,-93.15,53.47,46.0,2,24.15,Poor
0.494,-99.84,-83.44,-15.41,-8.8,-95.55,69.35,59.0,3,23.7,Poor
0.921,-107.5,-86.25,-19.5,-10.0,-101.08,29.73,37.0,3,27.53,Poor
0.918,-106.45,-87.21,-17.14,-10.0,-93.96,78.94,65.0,2,17.94,Poor
0.389,-98.81,-80.36,-19.29,-2.32,-102.66,9.01,28.0,1,33.65,Poor
0.253,-95.45,-81.68,-11.57,-2.37,-98.23,56.06,61.0,3,34.51,Poor
0.462,-99.6,-79.84,-19.5,-1.12,-103.18,32.47,35.0,2,32.58,Poor
0.767,-98.28,-82.27,-14.78,-10.0,-85.27,73.66,68.0,1,17.35,Poor
0.02,-63.26,-49.56,-14.12,,-89.65,61.92,76.0,2,69.23,Good
2.173,-116.06,-96.77,-18.76,-10.0,-99.95,23.36,37.0,4,20.33,Poor
0.091,-78.21,-63.99,-14.25,18.69,-107.27,18.43,26.0,2,55.13,Good
0.286,-95.07,-83.34,-10.62,-6.47,-93.44,68.28,51.0,3,33.77,Poor
0.925,-101.94,-80.05,-19.5,-5.45,-98.76,48.99,44.0,2,26.1,Poor
0.115,-91.89,-75.57,-18.3,10.25,-107.96,10.77,28.0,2,52.48,Fair
0.292,-91.23,-78.46,-13.81,1.16,-96.33,26.3,35.0,3,53.36,Fair
0.064,-88.28,-73.17,-14.28,9.28,-103.24,49.15,42.0,1,46.29,Fair
0.226,-89.87,-74.04,-15.04,7.32,-99.78,34.5,38.0,1,47.99,Fair
0.088,-81.93,-60.5,-19.5,14.26,-102.1,21.18,36.0,2,45.88,Fair
0.203,-89.45,-76.43,-12.04,8.2,-102.54,12.07,18.0,0,52.56,Fair
0.21,-93.44,-79.46,-15.11,-3.4,-98.62,23.79,35.0,1,38.91,Fair
2.244,-108.83,-87.88,-19.5,-10.0,-91.19,63.94,60.0,3,19.91,Poor
2.368,-109.93,-93.28,-17.04,-10.0,-95.27,59.75,49.0,6,21.25,Poor
0.055,-79.78,-61.1,-18.8,18.67,-98.99,60.93,56.0,1,57.37,Good
0.583,-96.63,-80.11,-16.27,-1.04,-99.82,34.06,48.0,2,40.04,Fair
0.024,-72.31,-48.25,-19.5,20.62,-96.07,64.88,53.0,4,48.96,Fair
0.02,-68.33,-54.2,-14.21,29.72,-101.19,18.4,30.0,0,71.0,Good
0.05,-78.67,-59.82,-19.4,12.76,-96.01,32.4,46.0,3,42.92,Fair
1.515,-106.75,-84.24,-19.5,-10.0,-92.18,60.69,65.0,1,21.47,Poor
1.273,-103.8,-86.93,-17.52,-8.99,-99.44,27.59,40.0,3,27.46,Poor
0.097,-85.42,-69.68,-14.07,4.38,-99.6,54.57,58.0,2,52.82,Fair
0.079,-87.04,-66.73,-19.5,11.21,-102.4,40.66,47.0,4,48.73,Fair
0.124,-84.82,-63.81,-19.5,17.14,-111.43,9.55,21.0,1,52.49,Fair
0.326,-89.54,-73.94,-13.82,2.89,-99.48,34.55,57.0,2,41.92,Fair
0.379,-94.41,-72.02,-19.5,8.01,-108.01,23.2,35.0,2,36.15,Fair
0.113,-83.84,-65.69,-18.9,17.73,-106.74,27.35,43.0,1,51.82,Fair
0.636,-100.25,-80.72,-18.71,-9.93,-94.06,64.18,55.0,3,15.22,Poor
0.167,-85.53,-63.07,-19.5,14.47,-103.16,29.72,28.0,2,44.5,Fair
1.149,-105.96,-85.65,-19.5,-3.2,-106.52,12.29,38.0,2,23.99,Poor
0.481,-99.48,-81.48,-18.5,-10.0,-95.45,48.32,37.0,1,18.98,Poor
0.258,-87.84,-71.86,-14.2,25.18,-117.23,3.77,15.0,3,63.91,Good
0.702,-103.06,-76.94,-19.5,-8.71,-99.94,42.16,49.0,0,21.59,Poor
0.766,-98.14,-82.51,-16.0,-10.0,-91.73,66.99,73.0,0,23.67,Poor
0.154,-83.41,-64.45,-19.05,3.2,-91.54,66.47,59.0,2,38.79,Fair
0.187,-87.21,-67.68,-19.5,1.76,-93.32,43.46,52.0,2,27.06,Poor
1.237,-110.85,-91.18,-19.5,-10.0,-99.85,41.98,57.0,6,20.57,Poor
0.081,-82.17,-57.78,-19.5,18.84,-102.67,28.23,33.0,2,53.34,Fair
0.02,-71.25,-53.11,-16.39,22.51,-97.88,42.65,48.0,1,63.53,Good
0.272,-94.72,-77.0,-18.04,5.74,-101.6,21.1,31.0,2,35.78,Fair
0.727,-100.67,-78.01,-19.5,3.48,-108.24,3.37,21.0,2,44.59,Fair
0.665,-97.39,-79.8,-18.8,-0.22,-104.81,26.59,43.0,3,40.52,Fair
1.134,-106.93,-86.31,-19.5,-6.85,-103.89,31.51,39.0,6,27.56,Poor
0.343,-95.41,-76.83,-19.5,3.91,-104.63,24.3,38.0,3,37.36,Fair
0.047,-78.67,-57.91,-19.5,28.41,-113.0,3.24,17.0,0,61.25,Good
0.4,-91.4,-71.23,-19.5,1.1,-98.44,49.07,48.0,0,37.01,Fair
0.678,-101.67,-84.88,-14.75,-3.79,-102.86,32.86,42.0,2,25.43,Poor
0.044,-82.02,-69.55,-12.91,17.05,-104.51,34.49,42.0,4,52.58,Fair
0.085,-89.01,-76.03,-11.21,17.32,-112.09,6.64,19.0,3,60.03,Good
0.02,-68.99,-56.51,-12.66,24.57,-98.32,53.28,50.0,3,68.4,Good
0.405,-99.22,-81.49,-19.5,-5.29,-97.7,62.89,49.0,1,22.11,Poor
0.98,-101.16,-90.22,-8.77,-1.94,-105.64,21.21,36.0,2,43.96,Fair
0.5,-103.32,-85.8,-17.89,-10.0,-97.15,51.61,42.0,5,22.5,Poor
1.809,-111.31,-92.91,-19.5,-10.0,-100.28,35.01,28.0,3,26.73,Poor
0.029,-78.95,-58.38,-19.5,22.15,-106.48,28.7,38.0,1,58.94,Good
1.05,-102.69,-83.18,-19.5,-10.0,-95.67,40.81,42.0,3,16.63,Poor
0.757,-99.0,-78.29,-19.5,-5.92,-96.0,60.93,49.0,4,23.83,Poor
0.17,-87.29,-68.05,-19.5,2.69,-92.5,72.89,66.0,0,35.83,Fair
1.634,-112.62,-95.59,-16.71,-10.0,-101.05,31.88,40.0,4,17.34,Poor
0.153,-90.72,-73.04,-19.18,0.58,-97.24,33.66,35.0,2,28.99,Poor
0.99,-102.99,-87.54,-15.03,-10.0,-90.87,68.98,59.0,3,26.21,Poor
0.957,-110.38,-91.69,-19.5,-10.0,-100.53,50.92,53.0,0,10.88,Poor
0.638,-101.07,-87.82,-12.47,-4.87,-102.09,40.83,41.0,5,34.48,Poor
0.373,-89.39,,-19.5,6.83,-104.48,30.24,47.0,2,40.25,Fair
0.058,-80.07,,-14.5,9.75,-92.54,70.02,55.0,0,45.22,Fair
0.342,-100.65,-82.19,-17.58,-6.48,-101.47,21.11,33.0,2,28.15,Poor
0.199,-92.43,-73.47,-17.43,-8.19,-90.11,60.92,62.0,0,30.14,Poor
0.707,-103.52,-82.04,-19.5,-6.49,-105.43,16.05,23.0,2,30.53,Poor
0.639,-91.56,-78.6,-14.35,17.04,-111.2,14.45,32.0,6,64.07,Good
1.087,-98.07,-81.04,-16.6,-6.44,-98.02,49.45,57.0,7,29.14,Poor
0.02,-67.52,-47.87,-19.5,18.49,-91.41,65.95,62.0,1,51.76,Fair
0.745,-102.83,-79.58,-19.5,-7.63,-98.01,42.4,56.0,2,20.17,Poor
1.255,-101.17,-83.29,-18.02,-10.0,-95.06,45.67,42.0,3,22.43,Poor
0.701,-105.46,-89.24,-17.05,-8.23,-97.34,44.38,52.0,1,26.77,Poor
0.063,-75.79,-51.7,-19.5,11.15,-93.6,65.74,69.0,1,48.76,Fair
0.038,-72.14,-51.73,-19.41,26.48,-102.12,37.33,48.0,2,63.53,Good
0.02,-71.05,-48.93,-19.5,21.2,-99.43,49.97,50.0,4,57.88,Good
0.446,-92.45,-78.08,-13.82,-9.46,-91.64,74.91,63.0,3,30.91,Poor
0.447,-98.81,-79.25,-19.21,-3.24,-102.55,33.73,44.0,2,41.77,Fair
1.951,-114.87,-100.12,-15.14,-10.0,-106.46,30.94,31.0,4,24.76,Poor
0.228,-87.3,-73.22,-15.05,6.56,-96.67,65.03,51.0,0,47.1,Fair
0.181,-89.57,-69.82,-18.54,-4.29,-90.62,58.77,60.0,4,23.22,Poor
0.441,-94.5,-74.54,-18.17,-2.06,-96.48,42.93,51.0,1,28.11,Poor
0.786,-94.63,-78.08,-15.28,-3.36,-95.7,42.92,37.0,3,37.16,Fair
1.242,-108.78,-86.49,-19.5,-10.0,-102.05,38.68,38.0,4,19.43,Poor
0.731,-101.87,-84.97,-17.98,-10.0,-93.4,54.88,64.0,0,26.03,Poor
0.25,-85.73,-68.54,-17.34,3.46,-95.13,79.03,73.0,3,42.02,Fair
0.453,-94.47,-76.58,-18.25,9.12,-108.51,12.76,29.0,0,49.16,Fair
0.873,-105.63,-88.36,-16.35,-10.0,-97.21,52.42,64.0,1,18.94,Poor
0.304,-97.49,-75.66,-19.5,2.19,-105.48,1.86,18.0,3,42.3,Fair
0.11,-87.01,-72.14,-15.7,6.88,-95.36,54.46,59.0,1,48.76,Fair
0.084,-85.51,-69.77,-14.31,12.26,-101.63,31.91,41.0,2,59.81,Good
0.02,-69.49,-55.07,-13.58,11.9,-89.25,86.66,80.0,2,56.8,Good
0.57,-98.82,-75.17,-19.5,8.4,-112.45,17.52,41.0,2,46.09,Fair
0.053,-77.53,-60.5,-17.31,14.49,-95.98,54.23,60.0,0,45.54,Fair
0.126,-89.42,-73.73,-15.11,0.84,-97.82,56.8,51.0,2,37.32,Fair
0.159,-88.37,-71.24,-15.97,0.13,-92.89,57.03,53.0,0,37.7,Fair
0.37,-103.61,-83.06,-19.5,-9.27,-98.78,63.81,67.0,3,17.39,Poor
0.228,-90.63,-70.64,-19.5,8.02,-104.24,30.86,32.0,1,43.34,Fair
0.505,-93.39,-77.11,-17.66,0.68,-98.76,48.91,,3,35.25,Fair
0.026,-78.25,-61.45,-17.19,15.26,-99.61,30.5,41.0,3,56.61,Good
0.06,-77.71,-64.07,-13.84,12.92,-93.12,74.16,,5,57.21,Good
0.311,-96.33,-77.92,-16.31,,-107.11,16.91,26.0,4,44.81,Fair
0.185,-86.18,-64.33,-19.5,5.82,-95.96,61.41,54.0,3,35.45,Fair
0.158,-87.38,-71.13,-16.16,-1.29,-92.75,75.67,51.0,0,33.13,Poor
0.031,-72.54,-52.64,-19.5,18.82,-97.27,42.04,47.0,1,53.27,Fair
1.017,-103.9,-87.64,-16.03,-10.0,-103.35,20.82,36.0,0,32.31,Poor
0.53,-93.18,-78.47,-14.77,8.63,-104.14,47.5,45.0,4,43.21,Fair
0.058,-78.08,-58.04,-19.5,7.5,-89.7,66.14,67.0,2,45.11,Fair
0.03,-76.72,-51.68,-19.5,24.6,-105.71,20.73,43.0,0,64.87,Good
1.658,-108.0,-88.37,-19.5,-10.0,-100.81,16.77,25.0,2,22.35,Poor
0.514,-99.72,-82.96,-18.11,-10.0,-93.03,60.67,51.0,1,15.44,Poor
0.243,-91.1,-74.15,-17.41,,-107.72,14.33,41.0,1,51.91,Fair
0.544,-100.41,-76.69,-19.5,0.61,-107.39,7.87,25.0,3,29.28,Poor
0.635,-102.78,-83.86,-17.26,-4.06,-104.01,14.5,35.0,4,30.68,Poor
0.681,-99.88,-84.18,-14.65,0.81,-105.64,33.15,48.0,4,36.57,Fair
0.292,-93.13,-75.31,-17.69,-5.25,-92.38,68.77,55.0,2,30.27,Poor
0.253,-87.84,-69.19,-18.99,10.27,-102.37,34.79,39.0,1,47.65,Fair
0.02,-72.1,-52.7,-18.97,11.96,-88.03,73.43,56.0,3,44.27,Fair
1.175,-113.33,-90.8,-19.5,-10.0,-99.19,34.79,49.0,1,20.31,Poor
0.416,-97.86,-76.03,-19.5,6.37,-104.5,37.35,39.0,2,37.68,Fair
0.102,-90.78,-72.18,-18.06,11.88,-107.76,10.47,22.0,2,46.35,Fair
1.134,-103.44,-85.56,-18.62,-9.51,-99.62,31.16,47.0,2,19.07,Poor
1.109,-111.6,-92.41,-19.5,-7.84,-106.98,32.7,39.0,3,22.39,Poor
2.037,-114.14,-97.96,-14.1,-10.0,-100.9,46.63,55.0,3,20.68,Poor
0.932,-104.85,-83.91,-18.79,-10.0,-89.39,72.19,,4,18.08,Poor
2.751,-106.62,-89.23,-17.29,-5.06,-107.44,34.9,37.0,3,24.21,Poor
0.126,-90.39,-70.91,-19.5,5.23,-101.38,43.4,37.0,2,39.41,Fair
0.831,-102.35,-79.21,-19.5,-5.73,-102.21,55.64,50.0,4,19.63,Poor
0.779,-99.53,-79.87,-19.5,0.37,-103.67,29.36,45.0,2,36.93,Fair
0.118,-79.59,-60.89,-17.44,18.18,-100.66,37.96,41.0,2,50.53,Fair
0.047,-74.45,-58.0,-16.38,,-98.13,62.26,50.0,1,58.75,Good
1.748,-104.48,-86.71,-16.46,-10.0,-100.46,32.03,56.0,4,20.88,Poor
0.158,-84.57,-69.98,-15.09,7.53,-96.09,46.85,60.0,2,47.33,Fair
0.921,-108.13,-88.53,-19.5,-10.0,-99.89,50.68,62.0,3,14.55,Poor
0.02,-69.01,-57.41,-11.72,16.09,-91.76,77.79,57.0,0,52.68,Fair
0.02,-67.05,-46.14,-19.5,30.0,-101.36,36.67,44.0,3,62.99,Good
0.282,-96.87,-76.67,-19.5,-9.34,-94.36,54.95,58.0,3,24.85,Poor
0.123,-88.17,-69.87,-18.24,,-105.09,41.74,,2,40.84,Fair
0.527,-101.66,-85.26,-16.21,-1.79,-102.7,37.21,42.0,4,34.62,Poor
0.375,-92.42,-74.47,-18.37,-4.63,-94.48,67.28,56.0,2,23.85,Poor
0.036,-75.71,-63.03,-13.97,4.21,-86.56,87.15,76.0,1,45.97,Fair
0.08,-83.44,-62.97,-19.5,13.18,-100.34,48.13,46.0,0,47.2,Fair
0.221,-96.05,-78.55,-18.96,-10.0,-91.61,63.88,57.0,5,19.88,Poor
0.092,-83.68,-61.13,-19.5,19.28,-106.67,6.3,21.0,2,47.82,Fair
0.707,-103.27,-84.1,-19.5,-7.33,-102.69,31.88,48.0,5,31.25,Poor
0.242,-90.74,-72.05,-19.5,5.78,-100.79,18.55,38.0,0,49.63,Fair
0.044,-81.66,-62.46,-18.2,16.72,-101.96,20.99,31.0,2,50.58,Fair
0.298,-92.8,-77.73,-15.03,11.05,-111.13,9.06,27.0,2,53.89,Fair
0.043,-78.6,-61.95,-16.45,8.12,-89.13,78.16,71.0,2,44.72,Fair
0.062,-85.0,-66.6,-19.05,16.06,-105.11,13.84,31.0,1,54.41,Fair
0.123,-91.2,-74.1,-15.69,2.31,-96.84,28.39,37.0,1,41.69,Fair
0.883,-107.64,-91.37,-14.86,1.99,-111.54,11.93,25.0,3,32.01,Poor
1.163,-106.15,-88.99,-15.8,-10.0,-101.52,20.44,28.0,5,30.68,Poor
0.788,-101.45,-83.32,-18.1,-7.51,-96.95,50.94,49.0,4,22.27,Poor
0.183,-88.22,-63.26,-19.5,3.7,-96.36,53.27,57.0,1,41.76,Fair
0.143,-85.94,-68.92,-17.85,12.0,-103.58,30.29,43.0,0,55.12,Good
0.358,-98.15,,-15.28,1.51,-103.65,13.88,32.0,3,45.96,Fair
0.576,-94.99,-77.45,-17.55,1.33,-103.21,9.94,30.0,1,41.09,Fair
2.257,-112.85,-90.34,-19.5,-10.0,-101.66,38.89,42.0,6,17.11,Poor
0.063,-78.39,-55.67,-19.5,16.38,-96.73,57.37,66.0,2,42.74,Fair
0.023,-72.17,-48.32,-19.5,27.45,-104.46,54.6,51.0,5,57.79,Good
0.533,-97.05,-78.87,-17.58,-10.0,-90.46,67.06,54.0,1,28.55,Poor
0.803,-102.97,-83.04,-19.5,-3.57,-104.69,21.92,28.0,2,30.58,Poor
0.843,-100.95,-86.1,-15.2,-7.18,-95.88,53.47,41.0,2,28.49,Poor
0.511,-98.21,-81.27,-16.92,6.04,-107.02,19.29,30.0,3,44.66,Fair
1.386,-103.58,-88.93,-15.34,-10.0,-98.64,50.12,57.0,1,27.31,Poor
0.322,-97.46,-78.04,-19.5,9.0,-109.46,21.42,24.0,1,41.59,Fair
1.103,-111.94,-93.82,-19.5,-10.0,-92.64,69.69,71.0,3,8.95,Poor
1.546,-111.68,-93.01,-19.34,-10.0,-106.65,15.14,35.0,2,24.67,Poor
0.845,-98.27,-82.81,-16.9,-9.37,-92.63,65.37,73.0,4,19.85,Poor
0.167,-89.12,-68.56,-18.71,4.7,-98.67,22.07,34.0,3,37.13,Fair
0.098,-83.57,-72.79,-10.55,11.44,-97.98,43.1,37.0,0,57.16,Good
0.357,-99.3,-82.06,-16.29,-10.0,-88.42,74.83,53.0,2,17.0,Poor
0.272,-92.45,-74.77,-16.83,-3.89,-97.36,43.65,50.0,3,32.98,Poor
0.946,-107.62,-95.68,-12.54,-7.84,-105.67,7.84,33.0,5,31.96,Poor
0.047,-81.21,-62.05,-19.5,9.55,-97.95,41.29,44.0,1,47.25,Fair
0.134,-88.22,-70.74,-18.44,4.19,-96.73,48.92,43.0,0,36.56,Fair
0.627,-98.18,-78.5,-19.5,-5.62,-95.82,37.31,,2,24.77,Poor
0.045,-75.03,,-19.5,21.95,-104.17,11.04,26.0,2,62.57,Good
0.174,-86.55,-67.57,-18.8,10.57,-101.76,24.96,33.0,2,48.07,Fair
0.22,-97.25,-76.34,-19.5,-4.69,-96.4,53.75,57.0,0,33.07,Poor
0.438,-96.89,-74.74,-19.5,4.69,-108.05,22.2,38.0,3,37.58,Fair
0.077,-82.68,-63.2,-19.11,11.93,-100.46,26.74,39.0,2,48.88,Fair
0.887,-109.09,-93.69,-15.01,-10.0,-98.24,52.4,43.0,2,22.07,Poor
0.267,-92.5,-79.42,-14.57,-7.04,-91.76,61.66,50.0,3,33.89,Poor
1.12,-105.99,-86.87,-17.65,-4.51,-106.31,17.22,25.0,2,31.47,Poor
0.284,-91.05,-74.25,-16.4,-4.94,-91.0,73.32,59.0,5,26.97,Poor
0.145,-86.95,-65.1,-19.5,8.55,-100.37,37.21,40.0,1,47.8,Fair
0.069,-83.08,-66.5,-16.78,20.96,-106.91,28.85,38.0,1,56.99,Good
0.02,-66.74,-48.78,-19.5,23.13,-93.26,61.18,60.0,2,61.3,Good
0.342,-103.59,-89.06,-14.47,0.74,-108.95,5.88,21.0,1,46.23,Fair
0.051,-78.58,-61.61,-17.61,8.52,-93.49,67.12,67.0,1,44.72,Fair
0.224,-98.09,-82.91,-14.34,-9.07,-94.98,38.01,41.0,2,36.98,Fair
0.4,-99.72,-84.28,-16.65,-3.14,-99.94,48.64,50.0,2,33.46,Poor
0.145,-85.2,-67.35,-18.19,16.31,-106.13,24.55,34.0,2,50.48,Fair
0.087,-87.96,-71.78,-17.13,3.03,-94.69,64.78,53.0,2,40.07,Fair
0.671,-106.24,-80.35,-19.5,-10.0,-92.05,55.74,51.0,1,14.98,Poor
1.32,-96.89,-76.38,-18.9,-3.46,-97.19,59.69,51.0,1,24.13,Poor
0.048,-83.18,-61.92,-19.5,8.25,-96.75,36.11,50.0,2,44.62,Fair
0.076,-75.14,-57.47,-17.7,2.54,-84.72,66.82,68.0,1,38.58,Fair
1.449,-107.91,-89.6,-19.5,-10.0,-92.82,46.49,47.0,2,15.7,Poor
0.02,-72.54,-55.83,-17.29,26.09,-99.16,58.96,59.0,1,66.61,Good
1.71,-106.4,-80.53,-19.5,-5.58,-106.18,28.88,34.0,1,25.27,Poor
0.02,-65.1,-47.42,-17.3,30.0,-105.37,14.12,21.0,1,78.71,Excellent
0.931,-107.97,-91.78,-15.79,-2.05,-108.53,8.09,32.0,4,26.52,Poor
0.165,-90.46,-74.72,-15.54,-3.86,-90.94,79.01,69.0,1,33.9,Poor
1.256,-102.6,-83.59,-19.5,-10.0,-95.51,63.38,43.0,2,18.62,Poor
0.172,-87.59,-65.32,-19.5,3.43,-98.43,48.8,54.0,0,46.14,Fair
0.478,-93.2,-71.94,-19.5,5.54,-102.64,22.08,31.0,2,42.97,Fair
0.038,-73.66,-57.93,-16.16,24.88,-103.75,29.69,44.0,1,58.07,Good
0.125,-78.77,-63.11,-16.18,19.15,-101.88,36.91,30.0,1,61.94,Good
0.669,-99.8,-78.06,-19.5,-10.0,-91.59,53.59,56.0,0,17.86,Poor
0.339,-93.73,-69.43,-19.5,1.12,-98.83,53.29,43.0,2,31.31,Poor
1.184,-104.19,-86.62,-17.08,-3.09,-106.41,30.71,40.0,4,33.29,Poor
0.252,-92.63,-71.01,-19.5,1.22,-98.36,33.32,43.0,0,31.89,Poor
0.917,-99.87,-86.27,-13.68,-9.18,-97.19,70.08,55.0,2,26.35,Poor
0.268,-91.65,-76.18,-13.99,8.56,-105.99,21.64,31.0,4,56.16,Good
1.744,-105.68,-90.71,-13.54,0.54,-111.01,11.3,33.0,1,41.83,Fair
1.447,-103.44,-84.2,-19.5,-10.0,-93.03,72.53,60.0,3,23.93,Poor
0.18,-87.42,-69.96,-17.7,11.43,-103.82,31.87,42.0,1,46.31,Fair
0.977,-101.8,-83.08,-18.52,-10.0,-89.14,66.75,70.0,5,14.94,Poor
0.847,-106.61,-84.95,-19.5,-10.0,-93.43,50.97,32.0,2,18.39,Poor
0.106,-86.83,-70.79,-16.52,,-107.23,28.9,45.0,0,53.73,Fair
0.441,-93.53,-75.24,-17.37,2.44,-100.69,44.07,53.0,1,32.5,Poor
0.034,-69.18,-55.19,-14.78,27.45,-104.31,41.36,56.0,0,63.73,Good
0.816,-110.0,-88.51,-19.5,-10.0,-103.51,24.83,47.0,1,18.94,Poor
0.086,-85.09,-63.8,-19.5,13.7,-101.66,33.31,37.0,1,53.48,Fair
0.033,-74.55,-55.46,-19.5,30.0,-111.82,12.47,30.0,1,76.2,Excellent
0.23,-94.79,-76.43,-18.36,-4.34,-95.53,31.08,43.0,1,30.87,Poor
0.387,-99.07,-82.6,-16.54,-3.4,-102.41,37.99,47.0,3,28.91,Poor
0.869,-100.89,-87.07,-13.89,-5.78,-99.97,55.56,64.0,3,27.16,Poor
1.647,-102.01,-83.09,-17.95,-0.36,-100.56,39.91,35.0,6,27.89,Poor
0.261,-100.48,-80.21,-19.5,-10.0,-89.37,65.25,52.0,1,17.09,Poor
0.028,-73.95,-49.89,-19.5,30.0,-111.12,8.72,30.0,2,67.67,Good
0.622,-98.04,-81.22,-18.02,-5.02,-96.95,37.41,32.0,2,28.39,Poor
0.375,-92.38,-73.57,-19.5,-1.85,-94.21,61.45,60.0,2,30.26,Poor
0.267,-91.3,-69.95,-19.5,13.05,-107.1,28.46,31.0,2,43.23,Fair
0.167,-81.43,-60.0,-19.5,19.71,-107.42,19.99,37.0,0,62.44,Good
0.314,-93.85,-77.72,-13.21,8.06,-105.3,22.46,42.0,2,47.75,Fair
0.186,-84.19,-67.03,-16.17,15.34,-105.06,31.59,42.0,1,50.51,Fair
0.637,-102.68,-86.25,-15.79,3.41,-108.55,27.12,48.0,2,37.27,Fair
0.353,-94.75,-79.46,-15.23,6.05,-102.87,34.87,35.0,2,51.48,Fair
0.942,-108.35,-85.93,-19.5,-10.0,-96.49,34.91,,4,17.46,Poor
0.353,-91.37,-73.19,-16.16,2.72,-102.29,28.2,42.0,1,44.05,Fair
0.122,-86.31,-68.54,-16.88,-0.29,-96.08,47.5,43.0,1,40.13,Fair
0.857,-101.24,-82.5,-19.19,-6.32,-99.62,44.15,37.0,2,28.79,Poor
0.367,-96.56,-78.4,-18.11,-3.77,-95.9,53.1,57.0,3,29.88,Poor
0.104,-82.1,-64.76,-16.49,12.66,-96.62,64.11,68.0,1,45.71,Fair
0.44,-95.29,-79.58,-15.05,-10.0,-86.26,80.4,68.0,1,26.19,Poor
0.199,-94.01,-71.31,-19.5,-2.44,-96.87,40.25,46.0,1,29.64,Poor
0.837,-106.21,-89.93,-17.06,-10.0,-101.39,49.7,50.0,1,25.47,Poor
0.272,-92.83,-77.62,-16.34,-10.0,-90.08,71.66,55.0,0,27.84,Poor
0.583,-96.69,-78.94,-19.41,-1.78,-98.02,54.72,49.0,4,22.8,Poor
0.045,-69.84,-45.37,-19.5,23.62,-98.25,57.46,64.0,1,49.53,Fair
0.227,-89.94,-74.41,-15.15,-7.57,-90.42,57.99,54.0,1,35.22,Fair
1.84,-105.27,-85.14,-19.5,-6.49,-102.14,41.9,47.0,3,22.36,Poor
0.744,-107.89,-90.63,-17.48,-10.0,-93.32,50.51,45.0,1,18.16,Poor
0.078,-73.95,-55.21,-19.5,30.0,-113.81,5.46,21.0,1,64.87,Good
0.146,-84.95,-64.18,-19.5,14.17,-101.27,33.53,53.0,2,47.05,Fair
0.18,-89.36,-76.52,-13.28,14.78,-105.57,36.17,31.0,3,55.12,Good
0.473,-98.17,-82.86,-15.5,6.62,-106.13,28.62,37.0,3,51.03,Fair
0.637,-104.52,-83.8,-19.5,-3.94,-110.31,16.13,29.0,2,33.73,Poor
0.623,-103.19,-84.9,-18.69,-5.68,-104.04,23.42,47.0,2,30.23,Poor
0.321,-86.51,-67.88,-17.68,1.29,-92.02,64.96,61.0,3,26.31,Poor
0.749,-105.46,,-19.5,-3.78,-104.45,28.45,43.0,2,23.69,Poor
0.259,-96.32,-80.99,-15.0,-10.0,-90.89,85.4,79.0,3,24.67,Poor
0.06,-82.45,-61.28,-19.5,20.25,-109.44,15.75,22.0,3,58.72,Good
0.374,-100.27,-79.81,-19.5,-10.0,-89.41,56.96,72.0,1,17.85,Poor
1.369,-106.67,-87.96,-17.75,-4.35,-101.12,36.82,54.0,1,27.9,Poor
0.709,-96.67,-77.26,-19.5,-4.43,-100.5,54.03,53.0,5,24.13,Poor
0.389,-98.26,-76.77,-19.5,-10.0,-93.39,66.4,79.0,1,24.2,Poor
0.468,-102.92,,-13.84,-5.65,-99.38,17.64,32.0,2,37.57,Fair
1.2,-104.43,-84.44,-19.5,-0.36,-104.46,32.87,32.0,1,23.65,Poor
0.252,-92.27,-69.04,-19.5,10.38,-107.33,16.8,23.0,3,49.76,Fair
0.181,-85.2,-65.28,-19.33,6.83,-99.75,49.36,65.0,0,37.0,Fair
1.702,-110.44,-93.11,-17.14,-10.0,-104.85,37.83,34.0,2,22.57,Poor
0.896,-104.1,-79.14,-19.5,-7.63,-102.8,26.91,35.0,3,25.62,Poor
0.176,-89.54,-70.84,-17.44,3.01,-98.39,44.54,48.0,4,41.09,Fair
0.28,-92.63,-70.44,-19.5,0.72,-99.77,51.35,42.0,1,33.03,Poor
0.241,-93.26,-76.52,-18.27,-3.56,-95.49,38.88,41.0,2,33.53,Poor
0.073,-83.56,-62.36,-19.5,10.45,-97.7,38.14,36.0,2,38.22,Fair
1.425,-114.48,-98.12,-14.99,-10.0,-101.63,39.3,40.0,1,23.9,Poor
0.233,-93.65,-74.68,-19.5,4.28,-101.42,26.83,26.0,2,36.21,Fair
0.937,-100.58,-84.4,-15.82,1.08,-107.4,4.51,26.0,2,42.74,Fair
0.094,-80.2,-56.49,-19.5,20.55,-102.22,23.47,35.0,0,60.96,Good
0.357,-96.97,-79.63,-15.91,-3.74,-96.39,45.23,47.0,3,30.47,Poor
0.02,-65.25,-50.57,-16.0,30.0,-101.79,25.96,27.0,1,67.24,Good
0.65,-100.39,-82.1,-18.61,-7.25,-101.23,28.85,32.0,2,29.96,Poor
0.391,-101.22,-81.61,-17.97,-10.0,-91.21,50.31,52.0,4,32.25,Poor
0.442,-103.54,-85.62,-19.36,0.08,-107.96,12.07,20.0,0,32.22,Poor
0.024,-67.05,-51.49,-15.89,27.64,-98.45,48.0,46.0,3,65.16,Good
0.107,-86.13,-65.02,-19.5,6.15,-96.98,53.79,58.0,0,45.34,Fair
0.035,-79.92,,-19.5,20.29,-103.75,35.75,36.0,1,55.34,Good
0.153,-96.81,-83.76,-13.71,-3.38,-97.15,49.62,50.0,1,40.06,Fair
0.444,-98.56,-83.19,-14.59,-6.45,-100.86,36.7,38.0,2,31.67,Poor
0.376,-93.9,-76.38,-18.19,0.48,-101.16,25.74,46.0,4,40.75,Fair
0.426,-99.4,-83.0,-16.57,1.89,-104.51,30.21,33.0,2,43.15,Fair
0.359,-99.33,-79.75,-17.8,-8.93,-94.67,78.67,54.0,4,17.66,Poor
0.143,-89.39,-65.88,-19.5,6.39,-100.5,24.58,30.0,3,49.97,Fair
0.126,-81.12,-64.26,-15.3,21.89,-105.51,18.13,23.0,0,64.67,Good
0.066,-86.14,-63.41,-19.5,15.72,-104.42,29.71,33.0,2,53.03,Fair
0.851,-105.17,-91.58,-12.65,-10.0,-95.81,35.46,35.0,2,27.5,Poor
0.431,-91.87,-72.5,-19.22,-8.92,-90.29,62.18,56.0,0,21.31,Poor
0.093,-81.48,-65.26,-17.52,9.38,-95.42,45.38,50.0,1,44.51,Fair
0.088,-82.25,-62.82,-19.5,9.47,-96.98,63.82,62.0,0,38.4,Fair
0.929,-105.96,-93.23,-13.9,-1.59,-108.65,19.26,36.0,2,39.46,Fair
0.611,-99.61,-85.47,-13.55,-9.33,-97.95,35.28,37.0,1,33.05,Poor
0.485,-99.88,-80.45,-19.5,-2.35,-102.11,20.81,19.0,1,30.33,Poor
0.235,-94.9,-78.79,-17.9,2.54,-97.75,38.78,41.0,1,36.49,Fair
0.137,-91.1,-74.07,-18.84,-1.44,-95.99,59.16,48.0,2,35.25,Fair
1.748,-105.72,-82.21,-19.5,-10.0,-96.35,40.31,42.0,4,26.23,Poor
0.718,-101.38,-82.96,-18.08,-10.0,-86.75,81.94,76.0,1,20.21,Poor
0.162,-86.97,-66.26,-19.5,3.36,-95.25,43.56,44.0,3,43.81,Fair
0.846,-101.96,-86.23,-16.24,-5.75,-101.43,37.45,28.0,3,30.73,Poor
0.64,-98.38,-84.4,-12.85,-10.0,-91.04,73.02,78.0,2,34.47,Poor
0.159,-89.08,-71.32,-16.79,7.27,-100.44,42.3,49.0,0,43.19,Fair
0.25,-93.93,-80.4,-11.64,-6.8,-93.85,47.0,57.0,0,30.9,Poor
0.093,-86.68,-70.78,-15.49,,-98.95,50.06,52.0,2,42.33,Fair
0.053,-84.3,-65.59,-17.75,2.72,-93.91,77.74,64.0,3,29.02,Poor
0.577,-103.73,,-17.61,-7.39,-104.01,23.02,33.0,1,31.76,Poor
0.14,-88.45,-69.45,-19.49,2.65,-96.5,49.08,45.0,0,37.72,Fair
0.772,-108.17,-88.37,-18.46,-10.0,-99.88,49.15,47.0,3,22.46,Poor
2.443,-117.29,-102.88,-13.52,-10.0,-104.04,42.2,52.0,3,25.87,Poor
0.036,-71.17,-55.99,-14.73,29.9,-106.14,32.12,47.0,1,74.95,Good
0.288,-92.33,-80.87,-11.28,-0.79,-96.97,43.76,44.0,0,45.91,Fair
0.729,-103.07,,-17.34,-10.0,-87.61,74.65,68.0,2,23.37,Poor
0.7,-91.83,-71.62,-19.5,1.99,-101.14,34.25,42.0,0,39.44,Fair
0.642,-106.76,-84.29,-19.5,-4.34,-105.09,15.6,30.0,2,29.46,Poor
0.193,-85.86,-67.29,-18.65,9.23,-97.63,29.58,31.0,1,49.0,Fair
0.272,-93.18,,-19.5,4.96,-105.16,25.48,43.0,2,36.8,Fair
0.407,-93.07,-73.92,-19.5,-0.14,-100.26,31.01,32.0,3,37.68,Fair
1.641,-107.87,-89.55,-19.24,-10.0,-102.63,33.61,37.0,1,22.56,Poor
0.179,-96.57,-80.41,-14.75,-10.0,-87.69,79.14,83.0,2,22.69,Poor
1.155,-104.87,-94.03,-10.64,-2.0,-106.07,23.61,32.0,0,39.93,Fair
0.141,-85.72,-64.05,-19.5,11.04,-103.24,39.83,54.0,0,44.56,Fair
2.032,-118.93,,-16.65,-10.0,-93.09,64.82,49.0,4,20.54,Poor
0.499,-90.21,-68.04,-19.5,3.48,-98.94,39.47,37.0,1,38.92,Fair
0.28,-91.74,-76.58,-15.1,8.18,-106.16,16.12,23.0,3,53.08,Fair
0.428,-93.95,-68.67,-19.5,5.01,-105.57,35.57,34.0,1,35.14,Fair
0.143,-91.84,-74.59,-18.5,3.58,-99.06,52.79,60.0,2,37.91,Fair
0.144,-84.48,-68.55,-14.71,9.84,-99.05,54.79,35.0,1,50.1,Fair
0.054,-74.49,-57.13,-19.5,20.49,-97.4,47.91,43.0,2,50.83,Fair
0.054,-77.87,-59.36,-19.05,6.9,-91.18,81.96,57.0,4,35.49,Fair
0.192,-89.76,-71.97,-19.14,-5.4,-88.58,61.22,74.0,2,24.26,Poor
0.648,-103.81,-87.36,-17.97,-10.0,-89.81,75.83,54.0,4,11.02,Poor
0.421,-97.38,-84.79,-13.11,-10.0,-91.04,64.25,50.0,1,29.5,Poor
0.049,-79.98,-64.39,-15.65,12.07,-101.51,38.01,44.0,2,54.28,Fair
0.86,-100.42,-79.19,-19.5,-4.63,-99.71,34.39,40.0,3,32.16,Poor
0.414,-99.76,-84.4,-15.58,-6.48,-100.36,38.1,49.0,2,30.43,Poor
1.458,-105.02,-92.17,-12.24,-10.0,-98.85,42.52,36.0,2,34.38,Poor
0.499,-101.34,-86.5,-13.89,-7.02,-97.78,33.89,27.0,3,35.32,Fair
0.087,-83.91,-66.17,-16.93,2.66,-93.08,47.28,44.0,2,40.78,Fair
0.289,-90.78,-75.06,-15.58,1.23,-96.74,44.61,48.0,1,42.72,Fair
0.47,-100.28,-83.12,-18.41,-8.0,-99.51,41.59,55.0,4,19.39,Poor
0.02,-67.84,-52.24,-14.99,23.84,-93.1,77.61,74.0,1,60.71,Good
0.02,-68.23,-47.2,-19.5,22.6,-97.05,45.37,43.0,2,57.5,Good
0.062,-81.12,-61.65,-19.5,22.67,-111.56,5.3,26.0,2,57.8,Good
0.13,-81.73,-57.07,-19.5,4.08,-90.48,73.19,67.0,0,36.32,Fair
0.253,-91.77,-74.92,-16.81,,-104.2,29.18,53.0,2,46.16,Fair
0.301,-89.18,-72.04,-16.99,17.16,-110.25,12.46,32.0,1,57.34,Good
0.067,-73.46,-51.91,-19.5,18.42,-98.92,40.27,41.0,4,60.6,Good
0.504,-99.02,-79.85,-17.85,4.58,-106.67,25.51,24.0,1,45.85,Fair
0.408,-93.65,-78.48,-14.28,6.67,-104.03,28.08,30.0,0,46.94,Fair
0.157,-90.52,-70.85,-18.84,8.86,-102.76,32.55,39.0,2,42.24,Fair
0.02,-74.58,-55.39,-19.5,20.81,-101.35,31.93,32.0,1,62.38,Good
0.036,-76.23,-63.61,-13.21,10.99,-98.82,21.51,28.0,1,64.84,Good
0.224,-96.48,-80.44,-16.67,-10.0,-86.26,75.09,66.0,0,18.39,Poor
0.075,-85.39,-66.82,-17.22,15.0,-105.1,26.7,29.0,2,57.24,Good
0.213,-88.23,-65.9,-19.5,9.79,-105.45,27.61,46.0,1,48.62,Fair
0.445,-99.05,-78.95,-19.5,1.02,-103.94,20.56,32.0,1,41.29,Fair
0.357,-92.23,-75.92,-16.17,1.84,-100.74,34.41,41.0,4,40.34,Fair
0.118,-84.34,-68.46,-14.94,19.82,-109.66,9.67,23.0,4,64.53,Good
0.19,-82.2,-61.8,-18.66,9.52,-96.32,77.24,71.0,2,42.81,Fair
0.428,-94.56,-83.84,-10.58,5.89,-106.77,20.27,33.0,0,48.09,Fair
0.888,-98.52,-82.94,-15.22,-2.67,-99.29,40.1,51.0,0,33.77,Poor
0.63,-98.39,-76.16,-19.5,7.7,-110.54,8.41,26.0,2,40.82,Fair
0.363,-93.97,-75.08,-18.34,0.51,-98.44,43.84,44.0,2,40.88,Fair
0.202,-85.51,-69.79,-16.32,9.06,-99.07,50.78,49.0,0,48.04,Fair
0.204,-87.58,-73.18,-12.68,11.14,-101.76,28.3,46.0,5,51.59,Fair
0.952,-102.74,-82.22,-19.5,-7.93,-101.36,12.55,25.0,4,32.4,Poor
0.02,-69.62,-51.39,-18.61,23.82,-100.58,41.17,45.0,0,67.09,Good
1.99,-107.83,-90.48,-18.72,-10.0,-97.56,40.01,39.0,5,27.05,Poor
0.491,-100.53,-81.41,-18.82,-10.0,-86.23,84.49,67.0,4,12.76,Poor
0.514,-101.1,-82.6,-17.16,1.96,-111.37,7.99,25.0,2,31.11,Poor
0.02,-64.74,-46.48,-18.66,30.0,-110.06,7.37,23.0,0,70.22,Good
0.419,-89.0,-74.97,-13.52,2.84,-97.06,49.08,41.0,1,47.96,Fair
0.298,-97.24,-82.32,-14.61,0.29,-102.14,23.69,31.0,5,44.88,Fair
0.05,-80.88,-60.64,-19.5,19.28,-106.35,35.5,33.0,0,53.28,Fair
0.147,-82.81,-63.13,-19.5,19.95,-105.54,14.68,30.0,4,53.89,Fair
0.995,-101.83,-82.68,-19.15,3.43,-110.77,14.05,19.0,2,33.82,Poor
0.359,-92.43,-76.19,-16.16,9.81,-106.39,28.72,34.0,2,50.64,Fair
0.24,-88.06,-67.76,-19.5,18.78,-109.75,7.77,29.0,1,51.12,Fair
0.034,-75.83,-58.95,-17.82,9.76,-92.44,71.22,61.0,1,45.49,Fair
0.563,-97.71,-75.81,-19.5,-3.58,-99.01,29.31,43.0,3,25.63,Poor
0.546,-97.75,-81.99,-14.81,-10.0,-91.37,73.66,63.0,2,34.49,Poor
0.428,-100.09,-83.67,-16.61,-5.55,-96.55,48.2,43.0,3,32.03,Poor
0.321,-92.9,-75.36,-17.59,-3.83,-95.4,72.78,73.0,4,24.17,Poor
0.256,-87.25,-66.7,-19.5,7.18,-98.26,54.42,48.0,2,49.38,Fair
0.405,-97.5,-79.61,-17.88,-10.0,-89.78,84.46,70.0,1,25.57,Poor
0.12,-85.02,-66.9,-17.35,9.58,-98.62,48.93,62.0,3,45.25,Fair
1.276,-105.29,-88.47,-17.61,-10.0,-90.38,67.96,79.0,3,18.79,Poor
0.4,-97.2,-78.4,-19.21,-10.0,-91.94,64.45,49.0,1,20.0,Poor
0.168,-85.84,-68.05,-18.79,5.43,-95.2,45.16,41.0,2,37.6,Fair
0.269,-95.34,-79.69,-17.05,4.16,-109.05,8.89,32.0,3,40.57,Fair
0.737,-96.03,-77.65,-17.97,-2.78,-101.44,49.19,60.0,5,32.63,Poor
0.079,-79.59,-61.14,-17.62,4.94,-92.94,44.19,45.0,3,44.16,Fair
0.156,-91.66,-66.61,-19.5,-0.72,-95.06,68.47,48.0,2,30.16,Poor
0.512,-91.41,-75.24,-16.68,6.5,-103.38,42.11,42.0,0,39.88,Fair
0.171,-88.02,-72.53,-15.76,9.1,-102.94,33.3,43.0,2,50.77,Fair
0.708,-103.9,-85.06,-19.5,-10.0,-93.82,58.1,57.0,0,24.4,Poor
0.063,-75.69,-60.67,-15.16,10.7,-91.0,66.89,65.0,2,51.14,Fair
0.647,-98.26,-83.48,-16.15,-2.8,-100.07,33.5,37.0,2,38.93,Fair
0.032,-81.42,-67.73,-15.11,2.66,-90.64,70.02,59.0,1,40.94,Fair
0.02,-72.55,-56.87,-15.74,9.6,-86.11,81.92,60.0,5,34.91,Poor
1.028,-103.13,-87.38,-14.73,-1.73,-107.82,15.31,22.0,1,42.46,Fair
0.392,-104.52,-90.37,-14.47,-10.0,-97.26,52.15,57.0,2,26.63,Poor
0.195,-89.51,-72.26,-15.41,3.09,-97.16,37.27,30.0,3,42.28,Fair
0.119,-84.96,-74.06,-10.23,13.47,-100.47,37.88,37.0,0,60.68,Good
0.432,-101.46,,-19.5,-0.59,-104.69,17.38,31.0,2,41.63,Fair
0.32,-93.05,-76.72,-14.42,1.99,-96.25,17.57,30.0,4,47.76,Fair
2.151,-110.63,-93.85,-18.62,,-100.61,28.21,33.0,7,11.89,Poor
1.839,-114.06,-94.3,-19.02,-10.0,-99.81,49.46,40.0,1,12.64,Poor
0.454,-93.47,-74.36,-17.98,7.01,-103.24,10.2,21.0,2,36.19,Fair
0.263,-89.09,-72.98,-16.65,9.67,-103.0,26.71,39.0,1,52.96,Fair
0.304,-94.85,-75.49,-17.95,-7.34,-91.99,61.4,67.0,0,20.22,Poor
0.516,-99.07,-76.42,-19.5,-4.37,-101.1,54.12,56.0,2,24.81,Poor
0.048,-74.93,-59.97,-15.12,27.69,-109.06,8.87,25.0,3,70.59,Good
0.179,-89.91,-69.65,-19.5,7.53,-102.79,11.56,26.0,1,46.25,Fair
0.035,-82.9,-68.24,-15.06,10.69,-99.71,55.54,55.0,0,47.57,Fair
0.034,-73.0,-51.48,-19.5,15.73,-94.68,60.46,59.0,3,47.1,Fair
0.098,-87.17,-71.31,-16.49,8.17,-96.78,48.21,52.0,3,39.51,Fair
0.299,-95.1,-79.35,-16.09,12.86,-111.22,17.66,31.0,1,51.99,Fair
0.691,-94.97,-73.53,-19.5,1.12,-100.63,33.27,45.0,6,28.76,Poor
0.299,-94.08,-73.92,-18.48,5.72,-105.83,14.37,37.0,0,37.9,Fair
0.184,-89.33,-73.37,-18.25,0.63,-93.34,58.05,68.0,4,35.34,Fair
0.039,-73.93,-55.55,-17.66,26.35,-105.41,27.68,33.0,1,68.7,Good
0.36,-93.12,-77.25,-16.63,6.41,-104.87,10.1,28.0,3,54.11,Fair
0.142,-90.81,-77.59,-12.12,0.93,-98.82,48.38,48.0,1,52.16,Fair
0.429,-96.92,-78.35,-17.7,1.75,-104.86,29.73,38.0,0,43.57,Fair
1.701,-108.48,-91.54,-17.78,-10.0,-95.83,41.34,48.0,4,21.14,Poor
0.053,-77.58,-62.41,-15.7,11.59,-96.09,48.8,49.0,4,53.99,Fair
0.107,-83.53,-61.62,-19.5,9.97,-98.62,53.61,47.0,1,46.56,Fair
0.288,-82.88,-67.61,-14.45,15.54,-106.13,28.46,40.0,2,52.34,Fair
1.558,-112.56,-94.13,-18.39,-10.0,-97.16,55.22,70.0,4,10.45,Poor
0.665,-96.55,-75.31,-19.5,-6.04,-94.31,51.56,44.0,0,28.68,Poor
1.028,-99.52,-82.29,-17.72,-8.47,-96.37,41.65,39.0,4,26.87,Poor
0.183,-87.31,-71.51,-15.02,0.97,-93.07,81.49,68.0,0,43.3,Fair
2.175,-113.35,-94.46,-17.94,-10.0,-106.61,27.75,31.0,1,17.24,Poor
0.049,-71.29,-51.92,-19.5,20.32,-94.13,57.17,59.0,5,54.09,Fair
0.024,-80.9,-60.27,-19.5,19.75,-102.47,6.45,22.0,3,59.31,Good
0.871,-105.54,-81.93,-19.5,-10.0,-95.63,61.83,60.0,3,16.65,Poor
1.179,-100.75,-84.13,-16.18,-0.8,-103.31,7.05,19.0,2,30.87,Poor
0.043,-78.3,-59.71,-18.63,17.35,-97.8,42.51,50.0,2,57.35,Good
0.054,-72.45,-58.26,-13.74,30.0,-112.7,13.87,25.0,3,73.88,Good
0.02,-76.49,-56.49,-19.5,10.17,-91.01,89.74,60.0,1,46.5,Fair
0.05,-82.54,-63.99,-16.87,12.21,-100.01,42.12,44.0,2,44.7,Fair
0.106,-86.69,-69.23,-16.63,7.67,-99.76,28.94,39.0,0,40.82,Fair
1.579,-106.3,-90.16,-16.11,-7.17,-104.8,15.69,27.0,4,32.58,Poor
0.496,-98.82,,-15.57,-8.07,-97.42,36.92,48.0,2,34.67,Poor
0.678,-102.6,-83.9,-16.85,-7.99,-100.35,47.25,54.0,4,20.68,Poor
0.674,-94.9,-79.8,-15.55,-3.3,-94.96,66.8,61.0,6,27.69,Poor
0.345,-88.72,-71.64,-17.3,7.51,-102.44,28.45,42.0,1,52.5,Fair
0.719,-102.8,-84.75,-17.25,-10.0,-94.39,67.4,56.0,6,21.18,Poor
0.408,-103.07,-89.68,-15.2,-7.01,-99.91,33.76,46.0,3,31.54,Poor
0.17,-97.29,-82.44,-15.39,2.32,-105.73,20.69,39.0,4,42.67,Fair
0.371,-94.44,-78.42,-16.75,-0.11,-99.65,36.01,43.0,2,40.73,Fair
0.343,-92.11,-69.41,-19.5,,-96.62,44.78,46.0,2,31.87,Poor
0.78,-101.61,-86.1,-16.65,-10.0,-94.75,52.9,45.0,0,26.1,Poor
1.801,-109.4,,-18.77,-10.0,-93.61,63.36,63.0,4,13.6,Poor
0.238,-94.79,-79.92,-13.13,0.32,-98.35,52.34,55.0,2,37.75,Fair
0.649,-97.63,-81.96,-13.83,-8.71,-98.23,38.77,43.0,3,35.83,Fair
0.047,-70.97,-57.29,-12.13,30.0,-117.3,7.2,27.0,3,78.14,Excellent
0.675,-109.47,-89.45,-19.5,-10.0,-94.25,70.6,56.0,1,9.0,Poor
0.209,-90.75,-76.73,-14.21,6.3,-103.47,40.31,49.0,4,45.0,Fair
0.02,-74.33,-53.6,-19.5,19.27,-99.76,39.24,47.0,4,53.36,Fair
0.203,-96.16,-76.76,-17.61,-0.62,-101.67,35.64,46.0,4,38.83,Fair
0.424,-101.1,-83.32,-17.22,-10.0,-91.35,60.36,55.0,2,23.01,Poor
0.057,-77.77,-56.95,-19.5,21.59,-103.31,35.17,47.0,4,53.72,Fair
1.16,-103.68,-76.37,-19.5,-10.0,-86.76,77.38,68.0,2,21.02,Poor
0.036,-69.61,-50.18,-19.5,25.15,-101.18,41.14,40.0,2,61.41,Good
1.197,-105.53,-90.89,-14.76,-10.0,-100.89,29.46,35.0,4,28.92,Poor
0.553,-105.9,-83.43,-19.5,-8.09,-100.58,32.77,40.0,2,29.31,Poor
0.18,-90.11,-71.55,-18.29,7.03,-103.37,21.21,30.0,2,48.22,Fair
0.223,-96.55,-72.22,-19.5,-3.75,-97.84,56.16,60.0,3,25.12,Poor
0.608,-104.51,-88.03,-16.18,-8.41,-96.9,43.39,52.0,0,25.44,Poor
0.414,-94.04,-72.19,-19.5,-6.03,-94.06,63.17,54.0,3,23.57,Poor
0.501,-97.24,-79.24,-17.94,4.83,-105.4,33.1,32.0,1,43.0,Fair
0.222,-88.61,-62.64,-19.5,-5.37,-88.66,87.78,78.0,2,22.31,Poor
0.301,-95.03,-77.88,-17.4,-9.61,-93.76,42.53,56.0,2,26.39,Poor
2.066,-107.15,-80.14,-19.5,-9.31,-99.83,54.37,57.0,3,17.16,Poor
0.108,-86.43,-67.11,-19.5,17.17,-109.83,29.41,34.0,3,46.27,Fair
0.243,-87.3,-66.76,-19.5,15.94,-106.57,15.61,32.0,2,43.95,Fair
0.155,-86.5,-63.4,-19.5,10.97,-101.4,30.27,41.0,2,42.95,Fair
0.652,-101.12,-85.49,-16.83,-5.39,-96.39,21.82,29.0,2,32.28,Poor
0.65,-99.42,-78.51,-19.5,-1.48,-103.91,24.36,43.0,1,29.8,Poor
0.156,-87.97,-70.85,-18.06,8.01,-99.38,48.69,41.0,1,43.27,Fair
0.038,-69.48,-51.03,-17.11,24.82,-99.46,48.2,41.0,1,65.73,Good
0.02,-69.46,-51.21,-18.96,29.19,-104.97,22.44,41.0,2,66.5,Good
0.251,-92.03,-72.32,-19.5,-1.18,-98.97,46.47,57.0,1,30.77,Poor
0.238,-92.51,-72.92,-19.5,5.97,-106.36,6.82,25.0,3,50.82,Fair
2.005,-106.67,-90.4,-15.95,-5.62,-103.63,15.32,28.0,7,33.49,Poor
0.286,-90.31,-71.94,-17.72,2.4,-98.18,32.95,43.0,4,44.48,Fair
0.133,-87.66,-76.66,-11.71,8.98,-106.7,16.84,24.0,2,53.27,Fair
0.998,-108.62,-87.65,-19.5,-10.0,-89.07,69.4,66.0,1,13.17,Poor
0.304,-97.29,-74.21,-19.5,-9.69,-93.3,49.14,49.0,1,23.48,Poor
0.411,-97.04,-78.47,-18.22,3.22,-106.24,20.9,30.0,1,43.28,Fair
0.045,-71.91,-58.72,-11.95,14.12,-90.84,49.23,50.0,0,65.9,Good
0.217,-91.78,-71.55,-19.5,-5.43,-93.77,64.92,57.0,1,29.53,Poor
1.299,-108.65,-92.95,-17.03,-10.0,-98.03,51.2,55.0,4,23.96,Poor
0.401,-103.12,-84.57,-19.14,-10.0,-97.42,30.58,41.0,3,22.11,Poor
0.19,-83.57,-63.51,-19.02,8.7,-94.81,52.86,49.0,1,42.48,Fair
0.442,-94.66,-75.02,-19.5,3.25,-99.03,29.81,40.0,3,32.22,Poor
1.086,-101.54,-80.3,-19.5,-0.25,-105.84,13.69,23.0,1,35.06,Fair
0.144,-83.39,-64.95,-18.76,10.14,-96.2,40.07,47.0,5,47.4,Fair
0.317,-94.7,-76.17,-18.07,5.51,-101.61,25.53,32.0,2,41.36,Fair
1.434,-106.8,-86.59,-19.25,-9.49,-105.56,31.72,33.0,2,21.22,Poor
0.085,-76.75,-58.96,-18.4,25.56,-108.61,12.08,25.0,3,67.45,Good
0.572,-98.45,-82.51,-14.32,4.48,-108.09,17.66,33.0,0,48.63,Fair
0.429,-94.32,-74.96,-19.5,4.96,-103.87,32.58,,1,39.43,Fair
0.512,-94.73,-80.11,-14.38,-0.15,-101.48,11.73,25.0,4,37.98,Fair
0.195,-87.26,-69.5,-18.32,0.7,-95.29,46.68,51.0,0,41.21,Fair
0.17,-89.15,-75.28,-13.27,7.21,-99.32,46.93,40.0,3,52.09,Fair
0.519,-98.45,-82.12,-14.41,-10.0,-90.26,70.2,49.0,3,24.26,Poor
0.109,-81.74,-65.28,-17.36,15.91,-102.14,25.45,17.0,2,51.28,Fair
0.245,-88.71,-73.66,-15.29,12.17,-107.51,13.5,30.0,2,52.49,Fair
0.094,-78.86,,-19.5,25.69,-108.96,0.94,21.0,2,62.69,Good
0.02,-68.24,-47.19,-19.5,30.0,-104.55,19.34,34.0,2,74.33,Good
1.579,-105.59,-83.64,-19.5,-10.0,-99.25,34.84,39.0,3,26.48,Poor
0.254,-93.93,-76.49,-16.59,-8.66,-92.02,77.4,64.0,1,24.25,Poor
1.568,-110.24,-93.54,-16.5,-10.0,-98.73,56.93,51.0,6,15.84,Poor
0.068,-77.66,-57.25,-19.5,29.1,-110.77,19.87,28.0,2,59.74,Good
0.398,-98.32,,-18.99,-9.75,-91.92,67.72,66.0,4,28.64,Poor
0.101,-84.25,-65.88,-19.5,10.37,-97.69,47.78,42.0,2,48.89,Fair
0.702,-95.43,-85.06,-11.84,-8.16,-95.52,30.49,41.0,3,37.2,Fair
0.689,-95.89,-75.63,-19.03,-1.26,-104.81,10.59,23.0,3,36.39,Fair
0.054,-77.56,-57.69,-19.5,21.93,-106.73,15.53,21.0,2,63.94,Good
1.094,-105.97,-87.99,-19.25,-10.0,-91.12,71.86,66.0,2,16.19,Poor
0.097,-84.35,-63.91,-19.23,16.47,-104.43,9.66,22.0,3,54.43,Fair
0.427,-93.16,-73.36,-19.15,-1.94,-94.57,62.37,61.0,2,32.14,Poor
1.909,-109.77,-93.86,-17.6,-6.54,-107.62,18.97,43.0,3,28.72,Poor
0.963,-105.92,-88.58,-16.96,-1.19,-105.42,33.77,45.0,2,27.47,Poor
1.411,-102.14,-87.16,-14.3,-4.54,-100.39,24.61,34.0,0,37.42,Fair
0.189,-88.84,-66.45,-19.5,-10.0,-84.86,85.46,58.0,5,17.15,Poor
0.05,-80.5,-59.56,-19.5,10.66,-97.37,56.71,50.0,1,37.08,Fair
0.094,-81.63,-66.07,-15.23,13.88,-100.62,34.47,43.0,3,56.47,Good
0.312,-90.04,-70.18,-19.1,5.0,-99.19,49.05,41.0,1,34.9,Poor
0.709,-105.06,-86.22,-18.61,-10.0,-84.7,71.47,56.0,4,18.34,Poor
0.073,-82.21,-66.27,-18.44,18.82,-107.07,16.81,27.0,3,64.45,Good
0.485,-98.72,-80.35,-19.5,-10.0,-90.62,73.01,60.0,2,22.45,Poor
0.176,-87.15,-66.57,-19.5,0.59,-91.04,63.71,47.0,0,32.72,Poor
0.188,-86.99,-66.17,-19.5,3.6,-97.32,41.37,40.0,0,43.44,Fair
0.488,-99.99,-75.0,-19.5,-3.72,-99.95,32.13,32.0,4,27.64,Poor
0.283,-99.04,-80.76,-19.25,-10.0,-92.51,75.6,68.0,1,17.27,Poor
0.752,-97.41,-80.12,-16.75,-5.24,-94.77,51.39,45.0,2,31.49,Poor
0.076,-86.24,-66.55,-18.84,11.37,-100.8,23.91,36.0,2,48.29,Fair
0.702,-99.86,-82.41,-16.6,-4.67,-102.06,25.71,36.0,1,37.96,Fair
0.03,-74.32,-58.08,-18.51,19.13,-97.15,68.97,60.0,0,52.59,Fair
0.097,-83.18,-67.96,-15.91,,-111.72,13.81,30.0,1,61.35,Good
0.48,-91.05,-83.33,-7.16,7.18,-104.43,19.95,30.0,0,56.22,Good
0.869,-90.63,-70.43,-19.5,11.09,-109.08,20.27,33.0,2,45.95,Fair
0.131,-92.95,-79.86,-11.16,7.39,-105.07,21.67,44.0,4,56.33,Good
0.178,-85.14,-69.78,-14.38,4.67,-92.65,53.79,36.0,0,38.9,Fair
0.347,-95.45,,-18.34,-5.99,-92.49,66.34,49.0,7,27.71,Poor
0.107,-80.47,-63.44,-18.53,18.06,-105.57,32.73,42.0,1,54.58,Fair
0.75,-97.68,-73.24,-19.5,7.65,-109.26,18.01,35.0,1,40.21,Fair
0.669,-94.88,-81.4,-14.87,-7.03,-93.05,53.81,54.0,4,27.79,Poor
0.071,-79.96,-55.25,-19.5,18.34,-101.13,35.48,43.0,2,58.59,Good
0.28,-96.55,-74.41,-19.5,-0.6,-102.22,18.4,27.0,2,37.95,Fair
0.671,-96.84,-76.11,-19.5,-0.21,-98.48,47.18,44.0,3,30.61,Poor
0.185,-88.93,-66.61,-19.5,11.83,-108.3,31.16,35.0,0,52.19,Fair
0.451,-98.04,-78.83,-19.5,2.91,-103.36,3.1,18.0,4,37.52,Fair
0.023,-73.58,-60.68,-12.45,27.75,-104.29,25.11,32.0,0,71.98,Good
0.422,-92.51,-72.96,-19.5,2.21,-99.46,56.12,52.0,3,28.28,Poor
0.075,-75.15,-61.59,-14.61,12.95,-97.58,39.38,39.0,1,52.97,Fair
0.799,-106.84,-90.43,-16.73,-9.7,-101.27,21.14,30.0,6,25.01,Poor
0.198,-87.47,-69.71,-18.07,4.98,-96.59,35.51,44.0,0,38.02,Fair
0.149,-89.0,-73.73,-14.43,6.13,-99.5,46.14,43.0,2,50.06,Fair
0.827,-108.23,-87.39,-19.5,-10.0,-100.82,55.49,30.0,3,18.63,Poor
0.023,-71.07,-53.71,-16.97,23.15,-102.84,20.81,45.0,1,62.56,Good
0.227,-94.5,-75.28,-18.43,0.09,-101.23,30.27,34.0,1,35.38,Fair
0.208,-96.71,-78.74,-17.97,-7.76,-95.62,67.9,73.0,0,24.3,Poor
0.151,-90.75,-72.38,-19.04,2.99,-97.66,55.36,49.0,4,33.31,Poor
1.092,-108.89,-93.55,-13.97,-10.0,-93.49,72.76,60.0,1,18.52,Poor
0.626,-102.53,-88.05,-13.22,-10.0,-94.95,54.11,48.0,3,26.15,Poor
0.03,-79.05,-61.51,-16.54,17.03,-102.54,27.3,35.0,1,56.87,Good
0.564,-100.63,-85.53,-13.05,-10.0,-92.54,62.3,53.0,7,29.87,Poor
0.337,-97.44,-75.26,-19.5,6.23,-108.29,23.46,36.0,0,39.82,Fair
1.04,-102.85,-88.98,-13.5,-9.93,-97.74,44.84,49.0,1,26.19,Poor
0.169,-86.23,-61.22,-19.5,10.46,-102.86,26.93,47.0,0,43.28,Fair
0.384,-94.67,-75.77,-18.55,-2.46,-100.64,11.56,26.0,3,37.1,Fair
0.313,-94.87,-76.66,-17.38,-2.69,-97.06,57.75,58.0,0,24.41,Poor
0.303,-94.7,-78.32,-17.67,2.22,-98.53,49.02,38.0,1,42.32,Fair
0.274,-96.14,-76.17,-19.5,1.02,-103.6,18.03,31.0,3,33.53,Poor
0.104,-87.64,-70.25,-17.75,3.65,-98.52,43.76,56.0,1,36.86,Fair
0.634,-97.24,-78.34,-17.54,0.56,-107.36,44.02,50.0,2,30.08,Poor
0.27,-99.7,-79.18,-19.26,1.71,-107.17,20.59,26.0,1,30.99,Poor
1.432,-107.45,-87.44,-19.5,-10.0,-93.62,59.65,,3,21.97,Poor
0.136,-88.03,-66.31,-19.5,4.54,-96.31,62.21,58.0,0,29.58,Poor
0.517,-95.88,-76.27,-19.5,-3.12,-98.08,44.28,38.0,1,25.0,Poor
1.271,-111.79,-96.65,-14.56,-10.0,-94.79,42.92,51.0,5,24.47,Poor
0.49,-97.77,-86.01,-10.04,6.92,-110.08,17.34,18.0,4,58.91,Good
0.923,-101.94,-83.3,-18.41,-5.19,-103.9,19.52,37.0,4,39.04,Fair
0.791,-109.59,-90.91,-19.5,-10.0,-102.56,40.23,38.0,1,19.81,Poor
0.201,-94.4,-70.62,-19.5,-6.46,-93.18,60.53,47.0,2,22.53,Poor
0.412,-96.7,-79.04,-17.47,-9.31,-89.19,52.33,62.0,1,34.12,Poor
0.076,-79.73,-60.6,-19.5,12.43,-97.41,68.77,63.0,3,42.29,Fair
0.345,-94.05,-73.72,-19.5,15.9,-112.01,18.99,33.0,2,46.07,Fair
0.118,-83.26,-63.72,-19.31,9.91,-99.37,64.09,58.0,1,40.93,Fair
0.613,-104.08,-83.54,-19.5,-10.0,-91.13,53.14,70.0,1,18.68,Poor
0.338,-100.96,-85.41,-15.75,-10.0,-97.66,69.66,73.0,0,26.72,Poor
0.238,-91.24,-76.17,-13.9,10.56,-104.67,28.36,45.0,2,50.15,Fair
0.141,-91.96,-74.8,-18.22,5.02,-99.48,32.62,39.0,2,36.02,Fair
2.99,-116.98,-105.5,-13.82,-10.0,-106.16,10.87,25.0,7,27.2,Poor
0.033,-71.02,-53.14,-17.07,19.82,-95.76,62.38,59.0,0,51.42,Fair
0.02,-69.71,,-15.86,24.46,-94.77,58.81,57.0,3,58.05,Good
0.11,-87.2,-68.23,-18.02,2.68,-95.06,50.36,47.0,2,40.4,Fair
1.594,-110.85,-93.64,-17.39,-9.45,-104.93,24.28,32.0,2,28.35,Poor
1.744,-106.35,-91.4,-13.02,-9.24,-101.02,39.76,46.0,4,33.47,Poor
0.479,-96.77,-74.84,-19.5,-7.04,-92.64,65.06,73.0,1,21.22,Poor
0.955,-108.46,-90.22,-18.66,-10.0,-95.4,40.03,41.0,3,23.47,Poor
0.108,-92.57,-71.98,-19.5,5.37,-103.76,30.53,35.0,1,39.55,Fair
1.61,-100.61,-82.06,-17.59,-4.81,-103.85,32.28,33.0,4,39.92,Fair
0.069,-85.83,-66.44,-18.97,16.17,-105.54,14.29,33.0,0,53.31,Fair
0.048,-75.69,-61.77,-14.54,24.48,-105.25,23.24,36.0,0,67.28,Good
0.054,-72.69,-50.86,-19.5,26.68,-105.07,18.87,33.0,1,66.63,Good
0.383,-95.1,-74.46,-19.5,-1.31,-98.73,41.66,42.0,2,30.77,Poor
0.683,-103.11,-85.16,-17.63,-10.0,-99.62,68.39,69.0,2,19.76,Poor
0.206,-96.0,-77.14,-17.49,-1.53,-100.63,58.1,54.0,3,30.55,Poor
1.715,-114.45,-93.44,-19.5,-10.0,-102.22,50.06,52.0,2,17.98,Poor
0.256,-90.71,-73.82,-16.81,3.73,-99.85,41.37,44.0,0,46.69,Fair
0.073,-75.62,-62.37,-13.85,24.23,-105.83,28.54,39.0,1,70.8,Good
0.282,-94.63,-77.69,-16.41,-4.37,-95.04,53.87,58.0,2,30.31,Poor
0.511,-100.41,-81.96,-19.5,-10.0,-93.45,55.24,52.0,2,23.3,Poor
0.803,-99.32,-81.42,-18.52,-10.0,-93.63,63.12,,4,25.18,Poor
0.276,-95.6,-73.65,-19.5,-10.0,-90.27,48.22,54.0,0,26.9,Poor
0.405,-95.08,,-14.79,3.14,-103.5,18.39,33.0,3,47.06,Fair
0.14,-86.82,-71.32,-16.92,12.81,-107.07,12.16,33.0,1,45.24,Fair
0.467,-99.05,-84.22,-13.2,1.53,-102.43,23.94,27.0,2,40.8,Fair
1.92,-109.73,-90.45,-17.28,-7.31,-105.36,21.27,35.0,6,30.4,Poor
0.023,-64.42,-51.0,-13.46,23.37,-92.62,63.12,56.0,1,63.23,Good
0.979,-101.41,-81.18,-19.5,-6.92,-101.55,33.34,44.0,3,35.12,Fair
0.372,-91.06,-75.86,-14.19,,-109.74,34.09,40.0,2,51.26,Fair
0.131,-90.07,-74.39,-14.53,3.14,-98.05,41.8,63.0,0,36.01,Fair
1.394,-102.51,-79.2,-19.5,-4.66,-101.52,31.48,43.0,3,28.94,Poor
0.297,-90.93,-69.24,-19.5,-4.94,-95.74,52.33,54.0,3,30.92,Poor
0.181,-95.22,-76.86,-18.67,-4.83,-96.07,36.82,42.0,0,28.63,Poor
0.09,-81.03,-66.97,-14.17,12.21,-97.5,37.22,46.0,0,52.85,Fair
0.126,-88.14,-64.1,-19.5,-0.2,-94.2,68.08,51.0,1,34.46,Poor
0.805,-108.31,-90.9,-17.83,-10.0,-96.44,63.17,52.0,4,14.86,Poor
0.429,-96.15,-77.4,-19.37,0.97,-106.77,15.95,38.0,1,34.5,Poor
1.1,-102.68,-81.94,-19.5,-7.56,-100.34,34.24,51.0,2,25.32,Poor
0.119,-84.96,-72.85,-11.02,7.39,-98.17,63.1,58.0,5,47.99,Fair
0.058,-79.87,-63.79,-15.82,18.84,-99.42,47.25,47.0,2,53.28,Fair
0.02,-71.77,-53.97,-16.17,30.0,-106.72,12.6,29.0,2,80.5,Excellent
0.319,-84.24,-65.85,-19.5,20.32,-108.99,24.61,38.0,2,52.86,Fair
2.872,-117.9,-103.81,-14.93,-10.0,-104.63,39.29,41.0,3,12.27,Poor
0.534,-95.08,,-18.64,-3.32,-95.53,56.73,47.0,5,20.56,Poor
0.166,-88.39,-70.29,-17.57,10.27,-104.71,26.31,35.0,2,47.34,Fair
0.942,-106.91,-83.91,-19.5,-10.0,-95.39,47.46,44.0,1,19.87,Poor
0.685,-100.92,-79.92,-19.5,0.07,-104.6,11.65,23.0,0,35.94,Fair
0.02,-76.02,-58.82,-16.72,27.71,-108.59,8.68,22.0,2,70.34,Good
0.764,-104.05,-86.64,-18.76,-4.23,-106.13,32.55,38.0,2,25.77,Poor
0.161,-88.37,-67.33,-19.5,8.71,-99.82,44.91,32.0,0,44.66,Fair
0.073,-87.58,-68.73,-16.71,9.51,-103.12,24.5,25.0,1,52.41,Fair
0.115,-83.3,-69.41,-13.79,13.11,-102.32,38.24,37.0,4,55.91,Good
0.284,-96.97,-72.69,-19.5,-3.79,-99.15,36.85,42.0,6,29.06,Poor
0.249,-97.76,-82.73,-13.58,-3.86,-97.2,58.03,44.0,2,31.96,Poor
0.153,-92.1,-66.66,-19.5,-4.75,-91.43,74.0,63.0,1,28.31,Poor
0.085,-73.99,-54.71,-19.5,19.66,-98.47,34.36,39.0,2,58.22,Good
0.646,-108.14,-92.04,-14.57,-10.0,-103.05,36.71,42.0,3,15.36,Poor
2.077,-108.61,-97.71,-12.16,-6.68,-106.68,11.52,39.0,4,29.62,Poor
0.677,-103.63,-83.3,-18.78,-10.0,-88.78,77.09,57.0,3,15.82,Poor
0.158,-89.42,-76.07,-14.56,6.91,-101.5,30.99,42.0,1,48.98,Fair
0.126,-83.68,-64.61,-18.79,12.5,-98.75,32.89,50.0,0,43.52,Fair
0.11,-82.72,-58.92,-19.5,9.01,-97.07,58.19,54.0,2,41.1,Fair
0.066,-83.26,-68.68,-15.09,19.88,-106.95,13.9,34.0,3,63.41,Good
0.361,-100.6,-80.38,-19.5,1.16,-108.87,15.97,26.0,0,33.83,Poor
0.418,-93.96,-78.4,-16.3,9.42,-107.34,18.55,34.0,1,45.69,Fair
0.55,-96.62,-75.22,-19.5,-0.24,-98.76,57.16,70.0,2,27.88,Poor
0.513,-99.36,-81.16,-19.28,6.61,-109.61,11.33,27.0,6,43.6,Fair
0.156,-86.13,-68.19,-16.95,7.62,-100.36,37.34,47.0,3,45.26,Fair
0.18,-90.96,-69.34,-19.5,2.65,-102.42,51.72,39.0,4,34.85,Poor
0.515,-101.56,-81.68,-19.5,-7.38,-99.89,48.72,42.0,1,15.61,Poor
0.193,-89.76,-74.18,-13.9,1.13,-97.84,45.09,41.0,0,39.12,Fair
0.108,-82.64,-59.28,-19.5,11.56,-96.45,49.77,53.0,3,50.45,Fair
0.211,-89.29,-75.9,-11.43,1.95,-96.36,56.76,57.0,2,44.0,Fair
0.143,-85.12,-66.3,-17.72,3.48,-94.84,56.42,59.0,1,45.83,Fair
0.042,-79.63,-64.1,-13.55,13.92,-99.48,36.49,28.0,2,55.16,Good
0.798,-95.72,-82.18,-14.69,2.91,-101.44,28.79,36.0,1,42.03,Fair
0.863,-104.1,-89.5,-13.45,-2.6,-105.3,18.78,34.0,6,38.55,Fair
0.112,-85.51,-67.66,-18.83,17.03,-104.99,32.37,54.0,1,49.06,Fair
0.03,-79.14,-60.09,-17.12,7.79,-91.9,70.15,64.0,2,46.51,Fair
0.604,-100.41,-79.24,-19.5,-6.78,-96.76,27.25,31.0,2,34.62,Poor
0.107,-82.54,-60.11,-19.5,2.85,-91.57,62.74,59.0,3,38.62,Fair
0.225,-88.03,-69.2,-18.69,14.53,-103.72,17.45,35.0,0,55.01,Good
0.03,-67.53,-50.86,-15.18,14.85,-87.86,68.11,59.0,0,53.34,Fair
0.115,-83.24,-62.12,-19.5,22.33,-106.04,16.36,34.0,1,57.79,Good
0.709,-99.91,-83.76,-16.59,-3.23,-104.06,27.78,31.0,0,27.79,Poor
0.734,-103.11,-89.9,-14.07,-7.99,-99.12,56.61,53.0,2,23.6,Poor
0.104,-87.11,-66.29,-19.5,13.95,-105.75,23.4,20.0,2,45.69,Fair
0.184,-85.47,-63.5,-19.5,10.75,-100.67,42.82,32.0,2,43.87,Fair
0.065,-76.57,-61.03,-16.08,15.5,-102.55,13.46,25.0,2,57.78,Good
0.035,-79.36,-55.47,-19.5,29.39,-113.07,16.94,28.0,0,65.89,Good
2.183,-107.89,-88.14,-19.5,-5.78,-108.19,12.44,27.0,6,25.96,Poor
0.48,-95.04,-75.73,-19.19,-4.75,-96.69,65.89,53.0,1,30.39,Poor
0.351,-99.4,-82.95,-14.86,-7.48,-95.37,68.6,72.0,2,27.62,Poor
0.653,-98.14,-77.09,-19.5,-0.23,-105.9,14.45,32.0,1,31.41,Poor
0.825,-106.54,-93.11,-15.17,-8.05,-99.29,56.42,45.0,1,24.92,Poor
0.74,-111.11,-94.13,-18.64,-7.57,-107.78,19.3,31.0,4,27.19,Poor
0.02,-71.08,-55.28,-17.89,23.89,-99.71,50.58,35.0,1,52.77,Fair
0.093,-82.44,-68.36,-12.89,11.02,-97.86,42.32,52.0,1,55.61,Good
0.479,-98.08,-77.49,-19.5,8.8,-110.69,21.95,32.0,3,45.32,Fair
0.212,-79.1,-60.08,-17.9,16.03,-98.05,48.67,43.0,2,46.98,Fair
1.82,-107.69,-87.28,-19.5,-10.0,-101.56,33.14,56.0,0,18.1,Poor
0.493,-97.28,-80.12,-17.81,-7.29,-94.05,50.36,54.0,1,26.57,Poor
1.411,-105.28,,-19.5,-8.94,-101.3,29.47,37.0,0,16.54,Poor
0.101,-85.96,-67.73,-19.5,7.85,-100.3,29.79,43.0,2,44.76,Fair
0.898,-99.35,-82.77,-17.14,-6.34,-94.63,54.33,51.0,1,26.5,Poor
0.174,-87.44,-71.36,-17.48,3.63,-96.62,65.04,53.0,2,39.72,Fair
2.053,-108.99,-96.94,-12.81,-9.29,-104.6,37.67,41.0,2,27.6,Poor
0.077,-84.36,-62.87,-19.5,14.07,-102.7,24.61,44.0,4,45.25,Fair
0.327,-100.57,-79.42,-19.5,-1.31,-104.53,22.07,29.0,1,43.11,Fair
0.708,-103.02,-76.24,-19.5,-4.79,-102.97,24.5,30.0,2,35.99,Fair
0.255,-91.04,-74.04,-18.07,,-94.45,47.83,44.0,2,35.39,Fair
0.284,-94.88,-78.88,-17.19,4.68,-106.24,14.81,30.0,1,45.93,Fair
1.932,-108.56,-95.66,-12.86,-10.0,-95.26,67.02,60.0,3,15.01,Poor
0.249,-92.9,-72.02,-19.5,9.15,-105.62,14.99,38.0,2,45.87,Fair
0.417,-94.7,-74.51,-19.5,3.72,-103.14,30.71,42.0,1,29.06,Poor
0.025,-76.29,-53.63,-19.5,17.58,-94.93,37.11,41.0,2,54.62,Fair
0.831,-101.63,-86.38,-13.95,-10.0,-95.7,30.46,36.0,1,28.08,Poor
0.47,-100.03,,-17.93,-1.4,-104.04,23.42,29.0,4,31.92,Poor
0.233,-97.53,-81.1,-16.26,-0.3,-102.52,32.81,40.0,0,38.67,Fair
0.02,-71.11,,-19.5,12.72,-87.78,79.98,58.0,4,44.24,Fair
0.403,-89.98,-70.37,-19.5,5.18,-103.48,13.27,21.0,0,42.53,Fair
0.02,-76.28,-62.95,-12.28,14.24,-98.76,41.33,64.0,2,57.93,Good
0.02,-69.97,-52.36,-17.76,28.12,-104.99,29.42,35.0,2,71.35,Good
0.431,-93.52,-81.36,-12.35,2.39,-98.98,48.74,40.0,1,50.46,Fair
0.094,-74.38,-59.87,-15.26,22.93,-101.39,36.73,37.0,2,63.57,Good
0.096,-85.7,-71.0,-13.67,18.02,-110.38,1.1,15.0,2,66.53,Good
0.477,-100.11,-84.03,-14.98,0.56,-105.34,37.06,49.0,3,34.45,Poor
0.025,-76.91,-59.7,-17.19,13.19,-97.52,37.93,50.0,4,54.37,Fair
0.169,-84.06,-65.56,-17.51,11.79,-97.86,30.95,42.0,0,50.73,Fair
0.073,-84.83,-66.49,-19.2,21.65,-107.79,5.23,27.0,0,64.84,Good
0.391,-97.34,-79.41,-19.0,-10.0,-87.15,81.93,75.0,2,18.66,Poor
0.488,-105.18,-86.18,-18.75,-10.0,-96.58,51.28,60.0,2,22.99,Poor
0.575,-95.67,-81.42,-13.2,-0.86,-98.78,53.25,38.0,3,33.21,Poor
0.133,-81.88,-63.66,-18.1,16.24,-105.44,18.51,20.0,0,56.24,Good
0.042,-73.3,-51.0,-19.5,26.84,-106.83,27.19,40.0,3,72.0,Good
0.037,-81.99,-64.49,-18.96,0.47,-88.28,75.41,61.0,0,29.84,Poor
0.25,-89.56,-70.08,-19.5,-8.24,-88.26,63.82,53.0,1,24.67,Poor
1.312,-113.06,-93.85,-19.5,-7.56,-108.56,19.81,34.0,3,25.3,Poor
0.11,-84.71,-64.13,-18.87,17.09,-105.14,13.94,26.0,3,57.33,Good
0.134,-85.76,-66.89,-18.15,12.01,-102.5,8.47,,0,49.3,Fair
0.048,-76.54,-56.0,-19.5,20.68,-103.82,24.7,36.0,1,55.06,Good
0.419,-94.32,-74.8,-18.95,-4.8,-95.49,39.72,39.0,2,25.88,Poor
0.513,-98.24,-78.27,-19.4,-7.61,-95.31,40.65,45.0,0,21.9,Poor
0.463,-105.19,-85.86,-19.5,-9.81,-99.73,47.14,47.0,5,21.67,Poor
0.888,-100.84,-85.86,-15.58,-4.65,-101.76,55.25,46.0,3,24.79,Poor
0.3,-93.18,-78.69,-15.17,-5.76,-93.95,59.4,51.0,4,29.79,Poor
0.065,-84.0,-67.06,-15.97,8.11,-99.4,37.11,54.0,2,43.83,Fair
0.154,-94.07,-71.41,-19.5,8.0,-103.95,30.58,42.0,5,37.24,Fair
0.489,-91.64,-74.15,-18.22,4.4,-99.2,23.23,35.0,1,32.11,Poor
0.427,-91.71,-72.78,-19.5,-6.56,-89.24,63.56,63.0,4,25.71,Poor
0.341,-91.85,-79.75,-14.61,-10.0,-81.81,86.3,79.0,4,24.13,Poor
0.517,-100.99,-82.41,-17.2,0.91,-106.57,10.82,32.0,1,32.86,Poor
0.456,-107.28,-89.02,-19.29,0.28,-108.36,9.32,24.0,4,34.57,Poor
0.959,-100.59,-90.61,-11.83,-2.71,-103.52,19.11,33.0,5,42.34,Fair
0.397,-94.53,,-19.5,-4.18,-93.85,49.84,41.0,2,31.4,Poor
0.679,-102.14,-89.1,-12.15,,-91.11,68.48,62.0,2,28.86,Poor
0.129,-81.76,-65.93,-15.94,14.32,-98.09,39.79,47.0,1,53.65,Fair
0.51,-94.78,-73.8,-19.5,9.51,-108.71,15.14,27.0,1,47.88,Fair
1.046,-103.7,-85.22,-18.3,-9.67,-97.42,37.41,46.0,5,33.1,Poor
0.219,-90.72,-74.07,-19.5,7.65,-100.08,44.18,60.0,1,38.69,Fair
0.68,-100.45,-84.06,-16.36,-10.0,-97.06,39.29,38.0,5,24.43,Poor
0.581,-96.57,-79.83,-17.57,-0.55,-100.98,49.33,51.0,2,38.12,Fair
0.028,-76.56,-58.08,-17.09,15.71,-97.61,29.59,39.0,0,61.02,Good
0.392,-94.18,-79.79,-14.3,6.66,-102.65,28.56,34.0,1,41.17,Fair
0.063,-83.77,-62.4,-19.5,13.37,-101.02,38.43,33.0,0,47.71,Fair
1.539,-102.41,-87.85,-14.42,-10.0,-92.06,69.7,62.0,3,26.39,Poor
0.751,-99.39,-86.57,-11.63,12.1,-112.16,2.04,22.0,1,55.93,Good
0.052,-81.29,-60.31,-19.5,19.02,-105.9,26.85,44.0,1,55.13,Good
0.058,-79.16,-62.47,-16.75,15.28,-100.42,55.91,51.0,1,43.7,Fair
0.406,-99.61,-81.4,-18.11,-7.38,-98.0,44.38,36.0,1,25.96,Poor
0.19,-83.62,-63.66,-19.5,7.11,-96.33,39.79,52.0,2,43.55,Fair
0.02,-63.95,-48.11,-16.38,26.91,-95.13,56.54,38.0,1,67.68,Good
0.351,-92.15,-73.74,-19.21,-0.42,-94.89,55.2,53.0,2,32.01,Poor
0.221,-84.69,-64.75,-19.5,13.59,-99.32,54.73,,1,50.43,Fair
0.048,-77.19,,-19.5,,-97.99,46.45,44.0,2,52.67,Fair
0.729,-98.21,-81.74,-16.88,-2.64,-100.98,37.67,39.0,2,38.16,Fair
1.11,-100.01,-83.4,-15.76,-1.73,-100.54,31.0,38.0,0,34.58,Poor
0.636,-100.1,-80.41,-19.5,-8.18,-96.73,69.97,62.0,1,24.21,Poor
0.778,-101.54,-82.92,-19.5,0.32,-105.9,20.97,28.0,2,31.79,Poor
0.11,-81.16,-63.57,-17.51,10.62,-97.91,46.5,42.0,2,46.62,Fair
0.138,-84.25,-61.48,-19.5,20.35,-109.08,19.32,36.0,1,55.26,Good
0.105,-87.55,-74.59,-13.1,0.9,-91.38,64.92,72.0,2,32.13,Poor
0.652,-109.04,-95.31,-13.98,-10.0,-97.27,45.65,42.0,2,25.25,Poor
1.33,-107.18,-94.2,-12.06,-9.97,-102.77,62.83,56.0,4,27.48,Poor
0.568,-107.49,-85.88,-19.5,-10.0,-98.24,61.82,71.0,4,10.4,Poor
0.96,-107.62,-88.07,-19.5,-9.62,-101.91,30.85,33.0,3,17.54,Poor
0.458,-100.74,-86.85,-15.14,,-90.41,51.72,46.0,1,27.08,Poor
0.221,-93.19,-75.56,-17.45,0.7,-98.09,40.76,42.0,0,33.95,Poor
0.25,-88.7,-70.78,-16.82,18.4,-111.26,31.78,43.0,0,51.05,Fair
0.035,-71.03,-59.66,-11.49,25.13,-100.57,47.4,57.0,1,69.93,Good
0.02,-68.41,-49.84,-19.5,24.9,-99.32,37.82,49.0,0,61.35,Good
0.535,-96.05,-81.59,-14.68,-1.67,-99.55,58.73,58.0,4,33.34,Poor
0.26,-89.7,-69.58,-19.5,5.37,-100.65,28.31,37.0,4,40.83,Fair
0.362,-105.17,-90.62,-14.36,-3.78,-103.06,26.74,46.0,1,34.36,Poor
0.367,-95.28,-76.62,-18.25,5.57,-104.24,5.92,27.0,0,43.59,Fair
0.146,-94.54,-72.66,-19.5,3.41,-105.53,29.21,26.0,0,42.09,Fair
0.291,-91.26,-70.34,-19.5,-3.58,-95.17,51.52,57.0,5,33.23,Poor
0.286,-101.54,-82.02,-19.1,-2.74,-101.32,27.13,42.0,4,29.42,Poor
0.221,-91.66,-73.9,-18.17,2.0,-100.27,15.02,23.0,2,36.09,Fair
0.773,-99.59,-86.09,-13.14,-5.49,-98.9,31.81,40.0,1,34.43,Poor
0.27,-97.13,-80.45,-15.28,1.05,-102.51,28.41,28.0,1,38.97,Fair
0.416,-92.57,-75.24,-14.84,13.17,-108.69,23.1,28.0,2,53.23,Fair
1.016,-102.12,-85.02,-17.33,0.07,-103.4,35.9,51.0,2,31.89,Poor
0.905,-101.62,-88.22,-13.76,-10.0,-91.13,68.65,70.0,2,22.9,Poor
0.995,-101.17,-81.87,-19.23,-3.22,-102.65,28.92,,3,28.95,Poor
0.142,-88.52,-74.06,-14.75,3.93,-97.34,37.43,56.0,0,49.97,Fair
0.02,-69.84,-47.2,-19.5,22.65,-99.35,55.12,57.0,3,61.48,Good
0.136,-86.7,-68.26,-19.46,7.61,-99.72,45.49,62.0,4,37.76,Fair
0.147,-87.46,-66.52,-19.5,2.51,-92.98,50.98,48.0,3,32.7,Poor
1.08,-107.37,-86.49,-19.5,-10.0,-97.03,48.3,57.0,0,24.63,Poor
0.471,-102.46,-78.22,-19.5,-4.46,-105.21,19.61,31.0,3,19.26,Poor
0.038,-77.25,-58.7,-18.76,16.0,-99.66,65.17,73.0,1,46.62,Fair
0.065,-82.02,-65.19,-17.08,20.65,-107.21,17.82,31.0,1,55.98,Good
0.076,-84.69,-67.81,-16.63,16.31,-107.05,20.75,47.0,0,57.83,Good
0.448,-93.64,-71.15,-19.5,-10.0,-85.4,79.62,62.0,2,21.75,Poor
0.598,-104.24,-90.2,-12.39,-9.49,-96.2,39.12,50.0,0,36.16,Fair
0.884,-103.62,-88.26,-16.24,-0.81,-106.18,16.58,38.0,2,31.28,Poor
1.271,-101.42,-82.71,-19.1,2.57,-107.61,7.99,24.0,3,37.36,Fair
0.101,-80.57,-63.03,-16.76,18.43,-101.71,29.2,40.0,2,55.04,Good
0.167,-83.63,-62.73,-19.5,2.74,-90.24,75.57,69.0,1,35.05,Fair
0.124,-88.28,-74.3,-14.94,0.15,-94.31,60.85,64.0,0,41.46,Fair
0.2,-86.93,-69.13,-17.55,10.62,-101.4,25.7,44.0,4,51.34,Fair
1.108,-109.15,-91.71,-16.83,-10.0,-103.28,27.76,42.0,4,23.65,Poor
0.385,-96.84,-82.06,-14.7,7.64,-108.58,24.02,33.0,1,47.18,Fair
0.603,-100.35,-79.71,-19.5,-6.45,-98.9,53.91,56.0,1,24.72,Poor
0.303,-95.96,-78.24,-19.16,-6.45,-92.96,66.62,71.0,3,16.36,Poor
0.02,-71.89,-54.29,-18.38,14.58,-90.87,55.8,58.0,2,50.91,Fair
0.03,-75.76,-60.23,-15.8,14.39,-94.18,47.23,50.0,2,59.18,Good
0.347,-98.77,-81.88,-17.64,1.11,-104.46,43.36,49.0,3,30.9,Poor
0.571,-95.72,-80.79,-15.76,8.38,-106.52,17.56,38.0,2,44.16,Fair
0.109,-85.57,-64.98,-19.5,7.95,-95.05,70.23,61.0,1,33.68,Poor
0.576,-98.42,-77.32,-19.5,-0.59,-99.25,37.65,41.0,4,31.23,Poor
0.749,-100.85,-77.8,-19.5,-10.0,-96.04,53.95,52.0,2,20.01,Poor
0.239,-91.38,-72.08,-18.27,-1.92,-93.43,68.94,68.0,2,22.0,Poor
0.617,-99.45,-82.47,-18.64,-4.78,-100.63,34.22,40.0,6,24.9,Poor
0.233,-92.6,-76.01,-16.82,0.91,-97.29,47.1,50.0,3,38.62,Fair
0.51,-92.5,-73.03,-19.08,7.39,-104.34,26.57,49.0,0,41.54,Fair
0.65,-97.23,-78.62,-18.4,-10.0,-90.59,70.79,69.0,2,16.57,Poor
2.169,-110.65,-93.18,-18.37,-10.0,-101.75,16.57,33.0,3,26.36,Poor
0.191,-91.44,-74.23,-17.98,1.78,-99.73,22.3,35.0,0,38.18,Fair
0.238,-92.05,-70.54,-19.5,7.28,-103.2,33.23,33.0,3,38.88,Fair
0.081,-80.66,-63.95,-17.41,13.5,-94.85,40.97,27.0,2,47.89,Fair
0.103,-78.32,-56.28,-19.5,15.65,-95.79,39.28,37.0,1,47.55,Fair
0.532,-104.03,-85.48,-16.94,-9.62,-99.72,49.37,70.0,2,20.7,Poor
1.12,-102.36,-85.46,-17.1,-10.0,-95.19,46.04,57.0,2,28.58,Poor
0.226,-86.61,-70.96,-15.61,4.55,-93.53,65.85,46.0,2,41.86,Fair
0.089,-89.05,-71.52,-17.42,7.35,-102.35,10.9,24.0,3,44.23,Fair
0.151,-88.36,-68.85,-19.32,7.68,-105.31,18.58,34.0,4,42.85,Fair
0.273,-97.02,-80.15,-17.31,-10.0,-87.35,74.38,82.0,3,30.1,Poor
0.155,-86.11,-65.56,-19.01,15.49,-104.48,16.32,28.0,2,49.85,Fair
0.12,-87.07,-70.35,-16.97,,-102.81,32.32,42.0,1,50.15,Fair
0.599,-100.09,-82.46,-16.73,-3.26,-99.57,51.27,57.0,4,23.85,Poor
0.02,-72.09,-57.95,-13.38,26.93,-104.06,33.86,41.0,0,69.72,Good
0.349,-91.99,-72.31,-18.18,0.84,-99.75,44.45,43.0,2,32.02,Poor
0.71,-100.13,-82.93,-18.41,-2.36,-103.16,30.9,39.0,4,30.12,Poor
0.139,-86.02,-63.28,-19.5,13.72,-104.38,16.49,25.0,0,38.01,Fair
0.416,-95.76,-75.65,-19.5,-4.28,-96.98,52.97,51.0,2,27.83,Poor
0.497,-95.66,-77.41,-18.81,2.15,-100.17,20.97,36.0,2,32.85,Poor
0.479,-98.67,-77.0,-19.5,-1.69,-103.22,23.16,31.0,0,36.06,Fair
0.266,-85.72,-66.5,-19.24,13.08,-103.56,19.1,32.0,0,42.24,Fair
0.191,-94.63,-73.6,-19.5,3.21,-103.3,27.8,30.0,2,41.42,Fair
0.813,-109.12,-93.71,-16.53,-10.0,-97.08,32.2,40.0,1,27.06,Poor
0.639,-107.36,-87.98,-19.5,-6.31,-105.33,26.64,27.0,1,24.86,Poor
0.174,-97.2,-77.69,-19.5,4.48,-107.64,37.42,36.0,3,40.3,Fair
0.049,-75.27,-61.91,-11.81,,-95.43,66.75,47.0,3,56.54,Good
0.034,-72.56,-50.04,-19.5,28.18,-105.67,17.51,30.0,2,74.96,Good
0.045,-72.34,-57.82,-17.15,20.86,-101.2,39.02,46.0,2,60.35,Good
0.393,-100.15,-86.04,-12.5,3.3,-105.82,23.85,33.0,4,43.72,Fair
0.024,-68.93,-59.48,-12.4,25.82,-100.71,45.47,50.0,1,71.39,Good
0.185,-89.16,-69.74,-18.56,17.01,-107.98,9.75,23.0,0,51.31,Fair
0.63,-99.33,-86.26,-13.03,-7.1,-95.97,24.91,41.0,1,33.2,Poor
0.157,-85.46,-69.02,-17.02,14.58,-104.84,28.31,33.0,2,48.08,Fair
0.648,-103.28,-82.76,-19.5,-10.0,-91.95,64.9,51.0,2,14.7,Poor
0.616,-89.45,-70.88,-16.19,5.62,-101.37,24.78,38.0,1,40.82,Fair
0.127,-80.81,-64.69,-16.77,9.6,-98.59,37.67,44.0,0,49.26,Fair
0.587,-101.52,-88.29,-13.38,-10.0,-91.83,67.04,59.0,2,32.56,Poor
0.62,-104.22,-86.55,-17.19,-10.0,-94.72,59.94,57.0,1,26.44,Poor
0.228,-91.55,-70.98,-19.5,-6.98,-92.99,64.19,47.0,1,23.06,Poor
0.106,-83.88,-63.78,-19.5,17.58,-105.71,24.67,41.0,0,57.45,Good
0.331,-90.17,-66.81,-19.5,11.73,-109.25,19.1,22.0,1,48.39,Fair
1.145,-109.85,-93.82,-16.85,-9.51,-103.4,23.01,27.0,2,28.97,Poor
0.459,-96.12,-82.07,-14.51,7.0,-103.97,2.75,16.0,4,44.39,Fair
0.085,-88.85,-69.92,-19.5,10.25,-104.85,25.7,43.0,2,40.71,Fair
0.517,-96.54,-77.9,-17.62,-10.0,-89.48,85.75,67.0,2,10.03,Poor
0.251,-92.45,-74.46,-16.46,-10.0,-89.47,56.83,65.0,1,28.73,Poor
0.403,-88.38,-72.62,-15.79,7.31,-102.48,26.26,31.0,2,45.19,Fair
0.596,-105.7,-95.66,-10.26,-5.27,-106.76,30.63,38.0,2,40.95,Fair
0.326,-88.8,-73.82,-16.36,-8.82,-87.58,61.64,57.0,2,26.39,Poor
0.757,-108.41,-88.74,-19.5,-10.0,-87.35,89.74,65.0,3,8.57,Poor
0.576,-104.54,-85.69,-19.19,-10.0,-97.3,54.88,50.0,1,20.35,Poor
0.43,-103.39,-82.49,-18.85,0.95,-109.73,22.84,35.0,1,28.3,Poor
0.074,-80.45,-61.41,-17.75,12.34,-98.54,43.76,36.0,0,46.82,Fair
0.813,-106.91,-86.7,-19.5,-10.0,-95.68,49.59,45.0,3,19.29,Poor
1.236,-111.24,-90.95,-19.5,-10.0,-103.1,15.76,38.0,5,22.25,Poor
0.066,-79.75,-61.69,-19.5,14.76,-100.89,36.41,29.0,5,48.94,Fair
0.301,-91.81,-73.72,-18.95,-5.28,-94.48,56.34,49.0,2,24.61,Poor
0.135,-86.5,-77.23,-8.8,14.32,-104.45,20.04,33.0,2,58.8,Good
0.632,-100.68,-84.65,-16.03,-4.53,-95.89,56.64,52.0,4,27.42,Poor
0.575,-91.9,,-16.7,13.84,-115.91,8.7,33.0,1,56.76,Good
0.068,-80.24,-62.56,-18.29,14.98,-99.09,42.5,48.0,0,46.71,Fair
0.943,-100.28,-85.07,-14.5,-5.14,-98.25,43.4,52.0,1,29.73,Poor
0.09,-82.59,-61.78,-19.5,21.16,-104.96,30.12,39.0,4,47.68,Fair
0.718,-105.53,-90.17,-15.4,-10.0,-98.77,41.04,41.0,1,29.91,Poor
0.275,-90.61,-69.3,-19.5,8.71,-104.22,22.87,29.0,1,40.39,Fair
0.179,-91.73,-76.61,-14.68,8.87,-108.94,18.47,28.0,2,47.19,Fair
0.078,-82.26,-66.07,-16.21,15.8,-102.75,31.74,37.0,1,52.47,Fair
0.083,-81.22,-65.26,-16.71,15.8,-104.33,12.07,15.0,2,55.9,Good
0.488,-105.55,-89.04,-15.88,-10.0,-91.49,81.69,68.0,1,24.33,Poor
0.36,-101.58,-80.05,-19.5,6.81,-111.07,12.04,22.0,2,44.91,Fair
0.059,-75.87,-58.85,-16.41,30.0,-108.86,15.32,24.0,2,64.54,Good
0.054,-81.43,-64.34,-16.79,6.05,-92.4,76.66,79.0,1,49.78,Fair
0.034,-77.29,-61.52,-16.08,15.23,-96.36,51.27,52.0,2,49.76,Fair
0.613,-99.09,-81.87,-19.41,-1.81,-100.64,28.87,39.0,2,35.3,Fair
0.56,-100.52,-81.87,-19.5,-1.49,-105.74,8.64,27.0,4,36.27,Fair
0.027,-71.3,-53.95,-17.05,24.81,-98.94,57.5,63.0,0,60.45,Good
0.37,-95.59,-78.04,-19.14,3.0,-102.5,23.55,29.0,3,35.45,Fair
0.04,-75.42,-54.37,-19.5,16.0,-98.47,52.4,49.0,1,44.83,Fair
1.053,-107.27,-88.45,-19.5,-10.0,-92.18,71.28,64.0,2,13.07,Poor
1.069,-103.82,-89.27,-14.92,-7.92,-101.86,22.67,35.0,2,33.75,Poor
0.539,-94.23,-76.49,-17.94,-2.43,-102.37,44.59,50.0,1,37.41,Fair
1.173,-107.66,,-14.8,-10.0,-96.07,68.11,64.0,6,18.21,Poor
0.751,-97.86,-78.3,-18.7,-2.52,-97.17,56.33,57.0,4,28.3,Poor
0.794,-102.21,-83.9,-19.38,-9.64,-100.72,33.99,39.0,3,19.03,Poor
0.379,-92.67,-71.28,-19.5,11.46,-107.95,12.85,23.0,3,43.78,Fair
0.164,-87.86,-72.08,-15.38,-3.21,-90.77,86.48,70.0,5,33.61,Poor
0.111,-85.08,-67.66,-18.34,3.09,-93.87,48.95,,1,41.04,Fair
0.178,-87.67,-72.87,-13.53,2.29,-94.99,70.9,53.0,2,32.69,Poor
0.446,-92.14,-74.27,-18.59,3.6,-100.55,42.57,51.0,2,35.85,Fair
0.085,-81.77,-68.38,-16.54,11.06,-98.93,44.88,45.0,2,40.61,Fair
0.135,-84.74,-65.77,-19.5,-0.61,-90.77,54.95,57.0,1,30.95,Poor
0.284,-94.57,-76.74,-17.77,7.52,-105.46,24.87,40.0,1,43.56,Fair
0.119,-79.33,-60.86,-16.99,11.09,-97.31,41.1,49.0,1,50.66,Fair
0.4,-93.5,-73.13,-19.5,-3.04,-95.38,61.83,64.0,3,30.47,Poor
1.155,-104.95,-86.27,-19.5,-10.0,-101.37,59.78,57.0,3,17.53,Poor
0.62,-100.36,-86.19,-13.92,1.38,-104.84,11.72,26.0,0,43.12,Fair
0.494,-93.98,-77.65,-16.85,-6.72,-93.43,61.18,61.0,1,30.59,Poor
0.393,-98.34,-80.58,-16.45,-0.59,-103.41,19.09,28.0,2,34.16,Poor
0.301,-100.74,-83.72,-15.13,-2.29,-104.16,28.52,36.0,4,34.37,Poor
0.093,-83.17,-65.78,-19.5,7.65,-96.43,60.47,62.0,3,42.32,Fair
1.013,-99.36,-76.5,-19.5,-3.99,-98.4,37.61,36.0,4,25.55,Poor
0.129,-79.89,-61.58,-18.86,14.45,-100.09,49.44,59.0,3,54.35,Fair
0.043,-77.32,-58.17,-19.5,19.58,-101.12,35.42,36.0,0,51.02,Fair
0.624,-99.74,-87.77,-11.43,-4.56,-99.21,47.45,47.0,1,29.7,Poor
0.087,-80.8,-60.56,-18.52,27.92,-109.87,11.69,22.0,2,61.88,Good
0.209,-91.51,-64.96,-19.5,11.76,-107.69,6.0,13.0,1,48.46,Fair
0.02,-68.38,-46.34,-19.5,20.83,-96.33,46.49,50.0,2,57.72,Good
0.066,-80.91,-64.23,-17.99,13.61,-98.51,39.57,45.0,0,53.14,Fair
0.086,-78.7,-53.86,-19.5,19.73,-103.5,24.54,35.0,4,57.14,Good
0.025,-69.47,-51.38,-17.55,30.0,-110.46,14.63,,2,64.05,Good
0.481,-94.42,-75.5,-17.12,3.05,-99.57,43.89,47.0,0,45.05,Fair
0.816,-103.07,-85.87,-15.63,-0.53,-108.27,28.05,45.0,1,31.05,Poor
0.21,-82.79,-65.67,-16.53,11.15,-97.71,70.26,64.0,2,47.41,Fair
0.934,-101.48,-90.23,-12.33,2.4,-109.17,12.11,27.0,2,50.34,Fair
0.108,-83.76,-63.4,-19.5,-0.81,-91.23,64.64,70.0,1,26.09,Poor
0.177,-92.06,-74.95,-17.75,16.49,-115.51,7.19,24.0,3,55.22,Good
0.074,-81.83,-64.4,-17.49,14.87,-98.1,38.53,30.0,1,47.76,Fair
0.436,-96.35,-77.53,-17.97,0.66,-100.5,49.1,48.0,3,33.8,Poor
0.245,-94.97,-78.21,-17.48,-9.74,-91.09,76.91,62.0,1,23.78,Poor
0.428,-97.81,-79.02,-18.69,-10.0,-94.91,36.52,38.0,3,25.57,Poor
0.645,-100.87,-79.26,-19.5,0.59,-106.07,4.26,28.0,2,43.45,Fair
0.355,-94.81,-75.59,-18.39,-6.33,-93.72,66.84,72.0,2,24.32,Poor
0.445,-104.03,-86.49,-17.26,-5.07,-100.53,46.4,42.0,1,29.38,Poor
1.232,-106.36,-88.73,-17.09,-10.0,-94.31,52.28,66.0,3,22.09,Poor
0.16,-89.64,-71.04,-17.46,0.18,-94.43,72.86,58.0,3,23.61,Poor
0.2,-90.16,-74.65,-15.66,-2.41,-91.67,72.72,64.0,1,32.35,Poor
0.569,-94.98,-76.36,-19.5,-3.18,-96.91,43.07,49.0,2,29.05,Poor
0.425,-88.38,-68.33,-19.21,-1.93,-91.24,65.09,52.0,1,27.73,Poor
0.088,-80.32,-62.06,-17.81,25.62,-111.53,17.97,30.0,1,60.7,Good
0.212,-95.52,-78.79,-17.01,2.53,-103.01,23.91,34.0,2,41.6,Fair
0.284,-94.47,-77.34,-17.07,-2.06,-98.3,51.49,,2,38.08,Fair
0.245,-89.42,-69.47,-19.5,7.73,-103.02,33.19,41.0,2,43.28,Fair
0.088,-81.09,-66.39,-14.44,9.67,-95.95,55.69,49.0,1,50.53,Fair
1.162,-101.36,-85.81,-16.16,-10.0,-86.47,65.67,67.0,7,28.3,Poor
0.647,-100.62,-87.44,-13.18,-5.04,-99.9,40.99,39.0,3,40.97,Fair
0.295,-94.89,-76.79,-18.69,0.46,-100.54,41.96,52.0,3,32.67,Poor
0.513,-91.21,-70.62,-19.5,,-102.09,44.11,47.0,3,37.47,Fair
1.024,-103.98,-81.99,-19.5,-10.0,-92.11,72.86,60.0,4,16.99,Poor
0.066,-84.57,-61.93,-19.5,17.83,-111.36,16.01,32.0,1,55.45,Good
0.13,-80.42,-64.5,-15.82,2.32,-90.32,66.23,63.0,2,32.84,Poor
0.352,-100.94,-82.19,-19.5,-8.74,-97.57,50.61,53.0,1,18.86,Poor
0.722,-115.16,-98.37,-18.18,-10.0,-104.67,25.43,35.0,2,23.45,Poor
0.02,-67.37,-44.42,-19.5,16.05,-88.26,80.04,71.0,3,46.45,Fair
1.861,-105.76,-83.85,-19.5,-8.09,-102.15,38.56,47.0,2,26.32,Poor
0.273,-91.1,-72.6,-19.5,-7.54,-96.25,50.24,59.0,1,29.03,Poor
0.2,-95.29,-79.14,-17.61,2.59,-100.16,56.27,39.0,3,36.28,Fair
0.156,-88.15,-80.49,-7.9,10.44,-102.93,45.23,41.0,3,58.74,Good
0.086,-83.92,-70.23,-14.1,9.34,-99.3,75.78,74.0,1,40.36,Fair
0.706,-103.13,-90.69,-13.41,-6.21,-100.7,29.25,51.0,3,32.47,Poor
1.4,-101.28,-87.62,-13.67,-7.14,-101.24,23.0,40.0,7,39.99,Fair
0.24,-95.84,-72.2,-19.5,-9.06,-93.73,61.97,72.0,0,22.38,Poor
1.37,-105.48,-91.36,-15.31,-10.0,-95.86,42.32,67.0,2,31.07,Poor
0.781,-97.09,-82.27,-13.65,-4.15,-98.75,36.36,48.0,6,42.73,Fair
0.295,-91.91,-76.67,-17.01,1.64,-100.25,31.73,41.0,0,45.63,Fair
0.504,-93.11,-67.31,-19.5,7.76,-107.69,10.92,19.0,3,46.16,Fair
0.257,-89.97,-72.16,-16.73,3.05,-98.17,33.72,37.0,1,37.38,Fair
0.368,-93.63,-72.64,-19.5,2.04,-103.85,32.97,48.0,1,32.05,Poor
0.027,-71.45,-52.92,-18.21,19.49,-98.16,40.82,41.0,1,51.38,Fair
0.536,-96.15,-84.1,-11.52,-2.19,-99.12,32.12,35.0,5,39.82,Fair
0.024,-73.65,-51.05,-19.5,22.48,-102.21,38.17,47.0,0,57.9,Good
0.764,-106.89,-87.68,-19.35,-10.0,-95.63,52.38,50.0,2,21.39,Poor
0.784,-98.08,-80.45,-18.28,-8.29,-89.58,79.87,64.0,1,15.06,Poor
0.122,-81.13,-57.85,-19.5,18.3,-105.35,30.34,40.0,2,48.49,Fair
0.176,-87.95,-70.99,-16.54,-1.52,-94.09,52.9,52.0,3,36.44,Fair
0.295,-95.63,-78.06,-18.1,-1.95,-97.02,56.69,51.0,3,30.76,Poor
0.409,-102.48,-85.51,-17.29,-9.78,-100.59,29.41,34.0,0,25.78,Poor
0.152,-87.38,-66.15,-19.5,18.79,-110.69,10.88,30.0,2,55.48,Good
0.404,-101.54,-81.1,-19.5,-10.0,-90.11,87.58,68.0,1,10.53,Poor
0.159,-94.04,-75.21,-18.93,9.84,-108.84,10.84,26.0,3,52.36,Fair
0.026,-72.61,-57.77,-15.07,22.67,-97.45,57.59,55.0,1,62.09,Good
0.02,-73.5,-56.61,-16.85,27.6,-108.45,16.93,38.0,2,70.99,Good
0.048,-76.42,-61.58,-16.24,17.1,-99.25,55.66,51.0,2,55.87,Good
0.707,-101.64,-80.16,-19.5,-10.0,-93.71,64.51,71.0,4,14.52,Poor
1.465,-109.75,-96.47,-12.88,-9.88,-104.43,25.98,38.0,5,34.43,Poor
0.251,-98.83,-76.05,-19.5,-10.0,-94.12,60.65,54.0,1,19.97,Poor
0.323,-97.64,-75.77,-19.5,,-101.02,31.8,38.0,4,30.91,Poor
0.071,-84.47,-69.22,-15.38,20.96,-110.32,15.75,30.0,2,55.16,Good
0.36,-100.06,-83.31,-17.74,-1.1,-102.07,28.38,29.0,2,34.12,Poor
0.07,-82.38,-66.52,-14.28,7.71,-98.13,41.09,49.0,2,45.86,Fair
0.425,-101.18,-81.89,-17.19,-1.55,-103.08,36.64,37.0,4,33.44,Poor
1.218,-106.38,-84.14,-19.5,-10.0,-97.27,41.19,30.0,3,21.13,Poor
0.098,-82.95,,-19.5,20.66,-104.53,27.86,36.0,4,59.7,Good
0.651,-103.59,,-17.33,-5.42,-102.27,20.57,19.0,2,33.23,Poor
0.02,-68.74,-46.98,-19.5,30.0,-112.19,30.53,43.0,0,62.93,Good
0.212,-96.01,-74.49,-19.5,1.77,-101.17,20.65,35.0,3,30.75,Poor
0.053,-83.07,-65.63,-17.19,6.69,-94.78,44.41,51.0,0,43.41,Fair
0.196,-90.32,-72.35,-16.87,14.39,-109.5,2.55,26.0,1,53.01,Fair
0.086,-80.02,-57.39,-19.5,3.08,-88.53,71.63,76.0,3,39.4,Fair
0.21,-87.03,-65.85,-19.5,5.22,-99.08,47.08,49.0,0,41.0,Fair
0.243,-85.31,-63.63,-19.5,1.66,-92.09,75.26,68.0,1,34.26,Poor
0.161,-89.69,-63.93,-19.5,3.9,-98.39,28.15,42.0,1,36.29,Fair
0.481,-98.17,-78.53,-19.5,-4.74,-97.36,55.91,52.0,3,27.76,Poor
1.13,-109.2,-90.22,-19.5,-7.71,-104.93,5.46,22.0,2,25.27,Poor
0.23,-96.3,-74.23,-19.5,1.85,-106.61,24.58,37.0,2,37.92,Fair
0.096,-82.83,-58.87,-19.5,6.86,-94.74,58.17,,0,40.81,Fair
0.142,-90.21,-74.05,-16.84,16.19,-111.64,15.26,34.0,2,51.21,Fair
0.866,-97.83,-80.44,-16.66,-3.95,-101.71,31.85,39.0,1,32.88,Poor
0.382,-101.5,-86.56,-15.65,-10.0,-91.55,55.98,47.0,5,19.06,Poor
0.273,-90.81,-71.79,-19.38,3.99,-101.71,34.1,36.0,2,39.63,Fair
0.073,-85.4,-64.73,-18.87,11.45,-101.47,23.42,28.0,5,54.14,Fair
0.269,-95.9,-80.75,-12.86,-0.03,-99.84,48.29,48.0,4,41.33,Fair
0.147,-85.24,-63.84,-19.5,2.68,-92.87,64.56,55.0,1,35.88,Fair
1.29,-108.92,-92.28,-15.56,-10.0,-91.6,70.19,69.0,3,24.47,Poor
0.97,-105.8,-89.41,-15.47,-10.0,-95.09,65.58,75.0,0,25.62,Poor
0.039,-79.38,-57.99,-19.5,19.1,-102.57,27.92,40.0,1,53.99,Fair
0.327,-87.18,,-16.88,-1.32,-93.75,54.67,45.0,2,41.67,Fair
0.115,-87.74,-73.95,-12.5,4.57,-97.08,53.92,59.0,1,51.83,Fair
0.238,-91.36,-71.13,-19.5,18.64,-110.99,6.53,30.0,1,47.38,Fair
0.942,-104.3,-86.7,-17.36,-2.82,-105.24,29.96,48.0,4,31.37,Poor
0.337,-93.7,-72.11,-19.5,2.05,-99.97,37.15,33.0,4,30.93,Poor
0.183,-91.76,-71.26,-19.5,-0.26,-95.87,56.0,44.0,4,25.85,Poor
0.105,-85.3,-72.54,-13.11,10.99,-101.66,17.89,33.0,1,51.61,Fair
0.725,-99.64,-77.7,-19.5,-0.8,-103.29,18.56,39.0,1,39.13,Fair
0.441,-100.36,-76.66,-19.5,-10.0,-93.36,62.12,64.0,2,14.14,Poor
0.284,-88.74,-67.64,-19.5,7.37,-97.31,65.16,58.0,0,37.54,Fair
0.11,-80.19,-58.97,-19.5,17.51,-102.06,32.38,48.0,4,47.29,Fair
0.183,-86.87,-69.62,-17.43,10.99,-105.05,34.39,40.0,1,48.72,Fair
1.447,-106.93,-90.36,-14.9,-10.0,-98.45,27.72,38.0,3,25.78,Poor
0.33,-106.37,-87.73,-19.28,-2.91,-106.98,17.49,31.0,1,26.37,Poor
0.23,-89.59,-68.83,-18.38,12.76,-106.8,20.6,39.0,3,39.67,Fair
0.332,-96.0,-75.32,-19.5,0.38,-101.46,36.57,44.0,2,29.52,Poor
0.679,-101.64,-84.95,-17.23,-6.21,-98.2,42.28,51.0,2,28.96,Poor
0.187,-97.08,-80.69,-15.48,-3.49,-99.1,71.96,59.0,3,28.89,Poor
0.089,-81.07,-67.54,-16.54,16.22,-102.95,36.83,38.0,2,60.6,Good
0.396,-101.76,-81.82,-19.5,-8.08,-97.44,28.24,34.0,1,27.24,Poor
0.492,-97.39,-80.56,-17.22,-0.08,-97.84,43.85,48.0,2,34.16,Poor
0.561,-95.38,-78.28,-15.68,1.23,-99.29,39.12,40.0,4,43.86,Fair
0.962,-105.55,-82.36,-19.5,-7.54,-103.86,18.46,32.0,2,29.24,Poor
0.209,-85.57,-65.77,-18.76,15.23,-106.09,31.06,41.0,3,57.44,Good
0.035,-78.18,-59.21,-19.5,5.25,-86.64,62.51,63.0,4,39.98,Fair
1.43,-104.71,-84.22,-19.5,-10.0,-89.2,73.72,70.0,0,19.87,Poor
0.257,-97.45,-75.19,-19.5,1.68,-106.57,19.07,28.0,3,34.68,Poor
0.439,-92.75,-79.6,-12.82,8.17,-103.67,16.03,27.0,2,50.03,Fair
0.494,-94.39,-78.08,-16.02,-9.73,-89.58,68.9,50.0,2,31.5,Poor
0.356,-93.18,-75.87,-17.96,12.86,-111.27,6.73,18.0,3,59.17,Good
0.103,-85.95,-70.88,-15.23,5.67,-98.99,13.83,34.0,3,51.38,Fair
0.633,-105.65,-88.45,-16.46,-10.0,-94.28,61.1,53.0,3,24.87,Poor
0.733,-102.87,-89.53,-13.23,-10.0,-94.2,70.26,55.0,5,24.35,Poor
0.362,-90.76,-70.0,-19.5,0.31,-95.8,41.46,39.0,3,33.94,Poor
0.302,-93.1,-76.65,-16.14,12.51,-107.99,17.8,38.0,0,44.3,Fair
0.054,-85.09,-66.49,-19.5,9.14,-101.8,53.49,47.0,0,43.74,Fair
0.039,-80.64,-62.49,-16.81,24.48,-113.54,1.96,21.0,5,70.35,Good
0.187,-84.46,-64.78,-19.5,25.11,-114.47,3.95,17.0,1,64.9,Good
0.168,-86.58,-75.96,-10.88,18.28,-110.41,5.99,26.0,1,62.97,Good
1.382,-111.75,-92.4,-19.5,-10.0,-104.08,16.3,31.0,4,23.44,Poor
0.689,-107.84,-90.66,-16.79,-10.0,-92.7,65.76,52.0,1,15.65,Poor
0.485,-100.24,-81.02,-18.92,-4.58,-99.66,45.03,49.0,3,28.04,Poor
0.328,-101.75,-87.29,-14.99,0.08,-110.46,7.91,26.0,0,44.81,Fair
0.082,-83.05,-63.81,-18.51,13.94,-102.69,31.6,47.0,0,46.07,Fair
1.727,-98.94,-77.05,-19.5,-1.45,-104.52,25.47,29.0,1,29.46,Poor
0.212,-96.94,-78.37,-19.5,-3.32,-99.26,42.82,39.0,0,30.84,Poor
0.051,-79.05,-63.2,-15.53,14.65,-98.81,65.88,54.0,2,48.92,Fair
0.306,-88.51,-72.53,-15.45,4.01,-99.23,18.11,23.0,3,45.14,Fair
0.932,-100.4,-80.67,-19.5,-1.27,-102.42,45.88,45.0,1,38.08,Fair
0.982,-104.45,-84.74,-19.5,4.74,-112.03,4.07,19.0,4,45.79,Fair
0.02,-71.03,-51.96,-18.13,17.74,-92.92,67.81,57.0,0,49.99,Fair
0.978,-108.44,-90.56,-17.23,-10.0,-98.76,29.48,36.0,4,31.74,Poor
0.143,-88.21,-69.6,-16.76,9.53,-104.63,9.59,24.0,2,54.37,Fair
0.02,-69.47,-51.67,-19.25,24.38,-98.31,60.66,61.0,3,46.15,Fair
0.847,-98.15,-81.29,-18.02,4.48,-110.35,18.33,43.0,0,37.03,Fair
0.897,-105.55,-85.28,-18.92,-10.0,-100.25,28.17,32.0,0,23.69,Poor
0.408,-97.0,-78.07,-19.2,0.17,-100.77,44.25,35.0,1,29.39,Poor
0.384,-99.52,-77.64,-19.5,-7.67,-96.98,48.62,66.0,2,28.7,Poor
0.755,-100.67,-79.32,-19.5,-10.0,-92.64,66.67,62.0,2,25.68,Poor
0.694,-97.71,-78.88,-19.5,1.42,-103.55,38.76,40.0,2,31.61,Poor
0.994,-101.44,-81.65,-19.5,-3.25,-103.25,27.78,34.0,3,30.92,Poor
0.362,-99.88,-84.75,-14.26,3.53,-106.65,3.16,27.0,1,39.72,Fair
1.544,-107.19,-89.42,-18.62,-10.0,-97.53,48.5,53.0,3,21.82,Poor
2.501,-114.68,-95.65,-19.44,-10.0,-103.38,40.11,33.0,4,22.99,Poor
0.056,-75.04,-61.79,-13.1,21.45,-98.9,43.16,48.0,1,68.0,Good
0.852,-103.27,-83.98,-19.5,-9.61,-97.75,41.13,54.0,3,15.82,Poor
0.312,-99.98,-84.86,-12.93,1.08,-106.4,13.08,25.0,2,53.93,Fair
0.221,-91.79,-76.34,-14.91,6.69,-103.16,26.1,29.0,1,41.97,Fair
0.427,-94.8,-78.39,-16.03,6.99,-101.21,32.97,35.0,1,44.8,Fair
0.026,-71.62,-53.72,-18.58,30.0,-110.13,16.71,25.0,3,66.91,Good
0.318,-96.12,-82.1,-14.37,-2.73,-97.74,57.25,54.0,3,29.96,Poor
0.921,-105.64,-85.07,-19.5,-5.71,-107.59,11.44,20.0,3,24.53,Poor
0.108,-88.7,-70.17,-17.86,1.76,-97.88,52.32,57.0,2,36.09,Fair
0.25,-93.58,-69.8,-19.5,-4.04,-92.82,73.91,79.0,2,23.31,Poor
1.262,-109.45,-90.55,-19.5,-10.0,-103.36,33.93,36.0,6,27.56,Poor
0.252,-88.18,-68.46,-19.5,-0.04,-93.67,61.19,60.0,3,32.64,Poor
0.2,-93.65,-78.22,-17.27,6.52,-105.02,16.1,26.0,2,47.14,Fair
0.261,-91.89,-77.43,-16.17,1.38,-95.85,38.89,41.0,2,41.06,Fair
0.33,-94.17,-74.32,-19.5,-5.36,-94.87,62.16,61.0,1,26.45,Poor
0.45,-93.3,-78.58,-13.39,-3.49,-96.37,37.52,50.0,2,38.47,Fair
0.726,-96.87,-76.95,-19.5,2.11,-101.98,63.48,58.0,2,22.53,Poor
0.271,-89.9,-66.78,-19.5,4.89,-97.9,40.58,49.0,0,34.66,Poor
0.765,-100.28,-79.44,-19.5,-1.77,-102.94,42.7,46.0,3,29.33,Poor
0.343,-98.93,-79.22,-19.5,-10.0,-86.73,73.99,56.0,1,18.15,Poor
0.186,-93.71,-74.9,-19.5,9.3,-107.19,35.01,37.0,0,45.45,Fair
0.483,-101.08,-84.23,-16.71,,-107.96,12.45,28.0,1,39.65,Fair
0.569,-96.11,-78.46,-17.86,-10.0,-90.05,84.58,71.0,3,20.17,Poor
0.367,-95.03,-78.73,-15.14,-3.26,-99.56,62.46,,2,31.02,Poor
0.026,-69.23,-55.17,-14.41,30.0,-103.56,36.5,34.0,4,69.7,Good
0.084,-78.56,-60.45,-17.15,20.85,-106.26,16.79,34.0,4,60.03,Good
0.151,-90.55,-69.23,-19.5,9.22,-104.7,30.01,31.0,3,34.32,Poor
0.149,-87.42,-73.29,-13.29,11.01,-100.08,45.24,54.0,2,49.59,Fair
0.504,-98.11,-75.92,-19.5,-1.27,-97.9,47.17,56.0,3,33.88,Poor
0.02,-71.76,-50.1,-19.5,30.0,-109.65,25.62,23.0,3,65.49,Good
0.634,-102.2,-83.01,-19.0,-10.0,-100.24,24.32,29.0,1,26.13,Poor
0.139,-82.17,-62.95,-19.14,13.12,-101.27,31.92,32.0,1,40.99,Fair
0.167,-88.3,-70.86,-16.79,14.16,-105.15,36.31,47.0,1,51.72,Fair
0.338,-94.55,-76.42,-16.91,-3.69,-97.91,49.09,43.0,3,29.79,Poor
0.109,-88.08,-71.47,-15.2,3.19,-94.42,55.11,55.0,4,42.63,Fair
0.971,-101.05,-82.96,-18.5,-9.23,-100.17,39.93,54.0,2,14.27,Poor
0.04,-80.31,-61.89,-18.52,17.17,-104.49,16.88,26.0,3,45.79,Fair
0.264,-90.66,-67.02,-19.5,-4.25,-90.99,67.05,46.0,3,24.62,Poor
0.852,-100.69,-80.99,-19.5,-10.0,-96.83,71.43,77.0,3,15.67,Poor
0.431,-98.35,-80.98,-16.5,4.15,-107.69,17.56,29.0,2,40.52,Fair
0.156,-86.63,-68.92,-16.75,9.14,-101.54,9.84,23.0,0,48.27,Fair
0.246,-91.1,-75.24,-15.96,-4.02,-95.46,64.43,47.0,2,31.17,Poor
0.552,-99.01,-82.66,-17.73,-7.96,-94.04,56.32,52.0,1,26.64,Poor
1.63,-108.2,-87.46,-19.5,-10.0,-96.3,39.38,45.0,2,17.0,Poor
1.006,-103.82,-87.3,-15.39,-2.99,-101.16,33.15,47.0,3,30.82,Poor
0.189,-89.04,-72.89,-16.36,8.54,-99.25,50.08,48.0,3,46.06,Fair
2.843,-112.84,-96.62,-14.85,-10.0,-96.2,47.35,43.0,5,29.25,Poor
0.02,-74.86,-59.05,-17.05,10.93,-92.67,63.62,65.0,0,44.05,Fair
0.02,-71.05,-49.67,-19.5,30.0,-107.54,14.98,32.0,3,66.95,Good
0.781,-100.81,-82.38,-16.67,-6.71,-102.24,31.73,36.0,1,27.54,Poor
0.1,-83.71,-66.55,-15.92,12.95,-101.44,38.74,37.0,0,45.18,Fair
0.028,-69.5,-51.41,-16.63,23.87,-99.84,53.46,52.0,3,63.06,Good
0.122,-83.3,-64.65,-19.5,13.67,-98.94,43.32,44.0,1,52.0,Fair
0.25,-95.47,-79.71,-14.36,,-91.74,49.22,52.0,2,32.86,Poor
0.59,-100.1,-86.27,-16.51,-8.54,-95.9,45.65,39.0,2,25.71,Poor
0.441,-98.15,-76.13,-19.5,-1.53,-98.52,23.06,32.0,5,41.21,Fair
0.122,-85.82,-64.86,-19.5,-0.5,-91.4,67.45,65.0,2,31.72,Poor
0.315,-94.0,-74.87,-19.49,6.12,-103.73,13.94,32.0,0,41.19,Fair
1.173,-102.95,-82.19,-19.5,-0.59,-108.77,7.31,25.0,2,33.33,Poor
0.759,-100.91,-77.17,-19.5,-7.98,-97.18,58.42,49.0,1,23.84,Poor
0.176,-84.02,-67.63,-16.26,16.39,-105.49,25.22,37.0,1,57.24,Good
1.814,-108.22,-93.58,-14.8,-10.0,-97.06,40.04,45.0,4,23.0,Poor
0.555,-102.22,-82.24,-19.5,-10.0,-93.7,55.46,49.0,2,24.42,Poor
0.029,-75.42,-61.82,-12.79,19.98,-105.77,13.66,22.0,5,67.95,Good
0.02,-68.03,-49.92,-18.52,30.0,-100.08,36.6,35.0,3,74.5,Good
0.083,-88.94,-71.84,-18.44,3.07,-97.26,35.34,37.0,1,46.38,Fair
0.586,-104.75,-84.73,-19.42,,-103.74,42.8,54.0,0,29.61,Poor
0.091,-83.27,-66.71,-14.83,2.82,-93.66,64.43,52.0,1,41.55,Fair
0.322,-90.39,-68.79,-19.5,9.24,-101.64,13.63,34.0,1,49.86,Fair
0.044,-71.85,-56.09,-16.01,22.45,-98.99,34.33,36.0,4,56.77,Good
1.142,-106.03,-85.91,-19.5,-10.0,-95.4,75.1,60.0,2,16.28,Poor
0.19,-85.36,-69.36,-16.32,13.55,-103.32,19.76,36.0,2,48.17,Fair
1.074,-104.34,-84.7,-19.19,-10.0,-90.64,76.08,86.0,3,15.23,Poor
1.304,-112.44,-97.48,-13.1,-10.0,-102.23,17.68,34.0,3,32.96,Poor
0.02,-70.48,-52.55,-18.09,29.45,-108.4,11.54,33.0,1,74.14,Good
0.281,-95.47,-73.51,-19.5,-3.2,-97.17,41.72,45.0,1,28.11,Poor
0.02,-66.77,-48.43,-17.97,30.0,-104.72,36.92,47.0,0,64.85,Good
1.077,-104.76,-83.21,-19.5,-10.0,-86.51,64.18,57.0,3,8.64,Poor
0.329,-99.48,-81.56,-18.93,-10.0,-92.66,46.95,53.0,1,20.18,Poor
0.035,-81.14,-64.65,-15.41,17.42,-101.72,31.49,30.0,2,54.41,Fair
0.053,-78.66,-60.15,-17.36,24.57,-106.97,24.71,32.0,2,71.0,Good
0.218,-100.48,-80.62,-18.76,-10.0,-91.25,61.34,61.0,0,22.04,Poor
1.268,-108.14,-95.86,-12.42,,-97.05,39.73,33.0,2,31.27,Poor
0.531,-97.6,-78.03,-19.5,-10.0,-93.52,44.21,55.0,1,27.05,Poor
0.91,-107.42,-92.24,-16.04,-10.0,-94.38,65.6,53.0,0,26.53,Poor
0.205,-86.32,-71.88,-13.44,9.51,-98.22,46.9,45.0,4,51.92,Fair
0.02,-65.68,-46.06,-19.5,29.06,-99.28,46.22,42.0,0,69.67,Good
1.648,-112.41,-90.4,-19.5,-8.75,-106.65,15.12,31.0,4,30.87,Poor
0.02,-71.64,-52.99,-18.1,30.0,-109.47,17.98,,0,67.57,Good
1.327,-102.49,-88.55,-13.14,-10.0,-86.74,75.39,66.0,2,22.2,Poor
0.207,-90.37,-74.38,-16.46,-4.79,-90.06,85.84,62.0,0,38.58,Fair
0.02,-76.02,-59.28,-18.72,18.93,-99.04,49.96,46.0,1,56.09,Good
0.526,-99.01,-80.42,-17.33,4.92,-109.63,25.17,41.0,2,42.66,Fair
1.773,-112.39,-94.61,-17.77,-10.0,-103.61,37.5,47.0,3,23.56,Poor
1.517,-103.19,-83.71,-17.29,-10.0,-97.35,44.39,37.0,2,27.87,Poor
0.079,-79.63,-58.63,-19.5,26.79,-108.99,13.25,22.0,1,59.73,Good
0.09,-84.43,-65.4,-19.5,12.27,-102.06,48.51,56.0,3,47.46,Fair
0.375,-94.94,-74.24,-19.5,-2.93,-97.43,43.89,57.0,0,21.29,Poor
0.456,-102.44,-85.25,-18.29,-10.0,-87.84,71.73,60.0,2,21.26,Poor
0.605,-102.67,-74.78,-19.5,,-106.71,13.65,29.0,4,33.43,Poor
0.09,-76.96,-57.3,-19.5,18.22,-98.67,29.91,35.0,0,55.15,Good
1.437,-106.94,-86.89,-19.35,-10.0,-91.37,75.04,76.0,3,20.61,Poor
0.458,-93.52,-70.25,-19.5,9.67,-105.64,13.7,26.0,3,43.39,Fair
0.845,-101.62,-83.35,-19.5,-10.0,-94.02,63.37,50.0,2,19.55,Poor
0.35,-89.64,-73.57,-16.75,-7.69,-87.57,69.32,52.0,2,28.12,Poor
0.241,-99.66,-77.74,-19.5,-4.31,-101.61,30.5,35.0,2,27.37,Poor
1.701,-109.37,-87.28,-19.5,-10.0,-106.61,21.57,24.0,1,22.89,Poor
0.393,-89.32,-70.86,-18.01,14.45,-106.06,23.95,34.0,3,44.29,Fair
0.907,-99.34,-76.06,-19.5,-0.62,-102.16,45.93,46.0,1,25.73,Poor
1.379,-101.49,-83.74,-18.98,-2.42,-105.07,27.14,31.0,2,32.55,Poor
0.506,-98.13,-77.33,-19.5,-10.0,-91.83,47.72,55.0,2,25.12,Poor
0.358,-97.26,-74.71,-19.5,-10.0,-91.91,73.64,60.0,0,12.56,Poor
0.02,-74.55,-56.26,-17.75,20.62,-97.98,64.13,51.0,1,54.92,Fair
0.02,-74.83,-55.46,-17.62,22.78,-102.74,26.16,37.0,1,65.64,Good
0.101,-80.93,-59.86,-19.5,9.31,-94.28,61.26,61.0,3,36.64,Fair
0.093,-81.37,-64.47,-16.81,17.48,-105.96,17.96,23.0,2,60.05,Good
0.132,-86.76,-71.21,-15.66,3.94,-98.27,55.56,41.0,2,38.14,Fair
0.164,-86.3,-64.3,-19.5,6.23,-98.5,36.72,45.0,0,40.42,Fair
0.201,-89.53,-70.61,-18.32,-7.97,-87.21,66.72,57.0,1,28.78,Poor
0.246,-87.99,-71.51,-14.95,9.41,-100.42,35.4,43.0,1,44.94,Fair
0.047,-73.79,-55.5,-18.45,29.28,-106.24,20.18,26.0,0,65.28,Good
0.02,-74.71,-55.18,-18.92,7.18,-88.79,62.41,52.0,3,43.64,Fair
0.504,-96.98,-83.68,-12.68,10.86,-113.72,12.83,32.0,1,59.81,Good
0.347,-101.5,-81.36,-18.12,-4.38,-100.92,66.81,53.0,1,27.67,Poor
0.264,-91.94,-72.72,-19.5,8.33,-106.5,28.84,37.0,0,42.07,Fair
0.453,-94.72,-71.76,-19.5,0.96,-97.54,20.2,31.0,1,41.27,Fair
0.791,-107.23,-89.89,-15.26,-10.0,-100.07,23.72,26.0,3,27.86,Poor
0.251,-93.7,-71.57,-19.5,5.16,-104.44,23.07,27.0,0,44.34,Fair
0.461,-97.26,-79.39,-17.77,1.02,-106.43,16.46,30.0,0,37.32,Fair
1.381,-105.88,-87.46,-18.29,-3.68,-107.56,26.98,41.0,3,31.91,Poor
0.824,-103.44,-84.6,-17.71,-10.0,-91.17,69.52,67.0,4,12.78,Poor
0.25,-96.68,-72.4,-19.5,-7.85,-92.85,46.03,45.0,1,23.23,Poor
0.466,-97.6,-83.31,-12.53,1.0,-102.13,38.52,49.0,3,42.66,Fair
0.088,-89.57,-70.08,-18.04,16.0,-108.88,8.04,20.0,3,51.5,Fair
0.37,-96.32,-78.19,-18.01,-6.01,-98.0,33.15,37.0,1,23.38,Poor
1.791,-110.83,-92.92,-19.5,-10.0,-92.24,59.33,62.0,4,13.89,Poor
0.329,-94.9,-75.15,-19.5,6.49,-105.26,17.41,29.0,3,36.66,Fair
1.182,-107.7,-86.38,-19.5,-9.7,-101.28,37.9,51.0,3,20.7,Poor
0.235,-97.5,-77.91,-19.5,-7.67,-95.9,55.92,68.0,3,21.87,Poor
3.044,-115.14,-93.43,-19.5,-10.0,-93.43,63.6,60.0,4,14.81,Poor
0.39,-92.11,-74.86,-17.8,11.95,-104.73,20.67,32.0,2,49.49,Fair
0.02,-65.4,-47.54,-16.45,30.0,-106.76,8.84,24.0,0,74.58,Good
0.398,-86.25,-71.26,-16.64,3.56,-95.38,44.1,55.0,1,39.5,Fair
0.144,-80.49,-56.54,-19.5,2.73,-89.05,70.46,59.0,3,28.95,Poor
0.02,-75.23,-57.79,-18.87,11.72,-96.87,42.22,49.0,1,55.83,Good
0.774,-103.42,-86.31,-17.48,-10.0,-97.01,42.88,43.0,2,23.75,Poor
0.145,-87.39,-67.57,-17.76,6.49,-100.72,19.13,26.0,2,39.51,Fair
0.717,-101.46,-80.14,-19.5,-0.33,-103.26,22.66,35.0,1,29.85,Poor
0.153,-87.47,-71.55,-17.01,2.04,-95.52,56.59,50.0,1,38.32,Fair
0.097,-74.21,-52.65,-19.5,22.87,-99.73,61.16,61.0,3,52.15,Fair
1.641,-112.64,-95.55,-15.63,-10.0,-104.29,26.22,33.0,2,29.88,Poor
0.202,-93.0,-70.71,-19.5,12.4,-107.95,23.22,36.0,3,46.94,Fair
0.414,-89.78,-73.41,-16.85,10.22,-106.91,16.33,28.0,3,48.8,Fair
0.424,-99.03,-78.82,-19.5,1.39,-107.14,12.37,25.0,1,39.95,Fair
0.37,-93.81,-75.68,-18.91,-1.15,-95.94,44.51,40.0,0,35.72,Fair
1.108,-100.76,-86.14,-13.74,-3.45,-102.16,43.97,56.0,4,38.79,Fair
0.505,-96.14,-82.38,-12.68,-3.34,-94.92,50.75,46.0,2,40.41,Fair
0.233,-90.61,-74.83,-15.43,8.78,-103.2,28.25,36.0,7,45.83,Fair
0.892,-99.27,-78.29,-19.5,,-110.64,9.32,21.0,2,44.04,Fair
0.09,-86.74,-74.57,-11.01,8.02,-101.66,61.06,78.0,3,53.05,Fair
0.354,-96.98,-77.98,-19.5,-10.0,-91.75,74.27,58.0,3,16.4,Poor
1.353,-104.49,-85.75,-17.25,-10.0,-95.27,58.08,55.0,5,24.33,Poor
0.442,-105.2,-92.25,-13.37,-9.47,-104.06,23.88,36.0,3,28.42,Poor
0.764,-96.01,-80.4,-16.47,-6.61,-93.96,54.43,55.0,5,33.99,Poor
0.477,-96.38,-80.77,-16.52,-9.09,-93.57,55.04,39.0,0,30.37,Poor
0.823,-101.71,-83.55,-18.4,-9.11,-97.04,39.57,41.0,1,31.18,Poor
1.301,-112.81,-90.42,-19.5,-10.0,-96.79,56.32,58.0,1,17.42,Poor
0.143,-92.34,-71.11,-19.5,-5.06,-93.02,75.3,69.0,0,23.41,Poor
0.084,-84.15,-67.23,-16.63,6.5,-94.14,65.21,71.0,2,38.73,Fair
0.298,-90.28,-74.76,-14.82,8.39,-102.58,27.2,38.0,2,50.72,Fair
0.545,-107.04,-93.72,-14.75,-8.55,-104.61,20.03,32.0,3,30.85,Poor
0.116,-82.21,-65.34,-15.34,22.23,-108.52,8.91,26.0,2,62.91,Good
0.02,-71.88,-56.58,-16.65,25.23,-102.12,40.48,51.0,3,66.47,Good
0.189,-90.47,-72.58,-18.06,11.1,-102.56,48.58,55.0,2,45.84,Fair
1.561,-106.86,-88.85,-17.61,-7.27,-100.32,15.73,22.0,2,28.17,Poor
0.534,-97.49,-80.92,-16.49,-0.28,-102.88,35.19,45.0,3,44.94,Fair
0.231,-94.15,-77.52,-15.7,8.23,-107.6,19.97,28.0,0,43.99,Fair
0.096,-81.26,-65.34,-15.85,12.7,-101.02,21.31,34.0,0,46.95,Fair
0.198,-99.26,-82.8,-17.91,-5.34,-100.3,40.24,41.0,2,30.44,Poor
0.084,-84.37,-62.06,-19.5,9.7,-101.92,30.3,53.0,2,50.45,Fair
0.051,-77.63,-58.08,-19.5,16.19,-98.77,35.28,39.0,1,57.82,Good
1.068,-105.96,-86.36,-18.0,-10.0,-95.95,45.01,43.0,1,26.35,Poor
2.724,-120.02,-98.98,-19.5,-10.0,-98.4,40.64,48.0,2,16.63,Poor
0.081,-79.21,-58.44,-19.5,14.74,-98.32,46.43,51.0,3,56.83,Good
0.025,-77.37,-55.1,-19.5,19.59,-100.86,22.87,42.0,4,61.01,Good
0.18,-89.43,-69.66,-19.5,3.89,-97.99,49.26,42.0,0,43.04,Fair
0.279,-92.32,-73.71,-18.87,-0.88,-94.54,63.63,53.0,5,29.96,Poor
0.103,-84.27,-68.04,-17.83,5.22,-94.47,69.79,68.0,2,40.56,Fair
0.161,-83.54,-68.01,-15.53,,-104.27,17.29,26.0,0,54.94,Fair
0.101,-84.38,-63.73,-19.5,21.77,-109.63,5.98,27.0,1,54.06,Fair
0.67,-98.82,-81.15,-16.85,-3.72,-100.49,26.31,47.0,0,37.41,Fair
0.561,-99.22,-85.3,-13.75,5.49,-108.55,36.48,40.0,1,44.39,Fair
0.453,-94.7,-82.98,-11.52,3.67,-102.59,41.33,41.0,2,45.16,Fair
0.22,-85.33,-60.89,-19.5,-2.77,-87.64,68.97,74.0,2,31.54,Poor
1.079,-104.12,-89.07,-16.07,-0.22,-107.55,26.68,38.0,3,33.74,Poor
1.571,-104.8,-88.86,-16.08,-3.55,-108.25,21.28,33.0,4,38.49,Fair
0.086,-76.95,-55.27,-19.5,20.63,-97.83,34.41,46.0,2,48.02,Fair
0.114,-79.75,-65.38,-14.43,21.12,-103.81,39.07,39.0,2,59.92,Good
0.336,-96.08,-76.49,-19.5,11.65,-111.55,9.01,33.0,0,41.12,Fair
0.043,-72.73,-49.27,-19.5,14.19,-93.79,61.06,50.0,1,52.12,Fair
0.258,-91.27,-66.93,-19.5,-3.8,-92.75,44.45,52.0,2,35.89,Fair
0.392,-91.43,,-15.61,6.86,-102.02,24.98,37.0,2,43.76,Fair
0.332,-92.18,-74.22,-18.07,6.15,-102.94,51.5,52.0,4,38.29,Fair
0.181,-88.09,-71.28,-16.27,8.15,-102.45,32.72,42.0,3,50.22,Fair
0.352,-93.22,-75.27,-17.87,-4.96,-90.37,66.56,79.0,3,29.0,Poor
1.435,-106.12,-84.23,-19.5,-4.79,-103.55,33.25,47.0,3,29.47,Poor
0.104,-83.23,-69.43,-13.78,,-111.03,18.99,31.0,0,64.66,Good
0.479,-98.25,,-19.5,-1.65,-102.47,35.86,48.0,2,32.99,Poor
0.02,-71.45,-54.04,-16.69,22.7,-97.77,54.91,55.0,0,50.69,Fair
0.031,-67.03,-44.92,-19.5,28.56,-98.21,57.25,57.0,1,62.18,Good
0.361,-93.27,-71.32,-19.5,-0.98,-98.91,40.89,,3,37.99,Fair
0.05,-80.43,-63.65,-15.94,23.37,-106.99,32.86,37.0,2,63.19,Good
0.02,-71.55,-53.89,-16.82,22.11,-96.63,44.34,47.0,2,61.23,Good
0.085,-78.43,-57.75,-19.5,23.76,-104.49,36.91,43.0,0,64.6,Good
0.374,-98.44,-77.49,-19.5,-2.9,-100.66,39.56,39.0,2,27.69,Poor
0.547,-104.7,-94.12,-7.84,-7.01,-103.42,40.86,44.0,3,43.33,Fair
0.102,-89.87,-69.21,-19.5,6.81,-98.33,43.78,52.0,1,40.6,Fair
0.497,-104.85,-81.91,-19.5,-6.33,-103.13,45.5,53.0,1,27.74,Poor
0.091,-88.44,-69.67,-18.53,16.07,-107.23,8.81,20.0,1,50.07,Fair
0.428,-101.37,-80.52,-19.5,-7.21,-98.17,57.74,52.0,1,23.41,Poor
0.239,-86.06,-64.22,-19.5,13.91,-105.22,23.61,32.0,2,58.54,Good
0.477,-97.78,-79.11,-19.49,-10.0,-90.8,56.51,56.0,3,27.44,Poor
2.389,-113.02,-92.58,-19.5,-10.0,-100.49,48.76,41.0,3,16.74,Poor
1.25,-111.72,-93.68,-17.79,-10.0,-96.55,58.81,64.0,0,17.26,Poor
0.02,-71.02,-53.17,-18.28,30.0,-106.57,19.53,22.0,1,71.98,Good
0.975,-110.74,-94.72,-15.88,-10.0,-104.52,26.01,28.0,1,20.58,Poor
0.031,-75.57,-57.05,-18.96,,-89.35,77.07,80.0,2,41.76,Fair
1.376,-98.52,-74.86,-19.5,4.49,-105.44,19.59,27.0,1,37.89,Fair
0.149,-84.86,-69.57,-14.92,17.04,-105.23,25.5,38.0,1,54.27,Fair
0.217,-91.59,-71.74,-19.5,-1.49,-95.44,50.79,40.0,4,34.32,Poor
0.043,-74.13,-55.16,-18.01,30.0,-107.73,33.19,33.0,4,67.22,Good
0.054,-80.83,-58.4,-19.5,9.15,-91.8,45.45,40.0,3,53.23,Fair
0.584,-102.54,-79.55,-19.5,3.18,-106.3,14.25,26.0,0,32.85,Poor
1.3,-99.47,-84.24,-16.07,-0.64,-103.86,22.0,34.0,6,45.11,Fair
0.425,-101.15,-84.87,-16.75,-10.0,-95.25,51.84,39.0,2,21.34,Poor
0.566,-100.49,-84.05,-14.37,-10.0,-92.33,68.53,60.0,1,27.49,Poor
0.646,-98.99,-82.45,-15.46,-0.13,-100.73,37.36,41.0,0,37.42,Fair
0.137,-90.56,-73.75,-14.96,14.02,-108.73,20.02,26.0,2,51.98,Fair
0.021,-68.18,-49.14,-18.41,13.61,-87.45,81.19,81.0,1,52.63,Fair
0.02,-71.67,-56.22,-17.49,16.61,-93.78,46.05,45.0,2,56.66,Good
0.194,-87.16,-71.29,-15.72,-2.61,-89.8,80.14,62.0,5,34.01,Poor
0.124,-83.62,-67.99,-16.33,20.64,-106.85,24.6,33.0,3,61.11,Good
0.029,-74.5,-55.02,-19.5,,-102.65,23.61,46.0,1,55.97,Good
0.089,-76.25,-58.44,-18.03,13.39,-96.77,64.4,56.0,1,42.14,Fair
0.06,-82.34,-65.07,-15.22,18.82,-101.52,25.07,39.0,3,59.37,Good
1.109,-99.51,-84.03,-15.83,-3.31,-99.66,50.75,45.0,3,27.75,Poor
0.068,-76.08,-62.89,-14.52,,-97.37,40.82,53.0,1,59.64,Good
0.347,-87.75,-64.86,-19.5,11.46,-102.72,50.17,63.0,2,49.65,Fair
0.405,-95.47,-78.33,-16.18,-6.48,-94.43,27.34,23.0,3,39.51,Fair
0.353,-98.13,-72.0,-19.5,-7.73,-96.69,41.79,47.0,1,28.5,Poor
0.047,-69.31,-48.99,-19.5,17.97,-95.06,48.12,50.0,0,51.85,Fair
0.173,-90.14,-66.65,-19.5,8.1,-101.51,26.75,34.0,0,38.94,Fair
0.024,-75.1,-54.12,-19.5,21.89,-98.74,33.54,35.0,0,60.11,Good
0.227,-91.9,-73.43,-18.88,1.22,-101.07,45.83,34.0,3,36.35,Fair
0.094,-87.49,,-15.3,6.79,-98.05,45.21,40.0,3,47.05,Fair
0.371,-93.31,-78.24,-16.17,5.11,-100.89,41.9,54.0,2,45.21,Fair
0.531,-100.94,-79.58,-19.5,-7.72,-101.67,49.89,61.0,1,20.09,Poor
0.342,-95.85,-77.06,-17.84,-6.38,-97.05,39.01,46.0,0,22.31,Poor
0.256,-88.34,-68.49,-19.5,3.02,-95.21,71.69,49.0,0,33.62,Poor
0.22,-88.41,-67.97,-19.5,18.61,-106.34,8.69,22.0,1,51.62,Fair
0.829,-102.32,,-19.5,-8.58,-100.52,29.33,44.0,3,18.96,Poor
0.111,-84.34,-67.75,-15.53,9.64,-94.98,55.59,42.0,1,48.27,Fair
0.596,-99.47,-78.44,-19.5,-4.17,-99.9,38.22,46.0,3,28.61,Poor
0.638,-101.83,-84.42,-17.7,-1.55,-106.82,12.19,27.0,1,28.82,Poor
0.245,-91.81,-73.54,-18.34,-5.49,-89.62,74.92,73.0,3,22.82,Poor
0.159,-86.11,-65.95,-19.5,13.47,-105.09,17.75,33.0,3,58.08,Good
0.286,-93.67,-75.84,-18.46,4.6,-103.51,9.02,26.0,1,43.41,Fair
0.044,-75.39,-62.84,-12.74,21.02,-105.48,21.66,33.0,1,74.21,Good
0.021,-74.26,-53.14,-19.5,21.93,-100.15,25.71,30.0,0,59.9,Good
0.053,-81.1,-59.34,-19.5,17.38,-103.79,27.03,29.0,3,49.56,Fair
0.093,-86.42,-73.92,-12.04,15.17,-106.37,25.75,34.0,1,59.76,Good
0.316,-96.27,-81.4,-14.71,-2.04,-97.43,59.71,49.0,1,33.61,Poor
0.851,-97.46,-73.39,-19.5,2.73,-106.64,23.08,37.0,2,37.02,Fair
0.121,-82.82,-64.12,-19.5,8.1,-93.6,55.06,55.0,6,42.87,Fair
1.231,-110.12,-92.11,-19.43,-10.0,-96.56,67.03,57.0,2,21.73,Poor
1.395,-105.15,-88.42,-16.15,-2.91,-106.2,10.96,28.0,3,35.3,Fair
1.436,-108.71,-93.81,-15.98,,-95.77,44.11,41.0,2,21.17,Poor
0.818,-104.99,-87.58,-18.4,-3.16,-107.31,37.73,37.0,3,25.14,Poor
0.204,-96.16,-75.23,-19.5,-10.0,-88.85,75.96,50.0,1,18.66,Poor
0.034,-70.98,-53.03,-17.02,25.39,-100.9,11.76,20.0,2,70.89,Good
0.379,-101.04,-81.21,-18.23,-9.58,-97.67,46.71,41.0,2,23.09,Poor
0.368,-95.55,-72.25,-19.5,-4.77,-96.12,44.18,39.0,4,26.27,Poor
0.854,-106.42,-90.16,-15.48,-5.3,-103.33,20.28,40.0,1,23.62,Poor
2.484,-108.8,-89.89,-18.43,-10.0,-99.8,44.79,44.0,7,21.38,Poor
0.319,-95.45,-74.44,-19.5,-0.7,-98.05,52.91,56.0,3,32.02,Poor
0.191,-90.18,-74.98,-13.95,4.9,-100.2,32.6,28.0,0,50.83,Fair
0.093,-83.82,-65.29,-19.5,6.95,-97.75,56.9,62.0,2,42.52,Fair
0.02,-69.23,-45.62,-19.5,20.09,-93.64,72.04,62.0,0,47.14,Fair
0.32,-94.08,-77.1,-16.18,3.32,-104.42,15.1,24.0,2,49.44,Fair
0.365,-95.44,-74.23,-19.5,9.6,-107.46,19.84,40.0,4,44.95,Fair
0.784,-103.97,-86.4,-15.9,-10.0,-94.95,52.36,50.0,0,14.02,Poor
0.316,-100.32,-76.92,-19.5,-3.46,-103.85,30.78,36.0,3,30.64,Poor
1.117,-109.44,-96.38,-11.37,,-102.88,34.88,33.0,1,31.18,Poor
0.445,-94.11,-75.92,-17.5,-10.0,-90.96,75.75,61.0,4,27.48,Poor
0.826,-103.57,-90.01,-12.06,-10.0,-87.82,82.91,73.0,5,29.32,Poor
0.072,-83.95,-68.05,-15.05,19.57,-107.15,13.69,,2,60.01,Good
0.87,-108.42,-92.54,-15.13,-9.49,-102.15,14.21,35.0,6,31.41,Poor
0.506,-104.98,-87.78,-16.33,-10.0,-97.23,63.24,59.0,1,21.13,Poor
0.084,-85.4,-70.96,-13.47,2.55,-95.22,30.61,28.0,1,45.69,Fair
0.095,-80.07,-62.28,-17.97,7.26,-91.35,62.56,47.0,4,43.77,Fair
1.175,-107.63,-88.25,-19.48,-10.0,-93.95,61.37,59.0,3,15.94,Poor
0.02,-68.84,-55.44,-12.77,23.28,-97.82,41.61,32.0,1,61.45,Good
0.279,-95.37,-79.27,-15.18,6.23,-107.3,31.03,39.0,3,47.07,Fair
0.169,-86.07,-60.44,-19.5,21.87,-110.84,12.92,23.0,5,56.9,Good
0.492,-99.27,-80.28,-18.72,-9.23,-96.55,56.94,50.0,3,21.87,Poor
0.824,-107.25,-94.71,-11.99,-5.21,-106.36,17.23,34.0,3,33.47,Poor
0.201,-91.19,-77.39,-13.94,-5.46,-92.75,47.24,45.0,1,31.7,Poor
0.251,-84.68,-66.0,-17.68,12.05,-100.52,33.28,54.0,1,48.36,Fair
1.806,-101.98,-83.68,-19.38,-10.0,-90.9,65.18,49.0,4,10.37,Poor
0.689,-98.84,-82.6,-14.82,-6.13,-98.95,44.48,32.0,3,33.63,Poor
1.024,-104.76,-80.18,-19.5,-2.9,-103.47,35.03,45.0,3,33.52,Poor
0.26,-91.11,-65.26,-19.5,11.02,-105.05,13.33,27.0,2,50.04,Fair
0.12,-84.39,-67.18,-17.43,18.7,-107.6,8.01,,1,55.1,Good
0.239,-91.76,-71.14,-19.5,6.93,-103.14,22.82,36.0,1,42.66,Fair
0.567,-97.32,,-19.5,4.95,-106.4,17.19,19.0,3,40.95,Fair
0.052,-77.68,-56.51,-19.5,27.29,-108.2,22.26,34.0,2,65.11,Good
0.142,-88.37,-72.29,-17.99,-10.0,-85.83,70.68,58.0,3,28.91,Poor
0.021,-75.82,-52.0,-19.5,21.52,-102.71,37.38,38.0,1,52.14,Fair
0.255,-94.0,-76.2,-16.59,,-94.64,62.93,57.0,2,32.24,Poor
0.791,-98.77,-79.51,-19.46,-10.0,-90.14,73.37,73.0,3,28.57,Poor
0.02,-70.57,,-17.88,30.0,-113.12,8.96,28.0,0,69.74,Good
0.506,-96.9,-79.32,-18.21,-10.0,-87.37,74.0,49.0,2,23.92,Poor
1.213,-106.82,-87.98,-17.46,-10.0,-98.34,57.18,51.0,6,28.53,Poor
0.122,-90.01,-75.57,-15.06,-5.51,-88.04,77.26,71.0,0,33.52,Poor
0.532,-99.49,-87.41,-12.57,-8.91,-93.76,81.74,78.0,2,33.38,Poor
1.662,-112.51,-95.15,-16.29,-10.0,-93.69,57.18,40.0,2,20.16,Poor
1.475,-111.73,-96.37,-17.69,-8.75,-108.81,27.66,26.0,4,29.02,Poor
0.121,-80.87,-61.23,-19.5,4.4,-92.03,56.47,65.0,3,35.16,Fair
0.048,-79.41,-60.11,-18.09,21.17,-106.33,10.28,29.0,3,58.99,Good
0.072,-84.26,-66.22,-18.25,0.87,-89.72,78.19,56.0,3,39.35,Fair
0.545,-92.27,-69.82,-19.5,-3.97,-92.48,59.51,48.0,3,22.14,Poor
0.582,-96.06,-78.07,-18.01,4.03,-106.32,26.12,42.0,1,39.77,Fair
0.505,-99.56,-85.94,-13.51,-2.13,-100.16,47.33,48.0,5,30.21,Poor
0.184,-87.65,-70.32,-16.12,3.52,-98.05,61.93,49.0,1,39.92,Fair
0.084,-83.5,-61.99,-19.5,5.88,-93.47,79.14,72.0,4,39.77,Fair
0.391,-98.64,-86.29,-13.03,-2.53,-102.22,26.76,39.0,1,35.14,Fair
0.297,-91.6,-73.88,-16.17,12.53,-106.53,15.38,31.0,1,51.61,Fair
0.587,-100.69,-80.96,-18.69,7.86,-113.22,5.96,26.0,2,40.22,Fair
0.262,-92.1,-66.14,-19.5,8.9,-103.22,27.12,36.0,0,39.8,Fair
0.186,-85.35,-63.73,-19.5,-0.39,-89.18,79.36,75.0,3,31.56,Poor
0.156,-84.29,-65.89,-16.98,8.99,-98.87,36.89,44.0,2,47.32,Fair
0.107,-86.86,-67.3,-19.5,0.06,-91.69,57.1,55.0,1,31.86,Poor
0.139,-84.98,-72.67,-11.71,18.53,-108.46,14.25,24.0,1,63.2,Good
0.045,-81.74,,-14.41,14.21,-99.24,34.49,35.0,2,61.83,Good
0.192,-87.9,-67.94,-19.5,-4.03,-88.25,88.05,84.0,2,18.34,Poor
0.02,-69.85,-51.37,-19.5,28.33,-105.17,15.31,29.0,2,70.49,Good
0.093,-81.93,-63.07,-19.5,2.3,-86.42,75.02,78.0,0,31.26,Poor
0.618,-101.02,-82.92,-18.52,-10.0,-95.94,68.85,62.0,2,19.18,Poor
0.177,-80.68,-62.7,-17.24,1.73,-88.6,69.83,73.0,1,42.12,Fair
0.497,-101.54,-83.23,-19.0,-10.0,-93.28,52.89,59.0,1,23.87,Poor
0.568,-95.21,,-15.22,1.3,-103.36,32.46,48.0,5,41.19,Fair
0.392,-100.01,-82.69,-18.97,-10.0,-93.9,55.96,45.0,0,30.69,Poor
1.434,-105.12,-90.85,-14.27,-1.41,-107.06,13.4,36.0,3,39.78,Fair
0.02,-68.14,-52.0,-16.73,29.29,-100.45,56.79,59.0,4,66.03,Good
0.604,-99.41,-77.83,-19.5,6.16,-109.69,8.84,22.0,4,42.53,Fair
1.435,-109.12,-91.67,-17.19,-9.88,-104.17,26.34,,6,29.23,Poor
0.892,-102.45,-82.67,-19.5,-3.24,-107.53,2.63,23.0,3,31.23,Poor
0.083,-81.39,-63.04,-18.75,16.48,-102.32,46.19,49.0,1,49.05,Fair
0.178,-81.9,-65.06,-16.67,16.95,-106.86,18.55,22.0,1,51.06,Fair
0.085,-86.2,-71.22,-12.96,15.82,-104.46,31.83,52.0,4,53.77,Fair
0.414,-98.58,-81.78,-15.86,1.25,-105.21,20.49,42.0,3,44.36,Fair
0.56,-97.85,,-17.08,-6.55,-93.08,45.53,49.0,0,37.5,Fair
0.172,-89.77,-70.03,-19.5,17.29,-106.98,40.1,51.0,1,44.25,Fair
0.349,-95.28,-76.91,-18.54,-9.76,-94.41,62.75,55.0,1,21.92,Poor
0.528,-94.19,-74.25,-19.5,0.62,-101.45,28.05,34.0,3,33.72,Poor
0.246,-103.14,-89.7,-14.17,-10.0,-98.35,45.45,51.0,2,23.94,Poor
0.866,-105.15,-84.55,-19.5,-10.0,-94.28,43.66,44.0,0,29.88,Poor
0.664,-107.43,-92.82,-16.43,-9.58,-105.13,13.69,32.0,3,21.77,Poor
0.03,-78.63,-57.68,-19.5,11.94,-98.64,42.57,35.0,1,50.91,Fair
0.437,-87.21,-67.7,-18.74,11.84,-105.3,32.27,42.0,1,45.32,Fair
0.121,-83.32,-70.93,-10.82,9.97,-100.92,22.61,33.0,1,53.45,Fair
0.367,-91.51,-71.3,-19.5,12.16,-106.86,24.77,26.0,5,44.63,Fair
1.415,-107.34,-86.36,-19.5,-10.0,-96.4,50.8,50.0,4,22.22,Poor
0.951,-100.53,-78.76,-19.5,1.67,-108.15,22.51,31.0,3,34.28,Poor
0.233,-98.46,-82.77,-17.0,-5.43,-100.73,15.93,38.0,1,37.38,Fair
0.155,-83.71,-65.18,-18.13,1.51,-90.12,78.27,67.0,0,29.81,Poor
0.12,-88.95,-68.87,-19.5,-1.16,-96.23,40.77,49.0,2,32.59,Poor
0.342,-96.84,-76.63,-19.5,-10.0,-84.48,92.11,59.0,2,19.47,Poor
0.055,-76.88,-57.65,-17.8,14.81,-98.5,44.41,36.0,2,48.35,Fair
0.359,-93.85,-77.13,-16.73,-0.21,-101.4,25.16,36.0,2,35.75,Fair
0.02,-70.11,-49.14,-19.5,29.19,-104.44,22.59,30.0,1,67.36,Good
0.176,-94.42,-73.44,-19.5,10.11,-110.49,28.43,50.0,2,43.33,Fair
0.112,-84.64,-67.11,-17.58,15.35,-103.39,39.13,44.0,2,49.17,Fair
1.597,-104.23,-88.58,-16.31,-10.0,-88.58,76.35,64.0,6,14.86,Poor
0.585,-101.48,-85.67,-17.18,-9.43,-99.73,49.87,48.0,2,24.29,Poor
0.194,-84.52,-62.43,-19.5,15.21,-103.73,27.12,36.0,0,44.31,Fair
0.044,-80.53,-59.67,-19.5,11.54,-102.08,25.27,44.0,2,52.44,Fair
0.327,-94.3,-76.36,-17.65,2.49,-100.14,38.0,38.0,2,39.6,Fair
0.108,-78.61,-61.21,-17.38,27.1,-107.26,27.88,36.0,1,65.15,Good
0.346,-97.53,-84.84,-12.54,1.17,-101.77,49.2,61.0,1,45.43,Fair
0.812,-97.98,-80.24,-17.53,3.37,-105.38,15.61,26.0,2,47.98,Fair
0.43,-88.8,-74.37,-13.49,-2.78,-88.79,71.63,63.0,1,43.05,Fair
0.452,-96.44,-77.96,-18.59,-9.62,-91.94,51.03,42.0,1,29.5,Poor
0.35,-97.03,-75.47,-19.5,-10.0,-90.42,54.87,59.0,6,21.8,Poor
1.179,-108.53,-93.47,-14.77,-10.0,-103.07,20.91,23.0,3,35.56,Fair
1.209,-100.44,-81.72,-18.34,-10.0,-92.63,57.3,49.0,2,17.55,Poor
0.324,-89.12,-68.12,-19.5,6.01,-99.14,36.3,34.0,1,42.33,Fair
0.164,-82.56,-63.9,-17.77,8.63,-97.46,61.12,57.0,0,37.82,Fair
0.277,-93.01,-76.58,-17.17,-1.78,-96.14,67.67,65.0,0,31.9,Poor
0.093,-79.3,-61.27,-17.38,11.4,-92.72,67.74,72.0,2,49.97,Fair
0.455,-97.38,-76.51,-19.23,4.34,-105.45,5.06,31.0,3,42.94,Fair
0.312,-97.44,-78.66,-19.19,-3.38,-96.63,62.59,48.0,1,21.26,Poor
0.049,-73.49,-55.5,-17.8,20.58,-100.55,38.39,49.0,3,55.62,Good
0.099,-77.47,-56.0,-19.5,9.37,-96.01,46.64,41.0,1,46.39,Fair
0.294,-97.48,-77.93,-19.5,-5.65,-96.48,55.03,45.0,1,28.91,Poor
0.984,-108.02,-93.63,-13.2,-10.0,-96.07,55.26,54.0,3,22.89,Poor
0.376,-95.37,-75.47,-19.5,-7.91,-92.17,56.84,55.0,3,25.43,Poor
0.515,-94.43,-73.58,-19.5,-10.0,-82.33,68.4,60.0,3,18.16,Poor
0.186,-93.99,-79.7,-13.56,6.5,-107.49,24.91,40.0,3,47.48,Fair
0.381,-94.74,-83.55,-10.02,5.45,-103.3,27.92,30.0,2,51.69,Fair
0.267,-94.92,-80.05,-15.39,1.32,-99.59,17.34,35.0,3,39.96,Fair
0.484,-94.92,-77.22,-17.84,-5.74,-95.29,57.56,48.0,1,18.0,Poor
0.023,-74.92,-53.89,-19.5,29.86,-109.72,10.31,17.0,2,71.86,Good
0.306,-90.65,-75.33,-15.83,1.29,-97.57,42.74,38.0,1,45.34,Fair
0.158,-88.66,-68.99,-19.5,13.17,-108.59,6.71,28.0,0,51.76,Fair
0.178,-92.79,-83.47,-10.15,12.08,-108.0,23.5,43.0,1,48.59,Fair
1.459,-107.03,-88.49,-18.81,-8.28,-101.77,37.87,43.0,2,16.2,Poor
0.091,-91.01,-74.23,-16.31,-10.0,-89.72,71.91,75.0,2,28.6,Poor
0.168,-90.78,-66.49,-19.5,13.05,-109.77,9.79,31.0,1,41.66,Fair
0.321,-92.81,-80.48,-13.2,-3.66,-96.55,48.25,43.0,1,38.73,Fair
0.895,-110.13,-92.17,-17.56,-10.0,-96.32,27.27,24.0,3,22.52,Poor
0.243,-102.02,-89.71,-10.52,-4.41,-103.99,37.61,49.0,1,40.57,Fair
0.613,-109.12,-92.77,-16.38,-10.0,-96.19,58.02,57.0,2,28.79,Poor
0.873,-97.52,-84.63,-13.25,-10.0,-88.85,79.04,75.0,1,23.75,Poor
0.167,-88.81,-63.91,-19.5,4.65,-96.18,51.23,52.0,0,35.95,Fair
0.224,-93.19,-76.26,-16.47,0.7,-100.3,32.93,36.0,1,38.2,Fair
0.198,-86.21,-68.85,-16.9,3.04,-92.43,71.99,64.0,3,39.24,Fair
0.805,-103.74,-85.87,-17.35,-6.98,-100.43,31.05,38.0,2,30.68,Poor
0.02,-69.54,-54.94,-13.24,23.29,-99.52,46.79,35.0,2,65.05,Good
0.166,-88.35,-67.18,-19.5,2.55,-96.26,61.4,45.0,3,39.43,Fair
0.512,-100.08,-80.16,-19.12,-1.21,-103.64,27.69,42.0,3,32.14,Poor
0.375,-94.33,-73.57,-19.5,7.47,-103.73,8.49,26.0,2,42.99,Fair
0.258,-89.17,-74.83,-13.84,10.8,-104.66,24.45,27.0,5,41.94,Fair
0.349,-95.63,-74.22,-19.5,-1.47,-104.28,3.96,15.0,0,29.15,Poor
0.099,-85.85,-64.79,-19.5,14.86,-107.82,26.72,43.0,2,46.84,Fair
0.254,-93.48,-76.18,-16.78,4.71,-101.16,21.52,25.0,4,42.73,Fair
0.313,-103.14,-82.46,-19.5,-10.0,-97.57,35.35,40.0,2,21.59,Poor
1.042,-103.23,-84.41,-17.86,1.38,-109.25,4.1,17.0,0,41.28,Fair
0.136,-91.57,-78.35,-14.07,-9.98,-86.21,71.44,64.0,2,32.67,Poor
0.911,-100.68,-83.23,-18.55,-3.37,-99.47,42.28,49.0,2,33.29,Poor
0.465,-97.73,-81.18,-17.95,-6.03,-97.23,43.35,52.0,1,28.27,Poor
0.02,-70.02,-51.77,-17.72,29.61,-104.32,34.83,45.0,1,64.58,Good
0.58,-96.49,-75.42,-19.5,2.6,-103.12,24.65,,2,40.11,Fair
0.02,-74.15,-61.07,-12.36,27.47,-109.03,14.1,28.0,3,69.02,Good
2.675,-111.07,-94.4,-13.88,-10.0,-101.81,60.3,66.0,4,17.97,Poor
0.927,-102.28,-86.75,-16.69,-9.56,-98.61,30.78,41.0,3,37.58,Fair
0.159,-88.81,-73.15,-14.96,9.33,-103.76,21.37,34.0,1,48.72,Fair
0.134,-90.31,-74.78,-15.19,-0.96,-90.04,65.18,67.0,2,35.65,Fair
0.216,-88.35,-70.15,-16.79,4.65,-100.51,37.06,54.0,1,44.34,Fair
0.198,-87.17,-67.6,-19.5,0.11,-92.96,88.33,79.0,3,29.83,Poor
0.21,-90.01,-70.97,-19.5,-1.07,-92.75,64.1,63.0,1,32.8,Poor
0.172,-93.06,-74.51,-18.96,-0.64,-97.34,46.57,46.0,2,33.39,Poor
0.437,-98.93,-79.07,-19.5,-0.92,-105.38,24.62,43.0,1,21.71,Poor
0.081,-82.49,-57.35,-19.5,13.19,-101.69,36.02,45.0,1,52.11,Fair
0.842,-99.76,-81.35,-18.99,-10.0,-94.45,56.45,58.0,4,17.94,Poor
0.753,-107.88,-86.82,-19.5,-10.0,-91.52,77.54,51.0,4,8.47,Poor
0.291,-95.57,-74.68,-19.5,-2.45,-98.05,44.68,45.0,3,29.42,Poor
0.862,-104.33,,-19.5,-4.15,-104.46,21.04,34.0,0,23.93,Poor
0.128,-86.53,-66.85,-19.5,10.45,-101.97,33.52,41.0,0,52.31,Fair
0.02,-75.65,-60.18,-15.93,28.63,-107.05,16.15,31.0,5,66.87,Good
0.434,-97.65,-78.73,-18.17,8.94,-111.17,15.97,38.0,1,44.22,Fair
0.276,-94.08,-75.32,-19.5,2.78,-103.54,37.12,39.0,0,33.85,Poor
0.377,-99.7,-79.25,-19.5,-4.02,-100.16,42.71,59.0,4,24.49,Poor
1.033,-104.76,-89.38,-14.25,-3.07,-105.97,35.81,45.0,1,36.59,Fair
1.577,-110.13,-88.33,-19.5,-9.21,-110.31,10.54,30.0,7,24.24,Poor
0.453,-95.16,-77.14,-18.0,1.81,-102.15,24.82,35.0,2,41.32,Fair
0.65,-103.81,-83.29,-19.5,-4.35,-107.12,19.12,36.0,1,27.74,Poor
0.039,-75.77,-56.84,-17.34,4.53,-87.89,80.67,69.0,2,32.42,Poor
0.079,-85.28,-66.91,-18.74,1.48,-91.39,64.31,69.0,1,34.82,Poor
0.595,-101.9,-83.2,-19.5,-3.15,-103.84,45.59,54.0,5,33.13,Poor
0.254,-90.94,-70.93,-19.5,-3.26,-93.7,41.18,48.0,2,34.07,Poor
0.266,-91.58,-67.71,-19.5,2.14,-100.08,42.69,39.0,0,32.41,Poor
0.166,-90.13,-78.18,-11.72,14.45,-109.04,20.71,36.0,3,63.35,Good
0.421,-97.58,-77.96,-19.5,-1.55,-97.87,36.86,33.0,0,32.57,Poor
0.092,-89.2,-71.07,-19.2,8.55,-103.05,27.05,31.0,2,42.25,Fair
0.444,-91.35,-73.88,-19.5,5.52,-103.09,56.69,50.0,4,36.66,Fair
0.086,-80.03,-69.12,-13.2,14.46,-101.22,44.16,51.0,1,56.19,Good
0.03,-71.13,-51.39,-19.5,23.05,-101.03,43.45,50.0,4,59.19,Good
0.18,-95.56,-77.93,-17.95,-9.71,-92.67,56.81,62.0,0,30.27,Poor
0.118,-87.91,-72.42,-16.28,2.69,-101.12,41.61,60.0,2,40.78,Fair
0.989,-105.25,-87.12,-16.62,-10.0,-96.03,62.1,56.0,3,24.46,Poor
0.025,-80.17,-63.05,-15.88,13.08,-99.8,35.67,31.0,1,51.29,Fair
0.087,-79.37,-66.6,-13.88,8.81,-93.82,68.61,60.0,0,45.14,Fair
0.358,-89.29,-71.02,-19.21,11.99,-104.36,26.55,22.0,1,47.3,Fair
0.295,-85.18,-65.44,-19.5,8.48,-97.84,33.47,36.0,1,47.34,Fair
0.021,-75.08,,-18.2,18.35,-98.17,44.16,49.0,0,58.64,Good
0.02,-69.98,-51.19,-17.52,30.0,-106.84,21.0,30.0,0,68.72,Good
1.993,-104.7,-86.38,-18.27,-10.0,-95.78,39.49,51.0,7,24.11,Poor
0.484,-98.73,-77.59,-19.5,-9.9,-93.04,47.68,47.0,0,25.35,Poor
0.205,-92.53,-74.84,-17.6,3.58,-104.62,13.39,27.0,2,50.26,Fair
0.286,-100.62,-80.22,-19.09,-10.0,-93.07,59.29,55.0,2,23.82,Poor
0.139,-82.42,-65.36,-18.42,8.84,-98.09,37.59,37.0,3,41.49,Fair
0.19,-89.71,-65.81,-19.5,2.75,-97.97,49.65,46.0,2,36.76,Fair
0.471,-100.4,-83.71,-16.05,-6.33,-99.32,27.11,34.0,0,34.24,Poor
0.965,-102.56,-86.62,-16.02,-10.0,-95.74,60.9,64.0,1,21.75,Poor
0.092,-82.72,-65.02,-18.53,16.59,-100.58,41.08,43.0,2,46.63,Fair
0.826,-101.67,-85.86,-17.14,7.46,-111.25,10.36,26.0,1,38.72,Fair
0.058,-80.33,-66.08,-14.42,8.83,-97.52,62.76,67.0,1,50.67,Fair
0.109,-78.33,-58.15,-19.22,11.03,-90.83,82.82,67.0,2,39.16,Fair
0.02,-70.98,-62.17,-8.43,30.0,-105.44,23.26,30.0,0,85.23,Excellent
0.068,-74.34,-58.49,-15.01,21.03,-99.12,46.85,50.0,0,58.71,Good
1.122,-102.75,-88.77,-12.44,-10.0,-94.23,38.81,39.0,1,27.14,Poor
0.277,-91.47,-73.04,-19.39,16.64,-109.1,7.19,32.0,2,49.37,Fair
0.036,-75.91,-64.47,-11.26,16.2,-100.5,35.82,37.0,2,58.62,Good
1.445,-103.31,-83.67,-19.5,-1.78,-109.15,24.54,50.0,1,35.42,Fair
0.95,-103.11,-83.15,-19.5,-10.0,-96.23,64.37,58.0,1,19.68,Poor
0.632,-103.76,-90.66,-12.25,-9.01,-102.08,45.81,46.0,4,30.48,Poor
1.22,-109.59,-91.02,-19.28,-10.0,-99.31,29.12,34.0,4,25.65,Poor
0.112,-83.36,-63.81,-19.39,13.7,-99.84,36.66,49.0,0,39.59,Fair
0.815,-105.86,-85.04,-19.5,-10.0,-95.47,65.96,60.0,1,12.08,Poor
0.527,-98.7,-85.11,-14.45,7.11,-105.34,4.95,22.0,2,49.48,Fair
0.917,-99.03,-85.86,-12.23,-10.0,-89.94,72.82,61.0,5,25.64,Poor
0.717,-99.91,-77.4,-19.5,-10.0,-89.89,63.87,58.0,2,22.52,Poor
0.191,-92.57,-77.04,-17.17,-5.98,-93.48,62.71,61.0,1,35.23,Fair
0.67,-94.9,-78.48,-16.15,5.31,-100.46,14.75,15.0,2,45.0,Fair
0.137,-84.61,-64.71,-19.5,7.92,-96.48,74.27,62.0,2,39.3,Fair
0.179,-85.05,-70.55,-16.15,11.63,-100.81,33.76,42.0,2,47.24,Fair
0.051,-87.45,-70.25,-18.19,8.27,-99.77,36.69,45.0,3,38.73,Fair
1.231,-104.49,-83.81,-19.5,3.38,-110.61,8.89,18.0,3,36.72,Fair
0.155,-84.48,-70.74,-12.89,10.17,-100.51,33.11,51.0,4,51.37,Fair
0.331,-87.62,-71.12,-16.48,11.37,-102.86,37.79,43.0,1,45.27,Fair
0.223,-96.88,-82.26,-15.45,-4.6,-96.01,71.05,60.0,1,30.54,Poor
1.448,-102.4,-86.72,-17.36,-9.12,-96.63,34.02,38.0,3,19.77,Poor
0.184,-82.75,-61.19,-19.32,9.71,-101.34,34.62,43.0,0,48.09,Fair
0.678,-108.71,-86.5,-19.5,-10.0,-96.56,61.91,73.0,1,20.25,Poor
0.87,-100.89,-82.12,-18.27,-10.0,-92.94,73.76,65.0,1,19.73,Poor
0.257,-89.78,-70.18,-19.5,12.6,-104.66,40.42,36.0,0,47.47,Fair
0.214,-91.95,-72.43,-19.5,0.84,-100.76,14.95,,1,39.17,Fair
0.62,-101.82,-85.84,-16.73,0.8,-108.24,22.26,44.0,2,29.53,Poor
1.098,-102.15,-83.44,-18.75,-10.0,-96.53,55.78,57.0,3,29.75,Poor
0.633,-102.5,-88.38,-14.83,-10.0,-99.63,38.94,28.0,5,25.77,Poor
0.116,-86.23,-71.1,-13.69,7.05,-101.45,34.93,37.0,2,45.38,Fair
0.986,-100.64,-82.9,-16.62,5.88,-112.33,7.87,20.0,1,46.35,Fair
0.221,-83.9,,-14.46,12.47,-98.08,26.57,44.0,1,57.46,Good
0.386,-93.61,-79.43,-14.6,10.28,-106.81,31.3,43.0,3,47.47,Fair
0.801,-101.55,-85.69,-16.59,-3.55,-101.1,39.21,42.0,1,31.85,Poor
0.094,-85.61,-64.17,-19.5,17.02,-107.46,14.33,28.0,1,52.39,Fair
0.691,-104.84,-82.17,-19.5,-5.42,-103.33,14.74,24.0,3,31.5,Poor
0.408,-91.8,-73.89,-18.2,4.18,-101.9,37.56,41.0,0,38.5,Fair
1.007,-104.68,-84.94,-19.5,-10.0,-88.56,83.95,65.0,0,17.77,Poor
0.085,-78.08,-61.77,-16.58,16.23,-99.44,21.47,32.0,4,55.93,Good
0.246,-93.16,-81.36,-10.52,1.84,-99.9,43.31,54.0,0,43.93,Fair
0.805,-104.72,-89.4,-16.13,-7.29,-102.1,39.87,49.0,1,26.56,Poor
0.02,-68.76,-51.69,-14.65,26.8,-102.88,15.56,35.0,0,74.09,Good
0.054,-79.04,-60.62,-16.97,21.96,-106.8,15.44,26.0,3,61.16,Good
2.099,-115.26,-97.57,-18.62,-10.0,-87.91,62.78,51.0,2,11.82,Poor
0.148,-80.2,-63.04,-18.44,18.69,-102.71,42.88,47.0,2,57.29,Good
1.67,-110.97,-94.69,-17.07,-10.0,-101.66,65.06,64.0,4,16.17,Poor
0.091,-79.54,-60.5,-19.42,12.75,-99.05,47.2,48.0,1,51.0,Fair
0.202,-86.77,-72.86,-15.07,,-101.8,24.23,31.0,1,49.58,Fair
0.629,-105.03,-84.62,-18.52,-9.57,-101.22,34.25,30.0,4,26.68,Poor
0.483,-101.7,-85.46,-15.86,-0.86,-106.79,12.54,24.0,1,35.21,Fair
0.392,-97.08,-72.88,-19.5,-6.64,-96.02,41.16,40.0,1,25.56,Poor
0.34,-98.11,-81.06,-16.56,-6.43,-97.53,62.48,69.0,1,26.77,Poor
0.834,-95.53,-78.97,-17.82,-4.71,-94.7,66.75,,1,31.25,Poor
0.121,-86.49,-70.18,-16.74,17.29,-107.6,3.23,23.0,2,59.14,Good
0.263,-88.87,-72.28,-15.92,6.5,-102.3,31.25,39.0,2,39.09,Fair
0.076,-79.68,-59.86,-19.5,14.57,-98.08,36.17,41.0,3,53.58,Fair
0.408,-95.17,-77.3,-17.21,-8.31,-90.52,78.97,66.0,1,24.24,Poor
0.13,-86.17,-65.21,-19.5,-5.41,-84.31,82.76,74.0,1,20.02,Poor
0.183,-84.34,-64.95,-18.73,8.99,-100.21,40.34,45.0,1,43.31,Fair
0.287,-96.48,-78.39,-17.68,-1.86,-101.46,21.28,28.0,0,34.46,Poor
0.02,-63.54,-44.42,-19.05,30.0,-103.3,31.59,39.0,0,68.45,Good
0.043,-82.1,,-19.5,12.79,-99.23,35.37,40.0,3,45.14,Fair
0.521,-95.23,-75.26,-19.43,4.25,-101.97,33.91,34.0,1,41.72,Fair
0.252,-97.69,-78.85,-17.79,7.17,-108.64,9.11,27.0,4,48.48,Fair
0.9,-104.36,-85.09,-19.5,-10.0,-95.31,46.89,48.0,3,25.87,Poor
0.534,-98.19,-83.65,-13.51,-9.88,-91.63,69.67,70.0,2,22.76,Poor
0.02,-72.39,-46.68,-19.5,27.8,-104.37,26.83,37.0,2,68.11,Good
0.432,-97.45,-77.86,-18.98,1.2,-102.57,32.05,43.0,1,27.56,Poor
0.044,-82.67,-62.78,-19.49,17.88,-104.51,13.18,29.0,0,54.75,Fair
0.683,-104.65,-86.74,-17.77,-10.0,-95.24,60.42,36.0,2,23.17,Poor
2.146,-108.64,-97.54,-12.17,-10.0,-94.04,85.95,,4,23.99,Poor
0.341,-94.56,-77.36,-17.48,8.82,-108.04,15.98,28.0,0,45.97,Fair
0.517,-101.04,-82.82,-17.24,1.85,-105.66,26.16,30.0,0,36.13,Fair
0.122,-80.49,-64.96,-15.4,10.61,-95.55,37.26,43.0,0,56.9,Good
0.259,-97.18,-81.67,-15.73,0.55,-101.39,42.77,37.0,2,33.14,Poor
0.872,-104.27,-87.29,-16.12,-8.55,-100.11,35.21,37.0,1,27.77,Poor
0.082,-84.45,-64.14,-19.5,14.13,-104.01,33.84,45.0,2,52.22,Fair
0.139,-84.45,-62.69,-19.5,16.97,-107.09,12.63,29.0,2,51.48,Fair
0.265,-92.31,-73.8,-18.72,4.37,-98.43,33.8,41.0,0,35.67,Fair
0.561,-99.42,-83.12,-17.1,-10.0,-93.41,56.89,56.0,2,22.84,Poor
0.212,-97.95,-81.04,-17.35,-10.0,-86.04,81.84,60.0,3,24.37,Poor
1.182,-102.0,-83.7,-18.37,-10.0,-100.19,43.1,52.0,4,30.14,Poor
0.045,-78.06,-59.41,-17.76,13.59,-91.36,69.67,56.0,3,44.7,Fair
0.208,-89.96,-70.66,-18.27,9.92,-104.65,38.9,49.0,2,47.18,Fair
0.555,-101.9,-85.22,-17.76,-10.0,-93.8,58.5,,2,28.61,Poor
0.115,-88.93,-69.35,-19.25,13.06,-106.6,26.54,31.0,4,43.79,Fair
0.481,-91.66,-72.31,-19.04,7.08,-101.4,40.62,42.0,5,47.64,Fair
0.081,-89.34,-72.53,-18.08,13.53,-109.61,15.3,29.0,0,52.23,Fair
0.026,-76.82,-63.98,-13.16,15.56,-97.15,41.08,56.0,0,54.73,Fair
0.058,-73.5,-58.16,-13.57,22.36,-96.81,36.73,37.0,0,62.24,Good
1.197,-103.0,-80.3,-19.5,-5.72,-102.22,54.55,49.0,1,22.53,Poor
0.361,-96.48,-83.56,-13.64,3.08,-105.17,29.5,28.0,2,44.66,Fair
0.716,-96.13,-74.17,-19.5,-2.17,-99.93,45.72,38.0,3,25.55,Poor
0.182,-87.46,-74.65,-13.12,23.89,-114.36,24.07,30.0,1,65.56,Good
0.404,-95.22,-79.54,-16.07,-0.3,-100.48,27.73,32.0,1,34.45,Poor
0.307,-92.88,-76.0,-15.71,2.44,-99.91,45.13,40.0,2,41.45,Fair
1.311,-104.5,-81.15,-19.5,-10.0,-95.17,80.32,77.0,2,15.37,Poor
0.619,-97.83,-79.75,-18.31,-2.5,-100.55,36.17,44.0,2,32.02,Poor
0.59,-90.65,-73.29,-15.52,19.4,-113.14,9.87,17.0,4,55.87,Good
0.021,-71.77,-56.57,-15.18,27.85,-102.48,36.51,35.0,1,67.6,Good
0.359,-95.78,-76.22,-18.06,-6.27,-94.91,47.47,52.0,4,31.23,Poor
0.283,-98.02,-81.56,-17.52,0.29,-103.75,35.11,39.0,3,37.26,Fair
1.183,-105.67,-88.36,-18.88,-9.67,-99.59,34.54,42.0,4,24.9,Poor
0.134,-79.15,-62.22,-15.04,11.6,-95.95,46.58,71.0,2,52.13,Fair
0.142,-83.14,-62.98,-19.5,3.43,-94.86,33.55,52.0,1,45.52,Fair
0.238,-93.76,-73.47,-19.22,-6.29,-98.25,40.64,43.0,4,28.47,Poor
0.125,-85.92,-70.59,-15.97,9.92,-100.26,36.1,45.0,1,51.02,Fair
0.062,-85.21,-69.09,-16.21,14.86,-105.04,24.82,44.0,3,59.21,Good
0.877,-106.74,-90.92,-14.57,-10.0,-92.56,84.08,63.0,3,26.29,Poor
0.368,-94.74,-76.19,-19.5,-1.05,-97.86,64.04,65.0,2,26.27,Poor
0.889,-104.97,-84.25,-19.5,-10.0,-100.26,39.89,44.0,1,17.15,Poor
0.8,-106.26,-87.67,-17.25,-10.0,-96.33,52.83,62.0,4,15.68,Poor
0.149,-85.57,-74.14,-11.78,10.69,-99.62,34.64,43.0,1,54.5,Fair
0.357,-95.41,-75.13,-19.15,3.06,-101.58,27.65,36.0,0,36.98,Fair
0.039,-82.33,-68.38,-14.62,16.4,-105.32,36.23,45.0,1,61.12,Good
1.111,-113.22,-97.37,-15.16,-10.0,-96.04,59.14,50.0,4,20.05,Poor
0.233,-93.67,-75.07,-19.26,8.43,-107.4,17.73,35.0,3,49.07,Fair
0.225,-97.44,-79.69,-19.5,-2.01,-100.57,32.38,38.0,3,28.89,Poor
0.162,-95.73,-75.12,-19.29,3.75,-104.29,23.82,32.0,1,30.36,Poor
0.278,-88.39,-72.22,-15.54,8.63,-101.65,42.88,40.0,1,47.83,Fair
0.131,-86.77,-71.67,-14.42,17.98,-105.42,26.6,24.0,0,59.2,Good
0.211,-91.6,-74.54,-16.29,7.26,-104.27,33.15,43.0,0,46.32,Fair
0.724,-101.96,-81.03,-19.5,-4.48,-103.22,55.34,51.0,1,20.39,Poor
0.809,-106.72,-86.83,-19.5,-10.0,-88.05,67.64,58.0,2,15.31,Poor
0.163,-86.66,-68.4,-18.44,8.47,-101.68,29.23,42.0,1,42.3,Fair
0.285,-93.65,-71.67,-19.5,-0.3,-95.65,69.65,55.0,2,30.01,Poor
0.932,-106.42,-84.99,-19.22,-6.4,-103.6,13.7,30.0,2,29.59,Poor
0.024,-74.51,-54.14,-19.5,13.33,-93.62,60.82,49.0,3,48.43,Fair
0.99,-108.83,-94.36,-15.49,-10.0,-101.05,36.08,41.0,2,26.17,Poor
0.111,-86.64,-66.29,-19.5,4.8,-98.99,51.66,58.0,3,33.62,Poor
0.511,-99.14,-81.75,-17.29,-0.48,-105.55,27.08,36.0,3,32.15,Poor
0.393,-97.64,-80.83,-15.95,-3.22,-101.16,16.57,26.0,2,37.38,Fair
0.362,-94.98,-79.03,-16.86,-3.54,-97.66,44.48,39.0,1,29.15,Poor
0.883,-103.24,-85.76,-16.35,-10.0,-96.14,50.65,59.0,4,28.94,Poor
0.048,-76.92,-60.79,-16.98,21.53,-99.24,54.78,51.0,2,53.72,Fair
0.192,-85.93,-67.42,-19.5,4.86,-94.82,67.99,77.0,3,34.78,Poor
0.348,-92.48,-75.0,-15.98,7.95,-103.92,22.47,38.0,2,52.19,Fair
0.75,-97.7,-79.04,-19.25,-9.48,-88.81,67.87,64.0,2,24.74,Poor
0.11,-88.28,-68.62,-19.5,7.62,-98.93,29.87,30.0,2,47.58,Fair
0.731,-103.32,-86.21,-16.22,-2.77,-104.33,13.76,28.0,2,39.72,Fair
0.23,-88.64,-72.85,-15.15,6.51,-101.11,32.93,39.0,1,49.21,Fair
0.094,-80.89,-68.91,-13.5,2.44,-88.97,71.4,48.0,1,37.49,Fair
0.64,-102.86,-82.54,-19.5,-10.0,-87.68,69.33,50.0,3,14.4,Poor
0.043,-74.4,-56.16,-18.42,12.97,-93.78,53.68,44.0,0,56.03,Good
0.325,-98.05,-80.58,-15.2,-8.08,-94.77,51.11,49.0,4,24.92,Poor
0.03,-71.82,-50.3,-19.5,23.89,-98.55,42.72,53.0,3,62.45,Good
0.198,-90.1,-75.96,-14.62,1.26,-95.91,58.85,62.0,3,48.75,Fair
0.414,-101.89,-83.72,-16.6,0.95,-104.84,25.68,41.0,1,38.29,Fair
0.365,-97.02,-81.91,-14.97,-4.92,-99.58,26.08,34.0,2,34.81,Poor
0.233,-82.67,-62.7,-18.45,14.03,-102.3,31.07,47.0,1,54.46,Fair
0.252,-91.26,-79.94,-10.03,10.45,-108.19,18.49,21.0,1,53.24,Fair
0.116,-76.14,-55.73,-19.5,25.81,-106.24,12.58,24.0,3,65.04,Good
0.274,-98.56,-78.27,-19.5,-4.85,-99.57,36.92,47.0,1,31.54,Poor
1.378,-103.79,-88.56,-16.09,-0.72,-107.35,13.02,25.0,2,28.41,Poor
0.855,-112.79,-94.59,-18.59,-10.0,-94.54,71.76,67.0,5,13.02,Poor
0.071,-81.1,-65.81,-16.61,13.87,-100.34,25.69,43.0,1,51.87,Fair
0.02,-67.92,-48.64,-19.5,30.0,-103.3,14.69,38.0,1,72.47,Good
1.22,-102.38,-81.92,-19.5,-1.92,-105.45,40.58,33.0,4,30.94,Poor
0.337,-97.77,-82.78,-14.75,4.44,-105.96,12.13,25.0,1,47.58,Fair
0.347,-90.68,,-13.83,3.48,-99.87,34.77,40.0,2,46.85,Fair
0.683,-102.83,-81.54,-19.5,-10.0,-87.12,77.89,78.0,0,17.85,Poor
0.17,-89.32,-65.5,-19.5,9.06,-106.3,31.2,48.0,0,40.76,Fair
0.296,-95.19,-75.7,-19.5,-2.09,-102.7,35.41,39.0,2,37.15,Fair
1.558,-112.4,-92.7,-18.22,-10.0,-94.15,50.9,44.0,6,14.33,Poor
0.502,-91.75,-74.75,-16.81,-6.21,-92.04,66.07,61.0,2,33.11,Poor
0.075,-81.44,-62.9,-19.22,16.35,-106.5,11.39,26.0,5,61.04,Good
0.064,-75.95,-56.9,-19.5,10.92,-94.58,34.65,52.0,1,53.61,Fair
0.103,-80.15,-62.69,-16.82,1.01,-84.93,79.37,69.0,2,31.74,Poor
0.655,-104.21,-82.16,-19.5,-1.52,-107.69,17.75,25.0,1,29.25,Poor
0.158,-83.14,-64.61,-17.97,2.51,-90.63,72.8,61.0,3,34.92,Poor
0.02,-68.43,-49.51,-17.94,30.0,-107.07,21.28,28.0,3,71.67,Good
1.298,-110.44,-92.92,-17.55,-10.0,-104.28,16.91,35.0,7,16.06,Poor
0.084,-80.76,-62.94,-17.11,2.78,-90.64,60.33,48.0,0,38.61,Fair
0.02,-74.54,-52.88,-19.5,30.0,-109.81,3.26,23.0,2,67.08,Good
0.122,-79.36,-60.92,-19.47,20.23,-106.02,12.83,27.0,3,51.07,Fair
0.121,-82.44,-63.93,-19.5,14.2,-102.82,52.53,65.0,3,53.35,Fair
0.247,-92.16,-73.62,-19.5,-6.89,-93.33,65.22,66.0,6,28.02,Poor
1.139,-100.08,-83.17,-19.04,-10.0,-91.78,75.53,58.0,3,14.24,Poor
0.951,-109.9,-96.13,-15.49,-9.54,-104.66,17.72,33.0,1,32.53,Poor
0.275,-95.81,-73.09,-19.5,2.43,-105.65,23.71,36.0,2,40.19,Fair
0.238,-92.58,-71.38,-19.5,-3.43,-98.79,55.78,55.0,3,29.95,Poor
0.364,-86.31,-64.56,-19.5,4.63,-95.37,44.31,43.0,2,40.6,Fair
0.126,-90.33,-75.54,-15.26,12.83,-106.16,27.82,35.0,1,53.03,Fair
0.024,-78.83,-56.49,-19.5,26.52,-110.28,11.22,34.0,1,61.36,Good
1.26,-111.79,-87.89,-19.5,-10.0,-102.05,29.53,38.0,2,16.29,Poor
0.093,-79.84,-58.7,-19.5,8.95,-92.43,38.71,39.0,2,43.59,Fair
0.1,-86.42,-63.48,-19.5,14.64,-107.19,8.54,38.0,1,41.41,Fair
0.288,-93.85,-73.45,-19.5,6.35,-104.53,29.43,35.0,3,38.71,Fair
0.304,-90.65,-75.19,-14.11,13.82,-105.62,25.2,29.0,4,47.93,Fair
0.02,-71.08,-51.55,-18.37,22.15,-97.23,45.37,54.0,0,55.26,Good
0.072,-80.46,-65.52,-13.57,4.77,-90.12,71.15,57.0,4,42.74,Fair
0.214,-88.5,-72.29,-14.9,-0.94,-96.24,62.7,59.0,1,37.25,Fair
0.518,-100.03,-81.08,-19.5,-0.81,-102.44,54.48,38.0,1,31.1,Poor
0.117,-86.08,-67.53,-19.5,18.8,-108.96,8.08,26.0,1,52.42,Fair
0.247,-90.94,-71.55,-19.5,3.6,-99.46,23.11,36.0,2,32.87,Poor
0.367,-91.84,-79.21,-13.13,3.69,-101.5,41.41,39.0,1,42.55,Fair
0.988,-107.07,-89.53,-17.85,-10.0,-98.86,46.46,41.0,3,25.31,Poor
0.178,-101.12,-81.47,-18.99,-6.64,-101.76,52.1,45.0,2,29.72,Poor
0.065,-77.61,-57.36,-19.5,23.36,-103.11,24.45,34.0,4,60.49,Good
0.302,-89.93,-69.49,-19.5,-2.41,-97.45,57.9,59.0,0,29.59,Poor
0.618,-99.03,-80.28,-18.27,-0.65,-103.56,26.58,33.0,1,34.35,Poor
0.052,-77.47,-60.61,-17.49,26.92,-108.37,14.72,30.0,2,62.52,Good
0.249,-94.21,-74.7,-18.03,5.05,-102.31,49.26,48.0,1,43.85,Fair
0.02,-68.44,-51.34,-16.82,19.0,-90.04,83.31,73.0,1,56.75,Good
0.02,-67.03,-46.33,-19.5,26.5,-97.68,26.21,42.0,4,59.96,Good
0.297,-93.25,-73.97,-19.07,-0.35,-97.45,35.53,47.0,1,38.67,Fair
0.159,-78.14,-60.32,-18.59,23.64,-107.75,6.01,26.0,5,64.23,Good
0.839,-108.74,-93.05,-16.1,-8.9,-104.04,31.67,38.0,5,25.57,Poor
0.415,-95.73,-74.37,-19.5,-2.01,-98.04,51.28,,5,31.24,Poor
0.272,-97.43,-77.75,-19.47,-10.0,-91.56,61.49,58.0,0,20.46,Poor
0.236,-87.97,-63.66,-19.5,6.47,-96.95,52.14,51.0,3,38.87,Fair
0.309,-100.17,-80.59,-19.32,-0.87,-105.42,21.97,33.0,0,33.49,Poor
0.02,-75.78,-55.95,-19.5,24.16,-108.02,12.13,18.0,0,63.76,Good
1.005,-106.58,-92.98,-12.73,-6.65,-104.63,21.96,27.0,3,37.92,Fair
2.871,-112.1,-93.17,-19.5,-10.0,-86.07,64.72,54.0,6,26.09,Poor
0.09,-85.57,-68.52,-17.57,9.21,-99.92,49.99,53.0,2,43.52,Fair
0.058,-81.72,-61.24,-19.5,19.32,-105.34,20.46,,1,51.45,Fair
0.07,-81.72,-62.71,-19.5,9.48,-94.32,60.0,46.0,1,40.7,Fair
0.487,-98.73,,-19.5,-0.88,-104.51,8.35,25.0,2,27.45,Poor
0.487,-91.83,-67.43,-19.5,4.77,-98.09,18.15,25.0,0,36.68,Fair
0.848,-99.83,-84.22,-17.12,-10.0,-90.91,63.13,46.0,3,24.17,Poor
0.627,-101.26,-80.42,-19.48,6.78,-108.95,15.56,32.0,5,41.38,Fair
0.269,-84.23,-64.18,-19.36,19.18,-104.76,12.79,20.0,2,51.47,Fair
0.427,-94.66,-70.72,-19.5,,-104.16,11.08,31.0,0,45.57,Fair
0.525,-102.29,-82.17,-19.5,-0.8,-108.94,7.68,24.0,0,26.82,Poor
0.324,-93.2,-73.39,-18.38,3.61,-101.77,43.68,51.0,1,29.18,Poor
0.291,-91.15,-70.6,-19.5,0.36,-99.14,38.63,46.0,2,31.12,Poor
0.466,-100.14,-79.38,-19.5,-10.0,-95.1,54.69,56.0,1,25.18,Poor
0.367,-99.52,-77.16,-19.5,-9.28,-95.65,54.51,37.0,1,25.8,Poor
0.465,-97.02,-81.47,-13.74,-2.56,-96.73,72.37,52.0,2,27.43,Poor
0.427,-98.07,-81.25,-17.32,-6.96,-94.41,57.42,58.0,1,18.34,Poor
0.572,-93.24,-70.03,-19.5,-6.81,-94.34,48.55,49.0,2,29.51,Poor
0.463,-94.37,-82.25,-12.81,-10.0,-89.27,75.42,71.0,4,34.36,Poor
0.33,-96.96,-79.22,-18.48,1.02,-105.34,25.87,43.0,0,39.18,Fair
0.515,-96.55,-78.11,-17.38,-4.16,-97.91,43.34,56.0,6,29.92,Poor
0.269,-87.55,-70.08,-17.13,5.33,-97.39,37.79,34.0,0,44.78,Fair
0.124,-91.55,-68.8,-19.5,-0.84,-97.49,49.08,50.0,0,40.0,Fair
0.02,-74.54,-55.11,-17.68,21.84,-103.41,26.44,37.0,1,62.01,Good
0.369,-95.42,-78.58,-15.84,8.08,-106.39,14.64,33.0,2,42.61,Fair
0.402,-95.96,-79.87,-15.57,-0.99,-101.6,29.03,41.0,2,38.77,Fair
1.61,-108.35,-89.5,-19.5,-10.0,-93.75,74.0,79.0,4,12.26,Poor
0.202,-91.39,-69.89,-19.5,-1.43,-95.29,44.61,59.0,0,22.28,Poor
0.225,-92.41,-73.99,-18.06,1.57,-101.63,27.64,49.0,2,37.28,Fair
0.101,-82.67,-65.07,-16.71,15.35,-103.69,16.24,34.0,1,54.7,Fair
0.033,-70.07,-54.16,-14.83,30.0,-107.63,13.7,28.0,0,73.54,Good
0.667,-102.42,-83.3,-19.5,-10.0,-91.71,66.02,59.0,2,18.57,Poor
0.129,-76.54,-57.59,-19.5,6.61,-90.16,70.98,51.0,1,43.87,Fair
0.422,-88.69,-72.87,-13.19,8.01,-101.86,21.4,32.0,2,49.08,Fair
0.524,-93.08,-72.0,-19.5,6.54,-105.08,22.99,40.0,2,41.45,Fair
0.287,-90.69,-67.57,-19.5,-4.35,-92.75,76.84,57.0,2,32.24,Poor
0.941,-95.45,-77.3,-17.69,7.24,-109.0,12.0,34.0,3,47.35,Fair
0.264,-93.62,-74.72,-18.94,0.6,-106.02,18.11,30.0,3,29.18,Poor
0.151,-90.96,-76.28,-15.5,,-103.36,20.19,29.0,3,53.92,Fair
1.019,-106.27,-86.06,-19.5,-10.0,-92.62,67.79,53.0,1,15.38,Poor
0.89,-107.01,-87.61,-19.23,-10.0,-101.01,26.76,27.0,2,20.82,Poor
0.081,-81.75,-64.73,-17.54,10.19,-99.09,38.46,47.0,3,52.11,Fair
0.02,-69.25,-53.48,-15.51,21.8,-94.67,60.45,53.0,3,62.16,Good
0.042,-75.95,-52.41,-19.5,20.59,-102.4,13.95,30.0,3,64.05,Good
0.152,-87.74,-68.59,-19.5,16.69,-107.99,17.45,36.0,1,58.93,Good
1.613,-107.63,,-15.68,-10.0,-87.42,80.33,54.0,4,20.28,Poor
0.368,-88.39,-67.83,-19.5,4.3,-98.75,29.54,37.0,3,41.44,Fair
0.21,-88.02,-69.33,-18.37,5.6,-97.6,54.32,51.0,4,43.69,Fair
0.988,-100.21,-82.04,-18.81,,-87.16,76.48,61.0,4,15.79,Poor
0.272,-91.95,-71.01,-19.5,1.85,-95.87,50.71,65.0,2,28.88,Poor
0.17,-95.14,-84.98,-10.28,4.13,-104.37,39.37,45.0,3,45.23,Fair
1.275,-113.37,-100.8,-12.68,-10.0,-90.22,76.15,,2,21.05,Poor
0.852,-94.29,-72.15,-19.5,-3.8,-93.57,57.21,44.0,2,28.58,Poor
0.835,-104.57,-86.96,-17.1,-6.43,-105.46,6.48,22.0,0,25.25,Poor
0.323,-96.68,-79.96,-16.72,-7.6,-95.52,22.7,34.0,1,35.64,Fair
0.701,-99.95,-85.96,-13.67,-2.0,-104.7,17.89,28.0,0,41.54,Fair
0.089,-80.88,-62.3,-19.5,15.44,-99.44,40.86,,1,50.83,Fair
0.383,-92.98,-74.03,-19.5,7.64,-106.32,17.59,27.0,2,43.1,Fair
1.857,-102.28,-79.96,-19.5,-5.95,-99.86,30.89,47.0,2,26.68,Poor
0.155,-81.84,-62.73,-19.5,-2.3,-85.59,83.29,54.0,4,34.91,Poor
0.712,-104.3,-87.21,-15.69,-4.7,-105.88,21.53,27.0,3,37.97,Fair
0.303,-89.79,-70.58,-19.5,3.86,-98.67,45.89,45.0,1,39.86,Fair
0.02,-71.98,-50.65,-19.2,19.4,-101.38,19.44,29.0,0,57.92,Good
0.648,-100.79,-80.12,-19.5,-6.56,-99.94,31.56,47.0,3,29.53,Poor
0.083,-86.87,-67.0,-19.44,3.13,-97.62,64.64,63.0,2,34.3,Poor
0.449,-103.84,-85.02,-18.11,-5.34,-102.89,49.53,46.0,2,26.91,Poor
0.04,-76.45,-60.19,-16.1,19.72,-101.31,29.25,22.0,3,56.02,Good
1.321,-110.25,-95.35,-15.15,-10.0,-96.71,65.77,63.0,5,21.69,Poor
0.155,-84.16,-69.74,-15.61,,-93.15,61.49,53.0,4,43.42,Fair
0.116,-86.45,-67.27,-17.84,4.76,-95.42,41.85,35.0,4,38.54,Fair
0.062,-78.78,-59.29,-17.44,11.86,-92.59,58.98,57.0,0,49.67,Fair
1.313,-100.9,-79.62,-19.5,-1.67,-103.75,20.89,19.0,5,31.83,Poor
0.56,-104.92,-85.24,-19.5,-10.0,-99.26,40.04,39.0,4,17.54,Poor
0.609,-102.61,-81.45,-19.5,-6.0,-103.53,19.0,28.0,2,27.65,Poor
0.311,-93.17,-75.56,-19.01,-3.96,-93.46,60.75,57.0,2,25.09,Poor
0.29,-92.02,-71.71,-19.5,-4.39,-94.81,48.69,37.0,2,28.88,Poor
0.052,-74.15,-59.15,-15.25,19.29,-98.59,53.57,57.0,0,52.86,Fair
0.369,-91.9,-74.08,-19.32,0.23,-97.51,57.63,70.0,1,34.62,Poor
0.128,-85.8,-73.29,-13.58,11.53,-99.94,40.12,45.0,0,51.53,Fair
1.7,-107.4,-89.31,-17.8,-10.0,-101.99,40.13,40.0,4,24.31,Poor
0.717,-99.79,-78.12,-19.5,3.66,-109.7,4.51,33.0,1,43.42,Fair
0.24,-97.51,-79.3,-18.35,-4.07,-99.25,54.03,46.0,1,25.47,Poor
0.074,-82.11,-61.94,-18.73,6.15,-92.9,60.67,53.0,0,38.7,Fair
0.692,-99.83,-81.01,-18.78,1.97,-105.68,27.4,31.0,2,34.34,Poor
0.059,-77.67,-61.38,-16.74,27.74,-105.07,22.96,36.0,2,67.7,Good
0.094,-87.29,-69.85,-17.59,1.08,-96.28,60.71,50.0,2,35.24,Fair
0.107,-89.74,-68.2,-19.5,9.28,-103.77,22.09,39.0,2,50.95,Fair
0.366,-96.24,-76.09,-19.5,-4.24,-96.51,36.28,42.0,4,30.4,Poor
0.696,-93.0,-76.85,-15.74,6.05,-103.13,31.18,40.0,1,43.27,Fair
0.17,-91.93,-78.09,-13.08,9.18,-106.03,28.1,34.0,0,51.9,Fair
0.04,-71.52,-52.9,-17.7,,-96.53,55.78,54.0,1,61.42,Good
0.281,-86.67,-70.41,-16.58,11.73,-104.25,13.12,23.0,2,56.72,Good
0.62,-99.69,-82.22,-18.23,-10.0,-89.91,60.45,50.0,4,19.53,Poor
0.113,-87.84,-74.2,-12.7,10.73,-100.68,51.06,51.0,0,45.8,Fair
0.112,-82.99,,-19.5,11.11,-95.38,65.38,52.0,1,41.14,Fair
1.324,-105.66,-87.95,-16.59,-10.0,-95.54,51.6,50.0,4,17.77,Poor
1.387,-110.28,-92.12,-17.94,-10.0,-103.55,37.22,55.0,6,25.3,Poor
2.094,-113.06,-97.56,-14.38,-10.0,-100.05,38.93,44.0,4,26.43,Poor
0.742,-99.6,-82.44,-18.28,-10.0,-91.22,88.19,82.0,2,10.34,Poor
0.094,-79.8,-61.44,-18.76,16.31,-101.06,35.63,38.0,1,54.45,Fair
0.107,-85.98,-69.82,-16.73,5.94,-98.01,41.26,49.0,1,44.23,Fair
0.187,-89.77,-72.41,-18.72,4.58,-99.54,25.94,40.0,6,41.18,Fair
0.172,-86.1,-63.94,-19.5,6.38,-100.18,54.42,64.0,2,45.51,Fair
1.411,-107.69,-94.94,-13.37,-10.0,-99.21,34.37,33.0,5,33.79,Poor
0.7,-102.12,-83.56,-19.23,-10.0,-92.74,51.84,36.0,2,21.61,Poor
0.579,-102.29,-86.65,-16.13,-7.49,-100.7,29.7,48.0,1,31.59,Poor
0.093,-86.52,-64.51,-19.5,4.92,-93.52,62.15,65.0,2,38.91,Fair
1.081,-94.01,-76.55,-16.64,-10.0,-87.79,90.45,52.0,1,24.29,Poor
0.792,-102.77,-87.91,-16.97,7.7,-113.66,3.22,22.0,4,46.04,Fair
0.08,-76.75,-59.4,-16.0,12.52,-96.81,68.42,57.0,4,46.65,Fair
0.922,-96.57,-77.52,-19.5,-10.0,-91.24,65.35,63.0,1,20.25,Poor
0.143,-87.9,-61.58,-19.5,12.84,-103.69,28.0,46.0,3,43.07,Fair
0.038,-74.34,-62.67,-11.29,19.22,-96.44,43.3,39.0,1,64.79,Good
0.481,-97.26,-82.85,-11.75,-0.67,-105.11,38.11,40.0,2,39.66,Fair
0.477,-104.04,-82.13,-19.5,-10.0,-87.39,80.13,54.0,0,16.95,Poor
0.045,-83.44,-69.97,-14.25,9.43,-98.21,55.98,63.0,0,53.36,Fair
0.173,-88.61,-70.58,-17.68,5.19,-94.14,61.56,53.0,2,40.97,Fair
2.221,-112.63,-96.08,-14.81,-10.0,-95.4,60.7,57.0,3,18.37,Poor
0.511,-90.61,-74.53,-16.69,-5.57,-88.89,69.37,63.0,0,30.41,Poor
0.589,-100.37,-82.88,-16.74,-4.5,-101.57,25.05,44.0,1,30.9,Poor
0.108,-76.92,-59.92,-18.69,28.59,-107.63,28.0,31.0,2,64.46,Good
0.037,-77.48,-56.31,-19.5,20.76,-104.43,36.65,44.0,3,53.92,Fair
0.146,-79.69,-57.71,-19.5,7.2,-92.1,46.96,53.0,2,41.49,Fair
0.129,-84.24,-64.96,-19.09,3.81,-94.15,57.5,54.0,3,35.77,Fair
0.12,-83.42,-66.13,-18.14,5.28,-93.02,64.73,50.0,1,48.03,Fair
0.096,-85.81,-67.04,-18.81,5.42,-97.49,57.17,71.0,3,38.87,Fair
0.385,-93.42,-73.0,-19.5,0.14,-95.52,61.37,64.0,2,27.46,Poor
0.179,-82.33,-61.33,-19.5,8.81,-96.31,43.55,49.0,2,47.11,Fair
0.773,-102.35,-83.24,-18.83,-7.54,-99.54,38.31,41.0,6,23.15,Poor
0.091,-84.68,-62.1,-19.5,4.83,-97.52,51.76,48.0,0,42.09,Fair
0.281,-94.0,-77.85,-15.85,4.92,-103.42,49.1,42.0,0,39.21,Fair
0.02,-63.96,-42.54,-19.5,30.0,-98.64,41.84,48.0,0,67.21,Good
0.296,-90.03,-69.91,-19.5,6.58,-101.32,39.12,43.0,2,30.17,Poor
0.026,-66.79,-50.62,-14.85,30.0,-106.98,27.12,40.0,0,69.59,Good
1.712,-107.42,-88.72,-17.39,-10.0,-92.23,80.17,73.0,3,14.9,Poor
0.704,-100.8,,-18.64,-9.85,-95.65,54.78,45.0,0,21.49,Poor
0.303,-91.96,-74.39,-16.6,2.02,-98.61,25.86,34.0,1,36.27,Fair
0.041,-72.13,-54.59,-18.92,30.0,-104.92,44.51,,0,60.31,Good
0.404,-97.14,-83.71,-14.34,-0.22,-104.33,18.24,47.0,2,45.31,Fair
0.64,-94.66,-78.73,-15.21,-6.67,-95.19,56.66,57.0,5,30.95,Poor
0.095,-82.2,-64.92,-19.5,8.13,-92.6,50.71,53.0,2,40.77,Fair
0.378,-105.2,-88.91,-18.59,-10.0,-97.66,26.42,37.0,0,23.85,Poor
0.757,-98.06,-82.63,-16.68,,-103.51,26.39,30.0,4,39.49,Fair
0.658,-105.47,-84.28,-19.5,-10.0,-97.41,48.65,57.0,2,15.79,Poor
0.731,-97.85,-80.17,-18.35,4.76,-107.02,10.52,22.0,2,35.46,Fair
0.952,-99.97,-75.47,-19.5,9.3,-115.57,12.23,24.0,1,39.41,Fair
1.249,-104.62,-85.95,-19.5,-10.0,-96.02,53.53,56.0,2,22.5,Poor
0.234,-89.25,-68.13,-19.5,10.1,-102.72,7.39,16.0,0,47.51,Fair
0.379,-91.19,-73.81,-17.24,4.63,-103.86,44.33,51.0,2,36.29,Fair
0.704,-102.94,-86.93,-16.58,-10.0,-87.52,73.02,58.0,4,13.97,Poor
0.538,-95.45,-76.66,-17.84,-4.31,-97.46,48.28,55.0,1,26.22,Poor
2.434,-107.08,-85.19,-19.5,-10.0,-93.41,73.89,68.0,2,13.75,Poor
0.02,-63.4,-45.67,-18.35,30.0,-103.29,44.97,56.0,0,68.45,Good
0.197,-94.37,-75.03,-18.99,0.21,-100.49,26.76,30.0,2,40.35,Fair
0.148,-85.86,-67.08,-18.21,2.09,-94.24,45.39,58.0,3,40.17,Fair
0.137,-90.64,-72.93,-16.26,-1.43,-92.56,51.94,47.0,0,35.14,Fair
0.113,-89.17,-71.31,-16.59,6.57,-100.05,23.65,40.0,0,46.7,Fair
0.556,-97.48,-82.47,-15.53,2.29,-104.41,32.13,39.0,5,38.39,Fair
0.04,-75.92,-57.95,-18.33,18.59,-102.22,41.66,49.0,0,53.47,Fair
0.609,-95.13,-75.17,-19.16,-4.99,-98.06,45.39,51.0,2,28.94,Poor
0.532,-99.92,-81.03,-18.35,-10.0,-87.3,78.23,69.0,1,19.77,Poor
0.13,-86.88,-68.33,-16.74,1.36,-94.44,63.26,54.0,2,37.57,Fair
0.131,-85.58,-65.4,-19.5,15.73,-104.78,27.42,35.0,1,51.85,Fair
0.446,-100.45,-81.87,-18.81,-10.0,-93.46,61.34,56.0,3,20.81,Poor
0.646,-103.11,-85.07,-17.5,5.0,-108.95,17.84,32.0,2,42.89,Fair
0.941,-99.02,-78.81,-19.42,-4.19,-101.34,41.75,48.0,2,29.26,Poor
0.86,-104.9,-86.49,-17.6,-10.0,-97.95,43.05,43.0,3,23.57,Poor
1.507,-102.84,-85.55,-15.44,-10.0,-91.16,55.22,49.0,3,26.36,Poor
0.392,-93.46,-74.05,-17.59,-5.12,-94.2,41.98,44.0,1,36.28,Fair
1.077,-110.84,-92.95,-18.03,-10.0,-93.0,60.07,56.0,3,22.51,Poor
0.744,-99.32,-82.16,-15.07,-4.01,-101.19,56.32,59.0,2,30.82,Poor
1.013,-102.03,-83.56,-19.5,-10.0,-92.2,59.47,47.0,2,16.37,Poor
0.02,-68.75,-50.25,-17.17,25.3,-100.06,38.1,37.0,2,73.3,Good
1.52,-108.21,-93.52,-14.3,-10.0,-94.91,51.31,50.0,3,20.12,Poor
0.289,-97.0,-78.0,-19.02,3.74,-106.8,21.43,34.0,1,35.81,Fair
0.72,-95.78,-72.24,-19.5,1.96,-105.45,12.47,34.0,1,40.5,Fair
0.061,-80.29,-65.22,-15.71,6.39,-93.68,50.35,49.0,1,39.14,Fair
0.227,-94.69,-78.19,-16.7,15.75,-110.29,6.32,21.0,1,50.09,Fair
0.143,-85.31,-58.97,-19.5,9.97,-100.93,21.39,32.0,0,49.23,Fair
0.155,-90.84,-75.31,-16.04,2.77,-98.67,56.06,51.0,1,41.19,Fair
0.059,-83.39,-61.53,-19.5,5.38,-96.91,35.1,36.0,0,37.54,Fair
0.737,-102.87,-85.55,-16.32,-4.23,-103.47,26.62,31.0,2,34.72,Poor
0.02,-73.11,-54.93,-18.2,25.14,-101.8,43.3,38.0,1,60.14,Good
0.169,-92.24,,-16.65,4.49,-106.61,3.38,24.0,2,50.4,Fair
0.086,-79.59,-60.31,-19.5,18.17,-103.42,30.87,37.0,1,65.56,Good
0.4,-96.52,-83.26,-12.05,-8.03,-95.07,71.82,63.0,1,24.31,Poor
0.132,-81.47,-62.91,-17.48,18.62,-103.18,36.92,42.0,3,52.93,Fair
0.135,-90.08,-73.29,-16.17,0.88,-97.23,66.68,59.0,1,41.84,Fair
0.302,-100.53,-88.12,-12.29,-5.45,-99.71,42.11,46.0,1,34.09,Poor
0.476,-96.97,-75.61,-19.5,2.45,-102.4,39.31,46.0,1,31.24,Poor
0.058,-72.02,-60.34,-11.98,24.36,-102.29,45.19,43.0,1,69.08,Good
0.087,-80.75,-56.31,-19.5,14.38,-100.83,20.87,37.0,0,51.45,Fair
0.128,-73.33,,-19.5,10.85,-89.02,70.37,48.0,6,43.5,Fair
1.638,-106.96,-93.05,-14.86,-10.0,-97.74,34.31,55.0,1,32.47,Poor
0.228,-90.24,-68.23,-19.5,9.89,-106.0,15.78,28.0,0,43.13,Fair
0.411,-104.92,,-16.19,-8.38,-102.75,40.88,51.0,0,30.27,Poor
0.124,-84.25,-68.37,-16.55,15.15,-103.72,38.18,36.0,0,51.37,Fair
0.303,-92.99,-80.4,-11.86,-0.09,-100.2,31.58,41.0,1,50.06,Fair
0.035,-76.67,-61.26,-13.99,9.01,-90.0,52.05,56.0,3,48.63,Fair
0.02,-70.99,-55.23,-17.0,19.01,-93.0,49.28,52.0,4,60.1,Good
0.285,-93.39,-72.93,-19.5,5.04,-104.67,13.91,25.0,1,32.14,Poor
0.229,-91.95,-70.45,-19.5,11.1,-107.73,3.63,20.0,1,52.38,Fair
0.066,-72.19,-57.92,-14.03,21.58,-100.48,41.3,48.0,0,58.1,Good
0.524,-99.88,-81.07,-19.41,-3.15,-95.44,48.3,50.0,2,31.43,Poor
2.227,-110.28,-97.8,-13.54,-10.0,-100.61,45.75,46.0,5,32.57,Poor
0.227,-92.76,-73.94,-18.41,9.61,-105.91,43.27,40.0,0,41.37,Fair
0.441,-93.77,-69.29,-19.5,4.56,-104.87,29.59,35.0,2,29.6,Poor
1.483,-106.72,-94.06,-11.45,-7.03,-103.7,27.38,43.0,9,34.17,Poor
0.801,-103.21,-88.25,-14.61,6.33,-111.19,10.94,28.0,0,45.68,Fair
0.28,-100.69,-80.5,-19.5,-10.0,-89.18,70.91,68.0,3,16.3,Poor
0.602,-98.63,-78.1,-19.5,-0.0,-100.4,48.43,48.0,1,35.58,Fair
0.062,-81.18,-66.01,-16.24,9.67,-96.62,42.1,45.0,2,49.31,Fair
0.323,-94.45,-72.03,-19.5,4.71,-104.28,14.41,27.0,4,36.49,Fair
0.147,-92.15,-76.6,-15.6,9.32,-105.3,18.86,23.0,2,40.36,Fair
0.079,-76.34,-53.32,-19.5,18.54,-98.61,40.87,45.0,2,51.14,Fair
0.25,-88.57,-69.16,-19.35,7.08,-96.15,46.57,,0,41.54,Fair
0.063,-74.43,-52.61,-19.5,28.71,-109.82,2.55,18.0,2,66.8,Good
0.54,-94.08,-74.97,-19.19,-4.94,-94.87,39.39,43.0,4,33.61,Poor
0.274,-90.42,-70.45,-19.5,12.17,-109.13,20.2,33.0,2,48.8,Fair
0.341,-99.25,-79.12,-19.5,-2.88,-100.66,42.86,52.0,2,28.91,Poor
0.071,-73.8,-52.37,-19.5,15.26,-95.18,59.34,48.0,1,50.0,Fair
0.068,-84.46,-66.55,-19.5,9.0,-98.79,18.73,28.0,1,49.47,Fair
0.394,-97.01,-81.71,-15.95,3.33,-108.48,16.46,34.0,3,43.03,Fair
1.89,-106.71,-88.94,-17.88,-10.0,-90.37,57.75,51.0,4,21.12,Poor
0.046,-74.33,-58.33,-14.09,28.75,-107.2,19.07,30.0,0,75.66,Excellent
0.151,-85.37,-69.18,-15.88,12.49,-101.91,20.8,25.0,2,52.67,Fair
0.916,-104.85,-81.89,-19.5,-9.98,-100.38,41.1,39.0,4,25.61,Poor
0.034,-77.25,-57.38,-19.5,26.26,-107.32,25.17,31.0,0,66.24,Good
0.939,-93.32,-73.59,-19.5,-4.64,-90.96,60.9,,4,17.28,Poor
0.334,-94.67,-73.45,-19.5,4.06,-101.88,35.24,46.0,0,40.27,Fair
0.236,-92.15,-72.29,-19.5,10.36,-106.55,23.56,40.0,1,42.69,Fair
0.167,-91.35,-67.75,-19.5,9.37,-107.9,12.56,29.0,1,44.46,Fair
0.159,-87.08,-75.37,-10.22,12.25,-102.47,45.39,56.0,4,53.28,Fair
0.164,-87.57,-72.56,-15.25,12.18,-104.39,28.71,30.0,1,46.28,Fair
0.973,-103.83,-87.93,-15.41,-5.34,-103.16,27.18,38.0,2,36.19,Fair
0.579,-97.74,-83.87,-15.37,-0.86,-101.43,29.78,35.0,2,39.62,Fair
0.499,-90.92,-72.58,-18.68,-4.5,-95.05,46.3,56.0,3,25.68,Poor
0.721,-103.56,-85.08,-19.27,-7.0,-102.26,25.47,37.0,2,21.44,Poor
0.134,-86.42,-62.49,-19.5,29.06,-116.34,9.69,21.0,1,55.81,Good
0.433,-99.34,-78.63,-19.5,1.34,-102.24,22.76,20.0,1,33.31,Poor
0.277,-91.71,-75.24,-15.97,5.22,-102.89,42.01,35.0,1,44.55,Fair
0.686,-103.02,-83.53,-19.13,-1.61,-103.64,22.03,22.0,2,30.66,Poor
0.166,-90.58,-78.06,-11.15,-9.15,-87.48,84.14,72.0,2,29.25,Poor
0.464,-103.18,-84.76,-19.5,-10.0,-89.46,68.52,75.0,4,19.74,Poor
0.962,-103.29,-85.02,-16.1,-3.97,-104.0,13.7,21.0,3,37.94,Fair
0.231,-89.61,-74.32,-15.67,6.05,-99.5,48.72,56.0,2,43.08,Fair
0.031,-66.67,-49.27,-14.34,21.96,-94.07,45.47,50.0,2,70.81,Good
0.327,-92.43,-76.51,-16.32,8.75,-104.79,27.34,46.0,1,46.65,Fair
0.191,-91.47,-76.27,-14.44,9.11,-104.66,31.59,29.0,2,50.34,Fair
0.502,-103.47,-83.45,-18.63,-10.0,-94.57,50.21,52.0,1,26.52,Poor
1.357,-111.55,,-19.5,-10.0,-99.8,34.73,48.0,6,27.93,Poor
0.299,-98.73,-79.2,-19.5,-3.29,-100.46,39.48,33.0,1,26.98,Poor
0.282,-85.54,-68.85,-17.28,2.52,-93.02,58.0,49.0,3,42.19,Fair
0.478,-96.46,-80.45,-16.14,1.78,-104.65,24.32,42.0,3,46.42,Fair
0.049,-80.34,-63.56,-18.25,18.27,-100.41,36.33,43.0,0,51.7,Fair
0.132,-90.29,-72.95,-17.99,0.78,-93.89,47.93,47.0,1,38.51,Fair
1.131,-108.5,-93.12,-15.91,-10.0,-99.13,39.52,50.0,3,22.3,Poor
0.499,-100.41,-79.25,-19.5,-1.98,-103.67,32.2,40.0,1,33.21,Poor
0.02,-65.18,-47.79,-16.66,30.0,-102.92,32.66,40.0,3,70.31,Good
0.103,-84.46,-64.17,-19.5,-3.45,-85.19,76.51,65.0,1,25.73,Poor
0.517,-104.07,-90.27,-13.6,-10.0,-100.99,43.27,39.0,1,28.09,Poor
0.651,-91.04,-75.1,-15.38,12.76,-107.33,11.06,27.0,7,49.24,Fair
0.824,-106.89,-86.31,-19.5,-8.14,-102.87,40.43,64.0,1,16.51,Poor
0.156,-90.25,-69.63,-19.5,11.45,-110.15,22.47,26.0,2,42.76,Fair
1.203,-100.37,-85.98,-15.77,-8.41,-94.2,68.94,64.0,1,23.15,Poor
0.362,-93.54,-74.64,-19.5,3.98,-99.33,48.95,57.0,4,31.82,Poor
0.537,-100.49,-81.5,-19.5,-10.0,-88.32,85.9,71.0,1,16.92,Poor
0.409,-101.17,-85.3,-16.42,-5.41,-101.4,55.44,52.0,3,30.57,Poor
0.059,-83.42,-64.35,-19.5,15.7,-103.7,25.44,35.0,1,51.24,Fair
1.485,-111.07,-97.81,-12.32,-10.0,-97.08,61.25,50.0,1,20.6,Poor
0.059,-79.53,-64.32,-14.64,14.59,-98.79,41.96,47.0,2,52.49,Fair
0.132,-85.74,-65.94,-19.19,24.12,-112.78,15.65,28.0,0,59.03,Good
0.756,-102.18,-84.09,-19.5,-10.0,-92.84,53.67,60.0,3,19.5,Poor
0.434,-96.92,-78.68,-18.3,7.68,-106.03,13.5,30.0,1,46.82,Fair
0.819,-106.48,-89.01,-18.79,-10.0,-92.97,55.11,51.0,2,23.08,Poor
0.326,-93.13,-73.52,-18.89,2.25,-100.45,43.42,53.0,2,33.1,Poor
0.213,-85.48,-65.73,-19.31,8.62,-100.84,33.76,43.0,1,46.76,Fair
1.147,-105.85,-85.48,-19.5,-10.0,-98.63,61.11,59.0,2,15.58,Poor
0.02,-71.17,-52.8,-17.84,30.0,-104.74,31.62,48.0,1,68.8,Good
0.872,-102.49,-85.66,-17.2,-4.86,-103.43,40.74,44.0,3,27.75,Poor
0.118,-81.04,-64.72,-14.56,21.41,-107.41,20.41,39.0,1,69.89,Good
0.85,-106.18,-91.35,-16.14,-8.54,-104.21,36.34,43.0,1,20.37,Poor
0.067,-74.9,-58.11,-16.01,25.93,-102.67,10.21,22.0,3,62.31,Good
0.391,-94.17,-77.99,-15.24,1.73,-97.07,69.21,65.0,3,35.91,Fair
0.986,-103.77,-80.96,-19.5,-7.86,-98.67,53.4,61.0,3,25.42,Poor
0.289,-88.39,-73.53,-12.96,8.53,-100.17,38.31,43.0,4,45.33,Fair
0.618,-104.56,-83.45,-19.5,-10.0,-95.8,38.25,38.0,2,20.4,Poor
0.735,-99.25,-82.05,-18.04,3.59,-105.2,17.37,31.0,0,44.31,Fair
0.6,-97.86,-80.48,-16.81,-1.09,-102.76,14.07,30.0,6,39.0,Fair
1.168,-109.1,-89.89,-19.41,-10.0,-91.83,57.08,44.0,5,15.03,Poor
0.266,-90.7,-76.96,-13.35,3.41,-99.15,42.91,44.0,4,42.37,Fair
0.086,-81.61,-66.01,-15.83,19.82,-110.36,9.41,16.0,2,63.49,Good
0.022,-71.97,-57.69,-15.28,17.21,-97.38,40.09,46.0,1,56.7,Good
0.127,-82.72,-65.86,-15.76,9.1,-100.26,48.13,,2,48.67,Fair
0.07,-83.26,-67.98,-16.61,13.25,-100.35,36.94,47.0,1,44.28,Fair
0.367,-94.24,-72.29,-19.5,5.92,-108.72,11.96,32.0,1,46.41,Fair
0.092,-83.9,-67.65,-15.74,4.24,-94.34,62.2,60.0,3,45.15,Fair
0.02,-72.9,-62.04,-10.98,30.0,-109.72,14.58,24.0,1,72.06,Good
0.02,-68.43,-51.44,-18.8,30.0,-101.7,33.11,52.0,3,64.15,Good
0.802,-102.92,-82.5,-19.5,-10.0,-94.6,68.19,59.0,4,17.4,Poor
0.403,-102.02,-79.12,-19.5,-10.0,-93.07,83.07,56.0,1,18.99,Poor
0.199,-97.25,-79.93,-15.68,-1.55,-99.67,25.9,33.0,1,42.62,Fair
1.011,-100.95,-84.5,-14.8,-3.08,-102.85,29.86,28.0,2,36.65,Fair
0.033,-79.45,-61.49,-16.69,13.22,-98.73,37.24,49.0,2,50.64,Fair
1.768,-107.84,-88.59,-19.22,-10.0,-100.37,27.27,28.0,3,20.55,Poor
0.431,-96.49,-81.88,-13.77,2.3,-100.54,44.91,52.0,1,37.87,Fair
0.091,-84.77,-67.5,-16.69,13.5,-101.86,25.29,31.0,2,48.11,Fair
0.511,-90.37,-72.51,-17.95,9.07,-106.66,20.42,30.0,2,39.86,Fair
0.649,-99.53,-81.4,-16.98,-1.56,-102.03,36.93,40.0,5,32.08,Poor
0.252,-89.05,-71.49,-17.77,1.68,-95.7,49.32,53.0,2,37.08,Fair
0.89,-101.86,-86.67,-15.99,-3.54,-101.79,39.78,46.0,1,31.13,Poor
0.074,-82.37,-63.36,-19.04,10.41,-99.63,18.75,36.0,1,54.29,Fair
0.147,-87.49,-69.62,-18.37,8.15,-99.55,18.5,41.0,1,44.62,Fair
0.044,-71.26,-53.4,-18.74,5.85,-83.84,86.17,75.0,2,37.74,Fair
0.107,-80.28,-65.53,-15.23,8.45,-95.94,51.33,48.0,0,44.51,Fair
0.123,-78.04,-58.12,-19.5,27.2,-104.84,24.75,31.0,1,60.14,Good
1.123,-104.13,-88.98,-14.9,-10.0,-87.61,89.4,71.0,3,18.9,Poor
0.037,-79.01,-56.16,-19.5,20.58,-106.5,9.78,24.0,1,60.44,Good
0.251,-93.79,-79.32,-14.19,4.53,-106.31,10.16,24.0,4,38.66,Fair
0.342,-99.46,-79.17,-19.43,-2.49,-100.21,46.44,43.0,1,23.61,Poor
1.03,-101.2,-88.92,-13.06,-10.0,-94.09,39.85,37.0,3,32.39,Poor
2.733,-115.08,-103.85,-12.82,-10.0,-98.73,49.06,56.0,3,24.96,Poor
0.63,-112.22,-95.89,-17.71,-10.0,-102.23,47.85,41.0,1,25.49,Poor
1.59,-98.18,-86.96,-11.54,-5.09,-101.09,35.75,38.0,1,43.4,Fair
0.696,-103.15,-82.96,-19.5,-10.0,-98.36,61.71,47.0,1,14.91,Poor
1.486,-109.75,-91.82,-18.02,-10.0,-99.73,41.93,35.0,1,28.23,Poor
0.553,-92.18,-69.98,-19.5,3.7,-100.16,41.04,41.0,0,39.51,Fair
0.037,-80.52,-63.02,-17.38,8.44,-98.26,36.94,50.0,2,48.8,Fair
0.231,-86.78,-68.05,-18.92,-3.57,-87.05,79.22,76.0,1,30.5,Poor
0.468,-99.77,-82.58,-17.99,1.9,-106.05,23.83,29.0,3,38.26,Fair
0.194,-95.11,-79.73,-16.62,8.2,-106.78,26.19,34.0,3,47.41,Fair
0.144,-80.39,-63.61,-17.97,18.28,-98.78,43.12,38.0,0,52.88,Fair
0.388,-92.1,-77.71,-12.83,2.99,-100.4,42.29,47.0,2,46.07,Fair
1.22,-102.05,-82.89,-17.82,-10.0,-96.69,59.71,53.0,3,15.12,Poor
0.02,-68.97,-51.9,-16.96,30.0,-106.34,18.03,36.0,0,78.51,Excellent
0.66,-98.01,-80.31,-16.05,-9.99,-95.28,40.29,46.0,1,22.19,Poor
0.577,-104.17,-77.7,-19.5,-0.89,-104.33,38.38,46.0,6,29.75,Poor
1.495,-107.05,-90.26,-14.7,-10.0,-99.73,48.71,40.0,5,26.03,Poor
1.201,-109.32,-90.37,-18.23,-10.0,-92.53,81.88,69.0,2,19.54,Poor
0.646,-105.78,-87.94,-17.1,-10.0,-98.32,37.72,39.0,0,25.54,Poor
0.331,-92.77,-71.3,-19.5,0.47,-97.98,42.87,55.0,0,31.3,Poor
0.103,-79.69,-60.98,-17.98,10.36,-96.91,55.34,52.0,2,50.03,Fair
0.355,-96.55,-79.37,-16.32,-5.98,-97.87,44.83,53.0,1,30.91,Poor
0.652,-101.15,-76.27,-19.5,-6.64,-101.46,52.66,60.0,3,23.9,Poor
1.017,-108.71,-93.29,-14.42,-9.87,-103.27,17.26,36.0,4,25.81,Poor
0.702,-100.91,-83.49,-16.89,-9.01,-99.53,53.58,56.0,2,20.59,Poor
0.098,-80.85,-60.1,-19.5,8.77,-94.27,71.49,69.0,3,43.62,Fair
0.412,-93.15,-77.61,-15.88,3.89,-102.95,20.35,34.0,0,48.33,Fair
0.182,-87.05,-66.76,-19.5,7.73,-103.43,56.95,54.0,0,35.21,Fair
0.02,-72.92,-56.36,-16.43,23.58,-103.2,30.01,28.0,2,65.82,Good
0.101,-86.73,-65.72,-19.5,9.06,-101.03,33.79,34.0,1,39.93,Fair
0.054,-75.64,-54.71,-19.5,19.24,-99.14,43.2,48.0,4,54.31,Fair
0.832,-99.17,-81.44,-18.18,-0.29,-105.67,9.85,,3,38.32,Fair
0.135,-87.33,-72.33,-16.23,6.77,-100.16,35.34,52.0,1,44.98,Fair
0.151,-89.33,-72.5,-17.72,-0.94,-95.79,57.07,56.0,2,31.55,Poor
1.448,-102.55,-84.6,-18.22,-3.89,-101.77,55.94,55.0,4,25.05,Poor
0.214,-92.11,-71.44,-19.5,4.16,-102.15,43.46,32.0,1,37.1,Fair
0.02,-67.46,-48.5,-18.16,28.17,-101.51,37.59,38.0,2,64.73,Good
0.15,-88.14,-68.53,-19.45,17.76,-112.75,9.48,27.0,2,57.23,Good
0.057,-83.48,-64.44,-19.5,15.08,-105.76,38.07,49.0,3,51.54,Fair
0.049,-71.5,-50.96,-19.4,10.48,-88.09,71.91,66.0,0,47.42,Fair
0.036,-74.95,-57.55,-16.49,7.8,-88.96,75.58,68.0,2,44.05,Fair
0.405,-99.01,,-18.4,1.44,-106.41,20.84,29.0,1,37.77,Fair
0.094,-89.16,-71.07,-17.87,16.39,-107.92,2.8,21.0,1,59.41,Good
0.202,-95.3,-78.61,-15.95,9.45,-110.83,12.87,35.0,2,50.01,Fair
0.891,-104.5,-83.47,-19.05,-10.0,-95.44,51.38,42.0,5,17.15,Poor
0.249,-84.24,-63.27,-19.5,16.26,-102.26,31.37,32.0,0,55.79,Good
1.113,-107.28,-85.66,-19.5,-10.0,-92.25,52.43,58.0,3,17.18,Poor
0.31,-88.07,-72.36,-14.73,1.17,-96.36,44.01,48.0,1,41.68,Fair
0.229,-91.76,-72.71,-17.52,10.7,-108.93,8.29,18.0,2,38.18,Fair
0.625,-104.65,-83.37,-19.5,-10.0,-96.14,33.72,45.0,2,28.55,Poor
0.034,-76.82,-54.31,-19.5,18.59,-100.94,27.11,43.0,0,51.6,Fair
0.042,-81.83,-68.36,-13.88,0.53,-84.55,91.06,87.0,3,35.36,Fair
0.475,-100.98,-82.98,-17.33,-0.78,-105.42,20.21,30.0,2,41.0,Fair
0.3,-97.12,-79.69,-16.17,-5.93,-94.55,41.13,48.0,2,28.17,Poor
0.703,-108.57,-85.8,-19.5,-6.09,-107.06,12.87,25.0,2,22.79,Poor
1.116,-98.91,-87.54,-13.04,0.25,-101.87,35.36,45.0,3,44.72,Fair
0.221,-90.09,-75.23,-14.74,-1.2,-93.51,51.92,57.0,1,36.54,Fair
0.408,-98.99,-76.69,-19.5,-6.56,-96.68,53.64,51.0,3,34.98,Poor
0.313,-93.04,-76.45,-15.83,0.35,-97.54,52.59,60.0,1,32.98,Poor
1.798,-112.44,-98.35,-13.68,-10.0,-102.11,15.76,28.0,3,26.72,Poor
0.8,-112.76,-90.22,-19.5,-10.0,-90.73,80.05,60.0,2,9.31,Poor
1.092,-92.95,-79.24,-14.94,0.59,-100.62,16.41,29.0,3,43.68,Fair
0.132,-85.72,-64.66,-19.5,3.85,-95.86,58.09,65.0,2,39.39,Fair
0.666,-102.84,-89.52,-12.66,-0.59,-107.15,15.42,20.0,1,43.27,Fair
0.139,-94.65,-80.98,-13.66,6.51,-105.52,13.02,26.0,0,49.41,Fair
0.105,-90.51,-71.91,-18.5,0.95,-95.58,49.5,56.0,2,37.48,Fair
1.299,-99.66,-84.21,-14.16,1.09,-104.59,31.24,24.0,3,33.14,Poor
0.02,-64.44,-45.62,-18.2,30.0,-109.79,17.28,29.0,0,71.06,Good
1.514,-104.59,,-19.5,-10.0,-99.17,54.99,50.0,6,24.49,Poor
0.073,-85.81,-68.28,-18.36,11.35,-99.46,37.53,45.0,1,49.2,Fair
0.77,-95.7,-72.82,-19.5,-5.92,-99.46,41.04,61.0,4,36.98,Fair
0.145,-85.5,-66.53,-18.07,11.31,-102.94,21.31,40.0,3,47.8,Fair
0.194,-87.2,-66.33,-19.5,13.94,-105.09,29.88,39.0,3,47.5,Fair
0.11,-83.12,-72.18,-12.08,12.89,-98.4,32.5,39.0,2,58.29,Good
0.396,-102.01,-82.1,-19.5,-3.85,-98.68,36.06,34.0,0,27.9,Poor
0.193,-94.53,-75.08,-15.88,-10.0,-89.15,64.96,56.0,2,24.51,Poor
0.482,-99.72,-82.8,-15.58,1.86,-107.42,7.8,27.0,1,40.94,Fair
0.02,-67.87,-44.18,-19.5,23.66,-96.17,55.31,47.0,4,56.15,Good
0.03,-79.33,-62.81,-15.1,15.19,-99.89,40.61,40.0,3,56.5,Good
0.047,-78.37,-65.2,-14.17,22.0,-106.27,11.17,30.0,3,64.02,Good
0.244,-92.5,-72.16,-19.5,10.44,-106.54,25.48,35.0,1,42.73,Fair
0.759,-98.44,-84.71,-15.31,2.37,-108.41,10.91,27.0,1,43.99,Fair
0.986,-101.19,,-17.41,-8.97,-97.74,29.98,38.0,3,24.59,Poor
0.126,-90.14,-68.12,-19.5,7.23,-103.5,24.75,38.0,2,42.68,Fair
0.384,-89.93,-70.44,-19.5,9.4,-104.31,22.3,37.0,2,44.75,Fair
0.658,-105.03,-87.78,-16.13,-4.27,-106.66,14.23,23.0,3,38.26,Fair
0.153,-83.4,-66.46,-16.95,9.9,-99.97,38.17,42.0,1,50.64,Fair
0.237,-93.72,-71.92,-19.5,7.29,-104.71,14.37,24.0,4,40.53,Fair
0.334,-93.85,-79.51,-13.55,4.39,-105.34,32.52,34.0,3,42.52,Fair
0.065,-79.51,-59.19,-19.5,17.29,-103.46,37.18,42.0,4,53.48,Fair
0.02,-69.65,-45.07,-19.5,20.91,-96.44,54.75,58.0,1,54.45,Fair
0.075,-78.87,-59.24,-19.09,15.99,-101.68,37.03,47.0,1,47.27,Fair
0.444,-95.39,-78.11,-17.53,-1.83,-99.45,49.71,48.0,0,30.26,Poor
0.034,-71.85,-54.33,-17.6,28.68,-104.1,26.56,26.0,1,65.33,Good
0.095,-81.76,-65.2,-16.55,2.95,-92.27,79.07,64.0,2,37.4,Fair
0.186,-94.47,-78.43,-16.65,-5.34,-93.9,71.69,64.0,3,25.5,Poor
0.036,-74.4,-56.04,-18.81,25.27,-108.73,19.42,36.0,0,59.01,Good
0.096,-85.97,-65.93,-18.14,12.2,-102.96,19.14,40.0,1,51.74,Fair
1.09,-109.19,-86.36,-19.5,-10.0,-98.14,47.24,50.0,2,14.05,Poor
0.02,-71.6,-59.47,-12.39,19.57,-99.01,30.67,45.0,1,63.46,Good
0.477,-96.85,-86.17,-12.27,-6.67,-94.77,64.24,58.0,2,28.92,Poor
0.218,-89.82,-66.93,-19.5,-0.31,-92.81,45.6,61.0,0,35.36,Fair
0.503,-93.82,-75.64,-18.55,3.45,-101.49,23.02,28.0,3,39.82,Fair
0.4,-90.83,-72.5,-17.86,8.95,-105.53,29.48,42.0,0,42.15,Fair
0.114,-83.86,-64.35,-19.5,2.79,-93.84,70.61,60.0,2,39.91,Fair
0.845,-100.48,-83.04,-16.97,-8.01,-97.71,31.61,46.0,3,27.98,Poor
0.305,-93.33,-69.4,-19.5,10.52,-108.49,11.92,30.0,1,40.0,Fair
0.778,-98.76,-79.29,-19.5,-8.96,-96.32,25.82,37.0,2,28.92,Poor
0.234,-89.49,-72.83,-15.44,13.12,-104.32,8.67,21.0,2,53.53,Fair
1.881,-109.71,-92.78,-19.06,-10.0,-104.33,21.61,35.0,7,26.17,Poor
0.662,-91.83,-74.26,-17.43,2.59,-98.53,42.85,45.0,1,32.54,Poor
1.521,-109.83,-94.16,-16.22,-10.0,-92.56,54.3,53.0,1,19.03,Poor
0.325,-88.45,-65.38,-19.5,7.01,-102.41,4.93,27.0,3,45.46,Fair
0.289,-98.66,-80.29,-18.51,3.26,-105.44,11.82,33.0,1,37.13,Fair
0.634,-96.8,-82.31,-13.89,-0.94,-98.23,46.56,58.0,4,39.94,Fair
0.955,-97.86,-78.65,-19.5,-1.72,-102.78,31.61,40.0,1,35.48,Fair
1.498,-115.14,-92.83,-19.5,-10.0,-90.66,78.25,54.0,3,11.63,Poor
0.177,-88.43,-67.25,-19.5,12.58,-106.9,10.65,20.0,2,48.08,Fair
0.721,-98.31,-82.59,-17.63,4.37,-107.13,13.84,32.0,6,45.58,Fair
0.106,-83.62,-68.94,-14.21,19.49,-107.46,11.65,26.0,3,66.66,Good
0.355,-93.51,-71.23,-19.5,2.86,-103.22,28.36,31.0,1,36.16,Fair
0.089,-82.56,-69.43,-13.69,18.67,-107.38,25.91,36.0,0,64.03,Good
0.192,-94.09,-74.98,-19.24,13.24,-109.78,21.23,30.0,2,47.77,Fair
1.205,-96.16,-79.86,-17.65,-2.68,-97.89,30.71,45.0,4,39.68,Fair
0.071,-83.17,-61.23,-19.5,12.5,-102.6,28.16,38.0,0,51.88,Fair
0.45,-95.35,-80.52,-13.61,-0.41,-100.96,45.97,45.0,3,43.29,Fair
0.404,-98.75,-83.14,-15.29,-3.62,-98.4,44.42,51.0,4,27.3,Poor
0.058,-88.51,-68.66,-19.5,-6.69,-91.77,65.56,47.0,1,32.91,Poor
0.178,-92.73,-72.35,-19.5,-8.15,-90.65,68.25,60.0,2,28.88,Poor
0.373,-101.24,-79.16,-19.5,-7.07,-95.81,51.92,50.0,1,21.63,Poor
0.093,-79.12,-59.7,-19.5,14.01,-98.87,26.69,38.0,2,55.19,Good
0.726,-103.65,-84.61,-18.25,-8.11,-101.14,49.96,37.0,3,20.81,Poor
1.612,-110.21,-89.06,-19.5,-10.0,-106.08,19.23,37.0,5,28.4,Poor
0.109,-89.07,-75.18,-14.64,8.46,-98.67,55.01,63.0,1,46.05,Fair
0.093,-83.1,-67.74,-15.79,,-106.55,27.44,37.0,1,57.75,Good
0.273,-95.62,-81.48,-13.74,-3.54,-99.61,27.95,27.0,1,37.45,Fair
0.62,-95.89,-85.95,-10.49,2.44,-99.01,36.45,38.0,3,38.43,Fair
0.149,-86.3,-65.78,-19.5,3.23,-98.54,40.44,46.0,0,40.41,Fair
0.02,-72.73,,-19.5,23.64,-99.34,32.51,33.0,1,59.63,Good
0.351,-91.52,-71.85,-19.26,3.45,-100.28,44.81,49.0,0,38.4,Fair
1.412,-106.97,-87.83,-19.2,-10.0,-99.66,63.12,60.0,1,20.94,Poor
0.223,-90.93,-72.68,-17.2,7.98,-102.68,35.63,40.0,1,45.55,Fair
0.245,-97.68,-79.51,-17.87,1.27,-101.25,66.53,58.0,1,26.18,Poor
1.562,-108.16,-85.08,-19.5,-10.0,-102.64,23.98,39.0,4,15.73,Poor
0.534,-97.28,-74.63,-19.5,-2.78,-96.92,53.81,49.0,4,22.08,Poor
0.572,-93.82,-77.58,-16.41,7.36,-106.66,27.43,37.0,2,40.36,Fair
0.372,-98.45,-77.12,-19.5,6.76,-111.72,12.32,26.0,2,36.04,Fair
1.653,-99.26,-77.57,-19.39,4.12,-106.21,23.5,34.0,4,35.81,Fair
0.525,-96.2,-76.25,-19.5,-10.0,-86.93,83.49,90.0,3,18.91,Poor
1.014,-110.21,-91.05,-18.38,-8.37,-108.87,23.05,30.0,4,28.55,Poor
0.541,-102.06,-83.0,-19.5,-0.79,-104.25,16.29,26.0,3,41.75,Fair
0.598,-93.86,-80.31,-13.55,4.26,-101.58,32.38,38.0,1,44.85,Fair
0.154,-82.86,-69.57,-12.26,6.88,-95.48,59.18,58.0,2,52.14,Fair
0.163,-88.21,-67.86,-19.25,6.64,-98.01,50.12,46.0,2,33.49,Poor
0.688,-100.16,-85.46,-13.47,0.63,-106.2,28.15,37.0,2,37.15,Fair
0.158,-92.71,-78.88,-14.47,4.93,-103.91,24.93,32.0,2,43.58,Fair
0.372,-90.15,-78.38,-11.31,14.15,-104.5,24.65,39.0,2,60.09,Good
0.129,-90.23,-73.66,-17.77,12.68,-107.39,7.61,18.0,2,50.31,Fair
0.764,-98.3,-79.17,-19.5,1.32,-104.99,27.58,36.0,0,30.13,Poor
0.053,-73.19,-53.83,-19.47,26.86,-104.25,32.15,41.0,2,58.63,Good
0.796,-101.84,-81.28,-19.5,-10.0,-91.06,71.62,66.0,1,26.16,Poor
0.415,-92.52,-75.69,-16.92,7.05,-103.2,34.42,32.0,3,40.74,Fair
0.093,-76.08,-57.76,-18.6,14.49,-95.06,51.98,48.0,2,52.46,Fair
0.351,-93.87,-73.33,-19.5,4.14,-99.69,49.11,52.0,2,29.14,Poor
0.149,-88.25,-68.85,-19.14,13.51,-106.84,16.7,41.0,2,52.07,Fair
0.176,-89.22,-72.97,-15.31,9.4,-104.56,21.86,40.0,3,50.27,Fair
0.195,-92.81,-73.91,-18.19,-7.14,-91.03,60.71,49.0,2,28.51,Poor
0.029,-76.73,-64.68,-11.45,15.95,-95.83,59.47,75.0,1,62.54,Good
1.92,-107.9,,-19.49,-10.0,-96.65,40.09,45.0,7,22.67,Poor
0.02,-71.1,-54.96,-16.18,30.0,-109.3,13.06,28.0,1,68.69,Good
0.489,-96.49,-73.93,-19.5,14.71,-115.76,4.13,21.0,1,53.19,Fair
0.209,-96.4,-81.33,-13.8,8.19,-110.89,25.17,38.0,3,41.8,Fair
0.467,-97.78,-79.43,-18.58,-5.62,-97.03,55.36,54.0,0,32.31,Poor
0.198,-85.87,-69.15,-14.32,12.31,-102.28,48.14,52.0,0,49.88,Fair
0.504,-102.54,-86.22,-16.06,-7.91,-99.22,76.54,59.0,1,27.51,Poor
0.588,-99.34,-80.2,-18.36,-10.0,-94.75,61.47,49.0,1,20.91,Poor
0.528,-105.88,-89.14,-17.42,-10.0,-99.14,29.45,39.0,2,27.58,Poor
0.054,-84.1,-60.54,-19.5,15.28,-105.21,24.63,34.0,0,58.77,Good
0.481,-94.44,-82.36,-12.87,-4.29,-93.89,63.42,57.0,2,27.9,Poor
0.148,-88.69,-68.8,-19.14,-0.46,-90.76,66.19,54.0,2,24.63,Poor
0.02,-63.16,-45.41,-17.66,30.0,-108.1,15.24,22.0,4,70.14,Good
0.241,-89.95,-72.1,-19.5,8.85,-102.35,15.68,27.0,0,46.25,Fair
0.256,-90.07,-71.16,-19.08,9.27,-101.15,46.19,39.0,1,39.99,Fair
0.283,-97.38,-76.39,-19.5,-1.0,-101.04,35.18,41.0,4,31.99,Poor
0.549,-100.35,-81.55,-19.38,-1.33,-103.0,33.45,32.0,6,29.31,Poor
0.166,-91.4,-70.39,-19.5,5.79,-103.77,26.94,40.0,2,36.27,Fair
0.17,-92.94,-74.8,-18.89,5.39,-101.67,10.45,26.0,2,45.89,Fair
0.028,-70.62,-55.73,-13.82,29.85,-103.3,34.51,39.0,1,75.79,Excellent
0.522,-94.92,-77.19,-17.35,6.99,-109.35,22.04,38.0,3,39.14,Fair
0.378,-93.97,-72.51,-19.5,-8.45,-92.7,47.21,54.0,0,20.7,Poor
0.193,-93.09,-76.32,-17.57,-4.57,-94.41,60.86,65.0,0,29.87,Poor
0.55,-97.49,-82.74,-13.68,-10.0,-91.85,77.57,73.0,3,22.92,Poor
0.347,-102.48,-82.62,-19.45,-2.02,-106.44,27.0,35.0,2,37.53,Fair
0.285,-87.84,-68.83,-17.76,-0.85,-91.41,71.6,67.0,1,26.25,Poor
0.322,-99.38,-83.7,-16.29,-6.81,-93.19,47.39,59.0,1,21.2,Poor
0.455,-101.66,-84.36,-17.65,0.48,-104.64,40.16,48.0,2,27.84,Poor
0.485,-97.28,-79.82,-16.94,1.8,-107.08,32.19,35.0,2,32.32,Poor
0.153,-86.96,,-18.09,-4.77,-89.46,88.54,75.0,2,27.89,Poor
0.068,-81.1,-61.16,-19.5,15.49,-102.92,45.23,,1,45.13,Fair
0.077,-86.24,-69.46,-18.44,13.78,-104.62,24.41,37.0,3,51.1,Fair
0.459,-92.72,-72.63,-19.5,12.37,-108.44,7.61,24.0,0,44.43,Fair
0.928,-110.11,-93.71,-16.66,-5.2,-107.28,21.38,37.0,2,32.57,Poor
0.237,-97.47,-74.47,-19.5,10.72,-116.71,7.35,27.0,2,42.33,Fair
0.084,-82.97,-59.91,-19.5,13.22,-103.66,19.84,41.0,1,55.16,Good
0.636,-105.14,-89.71,-14.81,-10.0,-86.59,71.77,67.0,4,25.76,Poor
0.804,-97.23,-82.9,-14.65,4.74,-107.13,14.72,38.0,3,38.52,Fair
0.956,-108.33,-87.4,-19.5,-10.0,-98.36,37.8,51.0,1,21.06,Poor
0.42,-90.26,-71.49,-18.88,9.5,-102.42,36.84,50.0,3,46.95,Fair
0.887,-98.83,-79.17,-19.08,-7.76,-100.27,40.55,54.0,2,25.2,Poor
0.02,-65.5,-49.47,-15.21,30.0,-105.29,7.18,14.0,2,75.08,Excellent
0.051,-70.78,-53.18,-18.69,14.27,-92.96,68.67,57.0,0,48.34,Fair
0.044,-76.68,-59.72,-16.38,18.55,-98.66,20.45,27.0,1,64.49,Good
0.561,-103.05,-84.14,-19.5,-10.0,-96.73,47.16,46.0,2,28.42,Poor
0.032,-74.9,-60.64,-14.11,24.32,-103.51,50.76,62.0,1,62.32,Good
0.309,-96.08,-78.38,-18.17,-1.41,-99.86,31.45,41.0,2,28.45,Poor
0.288,-96.05,-81.82,-14.43,8.87,-110.8,9.05,25.0,1,51.6,Fair
0.167,-87.93,-71.47,-16.96,15.68,-107.39,7.59,25.0,2,57.64,Good
0.92,-104.53,-86.82,-17.79,-7.64,-100.37,21.99,27.0,4,21.48,Poor
0.084,-85.61,-66.08,-19.33,14.77,-103.96,35.49,37.0,1,46.46,Fair
0.196,-90.85,-71.08,-19.5,-6.46,-90.29,59.89,48.0,5,30.0,Poor
0.67,-98.33,-78.05,-19.16,-9.29,-94.04,58.22,65.0,4,22.09,Poor
0.02,-66.62,-53.07,-13.5,20.78,-96.0,70.99,73.0,4,66.16,Good
0.503,-104.46,-82.67,-19.5,-10.0,-97.86,50.96,38.0,2,22.66,Poor
0.763,-102.87,-86.81,-15.87,-10.0,-96.11,46.73,49.0,2,22.4,Poor
1.211,-106.24,-89.95,-16.15,-3.78,-108.11,16.41,28.0,1,36.07,Fair
0.94,-108.21,-89.4,-16.91,,-106.21,28.16,33.0,0,24.7,Poor
0.173,-89.3,-72.31,-16.62,1.49,-97.02,72.81,68.0,4,32.61,Poor
0.397,-95.41,-76.33,-19.35,1.46,-104.14,29.22,40.0,1,46.16,Fair
0.036,-73.34,-53.69,-19.5,13.71,-91.02,69.1,48.0,1,52.43,Fair
0.134,-86.31,-70.6,-16.44,13.3,-106.87,14.54,36.0,1,53.33,Fair
0.045,-80.69,-63.24,-16.72,10.17,-93.17,65.67,60.0,1,40.42,Fair
0.17,-80.63,-63.09,-16.0,14.06,-101.58,38.39,47.0,1,55.99,Good
0.936,-100.12,-79.25,-19.5,-8.83,-96.22,66.62,67.0,2,17.92,Poor
0.192,-87.5,-70.89,-16.51,10.98,-103.24,20.2,33.0,2,48.85,Fair
0.371,-91.4,-74.93,-16.46,3.78,-99.31,33.02,35.0,1,40.24,Fair
0.256,-91.21,-76.27,-13.94,1.27,-96.0,64.22,54.0,1,39.74,Fair
0.276,-87.72,-72.44,-14.73,2.21,-93.21,60.21,65.0,3,39.28,Fair
1.572,-107.7,-93.76,-13.88,-6.31,-105.74,20.49,43.0,1,30.92,Poor
0.158,-88.02,-72.13,-16.83,5.55,-97.95,57.81,51.0,1,39.62,Fair
0.444,-94.43,-71.65,-19.5,-1.31,-99.62,21.93,26.0,2,33.05,Poor
0.245,-85.52,-65.45,-19.5,-0.69,-95.03,57.58,51.0,1,33.67,Poor
0.028,-67.32,-45.48,-19.5,23.67,-93.41,57.07,52.0,3,51.82,Fair
0.302,-91.27,-76.12,-17.71,-3.27,-93.55,61.96,61.0,3,27.28,Poor
0.755,-99.51,-87.35,-12.75,-3.41,-100.79,45.31,41.0,0,37.88,Fair
0.047,-74.8,-55.85,-19.11,19.06,-98.86,42.59,47.0,2,57.77,Good
0.032,-70.55,-46.99,-19.5,12.11,-91.53,55.36,53.0,2,48.04,Fair
0.075,-76.43,-59.88,-16.97,29.2,-109.2,5.29,22.0,0,69.58,Good
0.651,-101.23,-82.92,-17.2,-0.37,-103.62,38.52,40.0,2,30.59,Poor
0.579,-94.0,-80.71,-13.66,8.4,-109.04,4.45,29.0,0,50.64,Fair
0.375,-94.12,-76.04,-19.5,6.07,-102.56,17.01,32.0,2,37.38,Fair
0.284,-90.5,-72.87,-19.23,8.84,-104.85,9.5,24.0,2,42.45,Fair
0.986,-98.36,-86.64,-11.29,-4.16,-102.06,40.4,41.0,2,38.67,Fair
0.655,-97.35,-82.46,-14.55,-2.09,-98.25,32.48,30.0,4,41.71,Fair
0.752,-97.87,-83.22,-14.52,-5.04,-95.7,43.68,41.0,2,36.0,Fair
0.755,-103.13,-89.87,-13.6,-10.0,-92.4,59.88,61.0,3,20.13,Poor
0.463,-91.34,-75.51,-16.08,5.48,-102.12,47.59,56.0,1,42.58,Fair
0.276,-90.06,-70.53,-17.71,9.28,-105.09,41.39,39.0,3,37.23,Fair
0.9,-102.59,-86.49,-16.17,-10.0,-92.25,41.63,32.0,1,26.34,Poor
1.172,-100.98,-79.53,-19.5,-10.0,-94.04,65.82,,4,28.76,Poor
0.02,-60.09,-43.18,-15.71,30.0,-104.41,32.65,50.0,2,78.6,Excellent
0.024,-76.57,-57.59,-18.42,24.52,-105.69,23.27,30.0,1,69.94,Good
1.435,-110.36,-90.86,-18.89,-10.0,-97.25,48.34,51.0,3,16.59,Poor
0.146,-76.61,,-19.5,28.94,-111.24,14.5,30.0,1,73.29,Good
0.93,-101.67,-85.82,-15.1,-10.0,-87.4,83.75,62.0,4,20.37,Poor
0.222,-90.18,-70.86,-19.5,7.39,-100.04,35.45,36.0,1,44.9,Fair
0.057,-79.74,-64.58,-16.15,8.92,-96.23,53.05,55.0,1,45.86,Fair
0.038,-70.93,-47.76,-19.5,19.12,-95.71,46.25,49.0,1,53.84,Fair
0.077,-71.35,-56.47,-16.41,30.0,-102.17,36.21,44.0,0,64.89,Good
0.129,-88.97,-69.81,-19.09,3.08,-96.2,47.75,46.0,2,34.03,Poor
0.302,-94.01,-71.33,-19.5,13.26,-109.75,18.56,37.0,0,49.73,Fair
0.544,-100.13,-85.72,-15.16,-3.84,-102.3,34.48,33.0,3,31.35,Poor
1.934,-106.8,-87.02,-19.5,-9.88,-101.33,29.91,36.0,4,24.82,Poor
0.262,-87.51,-72.49,-15.49,16.55,-110.08,9.97,20.0,0,53.71,Fair
0.329,-87.88,-62.89,-19.5,9.59,-104.27,18.45,25.0,0,50.82,Fair
0.332,-91.38,-79.06,-11.78,8.46,-106.39,32.61,39.0,1,52.68,Fair
0.349,-84.8,-71.35,-11.92,10.62,-101.59,43.99,50.0,3,51.71,Fair
0.328,-96.65,-82.01,-15.43,8.87,-111.77,12.06,33.0,2,45.53,Fair
0.02,-73.78,-59.05,-15.95,17.52,-97.51,39.59,38.0,1,55.5,Good
0.02,-64.57,-45.0,-19.5,29.79,-102.6,40.99,40.0,1,69.64,Good
0.046,-77.0,-53.6,-19.5,21.79,-101.98,31.02,36.0,1,52.87,Fair
0.048,-83.34,-61.88,-19.5,15.85,-104.24,31.43,42.0,4,43.43,Fair
0.549,-100.07,-81.37,-18.61,-10.0,-91.82,55.19,44.0,0,17.93,Poor
0.103,-83.33,-65.31,-17.99,1.91,-90.08,67.33,69.0,2,33.64,Poor
1.013,-106.71,-90.52,-15.13,-8.56,-102.08,27.57,39.0,1,29.18,Poor
1.188,-109.56,-90.39,-19.5,-10.0,-88.28,64.57,52.0,3,13.78,Poor
1.676,-109.32,-91.95,-17.35,-5.63,-105.35,20.96,32.0,2,26.8,Poor
1.259,-110.27,-91.7,-17.81,-10.0,-106.35,25.91,27.0,4,33.65,Poor
0.143,-84.61,-68.84,-14.94,18.73,-105.95,4.09,24.0,1,72.52,Good
0.321,-101.93,-87.53,-13.49,0.83,-106.48,30.98,39.0,1,43.15,Fair
0.087,-82.51,-64.43,-17.53,6.55,-97.04,51.29,49.0,0,46.99,Fair
0.738,-99.3,,-18.46,-1.14,-102.88,24.89,29.0,0,41.7,Fair
0.987,-104.26,-88.04,-16.68,-5.26,-102.0,27.4,41.0,3,30.08,Poor
0.858,-98.3,-82.6,-16.97,0.67,-103.31,11.28,32.0,2,42.35,Fair
0.256,-97.67,-77.99,-19.5,-7.37,-97.88,26.3,43.0,0,22.14,Poor
0.64,-102.94,-83.57,-18.32,-4.04,-104.49,30.4,35.0,1,34.01,Poor
0.046,-78.8,-55.17,-19.5,11.32,-94.04,59.6,50.0,0,42.23,Fair
0.02,-67.59,-45.45,-19.5,27.81,-100.59,32.16,44.0,3,66.73,Good
0.63,-99.12,-84.7,-15.42,-6.17,-94.98,51.84,50.0,2,30.43,Poor
0.249,-83.4,-65.97,-17.91,8.86,-97.45,44.23,57.0,2,44.57,Fair
2.437,-114.96,-101.06,-14.84,-9.52,-106.35,23.06,18.0,4,33.12,Poor
0.046,-83.03,-70.55,-13.79,13.56,-101.36,40.41,50.0,1,53.08,Fair
0.871,-95.65,-71.07,-19.5,11.13,-110.42,16.84,34.0,3,50.95,Fair
0.294,-99.13,-76.69,-19.5,-2.77,-99.38,53.71,57.0,5,23.37,Poor
0.79,-99.23,-83.12,-17.56,-7.79,-97.11,64.46,69.0,5,25.29,Poor
0.765,-105.59,-83.86,-19.5,-5.46,-103.81,27.86,34.0,0,32.25,Poor
1.115,-113.23,-91.05,-19.5,-10.0,-91.62,58.5,46.0,4,17.37,Poor
0.159,-89.59,-77.35,-12.35,11.93,-105.95,19.95,23.0,0,59.32,Good
1.346,-102.99,-82.44,-19.17,-7.64,-95.23,42.17,69.0,4,27.84,Poor
0.074,-86.39,-69.87,-15.14,18.51,-110.4,20.33,37.0,2,50.05,Fair
0.038,-73.62,-54.48,-18.35,20.35,-97.82,54.57,39.0,3,58.2,Good
0.254,-89.09,-62.06,-19.5,-1.25,-89.97,80.91,80.0,2,28.18,Poor
0.793,-107.08,-84.33,-19.5,-10.0,-100.63,20.91,35.0,2,22.64,Poor
0.289,-94.15,-76.53,-17.07,-0.66,-97.85,37.81,51.0,2,33.28,Poor
0.795,-95.72,-73.45,-19.5,-10.0,-91.7,60.23,55.0,1,18.63,Poor
0.589,-96.81,-84.58,-11.65,4.55,-106.02,14.02,24.0,2,51.45,Fair
0.106,-85.61,-66.1,-19.5,6.3,-99.62,41.36,40.0,2,35.23,Fair
1.338,-104.88,-85.29,-19.46,-10.0,-89.76,60.89,50.0,1,22.97,Poor
0.028,-76.05,-55.94,-19.49,26.32,-106.24,16.6,38.0,0,59.12,Good
1.028,-99.8,-83.32,-17.44,-10.0,-88.2,87.67,62.0,3,17.48,Poor
0.163,-83.86,-64.72,-18.96,17.85,-105.83,24.84,41.0,2,55.07,Good
0.312,-93.43,-72.86,-19.11,2.85,-103.04,19.36,33.0,2,34.95,Poor
0.247,-90.96,-79.93,-10.36,2.37,-96.05,59.39,58.0,0,46.46,Fair
0.085,-86.67,-69.62,-17.26,3.17,-93.35,61.08,61.0,3,35.05,Fair
0.2,-95.45,-80.16,-14.44,-0.73,-99.21,44.87,48.0,4,33.83,Poor
0.096,-85.28,-65.3,-19.35,5.21,-94.29,52.06,42.0,1,38.34,Fair
0.103,-84.66,-62.52,-19.5,13.35,-103.97,28.5,37.0,7,42.29,Fair
0.093,-79.23,-63.07,-17.82,22.47,-107.83,11.67,29.0,3,69.59,Good
0.302,-89.94,-75.21,-14.36,8.09,-103.38,20.21,27.0,2,51.07,Fair
0.72,-100.41,-82.06,-18.08,-1.14,-105.9,7.66,23.0,1,40.15,Fair
0.379,-90.83,-76.29,-14.75,-1.63,-92.83,61.7,69.0,1,35.28,Fair
1.007,-107.84,-90.52,-19.34,-4.05,-107.01,8.07,18.0,1,32.09,Poor
0.455,-92.88,-75.87,-16.26,-5.38,-96.16,52.29,57.0,3,34.57,Poor
0.526,-101.6,-81.86,-19.5,1.17,-107.72,11.22,40.0,1,31.34,Poor
0.496,-92.96,,-18.46,-7.5,-92.25,51.9,45.0,1,29.72,Poor
0.269,-92.67,-74.18,-17.54,0.17,-99.35,46.46,34.0,4,33.25,Poor
0.526,-106.43,-83.52,-19.5,-4.15,-106.84,6.43,20.0,1,23.81,Poor
0.033,-71.58,-52.78,-19.33,30.0,-106.22,9.77,19.0,1,68.06,Good
0.884,-99.7,-82.96,-15.47,-3.53,-99.33,62.14,51.0,3,28.25,Poor
0.677,-102.45,-85.34,-19.5,-10.0,-95.34,62.59,71.0,5,25.93,Poor
0.127,-87.6,-71.9,-16.4,1.33,-89.68,63.55,61.0,1,42.28,Fair
0.658,-101.01,-86.07,-16.65,-6.65,-99.54,36.8,53.0,2,26.91,Poor
0.02,-78.14,-64.31,-15.77,5.69,-90.37,55.6,59.0,0,48.76,Fair
0.11,-94.38,-72.98,-19.5,-3.44,-96.01,60.05,61.0,1,28.85,Poor
0.03,-68.71,-52.86,-14.59,28.95,-106.0,13.13,27.0,3,78.09,Excellent
0.682,-103.98,-85.03,-19.5,-10.0,-97.74,40.03,,2,18.04,Poor
0.635,-92.64,-75.54,-16.33,9.65,-107.41,16.86,29.0,2,50.59,Fair
0.756,-96.1,-78.19,-18.75,1.55,-101.6,38.29,43.0,2,29.96,Poor
0.02,-64.18,-42.71,-19.5,30.0,-107.39,24.7,38.0,2,69.12,Good
0.313,-96.54,-78.01,-17.82,2.88,-103.07,31.66,42.0,1,37.13,Fair
0.549,-105.24,-90.01,-15.94,-6.0,-102.37,27.5,42.0,1,41.7,Fair
0.076,-86.08,-69.77,-15.93,-3.25,-88.75,62.45,57.0,0,31.78,Poor
0.472,-99.29,-78.71,-19.5,-10.0,-94.81,53.08,48.0,6,21.09,Poor
0.04,-85.65,-66.2,-19.5,12.66,-100.37,55.04,,1,44.03,Fair
0.09,-85.09,-64.32,-19.5,9.68,-97.47,47.17,56.0,4,46.24,Fair
0.291,-94.1,-76.82,-18.58,9.11,-106.98,21.23,31.0,1,38.36,Fair
0.477,-102.77,-88.95,-13.74,-1.54,-106.06,30.3,53.0,2,42.81,Fair
0.071,-85.3,-65.78,-18.81,8.1,-95.68,43.25,47.0,0,37.74,Fair
0.092,-84.27,-65.51,-18.19,9.35,-95.79,57.99,53.0,2,43.17,Fair
0.103,-82.91,-64.07,-19.18,15.11,-100.74,43.98,54.0,2,46.05,Fair
0.123,-89.41,-75.56,-14.34,1.69,-96.14,38.91,45.0,0,42.72,Fair
0.116,-84.17,-68.09,-16.22,18.03,-108.11,19.11,33.0,0,55.51,Good
0.226,-90.58,-75.4,-15.91,0.74,-99.03,51.24,58.0,0,38.94,Fair
0.477,-97.41,-78.21,-18.67,-7.36,-95.26,37.54,51.0,0,27.77,Poor
0.259,-94.92,-75.62,-18.57,-3.05,-95.75,46.0,55.0,0,31.76,Poor
0.673,-105.91,-88.04,-17.13,-4.54,-106.4,9.54,23.0,1,35.92,Fair
0.572,-92.37,-71.47,-18.57,-0.23,-98.6,30.93,33.0,2,29.09,Poor
0.061,-77.31,-54.84,-19.5,6.17,-90.25,80.41,69.0,3,38.76,Fair
0.023,-67.41,-48.35,-19.46,27.11,-98.24,63.22,59.0,0,62.2,Good
0.946,-103.87,-83.85,-19.5,-5.96,-102.62,29.2,39.0,2,15.72,Poor
0.037,-76.35,-59.98,-16.56,15.55,-99.27,57.68,51.0,1,45.88,Fair
0.072,-79.33,-63.51,-16.16,14.47,-99.84,35.32,42.0,0,58.93,Good
0.02,-77.78,-56.75,-19.5,10.17,-93.06,43.46,39.0,0,49.82,Fair
0.445,-101.45,-86.08,-15.5,-2.52,-101.2,35.34,45.0,0,35.93,Fair
0.393,-99.1,-79.01,-18.59,-0.42,-99.34,42.55,30.0,5,27.91,Poor
1.951,-111.63,-88.47,-19.5,-10.0,-99.39,35.27,42.0,1,26.81,Poor
0.981,-107.36,-87.4,-19.5,-10.0,-96.2,44.3,46.0,1,23.97,Poor
0.238,-90.24,-72.48,-18.16,2.28,-94.68,40.35,35.0,1,42.35,Fair
0.209,-90.12,-76.14,-13.92,-6.94,-88.48,77.64,69.0,2,23.8,Poor
0.158,-82.48,-63.99,-18.64,14.44,-100.64,9.45,23.0,4,56.98,Good
0.074,-71.65,-50.63,-19.5,14.51,-90.05,83.94,61.0,4,52.99,Fair
0.067,-85.68,-68.22,-17.65,17.25,-102.39,30.59,35.0,1,51.59,Fair
0.064,-79.65,-58.58,-19.5,19.48,-102.34,34.56,41.0,2,60.69,Good
0.055,-78.31,-59.21,-18.04,15.33,-95.25,50.81,50.0,1,52.04,Fair
0.124,-85.98,-67.11,-17.18,-6.97,-87.78,62.43,57.0,2,28.08,Poor
0.165,-92.73,-75.68,-16.91,5.99,-104.0,29.16,27.0,3,36.79,Fair
1.467,-111.0,-97.37,-15.01,-10.0,-97.18,47.19,49.0,4,22.74,Poor
0.389,-94.85,-78.13,-15.73,6.78,-106.59,19.79,29.0,2,45.06,Fair
1.975,-113.7,-97.0,-16.61,-10.0,-104.16,32.42,41.0,6,17.21,Poor
0.21,-89.84,-70.11,-19.35,7.16,-101.1,35.45,30.0,0,42.12,Fair
0.275,-93.81,-75.86,-17.21,-2.31,-98.58,42.12,57.0,3,28.93,Poor
0.177,-88.42,-67.17,-19.5,15.37,-107.59,22.93,40.0,1,45.2,Fair
0.091,-87.08,-68.23,-17.9,10.13,-96.47,43.88,49.0,1,39.54,Fair
0.07,-80.34,-63.85,-16.61,15.62,-100.59,39.35,44.0,2,53.72,Fair
1.306,-109.85,-94.29,-16.91,-10.0,-95.2,47.43,43.0,3,22.67,Poor
1.948,-109.15,-92.96,-15.34,-10.0,-91.59,53.22,57.0,1,17.05,Poor
0.021,-65.36,-46.88,-18.29,30.0,-105.03,18.55,25.0,3,66.5,Good
0.073,-80.38,-63.5,-16.62,4.85,-93.88,43.04,48.0,1,50.74,Fair
0.248,-90.63,-75.86,-15.8,6.42,-104.67,16.35,26.0,2,48.13,Fair
0.093,-80.17,-59.15,-19.5,12.98,-97.13,51.66,51.0,1,44.18,Fair
0.204,-95.83,-77.37,-18.29,2.72,-105.82,24.6,26.0,1,37.17,Fair
0.062,-73.14,-54.31,-17.67,29.66,-106.8,22.72,32.0,2,63.61,Good
0.274,-97.02,-81.49,-16.83,-4.05,-97.58,47.14,57.0,2,34.6,Poor
0.143,-83.63,-68.75,-16.11,5.65,-95.62,56.19,43.0,1,43.99,Fair
0.195,-86.87,-69.35,-16.67,12.24,-101.0,49.83,52.0,2,45.84,Fair
0.045,-80.78,-68.87,-11.31,11.68,-96.7,68.8,75.0,1,55.23,Good
0.251,-88.01,-67.67,-19.5,12.61,-103.5,36.98,47.0,1,47.74,Fair
1.84,-107.31,-91.42,-14.84,-6.36,-102.24,30.15,41.0,5,36.3,Fair
0.179,-81.57,-64.37,-19.21,14.45,-100.79,54.37,50.0,3,48.84,Fair
0.941,-102.71,-83.43,-19.5,-3.68,-104.37,29.36,49.0,1,20.16,Poor
0.834,-102.87,-85.54,-16.73,-10.0,-88.06,88.39,74.0,1,17.82,Poor
1.367,-108.78,-94.29,-14.34,-6.68,-109.62,23.04,28.0,4,32.06,Poor
0.703,-107.92,-85.4,-19.5,-10.0,-94.13,60.08,47.0,2,13.41,Poor
0.485,-99.0,-85.6,-13.19,-4.6,-96.99,46.62,51.0,2,33.51,Poor
0.874,-103.94,-92.65,-11.25,-10.0,-97.7,55.12,56.0,1,24.71,Poor
0.035,-74.17,-53.55,-19.5,29.77,-108.5,18.22,36.0,0,67.99,Good
0.28,-98.66,-85.03,-13.08,-3.01,-101.42,31.94,,2,39.87,Fair
2.04,-111.15,-89.39,-19.5,-10.0,-95.37,58.87,54.0,4,11.32,Poor
0.661,-98.11,-78.98,-17.95,-5.05,-98.38,47.12,44.0,1,31.12,Poor
1.472,-104.66,-85.82,-18.49,-10.0,-96.17,37.0,43.0,6,27.4,Poor
0.681,-108.11,-91.82,-16.81,-10.0,-103.29,34.55,33.0,2,19.86,Poor
0.935,-100.6,-85.08,-16.3,-7.6,-101.3,40.46,37.0,2,30.89,Poor
0.552,-99.84,-82.96,-17.12,0.52,-106.87,18.5,36.0,1,39.03,Fair
0.643,-100.92,-85.55,-14.89,,-95.62,69.34,58.0,3,23.52,Poor
0.333,-103.94,-82.32,-19.5,0.14,-105.69,32.62,44.0,2,35.26,Fair
1.161,-99.33,-83.56,-16.75,-10.0,-94.49,60.73,47.0,2,24.81,Poor
0.784,-101.2,-81.68,-18.7,-4.37,-105.05,17.66,35.0,2,26.43,Poor
0.836,-108.58,-87.56,-19.5,-10.0,-104.42,21.16,41.0,2,15.25,Poor
0.503,-96.55,-81.19,-14.95,5.5,-107.81,35.48,36.0,4,48.39,Fair
0.163,-86.94,-67.81,-19.5,1.42,-93.37,61.1,62.0,1,25.37,Poor
0.02,-65.55,-50.24,-15.43,19.74,-87.95,75.4,73.0,1,58.32,Good
1.235,-107.08,-89.6,-19.5,-7.71,-101.36,21.18,30.0,1,23.0,Poor
0.397,-95.95,-79.33,-16.67,7.38,-110.78,7.18,25.0,1,47.39,Fair
0.159,-90.67,-74.76,-14.07,-1.21,-94.7,65.61,58.0,1,37.71,Fair
0.073,-78.95,-60.48,-18.9,24.79,-112.21,3.12,20.0,3,64.37,Good
0.796,-105.16,-90.81,-14.04,-10.0,-99.29,65.06,56.0,3,25.09,Poor
0.815,-105.81,-85.02,-19.5,-1.5,-108.62,2.49,24.0,2,34.37,Poor
0.758,-101.88,-87.12,-15.14,-10.0,-94.92,47.49,48.0,4,28.82,Poor
0.466,-102.29,-88.09,-16.2,-10.0,-92.03,55.09,,1,25.98,Poor
0.205,-83.87,-66.63,-17.82,11.86,-101.81,26.7,35.0,2,45.1,Fair
0.163,-80.59,-63.71,-18.33,6.43,-91.2,65.21,47.0,0,36.09,Fair
0.02,-72.26,-53.19,-19.5,17.87,-95.08,43.2,47.0,1,54.55,Fair
0.807,-107.69,-89.44,-17.46,-10.0,-99.43,38.39,39.0,3,28.13,Poor
0.041,-75.15,-62.04,-13.83,23.54,-102.63,31.09,33.0,1,61.87,Good
0.448,-98.98,-78.02,-19.5,-5.33,-101.59,44.97,45.0,4,28.25,Poor
0.316,-89.31,-72.14,-17.81,0.96,-99.93,44.83,46.0,1,32.95,Poor
0.337,-97.72,-78.99,-19.37,-7.63,-96.36,43.87,36.0,1,24.11,Poor
1.176,-103.24,-78.63,-19.5,-7.49,-99.6,37.95,47.0,1,27.05,Poor
0.02,-69.99,-48.13,-19.5,25.69,-99.65,25.01,46.0,1,63.3,Good
0.668,-103.21,-84.58,-18.86,-5.95,-103.2,33.31,31.0,2,24.12,Poor
0.024,-71.02,-57.14,-14.37,30.0,-107.84,28.77,37.0,1,75.49,Excellent
0.02,-66.93,-53.0,-13.44,30.0,-104.31,15.91,27.0,4,82.41,Excellent
0.253,-91.74,-70.26,-19.5,,-95.11,45.13,62.0,1,23.41,Poor
0.029,-73.25,-56.45,-17.05,18.95,-94.83,47.38,43.0,0,53.78,Fair
0.7,-104.41,-86.92,-19.13,,-95.96,38.06,37.0,5,20.27,Poor
0.339,-90.06,-75.5,-15.93,0.71,-96.12,45.35,37.0,2,41.32,Fair
0.02,-66.27,-46.93,-19.5,30.0,-108.62,17.93,30.0,2,66.44,Good
0.02,-72.09,-50.66,-19.5,30.0,-110.84,4.92,28.0,3,72.99,Good
0.427,-97.12,-74.55,-19.5,-2.21,-101.46,55.31,50.0,2,27.92,Poor
0.738,-95.72,-79.06,-17.15,1.52,-103.41,15.57,24.0,3,41.51,Fair
0.259,-96.84,-76.9,-19.5,9.5,-108.69,19.08,36.0,0,40.72,Fair
0.364,-92.83,-75.11,-18.54,-0.61,-96.58,61.01,49.0,0,34.41,Poor
0.724,-103.44,-82.8,-19.5,-10.0,-100.97,51.73,46.0,6,25.88,Poor
0.424,-89.46,-71.47,-16.66,13.96,-110.23,11.41,27.0,4,57.79,Good
0.115,-85.0,-69.47,-15.87,13.28,-101.65,33.39,40.0,5,44.42,Fair
0.427,-91.59,-69.63,-19.5,3.25,-101.2,29.45,34.0,2,43.14,Fair
0.445,-100.04,-81.74,-17.8,-0.09,-103.27,30.89,32.0,1,35.27,Fair
0.596,-104.52,-87.57,-17.59,,-95.21,58.47,56.0,3,20.34,Poor
0.436,-97.76,-79.22,-17.94,-3.12,-99.09,37.29,45.0,5,24.61,Poor
1.567,-106.85,-91.06,-14.82,-10.0,-99.47,33.94,45.0,1,22.35,Poor
0.099,-86.03,-66.79,-17.75,4.45,-94.08,45.3,43.0,1,33.86,Poor
1.358,-103.63,-86.22,-18.0,-4.04,-107.14,10.56,29.0,0,30.42,Poor
0.348,-95.69,-80.08,-14.36,-3.06,-93.88,66.78,54.0,2,28.05,Poor
0.502,-106.35,-81.22,-19.5,,-101.46,48.89,47.0,0,26.23,Poor
0.047,-75.44,-60.46,-13.98,25.11,-105.06,13.59,21.0,0,67.77,Good
0.216,-94.24,-75.18,-18.88,4.65,-103.35,44.06,52.0,2,34.49,Poor
0.66,-101.85,-83.68,-16.94,-10.0,-94.28,41.57,46.0,5,27.99,Poor
0.552,-92.65,-77.72,-15.81,-9.92,-86.47,71.99,66.0,1,23.41,Poor
0.02,-63.35,-46.37,-16.1,30.0,-111.9,9.17,30.0,1,68.61,Good
0.356,-97.35,-83.38,-16.22,-3.43,-99.23,47.5,46.0,3,33.2,Poor
0.042,-74.27,-50.08,-19.5,12.3,-91.63,75.74,60.0,1,49.73,Fair
2.469,-114.06,-96.87,-17.33,-5.58,-109.75,9.2,28.0,4,23.3,Poor
1.024,-105.36,-87.91,-17.58,-10.0,-93.29,58.52,50.0,2,17.94,Poor
0.02,-72.87,-49.03,-19.5,26.25,-104.84,44.58,56.0,2,61.32,Good
0.88,-109.8,-94.27,-13.68,-6.27,-108.9,14.82,29.0,2,34.83,Poor
1.133,-104.71,-82.83,-19.5,-3.8,-105.89,39.25,43.0,2,30.12,Poor
0.196,-88.75,-68.97,-19.5,4.43,-97.51,31.21,34.0,2,30.71,Poor
0.572,-101.85,-89.78,-10.39,-3.53,-102.05,22.2,44.0,2,44.04,Fair
0.263,-88.07,-71.18,-17.02,14.83,-108.59,9.71,21.0,4,60.46,Good
0.479,-99.37,-80.06,-19.5,4.51,-108.22,22.52,37.0,3,34.74,Poor
0.187,-92.04,-73.93,-18.47,6.27,-103.83,10.2,26.0,1,47.15,Fair
0.175,-86.82,-68.7,-17.29,15.17,-106.22,18.45,30.0,2,57.56,Good
0.249,-98.11,-81.94,-14.27,-0.07,-105.33,12.74,27.0,6,43.83,Fair
0.071,-77.49,-61.63,-15.4,13.51,-95.9,56.45,56.0,2,53.39,Fair
0.8,-103.69,,-17.17,-10.0,-93.04,66.74,66.0,1,31.11,Poor
0.193,-85.8,-61.91,-19.5,9.38,-102.52,33.5,48.0,0,48.85,Fair
0.23,-86.12,-70.84,-16.75,0.86,-89.75,67.92,59.0,2,37.02,Fair
1.01,-101.54,-84.98,-15.08,-5.16,-99.23,37.73,43.0,2,27.39,Poor
0.309,-97.07,-78.99,-18.34,2.57,-104.53,23.81,34.0,2,37.03,Fair
0.354,-100.0,-86.39,-14.17,4.07,-104.0,47.07,53.0,3,38.09,Fair
1.411,-112.73,-93.44,-19.5,-10.0,-96.65,48.24,44.0,5,13.7,Poor
0.98,-99.42,-85.29,-12.81,-10.0,-94.51,54.83,46.0,4,25.49,Poor
0.084,-83.08,-68.34,-13.86,,-104.71,7.68,27.0,3,60.59,Good
0.288,-95.63,-81.03,-15.86,,-106.92,15.17,37.0,1,41.17,Fair
1.598,-108.6,-95.53,-13.28,-10.0,-91.43,40.41,46.0,1,25.74,Poor
0.21,-86.15,-64.34,-19.5,12.83,-101.22,54.67,49.0,0,41.05,Fair
0.209,-87.33,-67.77,-17.66,18.31,-107.29,32.44,40.0,2,46.17,Fair
0.098,-82.13,-61.36,-19.5,8.1,-95.77,42.33,48.0,2,49.48,Fair
0.055,-76.35,-55.86,-19.5,10.82,-93.14,55.62,57.0,1,49.33,Fair
0.607,-98.95,-81.46,-18.53,-8.3,-95.93,70.34,68.0,4,26.22,Poor
0.661,-99.21,-81.3,-18.1,-7.95,-95.0,59.97,55.0,5,28.96,Poor
1.563,-107.0,-85.96,-19.5,-10.0,-98.93,59.01,56.0,4,18.96,Poor
0.668,-100.51,-77.59,-19.5,-8.04,-98.25,59.03,53.0,5,19.99,Poor
0.125,-83.03,-68.8,-13.52,20.42,-110.64,15.73,23.0,4,63.77,Good
0.02,-69.0,-43.44,-19.5,29.52,-105.04,36.9,37.0,2,65.53,Good
1.903,-113.12,-99.06,-13.62,-10.0,-96.54,56.03,62.0,4,19.99,Poor
0.187,-87.38,-70.77,-16.23,7.59,-99.19,22.43,40.0,0,44.48,Fair
0.168,-87.58,-69.36,-19.36,-1.19,-90.79,77.77,76.0,0,25.91,Poor
1.064,-102.1,-83.6,-18.53,-9.46,-97.79,42.08,53.0,3,27.83,Poor
0.396,-96.39,-72.5,-19.5,-5.23,-93.31,71.83,64.0,4,31.66,Poor
0.109,-81.57,-60.53,-19.5,5.67,-93.09,48.55,55.0,1,43.46,Fair
0.99,-104.16,-84.93,-18.78,-10.0,-95.95,61.33,66.0,4,10.75,Poor
2.257,-108.18,-87.07,-19.5,-7.96,-104.73,31.55,36.0,8,19.42,Poor
0.041,-78.25,-59.21,-19.5,2.45,-83.29,86.57,79.0,0,31.96,Poor
0.892,-104.57,-88.59,-16.09,-10.0,-97.73,53.89,48.0,2,25.6,Poor
0.223,-88.59,-69.13,-19.25,6.55,-99.52,38.08,41.0,1,37.35,Fair
0.334,-95.83,-77.63,-18.72,1.77,-99.99,19.29,38.0,2,39.2,Fair
1.108,-96.08,-80.61,-13.79,5.25,-105.27,35.92,39.0,1,49.39,Fair
1.632,-105.99,-84.2,-19.5,-2.54,-103.84,23.32,39.0,1,26.54,Poor
0.137,-86.69,-68.85,-19.47,14.86,-103.81,11.75,27.0,1,56.43,Good
0.108,-81.45,-66.81,-15.36,19.31,-106.71,17.34,29.0,1,63.54,Good
0.038,-77.69,-62.58,-16.09,20.48,-103.4,37.44,37.0,2,61.72,Good
0.371,-91.73,-72.12,-19.5,8.17,-106.06,2.72,17.0,0,47.7,Fair
0.02,-66.86,-45.72,-19.5,25.24,-96.43,47.56,35.0,0,57.42,Good
0.239,-86.59,-67.14,-19.5,11.55,-103.5,32.09,38.0,2,44.77,Fair
0.034,-76.72,-57.26,-18.16,16.56,-97.23,37.31,44.0,3,62.19,Good
0.234,-96.31,-80.74,-14.63,8.06,-107.78,28.43,,1,48.72,Fair
0.02,-72.89,-54.61,-18.93,26.56,-105.05,21.56,32.0,2,71.17,Good
0.811,-103.32,-86.31,-17.25,-9.09,-97.13,56.55,50.0,7,21.91,Poor
0.106,-77.91,-60.5,-16.8,25.02,-108.37,18.39,32.0,2,61.99,Good
0.179,-80.33,-62.66,-18.4,7.94,-93.2,56.16,55.0,2,42.07,Fair
0.918,-101.89,-85.87,-16.32,-10.0,-92.71,48.79,52.0,2,28.59,Poor
0.617,-99.78,-79.53,-19.5,-7.7,-97.02,46.71,56.0,4,20.92,Poor
0.111,-86.4,-71.43,-15.21,9.46,-103.64,22.14,30.0,4,49.74,Fair
0.034,-71.48,-57.37,-13.52,30.0,-107.45,7.85,25.0,4,75.75,Excellent
0.566,-90.32,-74.67,-16.81,6.19,-101.23,41.32,43.0,1,42.95,Fair
0.223,-83.86,-63.21,-18.81,17.27,-107.14,29.97,33.0,2,47.38,Fair
0.654,-95.77,-76.75,-19.03,-0.72,-99.69,49.7,59.0,0,31.31,Poor
0.265,-88.01,-75.36,-14.37,,-98.98,54.11,44.0,3,45.62,Fair
0.191,-86.34,-66.55,-18.95,13.44,-104.2,39.34,43.0,4,32.46,Poor
0.27,-92.85,-74.99,-18.55,-4.96,-97.73,35.63,48.0,3,34.94,Poor
0.621,-102.83,-86.08,-17.74,-2.36,-110.82,2.56,24.0,3,39.27,Fair
1.046,-104.48,-87.21,-17.3,-4.93,-103.59,17.28,29.0,3,28.84,Poor
0.023,-69.9,-55.91,-15.62,24.15,-96.34,54.03,61.0,4,66.93,Good
0.334,-100.32,-81.8,-18.83,-3.83,-101.54,47.67,54.0,1,28.53,Poor
0.02,-71.06,-56.86,-13.05,17.25,-94.83,39.69,51.0,3,68.9,Good
0.284,-96.41,-79.46,-17.05,-3.24,-99.4,33.9,36.0,3,34.01,Poor
0.974,-99.73,-82.77,-18.97,-1.22,-106.33,14.06,26.0,5,31.65,Poor
0.202,-92.35,-72.04,-19.5,-0.45,-98.8,33.94,43.0,0,22.11,Poor
1.213,-104.37,-86.25,-18.24,-10.0,-95.54,40.82,49.0,1,25.09,Poor
0.448,-99.85,-79.73,-19.5,-3.02,-103.35,35.34,30.0,3,33.87,Poor
1.224,-99.37,-84.96,-15.6,-6.59,-97.64,64.6,49.0,1,19.91,Poor
0.637,-106.9,-89.22,-18.54,-10.0,-98.24,45.71,55.0,0,22.89,Poor
0.049,-76.1,-56.51,-19.04,14.95,-98.12,55.32,63.0,0,46.98,Fair
0.118,-90.64,-68.91,-19.5,-4.69,-91.51,58.34,61.0,5,29.42,Poor
0.226,-93.14,-78.56,-13.46,0.91,-100.85,27.89,37.0,1,37.87,Fair
0.084,-81.75,-66.28,-13.96,11.93,-101.72,38.44,37.0,3,53.9,Fair
0.307,-92.76,-73.24,-18.8,-1.31,-94.86,51.31,56.0,3,27.37,Poor
0.287,-92.27,-69.43,-19.5,1.57,-96.86,72.98,59.0,1,32.5,Poor
1.408,-106.37,-87.52,-19.33,-6.83,-103.1,23.85,34.0,5,23.27,Poor
0.256,-94.76,-80.09,-16.25,-7.72,-93.88,61.41,53.0,4,31.12,Poor
0.693,-101.48,-86.75,-15.05,-8.75,-96.76,69.37,50.0,1,24.32,Poor
1.281,-106.03,-87.62,-17.1,-5.29,-102.13,43.94,52.0,1,30.92,Poor
0.943,-102.72,-83.64,-19.5,-9.71,-96.19,51.74,52.0,8,19.52,Poor
0.105,-84.79,-67.46,-15.75,20.43,-107.11,22.45,30.0,0,59.16,Good
0.308,-90.89,-76.13,-14.45,7.25,-104.13,22.83,40.0,3,46.3,Fair
0.192,-89.35,-68.05,-19.5,4.14,-97.99,43.09,48.0,4,37.63,Fair
0.23,-90.46,-73.5,-16.2,-8.04,-87.59,73.26,65.0,3,25.11,Poor
0.201,-91.65,-72.07,-19.5,-4.7,-91.5,55.11,58.0,2,35.37,Fair
0.788,-106.15,-93.47,-13.2,-10.0,-92.65,60.95,62.0,2,22.7,Poor
0.271,-92.07,-70.46,-19.5,9.73,-105.34,25.9,35.0,2,41.69,Fair
0.334,-89.66,-73.72,-16.15,13.09,-107.85,15.22,34.0,1,54.95,Fair
1.819,-107.43,-85.39,-19.5,-10.0,-93.08,58.8,47.0,4,16.51,Poor
0.028,-76.47,-56.63,-18.8,12.38,-96.11,76.49,71.0,1,47.52,Fair
0.301,-90.35,-76.63,-13.77,8.91,-105.45,18.58,30.0,1,53.1,Fair
0.669,-101.87,-83.13,-18.95,-10.0,-85.6,81.66,69.0,1,23.18,Poor
0.074,-78.61,-55.64,-19.5,14.38,-100.03,59.87,50.0,0,42.55,Fair
0.425,-98.07,-81.87,-18.95,-10.0,-94.57,54.73,55.0,1,19.28,Poor
0.123,-84.47,-61.49,-19.5,9.78,-100.43,44.29,49.0,2,38.7,Fair
0.909,-105.26,-86.1,-19.5,-10.0,-97.25,55.63,56.0,2,15.05,Poor
0.178,-91.04,-69.02,-19.5,2.88,-98.4,62.19,47.0,1,33.31,Poor
0.18,-95.4,-76.92,-18.26,2.14,-102.64,28.57,47.0,1,39.55,Fair
0.41,-94.23,-76.61,-17.1,7.43,-107.55,25.79,35.0,1,37.46,Fair
0.091,-81.82,-58.31,-19.5,16.6,-104.07,30.41,36.0,1,48.55,Fair
0.151,-85.92,-65.76,-19.5,10.12,-98.55,54.35,49.0,5,48.16,Fair
0.243,-90.63,-73.34,-17.48,8.88,-104.97,29.57,41.0,3,46.27,Fair
0.196,-92.95,-73.68,-19.06,2.46,-103.98,35.58,35.0,1,44.43,Fair
0.335,-90.66,-74.35,-15.71,13.85,-107.17,30.73,34.0,1,43.67,Fair
0.412,-92.35,-74.02,-16.76,1.82,-99.82,50.28,62.0,2,35.64,Fair
0.376,-98.69,-77.1,-19.5,7.68,-113.21,4.73,24.0,1,45.54,Fair
0.478,-95.47,-77.96,-19.48,-5.15,-95.44,69.92,68.0,0,21.69,Poor
0.166,-84.93,-69.55,-14.61,9.67,-103.16,23.19,38.0,2,49.13,Fair
0.061,-81.7,-66.6,-16.49,11.04,-94.82,72.0,68.0,3,44.63,Fair
0.644,-101.37,-83.15,-17.98,-10.0,-95.83,61.03,53.0,1,21.63,Poor
0.856,-100.52,-84.95,-14.93,-10.0,-87.94,80.35,75.0,5,20.98,Poor
0.134,-92.63,-78.93,-13.44,10.72,-103.7,20.19,24.0,1,52.04,Fair
0.235,-95.82,-81.42,-16.39,-1.57,-98.01,56.16,59.0,4,28.4,Poor
0.311,-97.83,-76.31,-19.5,-7.09,-96.09,54.61,54.0,0,25.88,Poor
0.343,-101.92,-84.34,-17.47,-8.85,-98.41,71.62,64.0,3,15.14,Poor
0.485,-93.39,-75.22,-17.82,2.51,-102.52,47.33,57.0,1,34.42,Poor
0.02,-78.4,-63.3,-17.61,9.51,-90.59,71.51,62.0,4,48.48,Fair
0.575,-97.84,-81.58,-15.71,-10.0,-92.07,65.01,55.0,3,25.81,Poor
0.029,-70.23,-54.08,-16.42,25.47,-99.31,48.54,70.0,1,60.56,Good
0.284,-94.28,-77.11,-14.12,1.27,-97.09,47.47,44.0,4,31.27,Poor
0.791,-104.65,-91.63,-13.68,-6.23,-104.88,21.74,25.0,0,36.37,Fair
0.27,-91.73,-70.46,-19.5,9.8,-106.87,22.41,27.0,2,41.92,Fair
0.073,-81.34,-63.39,-17.26,16.6,-104.56,11.4,31.0,2,59.93,Good
1.891,-105.52,-86.92,-18.43,-10.0,-97.85,34.93,48.0,2,26.7,Poor
0.99,-114.44,-93.7,-19.5,-10.0,-99.97,44.92,58.0,2,18.6,Poor
0.664,-104.13,-83.62,-19.5,-5.69,-102.2,27.74,45.0,2,24.44,Poor
0.239,-89.34,-73.07,-17.65,9.98,-103.73,39.3,47.0,3,45.78,Fair
0.091,-83.11,-63.3,-17.28,14.96,-103.28,55.85,55.0,2,42.4,Fair
1.277,-103.12,-83.34,-19.45,-10.0,-93.65,59.99,55.0,6,16.95,Poor
0.342,-93.66,-74.71,-19.5,8.19,-106.29,33.0,37.0,1,38.81,Fair
0.861,-103.25,-82.06,-19.5,-10.0,-93.84,56.22,54.0,2,17.72,Poor
0.188,-90.76,-70.36,-19.5,2.79,-98.98,54.0,48.0,2,31.32,Poor
0.184,-80.03,-59.85,-19.5,11.68,-100.14,39.49,37.0,2,43.76,Fair
1.906,-103.47,-81.37,-19.5,-2.9,-107.51,19.52,28.0,3,28.34,Poor
0.332,-92.47,-74.38,-18.18,8.34,-107.55,16.08,27.0,3,45.61,Fair
0.068,-80.49,-62.32,-19.5,21.0,-103.25,42.99,45.0,0,55.4,Good
0.112,-82.88,-62.42,-19.5,10.8,-97.99,49.7,48.0,2,46.35,Fair
0.296,-90.15,-72.68,-17.61,0.08,-96.35,42.66,46.0,4,34.22,Poor
0.02,-68.77,-49.32,-18.28,30.0,-105.94,27.42,36.0,1,73.5,Good
0.279,-95.96,-79.64,-17.46,-2.02,-96.72,66.09,48.0,3,31.71,Poor
0.244,-84.66,-73.49,-12.87,12.25,-101.21,18.93,41.0,3,60.36,Good
0.68,-99.68,-79.88,-19.5,-9.31,-95.05,50.61,60.0,2,15.0,Poor
0.197,-81.89,-68.54,-13.69,19.84,-104.65,21.42,33.0,2,61.88,Good
1.822,-108.47,-92.56,-16.85,-10.0,-99.34,49.66,45.0,2,22.86,Poor
0.09,-84.14,-63.68,-19.5,21.37,-111.41,16.67,31.0,5,56.68,Good
0.402,-90.58,-70.08,-19.09,8.73,-105.23,34.74,44.0,2,34.8,Poor
0.042,-75.52,-54.0,-19.5,14.0,-93.62,46.0,44.0,1,48.47,Fair
0.596,-98.98,-87.04,-12.01,-0.59,-102.58,38.29,55.0,4,43.95,Fair
2.363,-116.27,-97.38,-19.12,-8.28,-110.01,12.03,33.0,5,25.34,Poor
0.77,-99.09,-81.87,-16.24,-10.0,-90.57,68.06,57.0,6,23.36,Poor
0.365,-97.24,-76.28,-19.5,6.39,-108.58,27.28,43.0,2,32.93,Poor
0.298,-95.32,-72.89,-19.5,-2.46,-97.05,53.68,43.0,2,35.54,Fair
0.811,-104.15,-90.08,-13.63,-6.21,-103.04,9.29,31.0,5,34.58,Poor
1.237,-104.1,-86.05,-18.69,-7.16,-102.77,34.89,45.0,3,21.83,Poor
2.038,-116.33,-95.83,-19.47,-10.0,-103.65,25.26,28.0,3,17.07,Poor
0.227,-92.01,-75.03,-16.69,-5.04,-94.85,68.12,75.0,2,26.68,Poor
2.116,-106.59,-83.35,-19.5,2.27,-112.49,5.02,27.0,1,34.26,Poor
0.076,-86.74,-69.95,-15.72,12.99,-105.72,23.27,41.0,0,44.72,Fair
0.132,-85.76,-68.66,-18.13,12.77,-105.61,13.86,28.0,1,58.24,Good
0.042,-79.19,-64.41,-14.4,7.5,-92.81,62.17,50.0,0,45.45,Fair
0.143,-88.76,-70.3,-17.64,4.94,-96.9,42.78,42.0,0,37.09,Fair
0.657,-93.75,-84.8,-7.52,-4.29,-96.68,40.08,46.0,1,40.38,Fair
0.863,-109.33,-92.07,-15.67,-10.0,-103.32,46.87,49.0,5,20.0,Poor
0.679,-97.59,-75.78,-19.5,-10.0,-86.03,84.26,86.0,2,16.53,Poor
0.449,-98.97,-85.16,-13.44,-9.41,-96.46,43.01,45.0,0,35.1,Fair
0.325,-96.37,-83.22,-13.71,5.81,-108.35,20.62,37.0,2,49.39,Fair
0.555,-103.35,-82.0,-19.5,-7.68,-99.21,41.34,44.0,1,27.52,Poor
0.223,-87.99,-66.24,-19.5,10.26,-103.56,26.33,40.0,4,49.85,Fair
0.828,-103.14,-89.21,-13.29,-10.0,-90.78,75.37,71.0,1,25.59,Poor
0.509,-99.42,-76.22,-19.5,-0.37,-103.88,35.78,47.0,2,26.04,Poor
0.539,-98.2,-78.9,-18.92,0.31,-103.57,26.32,35.0,0,36.18,Fair
0.345,-95.47,-74.33,-19.5,9.16,-105.54,23.15,36.0,0,43.07,Fair
0.974,-111.78,-96.16,-16.81,-10.0,-97.03,31.32,44.0,3,20.34,Poor
0.131,-88.35,-65.89,-19.5,12.65,-105.02,32.6,39.0,4,46.63,Fair
0.216,-87.15,-69.95,-16.79,2.23,-95.67,71.16,58.0,1,30.74,Poor
0.677,-106.65,-89.58,-17.17,-6.34,-103.71,27.52,34.0,1,22.4,Poor
0.305,-98.09,-78.64,-19.5,4.69,-108.91,9.44,18.0,2,35.58,Fair
0.99,-105.63,-88.81,-17.09,-0.02,-110.97,10.0,24.0,2,28.98,Poor
0.191,-92.59,-79.15,-13.19,2.33,-103.26,19.17,38.0,2,47.59,Fair
0.207,-90.49,-72.1,-18.19,-1.51,-95.54,63.62,42.0,3,27.5,Poor
0.988,-108.28,-91.23,-17.4,-10.0,-95.75,62.04,50.0,1,19.21,Poor
0.281,-94.55,-78.86,-17.11,16.92,-114.04,8.05,33.0,0,51.58,Fair
0.327,-94.5,-72.78,-19.5,-5.23,-93.76,55.16,49.0,1,21.34,Poor
0.182,-86.66,-61.48,-19.5,2.31,-97.82,49.81,45.0,5,30.41,Poor
0.146,-82.35,-67.11,-14.24,3.85,-91.85,53.85,48.0,1,40.01,Fair
0.48,-98.69,-80.1,-19.5,-6.57,-97.3,42.04,38.0,4,25.76,Poor
0.057,-71.78,-54.98,-18.1,18.08,-98.93,47.23,58.0,2,54.26,Fair
0.951,-104.31,-79.45,-19.5,-10.0,-90.54,79.05,77.0,2,15.54,Poor
0.68,-97.34,-77.87,-19.5,0.4,-101.8,38.93,49.0,3,32.54,Poor
0.095,-75.94,-55.16,-19.5,20.02,-99.12,48.36,48.0,3,52.94,Fair
0.533,-97.99,-76.45,-19.5,-6.98,-98.77,19.27,27.0,4,33.28,Poor
0.415,-101.88,-83.49,-19.5,-0.73,-107.31,31.68,32.0,3,35.51,Fair
0.092,-82.99,-65.55,-16.38,13.88,-99.44,46.73,,3,55.82,Good
0.144,-89.65,-67.09,-19.5,8.38,-100.98,50.77,54.0,4,38.44,Fair
0.237,-92.62,-72.28,-19.5,6.51,-105.49,39.86,52.0,1,37.9,Fair
0.541,-90.73,-75.27,-15.55,9.88,-104.12,21.51,36.0,2,49.7,Fair
0.458,-102.13,-86.3,-15.8,-10.0,-91.87,75.37,58.0,0,24.25,Poor
0.342,-93.5,-76.67,-15.73,3.56,-104.21,23.67,41.0,0,41.83,Fair
0.658,-103.89,-82.41,-19.5,-10.0,-94.33,42.52,45.0,3,19.71,Poor
0.638,-101.35,-78.93,-19.5,-2.39,-106.87,27.55,40.0,1,34.52,Poor
0.433,-93.77,-69.31,-19.5,-10.0,-82.47,78.46,71.0,2,27.08,Poor
0.696,-99.59,-83.72,-17.73,9.55,-112.32,1.96,14.0,0,43.13,Fair
0.183,-90.2,-71.78,-18.05,15.71,-110.92,10.88,23.0,1,55.86,Good
0.959,-106.24,-89.44,-16.61,-8.68,-104.07,27.34,40.0,3,26.23,Poor
0.429,-95.41,-77.96,-18.99,-10.0,-88.94,76.98,66.0,4,20.2,Poor
0.778,-95.0,-74.21,-19.5,2.53,-103.51,30.64,39.0,2,39.8,Fair
0.356,-98.65,-80.79,-19.5,-3.79,-101.47,37.81,53.0,2,35.3,Fair
0.111,-77.33,-55.38,-19.5,5.68,-89.09,74.74,59.0,1,42.71,Fair
0.352,-90.15,-73.7,-17.19,0.35,-94.46,45.95,,1,43.41,Fair
0.209,-84.95,-64.73,-19.5,9.12,-98.78,32.25,54.0,1,33.97,Poor
0.538,-97.4,-80.73,-15.26,-3.77,-96.79,23.23,32.0,1,42.5,Fair
0.291,-88.61,-76.12,-12.83,7.19,-102.34,23.63,28.0,1,50.38,Fair
0.814,-106.26,,-15.24,-10.0,-89.89,63.95,68.0,4,24.06,Poor
0.51,-100.84,-82.47,-17.98,-5.59,-98.62,56.78,53.0,2,27.85,Poor
0.519,-95.26,-71.5,-19.5,9.65,-109.91,5.01,33.0,2,45.38,Fair
0.11,-83.74,-67.12,-18.84,-1.08,-87.17,87.06,65.0,2,29.36,Poor
1.868,-110.03,-92.53,-17.23,-10.0,-102.89,35.97,42.0,3,27.76,Poor
0.829,-112.4,-92.93,-19.5,-7.06,-105.19,13.31,28.0,4,32.56,Poor
0.7,-102.66,-86.46,-16.4,-4.09,-101.98,39.48,45.0,4,29.36,Poor
0.18,-93.87,-77.32,-16.62,-3.94,-96.27,42.42,45.0,0,29.7,Poor
0.345,-92.81,-74.6,-18.67,-3.84,-98.02,42.9,40.0,3,33.63,Poor
0.066,-81.33,-64.64,-18.15,8.95,-94.99,68.04,62.0,3,44.11,Fair
0.348,-97.37,-84.72,-11.98,-2.07,-98.11,19.02,43.0,0,42.61,Fair
0.071,-70.57,-54.52,-13.93,23.54,-99.84,60.39,57.0,2,59.44,Good
0.362,-91.05,-71.21,-19.5,15.99,-108.51,10.25,32.0,0,52.97,Fair
0.471,-93.25,-73.31,-19.5,4.59,-101.76,21.39,35.0,0,36.84,Fair
0.223,-82.18,-60.17,-19.5,10.99,-98.64,53.99,46.0,7,46.1,Fair
0.311,-90.66,-68.9,-19.5,-0.37,-94.57,80.19,66.0,1,25.96,Poor
0.938,-106.54,-91.24,-14.7,-1.52,-110.23,14.27,28.0,2,30.4,Poor
0.052,-81.99,-66.23,-15.84,8.71,-97.89,41.16,52.0,1,48.96,Fair
0.706,-97.13,-81.23,-15.75,2.2,-107.74,5.55,22.0,2,44.5,Fair
0.084,-90.85,-73.31,-16.44,6.95,-106.79,10.16,,1,40.9,Fair
0.02,-70.76,-54.63,-15.33,29.56,-105.94,13.64,33.0,2,75.72,Excellent
0.092,-92.09,-74.61,-16.8,-0.61,-92.09,62.47,73.0,3,35.7,Fair
0.652,-99.9,-84.52,-15.99,-1.46,-105.68,38.71,50.0,2,23.1,Poor
0.234,-88.0,-67.64,-19.43,5.13,-96.81,28.27,35.0,3,49.64,Fair
0.927,-102.23,-87.08,-14.64,3.58,-108.9,18.11,31.0,1,40.63,Fair
0.335,-90.77,-75.76,-15.16,4.93,-98.56,49.81,67.0,1,40.45,Fair
0.02,-62.59,-43.02,-19.5,27.63,-97.73,38.42,41.0,2,68.39,Good
0.568,-99.67,-79.5,-19.5,-5.93,-97.96,52.32,59.0,1,26.14,Poor
0.053,-67.35,-50.02,-17.1,27.21,-94.58,62.09,58.0,2,72.36,Good
0.701,-100.08,-79.47,-19.29,1.1,-108.83,23.23,33.0,2,30.02,Poor
0.083,-78.67,-58.28,-19.4,12.02,-96.69,68.81,59.0,1,46.25,Fair
0.191,-92.1,-68.4,-19.5,13.89,-112.35,10.38,25.0,1,47.38,Fair
0.645,-93.72,-73.52,-19.5,-2.65,-96.4,52.55,,1,33.6,Poor
1.388,-102.69,-79.56,-19.5,-10.0,-95.25,55.55,51.0,1,24.37,Poor
0.209,-84.56,,-19.39,13.02,-101.78,30.03,36.0,1,43.26,Fair
0.796,-101.81,-79.61,-19.5,-10.0,-95.0,59.72,62.0,2,21.7,Poor
0.095,-88.69,-66.43,-19.5,6.69,-100.92,29.09,36.0,1,39.83,Fair
0.741,-99.56,-81.99,-16.04,,-96.4,37.88,42.0,3,33.84,Poor
0.482,-104.47,-88.54,-17.56,1.13,-110.81,30.75,40.0,0,27.82,Poor
0.096,-85.11,-68.65,-18.02,0.97,-90.65,59.67,58.0,2,35.67,Fair
0.162,-87.49,-68.24,-19.5,11.1,-106.64,14.12,24.0,3,49.36,Fair
0.064,-70.69,-56.14,-15.97,21.28,-95.58,43.72,50.0,4,61.66,Good
0.217,-89.51,-72.87,-17.39,15.59,-106.47,32.1,35.0,2,55.56,Good
0.102,-83.74,-62.15,-19.5,6.96,-95.2,63.47,70.0,2,40.79,Fair
0.465,-97.62,-77.62,-18.83,-0.19,-100.68,40.71,54.0,0,31.52,Poor
2.342,-116.76,-105.82,-11.46,-10.0,-96.79,51.81,45.0,3,24.92,Poor
0.02,-70.1,-56.1,-14.88,22.54,-96.73,51.0,38.0,0,60.55,Good
0.35,-94.5,-70.03,-19.5,0.55,-100.48,58.12,66.0,1,31.82,Poor
0.384,-99.58,-78.04,-19.5,-8.28,-94.68,59.54,47.0,0,26.15,Poor
1.105,-109.62,-93.37,-14.27,-4.97,-109.61,25.05,35.0,2,41.54,Fair
0.317,-95.98,-82.45,-13.52,-3.41,-97.37,43.94,46.0,4,39.43,Fair
0.353,-94.72,-80.47,-11.64,5.12,-104.76,25.79,33.0,5,43.85,Fair
0.287,-95.02,-75.49,-19.23,0.9,-100.13,42.42,49.0,5,33.67,Poor
0.141,-91.25,-67.32,-19.5,-1.85,-93.97,68.21,57.0,2,31.35,Poor
0.026,-71.45,-47.71,-19.5,30.0,-114.08,12.34,21.0,1,73.07,Good
0.236,-89.35,-76.08,-13.1,16.1,-109.4,19.65,36.0,3,57.29,Good
0.024,-71.58,-54.47,-15.8,20.17,-94.55,47.26,44.0,1,65.82,Good
0.36,-97.4,-81.97,-16.26,-3.03,-99.03,31.79,44.0,2,29.58,Poor
0.165,-86.03,-67.62,-17.63,12.53,-104.12,8.69,27.0,1,47.86,Fair
0.343,-95.5,-81.49,-14.24,0.62,-99.85,23.78,35.0,3,41.12,Fair
0.065,-85.13,-68.77,-17.25,23.33,-110.99,20.22,36.0,0,62.47,Good
1.214,-101.55,-86.15,-16.49,4.88,-112.16,14.16,23.0,2,40.37,Fair
1.012,-102.7,-83.13,-19.5,2.13,-106.64,4.6,15.0,5,35.14,Fair
0.095,-84.11,-67.65,-17.54,10.76,-99.98,38.83,41.0,0,38.92,Fair
0.189,-95.87,-78.99,-16.79,-6.82,-94.53,47.29,42.0,1,30.35,Poor
0.428,-99.62,-80.09,-19.0,5.24,-108.95,9.87,20.0,3,53.92,Fair
0.045,-69.23,-46.3,-19.5,22.82,-101.86,52.43,64.0,1,55.09,Good
0.197,-95.97,-71.62,-19.5,-10.0,-91.91,49.91,48.0,3,31.2,Poor
0.13,-87.36,-67.99,-17.44,14.42,-107.69,13.19,27.0,3,53.08,Fair
1.112,-105.0,-87.26,-18.26,-10.0,-96.45,58.24,,4,22.55,Poor
0.861,-101.43,-79.48,-19.5,-7.98,-98.45,38.34,37.0,2,25.93,Poor
0.39,-101.84,-80.34,-19.5,-9.41,-100.58,41.42,43.0,3,25.56,Poor
0.331,-93.72,-73.07,-19.5,3.76,-106.08,9.17,25.0,2,41.35,Fair
1.201,-112.35,-99.08,-12.63,-10.0,-99.0,51.22,40.0,2,24.42,Poor
1.213,-105.29,-83.67,-19.5,-4.55,-103.15,19.77,33.0,3,32.04,Poor
1.568,-110.52,-91.45,-17.6,-10.0,-100.29,45.21,49.0,6,25.59,Poor
0.06,-83.21,-67.89,-14.58,-3.68,-86.67,71.87,64.0,0,30.53,Poor
0.079,-78.7,-62.71,-17.48,11.11,-96.1,42.0,46.0,1,47.54,Fair
0.508,-99.08,-79.33,-19.5,2.46,-105.53,11.24,34.0,1,36.85,Fair
0.351,-93.03,-82.57,-11.1,4.29,-100.41,30.28,40.0,6,48.78,Fair
0.02,-68.42,-50.79,-17.05,30.0,-105.82,5.94,23.0,2,75.54,Excellent
0.029,-68.4,-52.37,-15.35,30.0,-109.45,9.92,34.0,2,84.62,Excellent
0.985,-108.71,-92.99,-17.45,-9.66,-105.41,25.82,28.0,0,23.61,Poor
0.914,-99.55,-82.93,-15.44,-1.68,-103.34,34.98,53.0,3,39.37,Fair
0.199,-89.95,-76.39,-14.46,1.16,-96.93,63.77,59.0,0,37.01,Fair
0.998,-105.5,-84.34,-19.5,-10.0,-100.92,30.94,33.0,4,29.09,Poor
0.405,-100.77,-89.16,-11.06,-10.0,-90.68,85.11,67.0,3,25.33,Poor
0.738,-98.94,-80.44,-17.97,-10.0,-93.66,39.63,53.0,1,23.58,Poor
0.251,-95.71,-80.26,-16.47,1.73,-105.38,23.6,34.0,0,43.11,Fair
0.054,-76.76,-52.81,-19.5,16.56,-98.66,37.35,28.0,1,54.65,Fair
0.256,-84.48,-66.42,-19.41,5.95,-98.08,47.28,34.0,3,35.11,Fair
0.275,-88.9,-77.27,-11.91,8.58,-98.94,40.66,42.0,0,55.42,Good
0.36,-89.59,-69.95,-19.5,4.94,-101.52,32.82,32.0,1,44.62,Fair
0.05,-81.06,-66.34,-16.28,20.03,-107.64,6.07,39.0,1,59.59,Good
2.14,-107.56,-86.61,-19.5,-1.71,-109.2,12.6,24.0,3,29.54,Poor
0.126,-90.65,-70.8,-18.62,5.17,-99.51,54.31,49.0,2,39.22,Fair
0.1,-84.99,-62.57,-19.5,13.54,-102.34,33.64,31.0,0,46.54,Fair
0.337,-87.61,-69.04,-19.11,8.69,-102.59,43.68,37.0,1,42.39,Fair
0.347,-97.26,-76.8,-19.45,-2.74,-99.95,54.24,49.0,3,33.11,Poor
0.261,-87.91,-69.78,-18.26,10.94,-107.0,21.61,44.0,1,50.49,Fair
0.665,-96.41,,-16.85,1.0,-98.08,41.87,44.0,1,41.83,Fair
0.327,-90.02,-68.83,-19.5,6.22,-101.24,40.19,49.0,1,44.67,Fair
0.423,-101.62,-87.31,-16.29,-8.97,-97.81,46.95,46.0,1,28.27,Poor
0.579,-97.17,-79.28,-19.04,-6.38,-94.49,47.33,44.0,1,28.63,Poor
0.02,-71.07,-54.78,-14.62,29.52,-105.95,32.8,30.0,0,68.97,Good
0.38,-91.28,-70.75,-19.5,-1.74,-92.72,47.07,55.0,1,33.54,Poor
0.97,-110.37,-95.21,-13.8,-10.0,-90.02,64.92,66.0,2,22.91,Poor
0.02,-68.97,-52.2,-18.28,27.93,-102.42,23.77,48.0,1,69.93,Good
0.234,-90.51,-72.38,-17.88,7.01,-101.81,15.15,32.0,0,55.43,Good
1.173,-113.35,-90.89,-19.5,-10.0,-107.84,9.26,26.0,2,22.88,Poor
0.196,-93.43,-77.03,-16.69,2.06,-100.7,56.31,53.0,2,32.21,Poor
0.276,-100.18,-83.38,-17.71,-10.0,-96.92,37.51,37.0,3,33.92,Poor
1.797,-112.0,-98.04,-14.09,-8.88,-107.31,22.2,31.0,6,32.19,Poor
0.1,-81.89,-66.84,-13.94,13.92,-98.48,38.5,38.0,1,56.25,Good
0.03,-73.15,-53.91,-18.52,28.24,-104.69,36.42,38.0,3,56.98,Good
0.883,-102.25,-84.15,-17.34,-5.55,-101.76,27.55,35.0,0,31.73,Poor
0.913,-107.38,-89.23,-17.96,-10.0,-101.11,55.1,54.0,3,19.4,Poor
0.287,-88.72,-65.5,-19.5,6.56,-97.4,65.04,66.0,1,36.95,Fair
0.325,-94.34,-81.35,-12.41,,-106.55,14.35,27.0,1,47.09,Fair
0.813,-102.08,-77.12,-19.5,-10.0,-94.81,58.77,57.0,2,23.34,Poor
0.604,-95.87,-74.33,-19.5,7.19,-107.55,36.77,40.0,1,40.51,Fair
0.139,-90.87,-73.84,-16.37,7.39,-99.81,27.9,30.0,1,44.96,Fair
0.02,-69.53,-50.36,-19.5,21.84,-92.1,59.52,54.0,2,54.48,Fair
0.294,-91.7,-75.75,-16.09,7.16,-105.0,9.75,28.0,0,46.13,Fair
0.881,-105.09,-86.14,-19.5,2.7,-108.47,9.7,28.0,3,32.71,Poor
1.018,-101.55,-77.1,-19.5,,-102.36,22.62,40.0,2,25.77,Poor
1.408,-105.07,-89.01,-17.03,-10.0,-99.1,43.48,46.0,2,23.68,Poor
0.952,-103.99,-86.69,-16.64,-9.68,-99.94,56.88,47.0,3,19.75,Poor
0.39,-96.38,-80.65,-17.71,3.88,-105.96,14.17,24.0,0,32.87,Poor
0.265,-90.39,-74.18,-16.32,17.96,-112.08,17.25,33.0,1,55.96,Good
0.671,-97.39,-80.6,-17.94,0.99,-102.75,41.93,54.0,2,32.44,Poor
0.606,-99.41,-84.7,-17.14,-2.91,-101.87,42.06,42.0,2,40.77,Fair
0.348,-90.37,-73.16,-17.66,9.05,-104.16,22.0,24.0,2,43.27,Fair
0.041,-73.86,-55.69,-18.51,15.92,-95.81,36.37,50.0,1,49.55,Fair
1.172,-112.54,-95.75,-17.16,-10.0,-103.52,52.12,54.0,1,17.66,Poor
0.274,-98.39,-87.29,-10.42,2.28,-103.06,10.46,23.0,5,45.16,Fair
0.203,-85.47,-67.93,-17.59,7.54,-99.18,35.82,56.0,0,40.58,Fair
0.447,-98.01,-80.15,-18.36,,-101.24,28.12,35.0,1,34.26,Poor
0.504,-97.41,-73.72,-19.5,,-103.64,33.39,36.0,2,38.53,Fair
0.106,-80.07,-61.99,-18.02,18.92,-101.51,35.97,51.0,0,50.99,Fair
0.816,-102.27,-81.46,-19.5,-7.35,-97.49,53.11,45.0,0,18.55,Poor
0.154,-87.66,-70.94,-16.99,7.78,-100.39,20.86,20.0,1,44.4,Fair
0.093,-86.94,-65.04,-19.5,1.66,-92.53,55.3,44.0,2,32.42,Poor
0.235,-89.97,-74.8,-14.23,10.67,-106.08,9.96,23.0,4,49.07,Fair
0.59,-97.09,-77.57,-19.31,-3.45,-95.69,62.38,47.0,1,26.43,Poor
1.515,-109.92,-89.4,-19.5,-10.0,-101.55,46.61,45.0,2,19.21,Poor
0.746,-105.15,-85.07,-19.5,-9.59,-103.15,40.12,41.0,1,24.24,Poor
1.269,-95.57,-71.08,-19.5,-2.67,-101.94,16.73,21.0,6,33.41,Poor
0.068,-81.17,-64.93,-15.13,0.93,-88.47,69.79,58.0,2,34.71,Poor
0.033,-77.42,-55.18,-19.5,24.79,-109.2,11.97,31.0,2,65.95,Good
0.367,-92.49,-71.03,-19.5,5.25,-102.8,21.56,38.0,2,34.33,Poor
0.154,-88.03,-69.88,-19.07,-1.84,-89.92,62.64,55.0,5,32.99,Poor
0.792,-106.33,-82.81,-19.5,-6.17,-101.63,54.57,51.0,1,19.48,Poor
0.502,-96.09,-78.53,-17.02,-5.7,-93.92,80.98,52.0,1,26.15,Poor
1.589,-111.44,-93.37,-17.14,-10.0,-96.78,58.03,,0,15.19,Poor
0.132,-80.19,-62.21,-17.73,11.84,-97.98,50.59,49.0,1,56.35,Good
0.299,-91.57,-77.39,-15.49,6.18,-102.66,25.86,31.0,1,42.25,Fair
0.313,-95.05,-74.76,-17.39,2.55,-102.63,40.99,42.0,1,34.79,Poor
0.123,-85.43,-65.62,-19.5,9.18,-96.32,44.9,49.0,2,44.66,Fair
0.401,-92.48,-74.79,-17.97,-0.0,-98.63,61.9,61.0,0,31.87,Poor
0.264,-91.71,-68.42,-19.5,3.13,-96.57,41.72,44.0,2,34.91,Poor
0.266,-84.05,-67.36,-17.05,5.47,-96.1,47.32,51.0,0,41.78,Fair
0.203,-85.64,-72.83,-11.59,11.75,-100.38,48.85,39.0,1,53.21,Fair
0.02,-68.49,-44.79,-19.5,30.0,-105.43,31.33,32.0,2,71.23,Good
0.332,-98.2,-77.17,-19.5,3.89,-104.17,17.75,32.0,2,39.58,Fair
0.184,-89.92,-70.04,-19.5,15.26,-107.38,28.18,29.0,1,49.88,Fair
0.02,-68.53,,-18.36,30.0,-106.39,21.36,27.0,0,68.43,Good
0.166,-91.73,-72.7,-19.14,8.33,-107.13,33.76,45.0,0,40.4,Fair
0.147,-82.23,-68.01,-15.74,20.92,-105.49,30.31,53.0,1,53.31,Fair
0.225,-94.98,-77.65,-18.46,3.46,-101.97,22.13,32.0,3,42.3,Fair
0.064,-82.76,-67.47,-16.61,13.13,-96.71,33.64,41.0,0,52.41,Fair
0.319,-96.35,-77.56,-18.3,3.45,-106.2,21.39,38.0,1,36.37,Fair
0.531,-95.54,-74.77,-19.34,0.41,-100.89,40.73,35.0,2,36.52,Fair
0.448,-100.26,-85.4,-16.05,-4.65,-101.43,34.77,36.0,2,33.78,Poor
0.733,-108.51,-88.34,-19.5,-10.0,-98.7,57.44,50.0,0,15.72,Poor
0.271,-88.33,-69.73,-18.85,3.85,-94.98,54.6,47.0,0,33.15,Poor
0.329,-96.16,-76.11,-19.5,6.38,-105.9,28.27,31.0,2,42.08,Fair
0.748,-105.77,-88.49,-18.06,-8.62,-100.7,31.8,37.0,2,25.83,Poor
0.251,-95.05,-74.94,-19.32,-7.65,-94.94,58.69,59.0,2,33.02,Poor
0.544,-91.86,-75.95,-16.48,-10.0,-83.52,90.23,66.0,0,24.42,Poor
0.257,-94.85,-81.89,-13.24,-1.89,-96.63,61.18,49.0,2,35.45,Fair
0.243,-92.25,-78.62,-12.96,9.65,-105.99,20.27,35.0,1,55.14,Good
0.643,-101.96,-85.47,-16.16,-1.56,-106.42,11.98,30.0,4,36.39,Fair
0.086,-87.77,-74.61,-13.19,11.75,-105.62,26.42,34.0,2,54.48,Fair
0.186,-92.41,-69.76,-19.5,18.03,-111.27,7.27,17.0,0,51.22,Fair
0.114,-90.44,-72.68,-16.16,13.06,-107.6,28.28,33.0,1,46.69,Fair
0.2,-86.25,-65.49,-19.06,13.14,-103.95,35.61,39.0,1,49.24,Fair
0.118,-85.1,-64.73,-17.94,20.68,-107.78,15.2,32.0,1,59.68,Good
0.39,-85.91,-67.89,-16.65,10.5,-102.6,28.32,36.0,0,44.55,Fair
0.72,-104.0,-75.39,-19.5,-4.02,-106.87,15.08,38.0,3,28.06,Poor
0.695,-104.29,-77.51,-19.5,-10.0,-87.06,73.03,47.0,2,18.33,Poor
0.204,-84.1,-61.92,-19.5,5.31,-93.44,55.45,49.0,0,38.61,Fair
2.02,-105.88,-90.59,-15.95,-10.0,-90.43,72.88,54.0,5,18.91,Poor
0.405,-94.64,-72.34,-19.5,-9.61,-90.84,62.65,55.0,2,18.9,Poor
0.229,-95.71,-82.95,-12.1,-1.33,-99.48,25.98,38.0,5,43.56,Fair
0.812,-95.22,-73.03,-19.5,-0.51,-97.67,50.39,56.0,3,28.77,Poor
0.589,-99.71,-89.37,-9.1,-8.69,-96.36,37.0,37.0,0,40.19,Fair
0.623,-101.62,-84.58,-18.97,-10.0,-87.77,77.87,69.0,3,16.64,Poor
0.098,-79.36,-57.74,-19.5,18.78,-103.91,43.53,36.0,2,50.37,Fair
0.284,-93.19,-74.04,-19.5,2.95,-102.36,56.33,55.0,0,30.15,Poor
0.891,-107.67,-94.1,-14.42,-10.0,-101.77,54.01,45.0,1,22.85,Poor
0.316,-93.85,-75.34,-17.45,7.74,-106.66,18.53,29.0,2,43.65,Fair
0.518,-101.42,-82.27,-18.91,-3.97,-101.98,44.63,39.0,1,30.27,Poor
0.399,-108.08,-89.46,-18.69,-10.0,-91.42,49.66,56.0,2,23.94,Poor
0.831,-105.93,-89.15,-17.64,-10.0,-95.5,57.02,59.0,0,6.16,Poor
0.151,-89.73,-69.16,-19.5,9.52,-100.73,39.35,45.0,0,45.21,Fair
0.386,-100.37,-78.93,-19.5,-8.95,-97.16,67.9,66.0,1,22.61,Poor
0.059,-77.29,-59.75,-16.29,16.73,-100.25,38.82,42.0,1,55.6,Good
0.527,-101.57,-79.01,-19.5,-1.47,-102.77,37.87,52.0,3,39.56,Fair
0.592,-97.55,-80.02,-17.14,-10.0,-88.59,85.44,61.0,2,29.41,Poor
0.02,-75.38,-58.85,-15.76,27.69,-109.31,20.28,35.0,5,72.37,Good
0.507,-94.48,-72.41,-19.5,-5.22,-96.25,46.09,,2,34.75,Poor
0.241,-96.78,-74.82,-19.5,6.12,-108.43,2.27,28.0,4,48.78,Fair
0.06,-89.02,-72.88,-15.7,13.52,-105.22,26.39,36.0,2,60.01,Good
0.245,-86.87,-71.17,-15.74,2.26,-94.4,60.61,57.0,3,41.11,Fair
0.097,-87.26,-63.97,-19.5,0.52,-94.04,62.2,70.0,1,35.78,Fair
0.242,-84.67,-66.98,-15.88,7.12,-99.53,28.54,38.0,4,54.01,Fair
0.218,-88.56,-70.55,-18.69,14.64,-107.8,7.1,23.0,3,50.99,Fair
0.603,-96.47,-79.22,-17.68,2.61,-103.29,22.26,28.0,0,36.41,Fair
0.67,-96.35,-74.38,-19.5,-10.0,-91.94,54.07,49.0,2,24.75,Poor
0.42,-96.04,-71.61,-19.5,2.82,-104.71,37.84,42.0,3,36.88,Fair
0.02,-69.95,-51.74,-19.16,14.8,-88.9,76.9,62.0,1,53.67,Fair
1.203,-100.49,-75.24,-19.5,-10.0,-96.87,58.75,55.0,5,26.51,Poor
0.522,-97.92,-81.58,-15.26,-10.0,-89.9,85.14,66.0,0,23.05,Poor
0.02,-73.36,-56.21,-16.03,25.4,-101.23,21.4,44.0,1,68.44,Good
0.769,-99.38,-79.36,-18.91,0.92,-104.95,6.16,25.0,3,38.49,Fair
0.101,-92.59,-77.04,-16.96,7.83,-104.06,35.03,42.0,2,50.17,Fair
0.39,-90.56,-70.57,-18.14,6.52,-103.38,55.99,71.0,2,34.33,Poor
0.283,-87.7,-71.26,-16.18,13.58,-104.9,27.64,36.0,1,52.03,Fair
0.245,-87.03,,-14.33,5.66,-96.68,47.83,40.0,2,48.85,Fair
0.992,-99.3,-86.53,-13.02,-1.39,-102.85,28.58,31.0,5,33.28,Poor
0.259,-92.63,-75.6,-18.87,-10.0,-89.44,81.03,72.0,3,16.06,Poor
0.035,-75.61,-56.36,-18.64,24.72,-105.97,26.13,30.0,2,66.15,Good
1.319,-111.33,-97.41,-13.72,-10.0,-102.09,32.53,42.0,4,22.92,Poor
1.14,-98.15,-79.61,-18.5,-6.89,-99.39,46.91,64.0,0,33.19,Poor
0.519,-100.26,-81.72,-17.42,-8.51,-97.37,26.31,41.0,1,28.48,Poor
0.284,-91.73,-74.24,-15.88,-1.96,-97.11,42.55,45.0,5,34.91,Poor
0.044,-76.02,-60.8,-14.82,23.5,-105.96,15.35,39.0,0,75.93,Excellent
0.704,-106.32,-87.6,-17.03,-9.75,-104.55,24.62,26.0,1,22.71,Poor
0.035,-82.18,-64.61,-17.46,13.1,-100.3,48.54,48.0,2,47.85,Fair
0.032,-74.34,-53.4,-19.5,25.22,-106.76,23.44,33.0,1,55.07,Good
0.347,-96.64,-82.52,-13.09,-2.04,-100.84,31.9,50.0,2,43.52,Fair
0.079,-82.37,-64.03,-18.87,17.11,-103.82,23.34,24.0,1,53.27,Fair
0.02,-66.18,-52.0,-15.08,30.0,-102.3,22.88,32.0,4,70.92,Good
0.248,-91.01,-73.72,-16.63,9.86,-105.18,31.11,25.0,3,41.41,Fair
0.066,-77.54,-62.83,-14.89,18.57,-99.84,37.57,44.0,0,58.43,Good
0.079,-80.25,-65.0,-16.21,15.56,-101.2,28.17,27.0,3,54.27,Fair
0.036,-76.63,-58.64,-17.92,18.48,-100.81,43.07,41.0,4,51.6,Fair
0.103,-88.37,,-16.98,-2.11,-92.95,58.52,44.0,1,42.15,Fair
0.566,-98.01,-75.61,-19.5,5.51,-108.94,15.34,23.0,4,39.95,Fair
0.745,-101.12,-79.58,-19.5,-9.54,-96.59,65.35,49.0,4,14.17,Poor
0.271,-89.03,-68.62,-19.5,8.01,-101.72,25.38,34.0,1,46.85,Fair
0.318,-94.68,-74.32,-19.5,5.69,-107.15,15.92,25.0,2,44.21,Fair
0.02,-71.63,-53.24,-18.42,19.42,-98.58,29.3,36.0,2,56.71,Good
0.032,-75.37,-53.46,-19.5,21.3,-102.59,33.64,43.0,2,60.13,Good
0.134,-90.28,-73.17,-17.91,,-96.74,30.63,,1,44.64,Fair
0.353,-89.2,-64.84,-19.5,13.59,-103.5,30.78,43.0,2,43.79,Fair
0.605,-95.1,-79.92,-13.14,-3.01,-99.92,34.04,47.0,1,43.81,Fair
0.418,-101.3,-86.68,-13.32,-10.0,-91.95,68.26,72.0,0,22.37,Poor
0.224,-87.83,-74.01,-14.87,7.06,-98.44,46.64,50.0,7,42.52,Fair
0.057,-86.6,-72.26,-15.54,3.53,-98.17,45.41,35.0,0,39.52,Fair
0.683,-96.76,-83.65,-13.07,9.41,-111.22,8.17,19.0,2,60.78,Good
0.203,-93.0,-74.36,-18.02,-4.48,-95.79,45.1,50.0,1,28.54,Poor
0.599,-98.13,-77.57,-19.5,12.57,-114.83,3.81,24.0,2,49.48,Fair
0.324,-101.95,-83.85,-19.5,-0.9,-102.78,42.0,41.0,1,30.25,Poor
0.604,-104.43,-90.58,-13.33,-10.0,-96.74,52.18,45.0,1,29.99,Poor
1.07,-102.72,-86.13,-17.39,3.35,-112.34,14.04,26.0,4,46.88,Fair
1.142,-107.97,-87.44,-19.5,-10.0,-100.88,24.99,36.0,1,21.6,Poor
0.345,-98.13,-81.16,-16.6,-1.07,-102.13,38.96,45.0,0,38.92,Fair
0.322,-88.61,-73.01,-14.25,0.61,-91.68,78.31,54.0,2,41.14,Fair
0.139,-78.08,-64.62,-13.93,17.79,-100.53,23.14,37.0,4,57.73,Good
1.236,-102.1,-85.36,-17.19,-10.0,-89.21,71.89,58.0,2,27.59,Poor
0.276,-97.2,-81.31,-15.49,-0.16,-105.45,12.63,25.0,1,41.55,Fair
0.061,-72.85,-55.11,-18.22,20.79,-100.67,31.78,46.0,1,61.22,Good
0.255,-98.41,-78.98,-19.5,-6.1,-96.84,30.11,39.0,0,31.44,Poor
0.061,-81.09,-63.93,-16.27,8.61,-94.22,42.21,,1,45.91,Fair
0.314,-93.75,-75.2,-17.46,12.11,-110.08,25.18,31.0,2,48.52,Fair
0.371,-87.71,-68.29,-19.5,15.12,-106.36,8.27,20.0,4,42.83,Fair
0.185,-85.76,-71.45,-14.69,1.46,-95.42,54.81,55.0,3,39.22,Fair
0.033,-76.6,-52.94,-19.5,20.76,-102.53,44.89,37.0,1,52.29,Fair
1.293,-110.02,-94.24,-16.53,-10.0,-96.26,63.71,42.0,3,15.1,Poor
0.668,-96.5,-76.95,-19.5,-10.0,-87.71,66.0,62.0,3,18.87,Poor
0.822,-104.44,-89.84,-14.18,-6.31,-106.09,16.88,30.0,1,27.15,Poor
0.206,-89.44,-71.11,-17.85,10.76,-102.89,24.79,33.0,4,45.59,Fair
0.644,-105.67,-87.23,-19.5,-10.0,-101.27,32.86,40.0,2,22.48,Poor
0.299,-91.26,-68.29,-19.5,10.9,-106.72,18.67,35.0,1,44.39,Fair
0.101,-82.22,-64.92,-16.32,-1.23,-88.39,78.35,72.0,4,35.56,Fair
0.06,-84.64,-62.75,-19.5,8.14,-95.88,30.77,41.0,1,46.73,Fair
0.19,-85.51,-66.64,-19.01,7.26,-100.23,37.91,48.0,3,44.47,Fair
0.067,-78.38,-54.82,-19.5,8.76,-92.91,67.01,58.0,0,38.79,Fair
2.862,-110.18,-97.52,-13.45,-10.0,-92.87,63.57,65.0,4,22.63,Poor
0.023,-73.01,-53.56,-18.3,10.4,-90.45,84.4,79.0,1,42.98,Fair
0.262,-91.68,-81.7,-9.46,-2.74,-93.06,67.15,72.0,2,44.14,Fair
0.271,-92.43,-74.6,-16.16,10.7,-107.15,8.84,18.0,1,47.57,Fair
0.161,-88.78,-67.72,-19.5,0.07,-93.84,74.12,47.0,3,28.64,Poor
0.381,-94.96,-72.63,-19.5,-5.47,-95.99,58.77,54.0,1,31.02,Poor
0.073,-76.37,-56.16,-19.5,14.66,-93.09,58.86,55.0,3,50.06,Fair
0.689,-96.48,-79.35,-17.63,0.95,-101.7,53.4,53.0,1,33.58,Poor
0.182,-93.97,-74.33,-19.48,-4.86,-94.74,55.95,50.0,2,28.35,Poor
0.403,-92.18,-66.63,-19.5,14.4,-111.58,25.48,34.0,1,49.39,Fair
0.566,-94.31,-76.08,-17.71,11.5,-109.45,10.28,29.0,1,50.88,Fair
0.989,-104.52,-83.64,-19.5,-10.0,-93.71,43.39,30.0,1,23.91,Poor
0.813,-100.18,-83.47,-16.38,-9.25,-99.01,32.19,39.0,4,26.19,Poor
0.422,-94.55,-73.33,-19.5,-4.56,-95.27,61.43,54.0,3,25.1,Poor
0.221,-94.34,-73.62,-19.5,7.7,-104.61,34.85,49.0,2,43.32,Fair
0.315,-95.52,-79.35,-15.43,-3.37,-97.51,40.97,41.0,0,43.31,Fair
0.659,-97.39,-77.05,-19.5,1.73,-104.96,38.28,42.0,0,32.11,Poor
0.945,-105.5,-85.03,-19.5,-10.0,-101.49,34.04,53.0,1,22.24,Poor
0.049,-74.13,-53.91,-19.38,22.01,-100.47,33.74,37.0,2,54.44,Fair
0.219,-85.61,-67.74,-17.57,11.34,-101.72,38.79,39.0,2,45.04,Fair
0.673,-96.0,-74.32,-19.5,2.57,-106.16,23.03,30.0,3,38.74,Fair
0.254,-84.22,-69.03,-17.1,4.23,-96.26,56.21,50.0,2,40.2,Fair
0.182,-89.6,-71.57,-16.82,0.14,-96.85,53.32,48.0,1,35.93,Fair
0.238,-90.88,-72.54,-17.94,13.95,-107.08,37.49,39.0,4,46.35,Fair
0.416,-95.11,-73.6,-19.5,-7.32,-90.75,38.14,39.0,4,33.0,Poor
3.5,-115.13,-100.02,-15.68,-10.0,-106.92,6.32,24.0,4,37.0,Fair
0.306,-91.56,-72.84,-18.92,-3.54,-92.41,54.62,53.0,1,22.91,Poor
0.105,-91.37,-74.85,-15.07,-0.25,-98.1,46.69,47.0,0,35.03,Fair
0.08,-81.35,-63.02,-17.63,4.6,-92.97,42.55,41.0,2,49.73,Fair
0.02,-75.95,-56.78,-19.27,9.14,-93.17,63.21,56.0,0,42.34,Fair
0.368,-99.2,-85.03,-13.54,-7.74,-95.84,51.42,53.0,3,25.88,Poor
0.354,-92.07,-70.28,-19.5,-2.0,-92.68,43.71,43.0,3,23.24,Poor
0.103,-85.17,-65.88,-19.5,11.03,-100.31,40.57,32.0,0,40.6,Fair
0.535,-95.79,-80.37,-14.05,0.14,-101.89,40.97,55.0,4,35.38,Fair
0.608,-100.58,-83.6,-18.42,-10.0,-89.88,63.9,64.0,3,24.78,Poor
0.135,-82.24,-59.76,-19.5,6.4,-92.66,64.39,63.0,1,35.69,Fair
0.19,-90.57,-71.32,-19.5,-2.1,-93.98,48.8,49.0,2,32.62,Poor
2.094,-118.24,-103.14,-14.38,-10.0,-103.58,44.37,48.0,4,28.32,Poor
0.211,-89.62,-73.97,-14.08,13.64,-106.55,26.1,40.0,1,47.59,Fair
0.644,-108.86,-88.99,-18.97,-10.0,-95.27,60.98,57.0,1,20.6,Poor
0.271,-98.51,-78.28,-19.5,4.62,-106.0,4.17,14.0,1,37.36,Fair
0.71,-104.56,-85.47,-18.18,-10.0,-95.61,73.08,69.0,1,19.01,Poor
0.659,-104.43,-87.3,-16.63,-10.0,-97.7,37.84,48.0,2,33.85,Poor
0.496,-100.1,-79.68,-19.5,-7.24,-96.2,66.91,66.0,3,20.77,Poor
0.868,-106.95,-89.89,-18.62,-8.35,-102.76,12.43,28.0,2,30.78,Poor
1.26,-111.64,-96.2,-15.52,-10.0,-96.15,52.97,56.0,7,21.95,Poor
0.39,-89.68,-66.92,-19.5,1.4,-95.98,47.45,35.0,1,36.28,Fair
0.122,-88.51,-69.04,-18.33,14.07,-106.1,10.77,27.0,1,53.6,Fair
0.229,-100.15,-84.51,-16.9,-7.97,-96.36,48.52,58.0,0,30.88,Poor
0.639,-101.57,-83.17,-18.92,-1.05,-105.85,37.99,51.0,1,26.41,Poor
0.474,-102.02,-83.94,-19.5,-5.26,-101.23,17.57,36.0,2,31.75,Poor
0.088,-86.54,-69.59,-15.53,6.81,-99.63,48.48,57.0,0,52.38,Fair
0.024,-69.0,-50.3,-19.5,27.54,-102.43,22.19,30.0,4,63.08,Good
0.517,-100.08,-84.86,-17.18,-2.13,-102.16,28.58,38.0,0,36.81,Fair
0.13,-90.96,-70.34,-19.5,0.27,-98.37,51.13,45.0,2,31.51,Poor
